epoch,ach_id,loss,rl_loss,vae_recon_loss,vae_kl_loss,used_encoder,mean_reward,validity,baseline,entropy,invalid_penalty,mean_reward_valid,min_reward_valid,max_reward_valid,frac_valid_below_penalty
1,ACH-000019,-986.2236938476562,-992.7862548828125,6.013729095458984,0.5488321781158447,True,-4.943277359008789,0.109375,-0.4943277359008788,1.6631983518600464,-5.0,-4.481395721435547,-5.2233381271362305,-4.197456359863281,0.1428571492433548
2,ACH-000044,-1147.843017578125,-1154.737548828125,6.335822105407715,0.5587235689163208,True,-4.8205647468566895,0.125,-0.9269514369964598,2.1458873748779297,-5.0,-3.5645179748535156,-3.7894699573516846,-3.2612500190734863,0.0
3,ACH-000097,-680.9300537109375,-687.4647216796875,5.981211185455322,0.5534560084342957,True,-4.991137504577637,0.0625,-1.3333700437545775,1.4114696979522705,-5.0,-4.8581953048706055,-5.209224700927734,-4.4828715324401855,0.5
4,ACH-000111,-629.30078125,-635.7223510742188,5.869510173797607,0.5520411729812622,True,-4.962162017822266,0.0625,-1.6962492411613461,1.4416983127593994,-5.0,-4.394596576690674,-4.745954513549805,-4.1566691398620605,0.0
5,ACH-000117,-545.9267578125,-552.0109252929688,5.5453267097473145,0.5388531684875488,True,-4.948473930358887,0.09375,-2.0214717100811,1.4109368324279785,-5.0,-4.450390815734863,-4.641740322113037,-4.010507106781006,0.0
6,ACH-000147,-680.8209228515625,-687.53271484375,6.135249137878418,0.5765589475631714,True,-4.987607955932617,0.046875,-2.318085334666252,1.9651005268096924,-5.0,-4.735633850097656,-4.89527702331543,-4.416347503662109,0.0
7,ACH-000148,-675.7885131835938,-682.1417236328125,5.812021732330322,0.5412189364433289,True,-4.945067405700684,0.09375,-2.580783541769695,2.126549243927002,-5.0,-4.414053440093994,-4.802177429199219,-3.7960166931152344,0.0
8,ACH-000196,-456.38018798828125,-462.7872009277344,5.838284969329834,0.5687256455421448,True,-4.844074726104736,0.140625,-2.8071126602031993,1.6069200038909912,-5.0,-3.89119815826416,-5.085062026977539,-3.4596805572509766,0.1111111119389534
9,ACH-000212,-438.5976257324219,-445.1101379394531,5.921987533569336,0.5905300378799438,True,-4.977791786193848,0.09375,-3.024180572802264,1.6914626359939575,-5.0,-4.763110160827637,-5.147714614868164,-4.283939838409424,0.1666666716337204
10,ACH-000223,-405.7913818359375,-412.12554931640625,5.771974563598633,0.5622011423110962,True,-4.937582015991211,0.140625,-3.215520717121159,1.7666380405426025,-5.0,-4.556138038635254,-4.97719669342041,-3.7810568809509277,0.0
11,ACH-000248,-275.07757568359375,-281.38555908203125,5.745571613311768,0.5624182224273682,True,-4.897079944610596,0.171875,-3.3836766398701026,1.3120625019073486,-5.0,-4.401191711425781,-5.0888872146606445,-4.067816257476807,0.09090909361839294
12,ACH-000258,-246.63226318359375,-252.8198699951172,5.618914604187012,0.5686960816383362,True,-4.79995059967041,0.125,-3.5253040358501333,1.325401782989502,-5.0,-3.399603843688965,-4.365471839904785,-1.5138243436813354,0.0
13,ACH-000276,-305.33843994140625,-311.5646057128906,5.652121543884277,0.5740323066711426,True,-4.956472396850586,0.078125,-3.6684208719501785,1.7988123893737793,-5.0,-4.44285249710083,-4.872293949127197,-3.840078592300415,0.0
14,ACH-000277,-276.70709228515625,-282.90777587890625,5.658878803253174,0.541818380355835,True,-4.90824031829834,0.09375,-3.7924028165849943,1.7900900840759277,-5.0,-4.0212297439575195,-4.527434349060059,-3.4257683753967285,0.0
15,ACH-000288,-220.79771423339844,-227.12733459472656,5.768062114715576,0.561564564704895,True,-4.954571723937988,0.125,-3.9086197073202937,1.5836148262023926,-5.0,-4.636574745178223,-5.205519199371338,-4.234431743621826,0.125
16,ACH-000330,-194.91677856445312,-201.106201171875,5.60744571685791,0.5819811224937439,True,-4.953788757324219,0.078125,-4.013136612320686,1.5699093341827393,-5.0,-4.408497333526611,-5.123687744140625,-3.3732705116271973,0.20000000298023224
17,ACH-000349,-195.5424346923828,-201.52188110351562,5.417741775512695,0.5617005228996277,True,-4.973954200744629,0.0625,-4.10921837116308,1.6961755752563477,-5.0,-4.58326530456543,-4.8955078125,-4.24191427230835,0.0
18,ACH-000352,-180.99681091308594,-187.18760681152344,5.625175476074219,0.5656174421310425,True,-4.854866981506348,0.140625,-4.183783232197407,1.7561882734298706,-5.0,-3.967944622039795,-4.301857948303223,-3.515923023223877,0.0
19,ACH-000374,-137.80462646484375,-143.96470642089844,5.589405536651611,0.5706684589385986,True,-4.987274169921875,0.0625,-4.264132325969854,1.4937039613723755,-5.0,-4.796387672424316,-5.074897289276123,-4.541036128997803,0.25
20,ACH-000536,-160.01451110839844,-166.21072387695312,5.642373085021973,0.553842306137085,True,-4.971923351287842,0.078125,-4.334911428501653,1.913466215133667,-5.0,-4.64061975479126,-5.152101993560791,-4.124195575714111,0.4000000059604645
21,ACH-000554,-108.56317138671875,-114.47442626953125,5.347576141357422,0.5636816024780273,True,-4.957150459289551,0.171875,-4.397135331580443,1.4425926208496094,-5.0,-4.75069522857666,-5.056385040283203,-4.535921096801758,0.1818181872367859
22,ACH-000568,-116.76604461669922,-122.96906280517578,5.648531436920166,0.5544848442077637,True,-4.9511871337890625,0.0625,-4.452540511801304,1.701419711112976,-5.0,-4.218991756439209,-4.320643424987793,-3.9859957695007324,0.0
23,ACH-000573,-95.82867431640625,-101.85719299316406,5.483191013336182,0.5453277826309204,True,-4.93269157409668,0.09375,-4.500555618030842,1.5747520923614502,-5.0,-4.282038688659668,-4.559538841247559,-3.8515007495880127,0.0
24,ACH-000621,-91.23871612548828,-96.98388671875,5.186835289001465,0.5583361983299255,True,-4.951010704040527,0.125,-4.54560112663181,1.640791654586792,-5.0,-4.608086585998535,-5.209857940673828,-4.122739791870117,0.25
25,ACH-000624,-73.35971069335938,-79.29074096679688,5.383329391479492,0.547703206539154,True,-4.8872175216674805,0.125,-4.579762766135378,1.4801537990570068,-5.0,-4.0977396965026855,-4.526785373687744,-3.742800712585449,0.0
26,ACH-000643,-46.692752838134766,-52.27201461791992,5.021827220916748,0.5574356317520142,True,-4.923213005065918,0.125,-4.614107790028432,1.0600674152374268,-5.0,-4.385702610015869,-5.040208339691162,-3.3833086490631104,0.25
27,ACH-000668,-70.86117553710938,-76.884765625,5.4456787109375,0.5779092311859131,True,-4.968729496002197,0.09375,-4.649569960625808,1.690927505493164,-5.0,-4.666446208953857,-5.066215515136719,-4.203089714050293,0.1666666716337204
28,ACH-000691,-52.2899055480957,-58.06596374511719,5.212074279785156,0.5639832615852356,True,-4.9261474609375,0.078125,-4.677227710656977,1.4114086627960205,-5.0,-4.054687023162842,-4.153421401977539,-3.817580223083496,0.0
29,ACH-000699,-47.52946090698242,-53.65798568725586,5.534669399261475,0.5938549041748047,True,-4.963696479797363,0.125,-4.7058745875710155,1.3993029594421387,-5.0,-4.709568977355957,-5.346988677978516,-3.8509023189544678,0.125
30,ACH-000711,-43.4210319519043,-49.0241584777832,5.006899833679199,0.5962271094322205,True,-4.941473960876465,0.09375,-4.72943452490156,1.4115207195281982,-5.0,-4.3757219314575195,-4.957945823669434,-3.6024491786956787,0.0
31,ACH-000725,-40.40824508666992,-46.06365966796875,5.1107072830200195,0.5447078347206116,True,-4.944513320922852,0.109375,-4.750942404503689,1.441515326499939,-5.0,-4.492692947387695,-5.0313720703125,-4.086406707763672,0.1428571492433548
32,ACH-000755,-40.62507247924805,-46.4052734375,5.212480545043945,0.5677210688591003,True,-4.912293434143066,0.140625,-4.7670775074676275,1.5739067792892456,-5.0,-4.3763108253479,-4.925708770751953,-3.4206900596618652,0.0
33,ACH-000759,-40.439483642578125,-46.128944396972656,5.127203941345215,0.5622581839561462,True,-4.963016033172607,0.078125,-4.786671360038126,1.6557111740112305,-5.0,-4.5266032218933105,-4.638066291809082,-4.32257080078125,0.0
34,ACH-000768,-29.791000366210938,-35.6612548828125,5.306135177612305,0.5641201138496399,True,-4.938744068145752,0.15625,-4.801878630848888,1.410510778427124,-5.0,-4.607961177825928,-5.209752559661865,-3.9630181789398193,0.10000000149011612
35,ACH-000783,-37.403751373291016,-42.861778259277344,4.895792007446289,0.5622341632843018,True,-4.941789627075195,0.078125,-4.815869730471519,1.8429216146469116,-5.0,-4.25491189956665,-4.6284356117248535,-3.702063798904419,0.0
36,ACH-000818,-36.91769027709961,-43.027191162109375,5.521275997161865,0.5882247686386108,True,-4.850873947143555,0.078125,-4.819370152138723,1.984671711921692,-5.0,-3.091184616088867,-3.242615222930908,-2.9487228393554688,0.0
37,ACH-000828,-30.015117645263672,-35.66634750366211,5.084232807159424,0.5669968128204346,True,-4.892828464508057,0.0625,-4.8267159833756565,1.6864656209945679,-5.0,-3.285254716873169,-3.5176877975463867,-2.9765937328338623,0.0
38,ACH-000849,-21.87900161743164,-27.199724197387695,4.784503936767578,0.5362178683280945,True,-4.923409461975098,0.109375,-4.836385331235601,1.322916865348816,-5.0,-4.299742698669434,-4.740655422210693,-3.888751268386841,0.0
39,ACH-000856,-20.72516632080078,-26.092466354370117,4.786086559295654,0.5812124013900757,True,-4.879217147827148,0.140625,-4.840668512894756,1.3555066585540771,-5.0,-4.1411004066467285,-5.143690586090088,-3.4514617919921875,0.1111111119389534
40,ACH-000857,-18.36840057373047,-23.83993911743164,4.882661819458008,0.5888776779174805,True,-4.8845744132995605,0.15625,-4.845059102935236,1.289057731628418,-5.0,-4.261277198791504,-4.763634204864502,-3.819258213043213,0.0
41,ACH-000859,-15.741979598999023,-21.254192352294922,4.9346113204956055,0.5776017308235168,True,-4.904107093811035,0.171875,-4.850963902022816,1.194901704788208,-5.0,-4.442078590393066,-4.995373725891113,-3.981842517852783,0.0
42,ACH-000876,-23.308883666992188,-28.505455017089844,4.620347499847412,0.576224684715271,True,-4.950839042663574,0.125,-4.860951416086891,1.6288092136383057,-5.0,-4.606715202331543,-4.903553009033203,-3.9418320655822754,0.0
43,ACH-000902,-15.03725814819336,-20.142717361450195,4.526095867156982,0.5793631076812744,True,-4.871877670288086,0.171875,-4.86204404150701,1.266177773475647,-5.0,-4.254563331604004,-4.849865913391113,-3.758920669555664,0.0
44,ACH-000910,-14.992918014526367,-20.111833572387695,4.529804706573486,0.589111328125,True,-4.869035243988037,0.203125,-4.8627431617551125,1.2619235515594482,-5.0,-4.355250835418701,-4.89912748336792,-3.8629016876220703,0.0
45,ACH-000927,-21.10849380493164,-26.686647415161133,4.965710163116455,0.6124439835548401,True,-4.893828392028809,0.109375,-4.8658516847824815,1.6733386516571045,-5.0,-4.029290676116943,-4.6535491943359375,-2.5491206645965576,0.0
46,ACH-000930,-10.357691764831543,-15.45584774017334,4.49475622177124,0.6033998727798462,True,-4.893671035766602,0.1875,-4.868633619880893,0.9846278429031372,-5.0,-4.432912826538086,-5.062946796417236,-3.3796792030334473,0.0833333358168602
47,ACH-000934,-11.622208595275879,-16.773014068603516,4.568993091583252,0.5818123817443848,True,-4.916518688201904,0.125,-4.8734221267129945,1.0974171161651611,-5.0,-4.332150459289551,-4.910057544708252,-3.8958423137664795,0.0
48,ACH-001390,-26.415971755981445,-33.0958366394043,6.023968696594238,0.6558960676193237,True,-5.0,0.0,-4.886079914041695,2.185356616973877,-5.0,nan,nan,nan,nan
49,ACH-001819,-11.281183242797852,-16.333425521850586,4.471856594085693,0.5803850889205933,True,-4.892035484313965,0.125,-4.886675471068922,1.2436896562576294,-5.0,-4.1362810134887695,-4.519611358642578,-3.673029661178589,0.0
50,ACH-001820,-10.832168579101562,-15.726173400878906,4.315293788909912,0.5787112712860107,True,-4.932127475738525,0.109375,-4.891220671535883,1.1925147771835327,-5.0,-4.379448890686035,-5.007518291473389,-2.74953031539917,0.1428571492433548
51,ACH-000017,-11.547101020812988,-16.240734100341797,4.13651180267334,0.5571212768554688,True,-4.86760139465332,0.171875,-4.888858743847626,1.2918062210083008,-5.0,-4.229681015014648,-4.874607086181641,-3.8766226768493652,0.0
52,ACH-000019,-8.276740074157715,-13.608796119689941,4.774300575256348,0.5577554702758789,True,-4.883578777313232,0.203125,-4.888330747194186,1.0822701454162598,-5.0,-4.426849365234375,-5.071116924285889,-2.9467709064483643,0.1538461595773697
53,ACH-000044,-18.451541900634766,-23.999797821044922,4.945979118347168,0.6022764444351196,True,-4.90910530090332,0.0625,-4.8904082025651,1.8570270538330078,-5.0,-3.5456809997558594,-3.9846391677856445,-3.135624647140503,0.0
54,ACH-000097,-4.555999279022217,-9.700203895568848,4.580455780029297,0.5637489557266235,True,-4.9076008796691895,0.1875,-4.892127470275509,0.797583281993866,-5.0,-4.507205009460449,-5.209274768829346,-3.7426211833953857,0.25
55,ACH-000111,-7.5477614402771,-12.294583320617676,4.147209644317627,0.5996120572090149,True,-4.881927490234375,0.1875,-4.891107472271395,1.0007295608520508,-5.0,-4.370279312133789,-5.524831771850586,-3.3922841548919678,0.0833333358168602
56,ACH-000117,-8.623697280883789,-12.950860977172852,3.7456376552581787,0.5815258622169495,True,-4.880776882171631,0.171875,-4.890074413261419,1.035233497619629,-5.0,-4.306338310241699,-5.2429399490356445,-3.3429131507873535,0.09090909361839294
57,ACH-000147,-15.562196731567383,-20.534421920776367,4.450632572174072,0.5215920209884644,True,-4.919053077697754,0.140625,-4.892972279705052,1.5772712230682373,-5.0,-4.424378395080566,-5.181596279144287,-3.810662031173706,0.1111111119389534
58,ACH-000148,-13.547157287597656,-18.302783966064453,4.183498382568359,0.5721279382705688,True,-4.961861610412598,0.078125,-4.899861212775807,1.4579963684082031,-5.0,-4.511826515197754,-4.587958812713623,-4.453885078430176,0.0
59,ACH-000196,-7.9156293869018555,-12.509302139282227,3.997375011444092,0.5962976813316345,True,-4.805555820465088,0.203125,-4.890430673544735,1.1299818754196167,-5.0,-4.042737007141113,-4.991672515869141,-3.3969244956970215,0.0
60,ACH-000212,-6.209835529327393,-10.73611831665039,3.922868251800537,0.6034144163131714,True,-4.883312702178955,0.203125,-4.889718876408157,0.8528519868850708,-5.0,-4.425539493560791,-5.147705078125,-3.3898754119873047,0.07692307978868484
61,ACH-000223,-7.504271507263184,-11.981152534484863,3.8785817623138428,0.5982991456985474,True,-4.91243839263916,0.140625,-4.891990828031258,0.9451383352279663,-5.0,-4.377340793609619,-4.97719669342041,-3.8532676696777344,0.0
62,ACH-000248,-8.443861961364746,-12.975509643554688,3.9261085987091064,0.6055392622947693,True,-4.924784183502197,0.140625,-4.895270163578352,1.046400547027588,-5.0,-4.465132236480713,-4.997113227844238,-3.9828102588653564,0.0
63,ACH-000258,-5.823696613311768,-10.420907974243164,3.9967682361602783,0.6004430055618286,True,-4.857893943786621,0.140625,-4.891532541599179,0.9088948369026184,-5.0,-3.989467144012451,-4.697227478027344,-3.020577907562256,0.0
64,ACH-000276,-9.168853759765625,-13.555526733398438,3.7805213928222656,0.6061513423919678,True,-4.907726287841797,0.171875,-4.89315191622344,1.0995280742645264,-5.0,-4.463134765625,-5.0550312995910645,-4.022271633148193,0.09090909361839294
65,ACH-000277,-6.616927623748779,-10.93720531463623,3.735581159591675,0.5846965312957764,True,-4.8384528160095215,0.28125,-4.887682006202048,0.932424783706665,-5.0,-4.425609588623047,-5.637670993804932,-3.5112836360931396,0.0555555559694767
66,ACH-000288,-15.717854499816895,-20.339475631713867,4.048555374145508,0.5730657577514648,True,-4.910691261291504,0.140625,-4.8899829317109935,1.5511729717254639,-5.0,-4.364919185638428,-4.982795715332031,-3.379532814025879,0.0
67,ACH-000330,-5.928517818450928,-10.232513427734375,3.683659553527832,0.6203359365463257,True,-4.919154167175293,0.171875,-4.8929000552574236,0.8171059489250183,-5.0,-4.52962589263916,-5.1236724853515625,-3.5893197059631348,0.1818181872367859
68,ACH-000349,-7.923112869262695,-11.88922119140625,3.3837320804595947,0.5823764204978943,True,-4.950091361999512,0.140625,-4.898619185931633,0.9381692409515381,-5.0,-4.6450934410095215,-5.2180562019348145,-3.983198404312134,0.3333333432674408
69,ACH-000352,-7.170588493347168,-11.240294456481934,3.4710018634796143,0.5987042784690857,True,-4.790633201599121,0.203125,-4.887820587498382,1.0342680215835571,-5.0,-3.9692695140838623,-4.399343967437744,-3.3532049655914307,0.0
70,ACH-000374,-8.444840431213379,-12.560670852661133,3.5039944648742676,0.6118360757827759,True,-4.871855735778809,0.234375,-4.886224102326424,1.0035820007324219,-5.0,-4.453251361846924,-5.215251445770264,-3.9073922634124756,0.13333334028720856
71,ACH-000536,-11.313167572021484,-15.464458465576172,3.5776870250701904,0.5736033916473389,True,-4.926538944244385,0.171875,-4.8902555865182205,1.1549261808395386,-5.0,-4.572588920593262,-5.152092933654785,-3.8017845153808594,0.1818181872367859
72,ACH-000554,-5.230156898498535,-9.318618774414062,3.4485902786254883,0.6398716568946838,True,-4.802224159240723,0.328125,-4.881452443790471,0.7959284782409668,-5.0,-4.39725399017334,-5.056384086608887,-3.5069851875305176,0.190476194024086
73,ACH-000568,-9.754950523376465,-14.030890464782715,3.665966749191284,0.6099730134010315,True,-4.767790794372559,0.234375,-4.87008627884868,1.0707330703735352,-5.0,-4.009241104125977,-4.411128044128418,-3.5077052116394043,0.0
74,ACH-000573,-10.76652717590332,-14.522933959960938,3.1404054164886475,0.6160019636154175,True,-4.8425493240356445,0.234375,-4.867332583367376,1.001021146774292,-5.0,-4.328208923339844,-4.843447685241699,-3.4401845932006836,0.0
75,ACH-000621,-7.09078311920166,-10.996622085571289,3.318131446838379,0.5877072215080261,True,-4.833556652069092,0.296875,-4.863954990237547,0.7539553642272949,-5.0,-4.4393486976623535,-5.0176849365234375,-3.803312301635742,0.05263157933950424
76,ACH-000624,-3.3878824710845947,-7.2098069190979,3.239966869354248,0.5819576382637024,True,-4.730745792388916,0.34375,-4.850634070452683,0.5802383422851562,-5.0,-4.2167158126831055,-5.0644941329956055,-2.353055953979492,0.04545454680919647
77,ACH-000643,-10.102556228637695,-13.920393943786621,3.1989526748657227,0.6188846826553345,True,-4.871371746063232,0.234375,-4.852707838013738,0.8132389783859253,-5.0,-4.451185703277588,-5.186069488525391,-3.7981815338134766,0.13333334028720856
78,ACH-000668,-10.221492767333984,-14.046525001525879,3.2367985248565674,0.5882339477539062,True,-4.887706756591797,0.171875,-4.856207729871544,0.8229995369911194,-5.0,-4.3466596603393555,-4.664300441741943,-3.9071431159973145,0.0
79,ACH-000691,-5.031950950622559,-8.922808647155762,3.2681972980499268,0.6226602792739868,True,-4.848020553588867,0.234375,-4.855389012243276,0.5606576204299927,-5.0,-4.351554870605469,-4.985241889953613,-3.871692419052124,0.0
80,ACH-000699,-10.144432067871094,-13.965845108032227,3.2110161781311035,0.6103965640068054,True,-4.875711441040039,0.171875,-4.8574212551229525,0.854110836982727,-5.0,-4.276864528656006,-4.617852687835693,-3.5915908813476562,0.0
81,ACH-000711,-10.771757125854492,-14.54759407043457,3.1624507904052734,0.6133856773376465,True,-4.885410308837891,0.234375,-4.860220160494446,0.90315842628479,-5.0,-4.511084079742432,-5.183089733123779,-3.1258583068847656,0.20000001788139343
82,ACH-000725,-11.322683334350586,-14.979978561401367,3.0425915718078613,0.6147035956382751,True,-4.822160720825195,0.265625,-4.856414216527521,0.9708024263381958,-5.0,-4.33048677444458,-5.088705062866211,-3.6293604373931885,0.11764705926179886
83,ACH-000755,-10.293703079223633,-14.056447982788086,3.1608803272247314,0.6018648743629456,True,-4.837900638580322,0.234375,-4.854562858732802,0.8711080551147461,-5.0,-4.308375835418701,-4.865811347961426,-3.8392446041107178,0.0
84,ACH-000759,-6.744417667388916,-10.664352416992188,3.2931995391845703,0.6267352104187012,True,-4.803466796875,0.296875,-4.849453252547022,0.6837050318717957,-5.0,-4.337993144989014,-4.823952674865723,-3.8464853763580322,0.0
85,ACH-000768,-6.922858238220215,-10.759200096130371,3.2467904090881348,0.5895516872406006,True,-4.824113845825195,0.3125,-4.8469193118748395,0.6424971222877502,-5.0,-4.437164306640625,-5.209752559661865,-3.5559544563293457,0.20000000298023224
86,ACH-000783,-6.4007158279418945,-10.139630317687988,3.1134400367736816,0.6254742741584778,True,-4.90103816986084,0.234375,-4.852331197673439,0.579052746295929,-5.0,-4.577764511108398,-5.968979358673096,-3.570584774017334,0.20000001788139343
87,ACH-000818,-15.065773963928223,-18.859193801879883,3.163756847381592,0.6296627521514893,True,-4.765382289886475,0.125,-4.843636306894743,1.1234753131866455,-5.0,-3.123058319091797,-3.641572952270508,-2.929140329360962,0.0
88,ACH-000828,-7.935706615447998,-11.760343551635742,3.2081074714660645,0.6165294647216797,True,-4.604743480682373,0.234375,-4.819747024273505,0.7340177297592163,-5.0,-3.313572406768799,-3.6424481868743896,-2.9982941150665283,0.0
89,ACH-000849,-13.097309112548828,-16.892539978027344,3.2113096714019775,0.583920955657959,True,-4.7953338623046875,0.25,-4.817305708076624,0.821418046951294,-5.0,-4.181334495544434,-5.2509894371032715,-3.7290821075439453,0.0625
90,ACH-000856,-5.76991605758667,-9.348108291625977,2.980592966079712,0.5975991487503052,True,-4.710054397583008,0.359375,-4.806580577027263,0.5078161954879761,-5.0,-4.193195819854736,-4.854221820831299,-3.5688395500183105,0.0
91,ACH-000857,-6.581032752990723,-10.209280967712402,2.9862043857574463,0.6420438885688782,True,-4.769431114196777,0.359375,-4.802865630744214,0.48971763253211975,-5.0,-4.358416557312012,-4.849977016448975,-3.7877817153930664,0.0
92,ACH-000859,-8.36630916595459,-12.295428276062012,3.2903566360473633,0.6387626528739929,True,-4.829144477844238,0.296875,-4.805493515454216,0.5801606774330139,-5.0,-4.424488067626953,-4.990062236785889,-3.915700912475586,0.0
93,ACH-000876,-10.137008666992188,-13.756985664367676,3.0091335773468018,0.6108437776565552,True,-4.83064079284668,0.234375,-4.808008243193463,0.6211872100830078,-5.0,-4.277401924133301,-4.829081058502197,-3.747523784637451,0.0
94,ACH-000902,-6.641155242919922,-10.188620567321777,2.912600040435791,0.6348650455474854,True,-4.755585193634033,0.359375,-4.80276593823752,0.4936705529689789,-5.0,-4.319889545440674,-4.914620399475098,-3.4073710441589355,0.0
95,ACH-000910,-13.229613304138184,-16.891931533813477,3.049299716949463,0.6130183935165405,True,-4.7504167556762695,0.34375,-4.7975310199813945,0.7618497610092163,-5.0,-4.27393913269043,-5.2676100730896,-3.0024194717407227,0.09090909361839294
96,ACH-000927,-5.696671485900879,-9.539373397827148,3.2202112674713135,0.6224907636642456,True,-4.7248945236206055,0.328125,-4.790267370345315,0.492155522108078,-5.0,-4.161583423614502,-4.7189860343933105,-3.418199062347412,0.0
97,ACH-000930,-7.181876182556152,-10.59703540802002,2.773756504058838,0.6414029598236084,True,-4.841513633728027,0.265625,-4.795391996683587,0.46975812315940857,-5.0,-4.403345584869385,-4.989434242248535,-3.521798849105835,0.0
98,ACH-000934,-7.233588695526123,-10.79996109008789,2.9203383922576904,0.6460338830947876,True,-4.835370063781738,0.3125,-4.799389803393402,0.47301650047302246,-5.0,-4.473185062408447,-4.9433817863464355,-3.9720749855041504,0.0
99,ACH-001390,-22.681758880615234,-27.078689575195312,3.728055477142334,0.6688748598098755,True,-4.956121444702148,0.109375,-4.815062967524277,1.1534035205841064,-5.0,-4.598825931549072,-5.024109840393066,-3.84452486038208,0.4285714626312256
100,ACH-001819,-10.011995315551758,-13.699397087097168,3.0594522953033447,0.6279492378234863,True,-4.751768112182617,0.296875,-4.808733481990111,0.685155987739563,-5.0,-4.1638503074646,-4.763694763183594,-3.6292340755462646,0.0
101,ACH-001820,-5.744845390319824,-9.257986068725586,2.8867321014404297,0.626408576965332,True,-4.7214579582214355,0.453125,-4.800005929613244,0.5022870302200317,-5.0,-4.3852858543396,-5.1864824295043945,-3.7022340297698975,0.13793103396892548
102,ACH-000017,-7.6240410804748535,-11.370939254760742,3.1123452186584473,0.6345528364181519,True,-4.798098564147949,0.390625,-4.799815193066714,0.5504152774810791,-5.0,-4.4831318855285645,-5.348888397216797,-3.876621723175049,0.11999999731779099
103,ACH-000019,-13.753484725952148,-17.308284759521484,2.9632294178009033,0.5915704965591431,True,-4.7725114822387695,0.3125,-4.79708482198392,0.7680193185806274,-5.0,-4.272037029266357,-4.942185878753662,-3.3772659301757812,0.0
104,ACH-000044,-20.741472244262695,-24.734067916870117,3.368671417236328,0.6239249110221863,True,-4.705697536468506,0.203125,-4.787946093432378,1.0827431678771973,-5.0,-3.5511281490325928,-4.073390007019043,-3.1371564865112305,0.0
105,ACH-000097,-6.198136329650879,-10.16439151763916,3.352526903152466,0.6137282848358154,True,-4.7887701988220215,0.359375,-4.788028503971343,0.4615512192249298,-5.0,-4.412230014801025,-5.209274768829346,-3.8541462421417236,0.08695652335882187
106,ACH-000111,-9.242626190185547,-12.795140266418457,2.9369235038757324,0.6155900955200195,True,-4.798602104187012,0.28125,-4.789085863992909,0.5457221269607544,-5.0,-4.283919334411621,-4.73539924621582,-3.816951036453247,0.0
107,ACH-000117,-4.596190452575684,-7.737202167510986,2.5049402713775635,0.6360715627670288,True,-4.711664199829102,0.453125,-4.781343697576529,0.37524086236953735,-5.0,-4.363672256469727,-4.930613040924072,-3.2492563724517822,0.0
108,ACH-000147,-8.137158393859863,-11.676502227783203,2.9659199714660645,0.5734237432479858,True,-4.791021347045898,0.328125,-4.782311462523466,0.5063676238059998,-5.0,-4.3631134033203125,-5.181596279144287,-3.3715827465057373,0.1428571492433548
109,ACH-000148,-6.770712852478027,-10.242762565612793,2.881178379058838,0.5908715724945068,True,-4.779306411743164,0.296875,-4.7820109574454355,0.43058615922927856,-5.0,-4.256610870361328,-4.8199615478515625,-3.52114200592041,0.0
110,ACH-000196,-5.322479248046875,-8.601290702819824,2.6471874713897705,0.6316240429878235,True,-4.633655548095703,0.421875,-4.7671754165104625,0.4157658517360687,-5.0,-4.131628513336182,-4.991672515869141,-2.2845163345336914,0.0
111,ACH-000212,-7.875855922698975,-11.150242805480957,2.6547961235046387,0.6195906400680542,True,-4.812501907348633,0.390625,-4.771708065594279,0.4467141628265381,-5.0,-4.52000617980957,-4.995272159576416,-4.039446830749512,0.0
112,ACH-000223,-11.363337516784668,-14.704610824584961,2.7109923362731934,0.6302807331085205,True,-4.827746391296387,0.34375,-4.7773118981644895,0.5882021188735962,-5.0,-4.498897552490234,-5.067060470581055,-3.937617301940918,0.04545454680919647
113,ACH-000248,-6.740447998046875,-9.989569664001465,2.621028423309326,0.628093421459198,True,-4.715185165405273,0.453125,-4.771099224888568,0.4311416745185852,-5.0,-4.371443748474121,-5.0888872146606445,-3.7507071495056152,0.03448275849223137
114,ACH-000258,-8.744288444519043,-12.142560005187988,2.753150224685669,0.6451216340065002,True,-4.622721195220947,0.328125,-4.756261421921806,0.49514639377593994,-5.0,-3.8501980304718018,-4.988142967224121,-0.8672093152999878,0.0
115,ACH-000276,-2.024104595184326,-5.194594860076904,2.544541835784912,0.6259484887123108,True,-4.717177867889404,0.484375,-4.752353066518566,0.2521124482154846,-5.0,-4.41610860824585,-5.157947540283203,-3.638315439224243,0.12903225421905518
116,ACH-000277,-9.728731155395508,-12.941804885864258,2.586568832397461,0.62650465965271,True,-4.663482666015625,0.4375,-4.743466026468272,0.506908655166626,-5.0,-4.230816841125488,-4.781344413757324,-3.4257659912109375,0.0
117,ACH-000288,-10.221200942993164,-13.548266410827637,2.7676889896392822,0.5593759417533875,True,-4.833319664001465,0.296875,-4.752451390221591,0.464156836271286,-5.0,-4.438551902770996,-5.0151567459106445,-3.847912311553955,0.05263157933950424
118,ACH-000330,-2.661363124847412,-6.041143417358398,2.738203287124634,0.641576886177063,True,-4.750261306762695,0.34375,-4.752232381875701,0.2645069360733032,-5.0,-4.273486137390137,-4.842428207397461,-3.74615478515625,0.0
119,ACH-000349,-1.0770635604858398,-4.1281232833862305,2.4140968322753906,0.636962890625,True,-4.727561950683594,0.484375,-4.74976533875649,0.19562678039073944,-5.0,-4.437546253204346,-5.218055725097656,-3.8427231311798096,0.16129031777381897
120,ACH-000352,-2.367671012878418,-5.427828311920166,2.4294180870056152,0.630739152431488,True,-4.660822868347168,0.375,-4.740871091715558,0.26259005069732666,-5.0,-4.095527648925781,-4.547342300415039,-3.581859588623047,0.0
121,ACH-000374,-6.245789051055908,-9.431392669677734,2.5308730602264404,0.6547304391860962,True,-4.701582431793213,0.46875,-4.736942225723324,0.3534783720970154,-5.0,-4.363375663757324,-5.067785739898682,-3.7644059658050537,0.06666667014360428
122,ACH-000536,-1.5324904918670654,-4.539060592651367,2.398236036300659,0.6083340644836426,True,-4.698504447937012,0.53125,-4.733098447944693,0.18963922560214996,-5.0,-4.432477951049805,-5.152092933654785,-3.7990810871124268,0.029411764815449715
123,ACH-000554,-5.712276458740234,-8.770761489868164,2.4293017387390137,0.6291835308074951,True,-4.758133888244629,0.390625,-4.735601991974686,0.33399975299835205,-5.0,-4.380822658538818,-4.943471431732178,-3.823730707168579,0.0
124,ACH-000568,-2.0991106033325195,-5.274844646453857,2.5478203296661377,0.6279135942459106,True,-4.449341773986816,0.515625,-4.7069759701758995,0.23560187220573425,-5.0,-3.932055950164795,-4.804591178894043,-3.325298309326172,0.0
125,ACH-000573,-6.4756975173950195,-9.576321601867676,2.468437433242798,0.6321867108345032,True,-4.577887535095215,0.53125,-4.694067126667831,0.35820382833480835,-5.0,-4.205435752868652,-4.955902099609375,-3.4267213344573975,0.0
126,ACH-000621,-5.712457656860352,-8.990965843200684,2.658137321472168,0.6203708648681641,True,-4.793673038482666,0.328125,-4.704027717849315,0.26880452036857605,-5.0,-4.3711934089660645,-5.209857940673828,-3.649359703063965,0.0476190485060215
127,ACH-000624,-3.1061043739318848,-6.266430377960205,2.525913953781128,0.6344121694564819,True,-4.640529632568359,0.4375,-4.69767790932122,0.23543313145637512,-5.0,-4.178353309631348,-5.0644941329956055,-3.454181432723999,0.0357142873108387
128,ACH-000643,-5.124068737030029,-8.156828880310059,2.3992648124694824,0.6334953308105469,True,-4.722212791442871,0.46875,-4.700131397533385,0.27103424072265625,-5.0,-4.407386779785156,-5.186069488525391,-3.3833088874816895,0.06666667014360428
129,ACH-000668,-7.356837749481201,-10.42491626739502,2.448972225189209,0.6191064119338989,True,-4.6935930252075195,0.484375,-4.699477560300798,0.3373490273952484,-5.0,-4.367417812347412,-5.139862060546875,-3.3703174591064453,0.09677419066429138
130,ACH-000691,1.3625773191452026,-1.7525602579116821,2.47469425201416,0.6404433250427246,True,-4.576451301574707,0.59375,-4.687174934428189,0.11529739946126938,-5.0,-4.286654949188232,-5.109858989715576,-2.4288430213928223,0.05263157933950424
131,ACH-000699,-7.308704376220703,-10.372309684753418,2.4032528400421143,0.6603524684906006,True,-4.6887712478637695,0.4375,-4.687334565771747,0.3263554573059082,-5.0,-4.2886199951171875,-4.7992753982543945,-3.790212631225586,0.0
132,ACH-000711,-5.180423736572266,-8.207503318786621,2.3980655670166016,0.629014253616333,True,-4.612547874450684,0.53125,-4.679855896639641,0.2816656529903412,-5.0,-4.27067756652832,-5.183089256286621,-3.3715357780456543,0.029411764815449715
133,ACH-000725,-5.864919185638428,-8.83305549621582,2.357870101928711,0.6102661490440369,True,-4.6894025802612305,0.5,-4.6808105650018,0.26819249987602234,-5.0,-4.378805637359619,-5.088705062866211,-3.2569446563720703,0.125
134,ACH-000755,-5.153067111968994,-8.17679214477539,2.384944438934326,0.6387806534767151,True,-4.67708158493042,0.46875,-4.680437666994662,0.27248919010162354,-5.0,-4.311107635498047,-4.865811347961426,-3.662849187850952,0.0
135,ACH-000759,-0.7014627456665039,-3.791435956954956,2.473317861557007,0.6166554093360901,True,-4.610755443572998,0.515625,-4.673469444652495,0.1691184639930725,-5.0,-4.245101451873779,-4.990405082702637,-3.5685224533081055,0.0
136,ACH-000768,-11.695867538452148,-14.831435203552246,2.5544862747192383,0.5810813903808594,True,-4.742318630218506,0.390625,-4.680354363209096,0.4126204252243042,-5.0,-4.340335845947266,-5.040654182434082,-3.4073870182037354,0.03999999910593033
137,ACH-000783,-4.496037483215332,-7.571292400360107,2.454054594039917,0.6212000250816345,True,-4.71435022354126,0.484375,-4.683753949242313,0.2424306571483612,-5.0,-4.410271167755127,-5.112489700317383,-3.597865343093872,0.032258063554763794
138,ACH-000818,-2.907184600830078,-5.912693500518799,2.3415989875793457,0.6639100313186646,True,-4.336112976074219,0.359375,-4.648989851925503,0.25357377529144287,-5.0,-3.1526622772216797,-3.839928388595581,-2.8102688789367676,0.0
139,ACH-000828,-11.293590545654297,-14.391044616699219,2.475102663040161,0.6223514080047607,True,-4.445253849029541,0.359375,-4.628616251635906,0.4169544279575348,-5.0,-3.4563586711883545,-4.453146934509277,-2.9764912128448486,0.0
140,ACH-000849,-6.890048027038574,-9.972077369689941,2.518920421600342,0.5631089210510254,True,-4.655795097351074,0.40625,-4.631334136207423,0.2709367871284485,-5.0,-4.152726650238037,-4.841257095336914,-2.4317567348480225,0.0
141,ACH-000856,-2.7085208892822266,-5.662379264831543,2.343083143234253,0.6107752919197083,True,-4.555683135986328,0.578125,-4.623769036185314,0.18353916704654694,-5.0,-4.231452941894531,-4.750304222106934,-3.579336404800415,0.0
142,ACH-000857,-4.012495517730713,-7.0352463722229,2.3690741062164307,0.6536767482757568,True,-4.586068153381348,0.59375,-4.619998947904917,0.21893948316574097,-5.0,-4.302851676940918,-4.89497709274292,-3.7043228149414062,0.0
143,ACH-000859,-5.0179829597473145,-8.312475204467773,2.666045665740967,0.6284465193748474,True,-4.676531791687012,0.453125,-4.625652232283127,0.22608104348182678,-5.0,-4.286139011383057,-4.777556896209717,-3.5467684268951416,0.0
144,ACH-000876,-6.3684539794921875,-9.412589073181152,2.4300084114074707,0.6141266822814941,True,-4.676265716552734,0.46875,-4.630713580710087,0.2529943585395813,-5.0,-4.3093671798706055,-4.834582328796387,-3.4258205890655518,0.0
145,ACH-000902,-3.960040807723999,-7.06280517578125,2.4761838912963867,0.6265804767608643,True,-4.634908676147461,0.53125,-4.631133090253824,0.200166717171669,-5.0,-4.312770366668701,-4.707072734832764,-3.4073710441589355,0.0
146,ACH-000910,-12.128954887390137,-15.14216136932373,2.4257302284240723,0.5874761939048767,True,-4.719363212585449,0.453125,-4.639956102486987,0.374728798866272,-5.0,-4.38066291809082,-4.956519603729248,-3.6311912536621094,0.0
147,ACH-000927,-4.3238115310668945,-7.357959270477295,2.4253203868865967,0.6088271141052246,True,-4.571703910827637,0.515625,-4.633130883321051,0.22429898381233215,-5.0,-4.169364929199219,-4.816829204559326,-3.4491450786590576,0.0
148,ACH-000930,-3.5088796615600586,-6.509714603424072,2.3980050086975098,0.6028298735618591,True,-4.540793418884277,0.671875,-4.623897136877375,0.2076808512210846,-5.0,-4.316529273986816,-4.98943567276001,-3.3796792030334473,0.0
149,ACH-000934,-3.685582399368286,-6.5686235427856445,2.2722251415252686,0.6108160018920898,True,-4.643341064453125,0.59375,-4.6258415296349495,0.18314772844314575,-5.0,-4.399311065673828,-5.017978668212891,-3.7715301513671875,0.05263157933950424
150,ACH-001390,-9.390743255615234,-12.652087211608887,2.6261141300201416,0.6352299451828003,True,-4.836130619049072,0.296875,-4.646870438576362,0.31252703070640564,-5.0,-4.448019504547119,-5.023862361907959,-3.92012882232666,0.05263157933950424
151,ACH-001819,-1.6235275268554688,-4.63144588470459,2.3881003856658936,0.6198180913925171,True,-4.609360694885254,0.484375,-4.643119464207251,0.16332848370075226,-5.0,-4.193519115447998,-4.746579170227051,-3.183042049407959,0.0
152,ACH-001820,-5.205301284790039,-8.18229866027832,2.354874849319458,0.6221227645874023,True,-4.659201622009277,0.53125,-4.6447276799874535,0.23515881597995758,-5.0,-4.358497142791748,-5.1864824295043945,-3.542646884918213,0.0882352963089943
153,ACH-000017,-3.8721327781677246,-6.894220352172852,2.4016213417053223,0.6204662322998047,True,-4.6447553634643555,0.515625,-4.644730448335144,0.20515790581703186,-5.0,-4.311040878295898,-4.874605655670166,-2.3569297790527344,0.0
154,ACH-000019,-1.5789029598236084,-4.5669450759887695,2.4445621967315674,0.5434799194335938,True,-4.799796104431152,0.390625,-4.660237013944744,0.12990355491638184,-5.0,-4.4874773025512695,-5.071116924285889,-3.5152130126953125,0.11999999731779099
155,ACH-000044,-8.383724212646484,-11.494884490966797,2.4924399852752686,0.6187208890914917,True,-4.352151393890381,0.453125,-4.629428451939308,0.38249024748802185,-5.0,-3.5702645778656006,-4.164044380187988,-3.1251704692840576,0.0
156,ACH-000097,-3.3208413124084473,-6.483611583709717,2.5573956966400146,0.6053744554519653,True,-4.609124183654785,0.546875,-4.627398025110856,0.20279909670352936,-5.0,-4.285256385803223,-5.209274768829346,-3.6297099590301514,0.02857142873108387
157,ACH-000111,0.5676531791687012,-2.3767943382263184,2.358717441558838,0.5857299566268921,True,-4.56828498840332,0.609375,-4.621486721440103,0.11656684428453445,-5.0,-4.291543960571289,-5.416099548339844,-3.3988254070281982,0.025641025975346565
158,ACH-000117,-0.8822221755981445,-3.7350363731384277,2.239490270614624,0.6133239269256592,True,-4.692684173583984,0.484375,-4.6286064666544915,0.11400292068719864,-5.0,-4.365541458129883,-5.294746398925781,-3.5664684772491455,0.032258063554763794
159,ACH-000147,-8.046367645263672,-10.965489387512207,2.401562213897705,0.5175591707229614,True,-4.746624946594238,0.46875,-4.640408314648466,0.2868817448616028,-5.0,-4.45946741104126,-5.181596279144287,-3.677046060562134,0.06666667014360428
160,ACH-000148,-6.674482822418213,-9.574041366577148,2.3502206802368164,0.5493379831314087,True,-4.7346367835998535,0.375,-4.649831161543606,0.25051313638687134,-5.0,-4.292364597320557,-5.201489448547363,-3.341808557510376,0.0416666679084301
161,ACH-000196,2.473825693130493,-0.2954614460468292,2.1940367221832275,0.5752502679824829,True,-4.4412336349487305,0.625,-4.6289714088841185,0.20233815908432007,-5.0,-4.105973720550537,-4.991672515869141,-1.1632018089294434,0.0
162,ACH-000212,-1.0664443969726562,-3.8458685874938965,2.161067008972168,0.6183573007583618,True,-4.681210517883301,0.609375,-4.634195319784037,0.11938045918941498,-5.0,-4.476858615875244,-5.973867416381836,-3.5715270042419434,0.025641025975346565
163,ACH-000223,-0.9505336284637451,-3.8096814155578613,2.2475085258483887,0.6116392612457275,True,-4.556413650512695,0.578125,-4.626417152856902,0.14971259236335754,-5.0,-4.232715606689453,-4.938185691833496,-3.5542683601379395,0.0
164,ACH-000248,2.26574444770813,-0.5548241138458252,2.2141242027282715,0.6064444780349731,True,-4.543096542358398,0.609375,-4.618085091807052,0.3105471134185791,-5.0,-4.250208854675293,-4.867395401000977,-3.2416586875915527,0.0
165,ACH-000258,-2.169055223464966,-5.1171488761901855,2.3536863327026367,0.5944072604179382,True,-4.560112953186035,0.578125,-4.612287877944951,0.16205641627311707,-5.0,-4.239113807678223,-5.053704738616943,-3.0958642959594727,0.027027027681469917
166,ACH-000276,-5.279142379760742,-8.010473251342773,2.164168357849121,0.567162811756134,True,-4.565567970275879,0.640625,-4.607615887178044,0.2227959930896759,-5.0,-4.32186222076416,-5.157947540283203,-2.9302802085876465,0.0731707289814949
167,ACH-000277,-4.074686050415039,-6.923104286193848,2.2340846061706543,0.6143335700035095,True,-4.582770347595215,0.5,-4.605131333219761,0.18859460949897766,-5.0,-4.165539741516113,-5.002735137939453,-3.304503917694092,0.03125
168,ACH-000288,-7.552206993103027,-10.478318214416504,2.3709192276000977,0.555192232131958,True,-4.758559703826904,0.46875,-4.620474170280476,0.24383124709129333,-5.0,-4.484927654266357,-5.99222993850708,-3.8088135719299316,0.06666667014360428
169,ACH-000330,-2.0999722480773926,-5.053496360778809,2.3548951148986816,0.5986289381980896,True,-4.690021991729736,0.53125,-4.627428952425402,0.15435852110385895,-5.0,-4.416511535644531,-5.123672962188721,-3.777484178543091,0.05882352963089943
170,ACH-000349,-1.8028302192687988,-4.554055213928223,2.1315464973449707,0.6196786165237427,True,-4.600640296936035,0.609375,-4.624750086876465,0.1530609279870987,-5.0,-4.344640731811523,-5.218055725097656,-3.538347005844116,0.12820513546466827
171,ACH-000352,-0.6714935302734375,-3.360478639602661,2.0771658420562744,0.6118192076683044,True,-4.4101080894470215,0.5625,-4.60328588713352,0.14530490338802338,-5.0,-3.9513041973114014,-4.97320032119751,-3.3833298683166504,0.0
172,ACH-000374,-4.452410697937012,-7.214731216430664,2.1659464836120605,0.5963741540908813,True,-4.661389350891113,0.5625,-4.6090962335092795,0.19378378987312317,-5.0,-4.398026466369629,-5.2152509689331055,-3.534947156906128,0.02777777798473835
173,ACH-000536,-3.8287248611450195,-6.611056327819824,2.193187713623047,0.5891438126564026,True,-4.675904273986816,0.515625,-4.615777037557033,0.18616066873073578,-5.0,-4.371450424194336,-5.152092933654785,-3.7959203720092773,0.06060606241226196
174,ACH-000554,-3.0731897354125977,-5.936601638793945,2.2410950660705566,0.6223168969154358,True,-4.6740522384643555,0.53125,-4.621604557647766,0.17669251561164856,-5.0,-4.386451721191406,-5.056384563446045,-3.5604891777038574,0.05882352963089943
175,ACH-000568,-5.405325889587402,-8.320924758911133,2.3209927082061768,0.5946063995361328,True,-4.381707668304443,0.546875,-4.597614868713434,0.25524091720581055,-5.0,-3.869408369064331,-4.695302963256836,-3.1975064277648926,0.0
176,ACH-000573,-2.0689334869384766,-4.7769293785095215,2.126086473464966,0.5819094181060791,True,-4.454453468322754,0.578125,-4.583298728674365,0.1649993509054184,-5.0,-4.0563530921936035,-4.559545516967773,-3.415773868560791,0.0
177,ACH-000621,-1.7546463012695312,-4.476621627807617,2.1533167362213135,0.568658709526062,True,-4.5431108474731445,0.65625,-4.579279940554244,0.13770940899848938,-5.0,-4.303788185119629,-5.2098588943481445,-3.3421995639801025,0.0476190485060215
178,ACH-000624,-0.5504865646362305,-3.306983470916748,2.162231206893921,0.5942656993865967,True,-4.524657249450684,0.65625,-4.573817671443888,0.10813508182764053,-5.0,-4.275667667388916,-5.464554309844971,-3.636064291000366,0.02380952425301075
179,ACH-000643,1.0153894424438477,-1.6307153701782227,2.0675203800201416,0.5785844326019287,True,-4.619913578033447,0.625,-4.578427262102844,0.23484931886196136,-5.0,-4.391861915588379,-5.186069488525391,-3.543877124786377,0.10000000149011612
180,ACH-000668,-4.403640270233154,-7.154027938842773,2.1509199142456055,0.5994676351547241,True,-4.566248416900635,0.640625,-4.577209377582623,0.1933521330356598,-5.0,-4.3229241371154785,-5.147401809692383,-3.4281303882598877,0.09756097197532654
181,ACH-000691,2.418745756149292,-0.40668556094169617,2.206468105316162,0.6189631223678589,True,-4.472827911376953,0.703125,-4.566771230962056,0.1772385537624359,-5.0,-4.250244140625,-5.00396728515625,-3.5393381118774414,0.02222222276031971
182,ACH-000699,-2.683417797088623,-5.421587944030762,2.1384174823760986,0.59975266456604,True,-4.5874223709106445,0.5625,-4.568836344956915,0.155734583735466,-5.0,-4.266528606414795,-4.991279602050781,-3.5878591537475586,0.0
183,ACH-000711,-0.02790069580078125,-2.717179298400879,2.107142925262451,0.582135796546936,True,-4.677872657775879,0.46875,-4.579739976238812,0.26421523094177246,-5.0,-4.312795639038086,-5.1830902099609375,-3.327399730682373,0.03333333507180214
184,ACH-000725,-0.04671502113342285,-2.7282049655914307,2.089327573776245,0.5921622514724731,True,-4.514060020446777,0.703125,-4.573171980659608,0.10420945286750793,-5.0,-4.3088860511779785,-5.088705062866211,-3.5501041412353516,0.02222222276031971
185,ACH-000755,-1.1011371612548828,-3.8041930198669434,2.1328630447387695,0.5701926946640015,True,-4.573673248291016,0.5625,-4.573222107422749,0.11463957279920578,-5.0,-4.242086410522461,-4.882129669189453,-3.248187780380249,0.0
186,ACH-000759,-4.729633331298828,-7.476211071014404,2.1707448959350586,0.5758328437805176,True,-4.537303447723389,0.59375,-4.569630241452813,0.19091369211673737,-5.0,-4.22072172164917,-4.923019886016846,-3.71726393699646,0.0
187,ACH-000768,-6.508317947387695,-9.160722732543945,2.160536289215088,0.491868793964386,True,-4.653995513916016,0.46875,-4.578066768699133,0.2183578461408615,-5.0,-4.261857032775879,-5.209751129150391,-3.273862600326538,0.03333333507180214
188,ACH-000783,-2.5380213260650635,-5.322486877441406,2.2064194679260254,0.5780461430549622,True,-4.582585334777832,0.625,-4.578518625307003,0.14625263214111328,-5.0,-4.332136631011963,-5.215609550476074,-3.535003662109375,0.02500000037252903
189,ACH-000818,-4.190511226654053,-6.834107398986816,2.0801589488983154,0.5634373426437378,True,-4.0618133544921875,0.515625,-4.526848098225522,0.23678520321846008,-5.0,-3.1804866790771484,-3.901754140853882,-2.8299760818481445,0.0
190,ACH-000828,-5.672957897186279,-8.357744216918945,2.128417730331421,0.5563685297966003,True,-4.095609664916992,0.5625,-4.483724254894669,0.225523442029953,-5.0,-3.3921945095062256,-4.229754447937012,-2.9326915740966797,0.0
191,ACH-000849,-0.6551220417022705,-3.5237834453582764,2.3535797595977783,0.515081524848938,True,-4.464592456817627,0.6875,-4.4818110750869655,0.11137759685516357,-5.0,-4.221225261688232,-4.923759460449219,-2.873603582382202,0.0
192,ACH-000856,-1.8655016422271729,-4.576635360717773,2.1308515071868896,0.5802822113037109,True,-4.468949317932129,0.578125,-4.480524899371482,0.11264428496360779,-5.0,-4.08142614364624,-4.785979747772217,-3.225290298461914,0.0
193,ACH-000857,1.2489287853240967,-1.4281983375549316,2.105454683303833,0.5716724395751953,True,-4.459500312805176,0.671875,-4.478422440714851,0.36297857761383057,-5.0,-4.195535659790039,-4.748641490936279,-3.715911865234375,0.0
194,ACH-000859,-4.540763854980469,-7.306292533874512,2.2113680839538574,0.5541602969169617,True,-4.556159496307373,0.59375,-4.486196146274104,0.1632496565580368,-5.0,-4.252479076385498,-5.147833824157715,-3.3104238510131836,0.05263157933950424
195,ACH-000876,-1.590102195739746,-4.330469608306885,2.150442600250244,0.5899248123168945,True,-4.55690336227417,0.59375,-4.493266867874111,0.1134568527340889,-5.0,-4.253732204437256,-4.78183650970459,-3.44388484954834,0.0
196,ACH-000902,-1.7003250122070312,-4.34587287902832,2.072303533554077,0.5732442140579224,True,-4.561566352844238,0.609375,-4.500096816371123,0.10412382334470749,-5.0,-4.280518531799316,-4.755186557769775,-3.6087605953216553,0.0
197,ACH-000910,-9.379949569702148,-11.95268440246582,2.0304665565490723,0.5422678589820862,True,-4.596748352050781,0.625,-4.509761969939089,0.23981474339962006,-5.0,-4.354796886444092,-5.083021640777588,-3.751059055328369,0.02500000037252903
198,ACH-000927,-0.18080711364746094,-2.885099411010742,2.1404707431793213,0.5638216733932495,True,-4.476374626159668,0.703125,-4.506423235561147,0.09707273542881012,-5.0,-4.255288600921631,-5.139708995819092,-3.234549045562744,0.02222222276031971
199,ACH-000930,-5.557963848114014,-8.218465805053711,2.093923330307007,0.5665786266326904,True,-4.535295486450195,0.671875,-4.5093104606500525,0.1883206069469452,-5.0,-4.308347702026367,-4.98943567276001,-3.7682502269744873,0.0
200,ACH-000934,-3.0160105228424072,-5.639151573181152,2.0678677558898926,0.5552733540534973,True,-4.539234161376953,0.703125,-4.512302830722743,0.14155346155166626,-5.0,-4.34468936920166,-5.072286128997803,-3.158021926879883,0.06666667014360428
201,ACH-001390,-0.5715615749359131,-3.353611707687378,2.2044730186462402,0.5775769948959351,True,-4.6224565505981445,0.4375,-4.523318202710284,0.351649671792984,-5.0,-4.1370439529418945,-5.052525043487549,-3.2296769618988037,0.0714285746216774
202,ACH-001819,0.184586763381958,-2.4890401363372803,2.111463785171509,0.5621629953384399,True,-4.366044044494629,0.6875,-4.507590786888718,0.1067119836807251,-5.0,-4.077881813049316,-5.038475036621094,-3.479132652282715,0.022727273404598236
203,ACH-001820,-4.392242908477783,-6.985153675079346,2.0721402168273926,0.5207705497741699,True,-4.654824256896973,0.546875,-4.522314133889544,0.15650403499603271,-5.0,-4.368821620941162,-5.1864824295043945,-3.3412258625030518,0.02857142873108387
204,ACH-000017,-1.049532413482666,-3.6783573627471924,2.0932321548461914,0.5355928540229797,True,-4.588087558746338,0.609375,-4.528891476375223,0.2650173604488373,-5.0,-4.324041366577148,-5.081759452819824,-3.3855385780334473,0.025641025975346565
205,ACH-000019,0.7613794803619385,-1.9479320049285889,2.2068867683410645,0.5024245977401733,True,-4.584755897521973,0.59375,-4.534477918489897,0.2804161310195923,-5.0,-4.300642013549805,-5.036343097686768,-3.8509256839752197,0.02631578966975212
206,ACH-000044,-12.13592529296875,-14.890604019165039,2.2136294841766357,0.5410487055778503,True,-4.230384826660156,0.53125,-4.504068609306923,0.33809006214141846,-5.0,-3.5513126850128174,-4.365300178527832,-3.137155771255493,0.0
207,ACH-000097,1.0727828741073608,-1.4517592191696167,2.003546953201294,0.5209951400756836,True,-4.496869087219238,0.703125,-4.5033486570981545,0.13381364941596985,-5.0,-4.284436225891113,-5.209274768829346,-3.3643808364868164,0.04444444552063942
208,ACH-000111,-5.815530776977539,-8.463428497314453,2.105926752090454,0.5419709086418152,True,-4.48733377456665,0.640625,-4.501747168845004,0.18988776206970215,-5.0,-4.199740886688232,-4.660824298858643,-3.2322404384613037,0.0
209,ACH-000117,-1.2571132183074951,-3.7660329341888428,1.9843871593475342,0.5245324373245239,True,-4.525278091430664,0.65625,-4.50410026110357,0.10591929405927658,-5.0,-4.276614665985107,-4.916699409484863,-3.331829309463501,0.0
210,ACH-000147,-6.241400718688965,-8.72915267944336,2.01389479637146,0.4738573431968689,True,-4.679390907287598,0.546875,-4.521629325721973,0.17196479439735413,-5.0,-4.413743495941162,-5.181596279144287,-3.604133129119873,0.08571428805589676
211,ACH-000148,-10.250174522399902,-12.804153442382812,2.0494680404663086,0.504510760307312,True,-4.670663356781006,0.515625,-4.5365327288278765,0.24783895909786224,-5.0,-4.361286640167236,-5.201488971710205,-3.6886799335479736,0.06060606241226196
212,ACH-000196,-1.1621794700622559,-3.777522087097168,2.076608419418335,0.5387342572212219,True,-4.379788398742676,0.671875,-4.520858295819356,0.11087115854024887,-5.0,-4.0768938064575195,-5.413758754730225,-3.350095272064209,0.023255813866853714
213,ACH-000212,-1.2035601139068604,-3.7299344539642334,1.9964975118637085,0.529876708984375,True,-4.509930610656738,0.65625,-4.519765527303094,0.1141386553645134,-5.0,-4.253227710723877,-5.147704601287842,-3.4644153118133545,0.095238097012043
214,ACH-000223,-2.6703906059265137,-5.2334794998168945,2.0389440059661865,0.5241450071334839,True,-4.493378639221191,0.75,-4.517126838494903,0.1496889293193817,-5.0,-4.324505805969238,-4.9436869621276855,-3.0884602069854736,0.0
215,ACH-000248,-3.637617826461792,-6.228960037231445,2.0581822395324707,0.5331599712371826,True,-4.4714555740356445,0.65625,-4.512559712048977,0.14680832624435425,-5.0,-4.194599628448486,-4.923036098480225,-3.403451919555664,0.0
216,ACH-000258,1.7580487728118896,-0.89679354429245,2.123537063598633,0.5313053727149963,True,-4.372522354125977,0.640625,-4.498555976256677,0.2902277112007141,-5.0,-4.020522594451904,-5.282843112945557,-3.020577907562256,0.024390242993831635
217,ACH-000276,-4.672356605529785,-7.120152950286865,1.9537173509597778,0.4940792918205261,True,-4.568323135375977,0.640625,-4.505532692168607,0.1603665053844452,-5.0,-4.326163291931152,-5.157947540283203,-3.3702149391174316,0.04878048598766327
218,ACH-000277,-5.574764251708984,-8.068395614624023,1.9585561752319336,0.5350754857063293,True,-4.276665687561035,0.75,-4.48264599170785,0.20142197608947754,-5.0,-4.0355544090271,-4.817442893981934,-3.365612030029297,0.0
219,ACH-000288,-1.7962415218353271,-4.352209091186523,2.064528703689575,0.49143895506858826,True,-4.554846286773682,0.671875,-4.489866021214433,0.11757362633943558,-5.0,-4.3374457359313965,-5.205519199371338,-3.379532814025879,0.11627906560897827
220,ACH-000330,-4.116045951843262,-6.629022598266602,2.0001912117004395,0.5127855539321899,True,-4.591604232788086,0.59375,-4.500039842371798,0.14405229687690735,-5.0,-4.312175750732422,-5.123672962188721,-3.6857683658599854,0.07894736528396606
221,ACH-000349,-1.595456838607788,-4.0903472900390625,1.9674041271209717,0.5274863243103027,True,-4.462311267852783,0.71875,-4.496266984919897,0.10854125022888184,-5.0,-4.251911640167236,-5.218055725097656,-3.2302937507629395,0.021739130839705467
222,ACH-000352,1.9395627975463867,-0.6299943327903748,2.019113779067993,0.5504432916641235,True,-4.260458946228027,0.6875,-4.47268618105071,0.14097096025943756,-5.0,-3.9243037700653076,-4.879697799682617,-3.041897773742676,0.0
223,ACH-000374,-1.114914894104004,-3.7601771354675293,2.10197114944458,0.5432910919189453,True,-4.477270603179932,0.703125,-4.473144623263632,0.10800560563802719,-5.0,-4.256563186645508,-5.2152509689331055,-3.372551441192627,0.04444444552063942
224,ACH-000536,-3.4630324840545654,-5.918900012969971,1.961393117904663,0.4944743514060974,True,-4.50119686126709,0.65625,-4.475949847063978,0.13209325075149536,-5.0,-4.239919185638428,-5.152092933654785,-2.6494455337524414,0.0476190485060215
225,ACH-000554,0.521521806716919,-2.016503095626831,2.0221545696258545,0.5158704519271851,True,-4.53554105758667,0.671875,-4.481908968116247,0.2274654060602188,-5.0,-4.308712005615234,-5.056384086608887,-3.41654109954834,0.04651162773370743
226,ACH-000568,1.7569372653961182,-0.79679274559021,2.0266735553741455,0.5270565748214722,True,-4.313517093658447,0.625,-4.465069780670468,0.21909058094024658,-5.0,-3.9016273021698,-4.4723286628723145,-3.3820295333862305,0.0
227,ACH-000573,-3.141234874725342,-5.631976127624512,1.9736194610595703,0.5171217918395996,True,-4.3735198974609375,0.640625,-4.455914792349515,0.14841151237487793,-5.0,-4.022078990936279,-4.524365425109863,-3.4380922317504883,0.0
228,ACH-000621,-0.9586265087127686,-3.460294008255005,1.988939881324768,0.5127276182174683,True,-4.4976654052734375,0.75,-4.460089853641907,0.09825164824724197,-5.0,-4.330220699310303,-5.2098588943481445,-3.5881001949310303,0.0625
229,ACH-000624,-1.4417519569396973,-3.9856395721435547,2.0317654609680176,0.5121220350265503,True,-4.425930023193359,0.640625,-4.4566738705970526,0.10531488060951233,-5.0,-4.103890419006348,-5.194273471832275,-1.932869553565979,0.04878048598766327
230,ACH-000643,1.8326478004455566,-0.6657723784446716,1.9934570789337158,0.5049630403518677,True,-4.4550018310546875,0.71875,-4.456506666642816,0.20809850096702576,-5.0,-4.24174165725708,-5.186069488525391,-3.197056770324707,0.06521739065647125
231,ACH-000668,1.207934021949768,-1.2925878763198853,1.9908334016799927,0.5096884965896606,True,-4.4259352684021,0.734375,-4.453449526818744,0.2541990876197815,-5.0,-4.218294143676758,-5.066219329833984,-3.2071385383605957,0.06382978707551956
232,ACH-000691,1.7683429718017578,-0.727497398853302,1.9590075016021729,0.5368327498435974,True,-4.391627311706543,0.78125,-4.447267305307524,0.24028412997722626,-5.0,-4.221282482147217,-4.90719747543335,-3.5484695434570312,0.0
233,ACH-000699,-2.243980884552002,-4.742555141448975,1.983857274055481,0.5147171020507812,True,-4.487414360046387,0.65625,-4.45128201078141,0.11066204309463501,-5.0,-4.218917369842529,-4.946954250335693,-3.587857246398926,0.0
234,ACH-000711,-0.6899771690368652,-3.199148654937744,2.000094413757324,0.5090770721435547,True,-4.46761417388916,0.75,-4.452915227092185,0.08940227329730988,-5.0,-4.2901530265808105,-5.183089256286621,-3.7923433780670166,0.0625
235,ACH-000725,0.994404673576355,-1.4435697793960571,1.9248493909835815,0.5131250619888306,True,-4.525407791137695,0.6875,-4.460164483496737,0.2989158034324646,-5.0,-4.3096842765808105,-5.110230445861816,-3.733271837234497,0.06818182021379471
236,ACH-000755,-7.791931629180908,-10.33849048614502,2.006507158279419,0.5400518178939819,True,-4.447005271911621,0.671875,-4.4588485623382255,0.20808899402618408,-5.0,-4.176938533782959,-4.850375652313232,-3.4294216632843018,0.0
237,ACH-000759,0.49354100227355957,-1.963566780090332,1.9241392612457275,0.5329685807228088,True,-4.42181396484375,0.671875,-4.455145102588778,0.1281854659318924,-5.0,-4.139444828033447,-4.638061046600342,-3.3816921710968018,0.0
238,ACH-000768,-10.686107635498047,-13.193290710449219,2.0270371437072754,0.4801464378833771,True,-4.670891761779785,0.53125,-4.476719768507879,0.22343012690544128,-5.0,-4.380502223968506,-5.419713497161865,-3.407386541366577,0.05882352963089943
239,ACH-000783,1.9385366439819336,-0.5736809372901917,2.0034096240997314,0.5088078379631042,True,-4.460177421569824,0.75,-4.475065533814074,0.17835524678230286,-5.0,-4.280237197875977,-5.215609550476074,-3.535003662109375,0.0625
240,ACH-000818,-2.090878486633301,-4.586705684661865,1.9608794450759888,0.5349477529525757,True,-3.9183666706085205,0.578125,-4.419395647493518,0.16204534471035004,-5.0,-3.1290664672851562,-3.6441965103149414,-2.7709991931915283,0.0
241,ACH-000828,-5.301492691040039,-7.890336990356445,2.0788378715515137,0.5100066065788269,True,-3.8817827701568604,0.65625,-4.365634359759852,0.1904715597629547,-5.0,-3.2960500717163086,-3.8573570251464844,-2.8390870094299316,0.0
242,ACH-000849,-4.408483505249023,-6.875248908996582,1.986459493637085,0.48030588030815125,True,-4.508707046508789,0.59375,-4.379941628434746,0.1131196916103363,-5.0,-4.172558307647705,-4.781557083129883,-3.652202606201172,0.0
243,ACH-000856,0.623206615447998,-1.8908071517944336,1.9986778497695923,0.5153359174728394,True,-4.382637977600098,0.640625,-4.380211263351281,0.1491129845380783,-5.0,-4.036313533782959,-4.559891700744629,-3.5688397884368896,0.0
244,ACH-000857,-3.4329934120178223,-5.872463703155518,1.926230788230896,0.5132393836975098,True,-4.4314866065979,0.640625,-4.385338797675943,0.11281795054674149,-5.0,-4.112564563751221,-4.739423751831055,-2.1305360794067383,0.0
245,ACH-000859,0.15881657600402832,-2.3438079357147217,1.9769681692123413,0.5256564617156982,True,-4.502294063568115,0.671875,-4.39703432426516,0.22982116043567657,-5.0,-4.259228229522705,-5.525211334228516,-3.3898606300354004,0.04651162773370743
246,ACH-000876,1.2659657001495361,-1.2983112335205078,2.0417087078094482,0.5225681662559509,True,-4.413488864898682,0.734375,-4.398679778328512,0.274148553609848,-5.0,-4.2013468742370605,-4.894160270690918,-3.4859354496002197,0.0
247,ACH-000902,1.388440489768982,-1.0213922262191772,1.9162449836730957,0.4935876429080963,True,-4.383901596069336,0.765625,-4.397201960102595,0.2429560422897339,-5.0,-4.195300102233887,-4.9412736892700195,-3.2208008766174316,0.0
248,ACH-000910,0.22186565399169922,-2.1827168464660645,1.9152199029922485,0.4893626570701599,True,-4.500156402587891,0.65625,-4.407497404351124,0.2530353367328644,-5.0,-4.238333225250244,-5.016082763671875,-3.2116870880126953,0.02380952425301075
249,ACH-000927,1.3973100185394287,-1.221391201019287,2.0946669578552246,0.524034321308136,True,-4.294179916381836,0.828125,-4.396165655554196,0.1470646858215332,-5.0,-4.147689342498779,-4.93624210357666,-3.432816982269287,0.0
250,ACH-000930,-0.725245475769043,-3.1513736248016357,1.9016172885894775,0.52451092004776,True,-4.374101638793945,0.84375,-4.393959253878171,0.09138525277376175,-5.0,-4.258194446563721,-5.279609203338623,-3.557934284210205,0.018518518656492233
251,ACH-000934,1.1865921020507812,-1.3802971839904785,2.0451369285583496,0.5217524170875549,True,-4.466684341430664,0.765625,-4.4012317626334205,0.33096498250961304,-5.0,-4.303423881530762,-5.040554046630859,-3.4215586185455322,0.020408162847161293
252,ACH-001390,-4.899503707885742,-7.434153079986572,1.985280990600586,0.5493685007095337,True,-4.461709976196289,0.625,-4.407279583989707,0.1649322807788849,-5.0,-4.138736248016357,-4.856457710266113,-3.36106014251709,0.0
253,ACH-001819,-8.51195240020752,-10.930105209350586,1.9064061641693115,0.511746346950531,True,-4.352701187133789,0.640625,-4.401821744304115,0.1934484988451004,-5.0,-3.9895830154418945,-4.953915119171143,-3.3956997394561768,0.0
254,ACH-001820,-1.8801488876342773,-4.346535682678223,1.9444644451141357,0.5219224691390991,True,-4.449604034423828,0.734375,-4.406599973316086,0.10098080337047577,-5.0,-4.250524997711182,-5.203836441040039,-3.5438337326049805,0.06382978707551956
255,ACH-000017,1.3322988748550415,-1.0619999170303345,1.8689531087875366,0.5253456830978394,True,-4.389616012573242,0.765625,-4.404901577241802,0.20163945853710175,-5.0,-4.202763557434082,-4.874605655670166,-3.6931710243225098,0.0
256,ACH-000019,-7.218242645263672,-9.686576843261719,2.006687879562378,0.4616459906101227,True,-4.575286865234375,0.5625,-4.421940106041059,0.15488064289093018,-5.0,-4.2449541091918945,-5.5961480140686035,-3.7687933444976807,0.02777777798473835
257,ACH-000044,-12.271880149841309,-14.72488021850586,1.9407843351364136,0.5122159719467163,True,-4.161877155303955,0.578125,-4.395933810967349,0.28341376781463623,-5.0,-3.550274610519409,-4.460968017578125,-3.0857021808624268,0.0
258,ACH-000097,-2.3298261165618896,-4.649046421051025,1.8066115379333496,0.5126088261604309,True,-4.48756217956543,0.734375,-4.405096647827157,0.09400039166212082,-5.0,-4.302212715148926,-4.978998184204102,-3.52072811126709,0.0
259,ACH-000111,1.0812325477600098,-1.3976802825927734,1.9711750745773315,0.5077376365661621,True,-4.4218878746032715,0.71875,-4.406775770504768,0.2240990400314331,-5.0,-4.195670127868652,-4.924792289733887,-3.415515422821045,0.0
260,ACH-000117,-1.880385398864746,-4.41185998916626,2.009108543395996,0.5223660469055176,True,-4.434027194976807,0.71875,-4.409500912951972,0.10510121285915375,-5.0,-4.212559223175049,-4.894291877746582,-3.621842384338379,0.0
261,ACH-000147,0.751937747001648,-1.5960532426834106,1.873058795928955,0.4749321937561035,True,-4.541891098022461,0.71875,-4.422739931459021,0.28721481561660767,-5.0,-4.362631320953369,-5.181596279144287,-2.446551561355591,0.06521739065647125
262,ACH-000148,-8.84404468536377,-11.285304069519043,1.97928786277771,0.46197131276130676,True,-4.5653839111328125,0.609375,-4.4370043294264,0.19740718603134155,-5.0,-4.286783218383789,-5.201488971710205,-2.5947511196136475,0.025641025975346565
263,ACH-000196,2.254236936569214,-0.2124786078929901,1.9525554180145264,0.51416015625,True,-4.254671096801758,0.796875,-4.418771006163936,0.22489957511425018,-5.0,-4.064685344696045,-5.086546897888184,-3.5166068077087402,0.019607843831181526
264,ACH-000212,-1.8445467948913574,-4.274167060852051,1.920343279838562,0.5092771053314209,True,-4.448694705963135,0.75,-4.421763376143856,0.09754027426242828,-5.0,-4.264926433563232,-5.147704601287842,-3.354478597640991,0.0625
265,ACH-000223,1.5446338653564453,-0.7973393797874451,1.826826810836792,0.5151464939117432,True,-4.44233512878418,0.734375,-4.423820551407888,0.2793218493461609,-5.0,-4.240625858306885,-4.9436869621276855,-3.280337333679199,0.0
266,ACH-000248,1.2143239974975586,-1.2528231143951416,1.944872498512268,0.5222746133804321,True,-4.378365516662598,0.8125,-4.419275047933359,0.15809039771556854,-5.0,-4.234911918640137,-4.749234676361084,-3.5979700088500977,0.0
267,ACH-000258,-2.516258716583252,-4.958298683166504,1.932235598564148,0.5098044872283936,True,-4.331279754638672,0.71875,-4.41047551860389,0.1098194345831871,-5.0,-4.069605827331543,-4.931097507476807,-3.020577907562256,0.0
268,ACH-000276,-2.472869396209717,-4.8862104415893555,1.8969826698303223,0.5163584351539612,True,-4.453765869140625,0.703125,-4.4148045536575635,0.1054779589176178,-5.0,-4.223134517669678,-5.173605442047119,-3.263270616531372,0.02222222276031971
269,ACH-000277,1.6134288311004639,-0.8118777275085449,1.9309146404266357,0.49439188838005066,True,-4.311222553253174,0.71875,-4.404446353617125,0.25083231925964355,-5.0,-4.041700839996338,-4.781344413757324,-3.4257659912109375,0.0
270,ACH-000288,-3.0260767936706543,-5.3417649269104,1.8671091794967651,0.44857901334762573,True,-4.560842037200928,0.640625,-4.420085921975505,0.1026633083820343,-5.0,-4.3144850730896,-5.205519199371338,-3.5181996822357178,0.12195121496915817
271,ACH-000330,1.7987486124038696,-0.6574968099594116,1.95197594165802,0.5042694211006165,True,-4.368249893188477,0.78125,-4.414902319096802,0.2839868664741516,-5.0,-4.191359519958496,-5.123673439025879,-2.391958713531494,0.03999999910593033
272,ACH-000349,1.2821266651153564,-1.120896816253662,1.924631118774414,0.4783923029899597,True,-4.475424766540527,0.734375,-4.420954563841175,0.23113533854484558,-5.0,-4.285684108734131,-5.218055725097656,-3.370527744293213,0.06382978707551956
273,ACH-000352,3.655067205429077,1.221893072128296,1.935788631439209,0.49738550186157227,True,-4.029956340789795,0.828125,-4.381854741536037,0.25731655955314636,-5.0,-3.8286266326904297,-4.301859378814697,-3.0107178688049316,0.0
274,ACH-000374,-1.067997932434082,-3.501063823699951,1.9417096376419067,0.4913563132286072,True,-4.48873233795166,0.6875,-4.392542501177599,0.12839101254940033,-5.0,-4.256338119506836,-5.389373779296875,-3.7987263202667236,0.04545454680919647
275,ACH-000536,0.5306134223937988,-1.7566442489624023,1.8295212984085083,0.45773643255233765,True,-4.516242504119873,0.734375,-4.404912501471826,0.1817176789045334,-5.0,-4.34126615524292,-5.152092933654785,-3.343055248260498,0.1489361673593521
276,ACH-000554,0.49161529541015625,-1.9304275512695312,1.9283921718597412,0.4936506152153015,True,-4.476055145263672,0.6875,-4.41202676585101,0.3149856925010681,-5.0,-4.237898349761963,-5.056384086608887,-3.620197296142578,0.022727273404598236
277,ACH-000568,-1.4676992893218994,-3.9040167331695557,1.9535636901855469,0.4827536940574646,True,-4.243715286254883,0.6875,-4.395195617891398,0.1079244613647461,-5.0,-3.899949550628662,-4.739218711853027,-2.6524250507354736,0.0
278,ACH-000573,2.2076191902160645,-0.20967096090316772,1.918299913406372,0.4989902675151825,True,-4.26699161529541,0.734375,-4.3823752176317985,0.23495370149612427,-5.0,-4.00186014175415,-4.815004348754883,-3.4401838779449463,0.0
279,ACH-000621,1.6920350790023804,-0.6962929964065552,1.895339846611023,0.49298813939094543,True,-4.403841018676758,0.8125,-4.384521797736294,0.1716892570257187,-5.0,-4.266265869140625,-5.2098588943481445,-3.5881001949310303,0.05769231170415878
280,ACH-000624,1.7824866771697998,-0.5938014984130859,1.9041856527328491,0.47210246324539185,True,-4.252120018005371,0.828125,-4.371281619763202,0.20200972259044647,-5.0,-4.096899509429932,-5.0644941329956055,-2.7800076007843018,0.01886792480945587
281,ACH-000643,1.7024614810943604,-0.6502225399017334,1.8604251146316528,0.49225878715515137,True,-4.4469099044799805,0.78125,-4.37884444823488,0.22443532943725586,-5.0,-4.292044162750244,-5.186069488525391,-3.452319622039795,0.09999999403953552
282,ACH-000668,1.059827208518982,-1.3615494966506958,1.936611294746399,0.4847654104232788,True,-4.3798112869262695,0.75,-4.3789411321040195,0.24091540277004242,-5.0,-4.17308235168457,-5.341238021850586,-3.517855644226074,0.02083333395421505
283,ACH-000691,-0.6777050495147705,-3.027789831161499,1.8651478290557861,0.48493701219558716,True,-4.441554069519043,0.65625,-4.385202425845522,0.14146405458450317,-5.0,-4.1490349769592285,-4.868199825286865,-3.5229029655456543,0.0
284,ACH-000699,-1.5657706260681152,-3.8927161693573,1.834169864654541,0.49277573823928833,True,-4.308455467224121,0.796875,-4.377527729983382,0.10356269776821136,-5.0,-4.132179260253906,-4.946954250335693,-3.4917736053466797,0.0
285,ACH-000711,1.399244785308838,-0.9507188200950623,1.842428207397461,0.5075353980064392,True,-4.3669328689575195,0.78125,-4.376468243880796,0.28073328733444214,-5.0,-4.189673900604248,-5.183089256286621,-3.603851795196533,0.019999999552965164
286,ACH-000725,-1.7089240550994873,-4.03687858581543,1.8619059324264526,0.4660486876964569,True,-4.408221244812012,0.765625,-4.379643543973917,0.09611667692661285,-5.0,-4.227065086364746,-4.98059606552124,-2.6852338314056396,0.0
287,ACH-000755,2.6401116847991943,0.23350301384925842,1.9271632432937622,0.47944530844688416,True,-4.251426696777344,0.875,-4.3668218592542605,0.2928786873817444,-5.0,-4.1444878578186035,-4.882129669189453,-2.743743896484375,0.0
288,ACH-000759,2.3740360736846924,-0.05601433664560318,1.94783353805542,0.4822167456150055,True,-4.225385665893555,0.828125,-4.35267823991819,0.3090987801551819,-5.0,-4.064617156982422,-4.65826416015625,-3.430136203765869,0.0
289,ACH-000768,1.1940975189208984,-1.1517188549041748,1.8882341384887695,0.4575822651386261,True,-4.395185470581055,0.765625,-4.356928962984477,0.28516125679016113,-5.0,-4.210038185119629,-5.063930988311768,-3.6359751224517822,0.020408162847161293
290,ACH-000783,0.2084822654724121,-2.0734076499938965,1.7972347736358643,0.4846552312374115,True,-4.4904985427856445,0.671875,-4.370285920964594,0.31692802906036377,-5.0,-4.241672992706299,-5.215609550476074,-3.798860788345337,0.023255813866853714
291,ACH-000818,-2.168473482131958,-4.51522159576416,1.8585392236709595,0.4882088303565979,True,-3.88832950592041,0.59375,-4.322090279460176,0.12554457783699036,-5.0,-3.127713203430176,-3.7489070892333984,-2.803788423538208,0.0
292,ACH-000828,1.7434791326522827,-0.6639493703842163,1.9491316080093384,0.4582969546318054,True,-3.8994951248168945,0.671875,-4.279830763995848,0.16186991333961487,-5.0,-3.362039566040039,-4.263198375701904,-2.9764914512634277,0.0
293,ACH-000849,-2.882380723953247,-5.125704765319824,1.8127256631851196,0.43059828877449036,True,-4.1787872314453125,0.8125,-4.269726410740795,0.1007724404335022,-5.0,-3.9892771244049072,-5.072850704193115,-2.050719738006592,0.01923076994717121
294,ACH-000856,1.5319745540618896,-0.7478086352348328,1.8148528337478638,0.4649304747581482,True,-4.168360710144043,0.84375,-4.2595898406811195,0.29250043630599976,-5.0,-4.0143537521362305,-5.081703186035156,-3.36075496673584,0.018518518656492233
295,ACH-000857,-1.1254754066467285,-3.471238851547241,1.874585509300232,0.4711778461933136,True,-4.4377851486206055,0.6875,-4.277409371475068,0.21831974387168884,-5.0,-4.182232856750488,-6.0855512619018555,-3.483870029449463,0.022727273404598236
296,ACH-000859,-0.1912708282470703,-2.5348591804504395,1.878413438796997,0.4651748538017273,True,-4.469540119171143,0.765625,-4.296622446244675,0.22239744663238525,-5.0,-4.307155132293701,-5.372422218322754,-3.5312697887420654,0.08163265138864517
297,ACH-000876,1.4617913961410522,-0.8378537893295288,1.819355845451355,0.48028939962387085,True,-4.31038761138916,0.78125,-4.297998962759124,0.21949270367622375,-5.0,-4.117295742034912,-4.829081058502197,-3.3137431144714355,0.0
298,ACH-000902,0.2267928123474121,-2.1437411308288574,1.8922019004821777,0.478331983089447,True,-4.393705368041992,0.734375,-4.30756960328741,0.1915571093559265,-5.0,-4.1744065284729,-4.881226062774658,-3.700496196746826,0.0
299,ACH-000910,-2.444971799850464,-4.8210978507995605,1.9035412073135376,0.4725847840309143,True,-4.408293724060059,0.75,-4.317642015364675,0.08848287165164948,-5.0,-4.211058616638184,-4.927915573120117,-3.2939887046813965,0.0
300,ACH-000927,0.1309340000152588,-2.197988986968994,1.859431505203247,0.4694913923740387,True,-4.445956230163574,0.71875,-4.330473436844565,0.23989582061767578,-5.0,-4.229156494140625,-4.7189860343933105,-3.5320911407470703,0.0
301,ACH-000930,-2.1645896434783936,-4.387319087982178,1.7504594326019287,0.47227004170417786,True,-4.360638618469238,0.8125,-4.333489955007033,0.09352618455886841,-5.0,-4.2130937576293945,-4.98943567276001,-3.3796792030334473,0.0
302,ACH-000934,-2.2206945419311523,-4.586432456970215,1.8849008083343506,0.4808371067047119,True,-4.444820404052734,0.765625,-4.344622999911603,0.08930148184299469,-5.0,-4.274867534637451,-5.017978668212891,-3.7715301513671875,0.040816325694322586
303,ACH-001390,-1.1571283340454102,-3.506706476211548,1.8577412366867065,0.49183693528175354,True,-4.508610725402832,0.53125,-4.361021772460726,0.2816174328327179,-5.0,-4.075031757354736,-4.933112621307373,-3.3396215438842773,0.0
304,ACH-001819,1.824735403060913,-0.46584436297416687,1.8229800462722778,0.4675997197628021,True,-4.215838432312012,0.796875,-4.346503438445854,0.22628210484981537,-5.0,-4.015953540802002,-4.7269697189331055,-3.6217093467712402,0.0
305,ACH-001820,1.0666840076446533,-1.3182182312011719,1.9146876335144043,0.4702146649360657,True,-4.390108108520508,0.78125,-4.35086390545332,0.22444137930870056,-5.0,-4.219338417053223,-5.1864824295043945,-3.8037352561950684,0.03999999910593033
306,ACH-000017,0.671884298324585,-1.583007574081421,1.7653534412384033,0.48953843116760254,True,-4.319401741027832,0.765625,-4.347717689010771,0.25270864367485046,-5.0,-4.111055374145508,-5.081759452819824,-2.3569297790527344,0.020408162847161293
307,ACH-000019,-0.10494065284729004,-2.2837297916412354,1.7438445091247559,0.434944748878479,True,-4.469154357910156,0.6875,-4.35986135590071,0.3691437542438507,-5.0,-4.227860927581787,-4.664262294769287,-3.3100619316101074,0.0
308,ACH-000044,-3.094297409057617,-5.332329750061035,1.7699568271636963,0.4680755138397217,True,-4.0843048095703125,0.625,-4.3323057012676705,0.12422950565814972,-5.0,-3.5348873138427734,-4.205011367797852,-3.137155771255493,0.0
309,ACH-000097,-2.5501904487609863,-4.786923885345459,1.7601492404937744,0.4765843152999878,True,-4.281044006347656,0.796875,-4.327179531775669,0.10227186232805252,-5.0,-4.097781658172607,-5.209274768829346,-3.714186668395996,0.019607843831181526
310,ACH-000111,-2.848320245742798,-5.114487171173096,1.8025671243667603,0.4635998606681824,True,-4.3651204109191895,0.75,-4.330973619690021,0.09923503547906876,-5.0,-4.153493881225586,-4.745816230773926,-3.2872114181518555,0.0
311,ACH-000117,0.962306022644043,-1.281712532043457,1.8003138303756714,0.4437047839164734,True,-4.303991317749023,0.828125,-4.328275389495921,0.16610074043273926,-5.0,-4.159536361694336,-4.947513580322266,-2.7409636974334717,0.0
312,ACH-000147,-0.19480276107788086,-2.355914354324341,1.7370362281799316,0.4240754544734955,True,-4.507607460021973,0.71875,-4.346208596548527,0.2676456570625305,-5.0,-4.314932346343994,-5.181596279144287,-3.3715829849243164,0.06521739065647125
313,ACH-000148,0.3512760400772095,-1.993038535118103,1.9024254083633423,0.4418891370296478,True,-4.420835971832275,0.75,-4.3536713340769015,0.21351122856140137,-5.0,-4.227781295776367,-5.201488971710205,-3.0887203216552734,0.0625
314,ACH-000196,0.5852648019790649,-1.7518562078475952,1.8522058725357056,0.48491501808166504,True,-4.263031959533691,0.8125,-4.344607396622581,0.10373836755752563,-5.0,-4.092962741851807,-5.087686061859131,-3.2243685722351074,0.01923076994717121
315,ACH-000212,0.8836183547973633,-1.4139800071716309,1.8284602165222168,0.4691380262374878,True,-4.3234333992004395,0.796875,-4.342489996880366,0.17256298661231995,-5.0,-4.150975704193115,-5.147704601287842,-2.456695318222046,0.03921568766236305
316,ACH-000223,1.1859384775161743,-1.1295050382614136,1.8478187322616577,0.4676246643066406,True,-4.369959354400635,0.84375,-4.345236932632393,0.18312638998031616,-5.0,-4.2532854080200195,-4.938186168670654,-2.731595516204834,0.0
317,ACH-000248,-6.131679534912109,-8.429719924926758,1.8203984498977661,0.47764164209365845,True,-4.434983253479004,0.71875,-4.354211564717055,0.14199572801589966,-5.0,-4.2138895988464355,-5.0888872146606445,-3.711641788482666,0.021739130839705467
318,ACH-000258,-6.2555131912231445,-8.49985408782959,1.7738147974014282,0.47052597999572754,True,-4.294270992279053,0.71875,-4.3482175074732545,0.15211604535579681,-5.0,-4.018116474151611,-4.760992050170898,-3.0958642959594727,0.0
319,ACH-000276,-1.7974271774291992,-4.072457313537598,1.8189737796783447,0.45605623722076416,True,-4.314014434814453,0.8125,-4.344797200207374,0.08822253346443176,-5.0,-4.155709743499756,-5.157947540283203,-3.089416027069092,0.07692307978868484
320,ACH-000277,1.1210699081420898,-1.1130850315093994,1.7796765565872192,0.45447838306427,True,-4.242340087890625,0.796875,-4.334551488975699,0.23136655986309052,-5.0,-4.049211502075195,-4.706072807312012,-3.304504156112671,0.0
321,ACH-000288,-4.495522499084473,-6.77363920211792,1.8291128873825073,0.4490041136741638,True,-4.5104780197143555,0.59375,-4.352144142049565,0.11349668353796005,-5.0,-4.175541877746582,-5.205519199371338,-3.3295581340789795,0.05263157933950424
322,ACH-000330,1.1482654809951782,-1.1816519498825073,1.8582841157913208,0.4716333746910095,True,-4.470607757568359,0.8125,-4.363990503601444,0.34101399779319763,-5.0,-4.348440647125244,-5.215081214904785,-3.529400110244751,0.07692307978868484
323,ACH-000349,0.8813601732254028,-1.4310263395309448,1.828873872756958,0.4835127294063568,True,-4.408829689025879,0.78125,-4.368474422143888,0.3148260712623596,-5.0,-4.2433013916015625,-5.218055725097656,-3.5482611656188965,0.03999999910593033
324,ACH-000352,-0.5906262397766113,-2.8580691814422607,1.7965713739395142,0.4708715081214905,True,-4.091416358947754,0.8125,-4.340768615824274,0.09013769030570984,-5.0,-3.8817434310913086,-4.43214225769043,-3.1092324256896973,0.0
325,ACH-000374,0.9296697378158569,-1.355739951133728,1.8264281749725342,0.4589814245700836,True,-4.357875347137451,0.796875,-4.342479288955592,0.1708158403635025,-5.0,-4.194196701049805,-5.2152509689331055,-3.739769458770752,0.03921568766236305
326,ACH-000536,1.3776495456695557,-0.8782360553741455,1.7944285869598389,0.46145713329315186,True,-4.339178562164307,0.8125,-4.342149216276463,0.3452421724796295,-5.0,-4.186681270599365,-5.152092933654785,-3.3102073669433594,0.05769231170415878
327,ACH-000554,1.110991358757019,-1.1633657217025757,1.8140449523925781,0.46031221747398376,True,-4.388357162475586,0.8125,-4.346770010896376,0.23946918547153473,-5.0,-4.247209072113037,-5.056384086608887,-3.3446669578552246,0.01923076994717121
328,ACH-000568,0.9684516191482544,-1.2492393255233765,1.776720404624939,0.44097059965133667,True,-4.1297807693481445,0.71875,-4.325071086741552,0.2509751319885254,-5.0,-3.7892603874206543,-4.3207783699035645,-3.1157124042510986,0.0
329,ACH-000573,1.608327031135559,-0.6332052946090698,1.8082937002182007,0.4332386553287506,True,-4.141140937805176,0.84375,-4.306678071847914,0.23110222816467285,-5.0,-3.982093095779419,-4.850537300109863,-2.7219481468200684,0.0
330,ACH-000621,0.5886185169219971,-1.7337329387664795,1.87488853931427,0.44746294617652893,True,-4.358282089233398,0.875,-4.311838473586462,0.12678533792495728,-5.0,-4.266608715057373,-5.2098588943481445,-3.5881001949310303,0.0714285746216774
331,ACH-000624,-8.39880084991455,-10.59302043914795,1.764068603515625,0.4301508069038391,True,-4.100465774536133,0.890625,-4.290701203681429,0.16341885924339294,-5.0,-3.9899966716766357,-4.744805812835693,-2.7800076007843018,0.0
332,ACH-000643,1.1310789585113525,-1.1245570182800293,1.8087984323501587,0.44683757424354553,True,-4.270545959472656,0.828125,-4.288685679260552,0.2620457112789154,-5.0,-4.119150161743164,-5.186069488525391,-3.7022459506988525,0.01886792480945587
333,ACH-000668,0.458926796913147,-1.7742825746536255,1.780893325805664,0.4523160457611084,True,-4.485655784606934,0.796875,-4.30838268979519,0.3063259720802307,-5.0,-4.354548454284668,-5.066219329833984,-3.619330883026123,0.0784313753247261
334,ACH-000691,1.2082345485687256,-1.0844495296478271,1.8402445316314697,0.452439546585083,True,-4.315601348876953,0.796875,-4.3091045557033665,0.27841541171073914,-5.0,-4.141146659851074,-5.265645503997803,-3.627753734588623,0.019607843831181526
335,ACH-000699,0.05385112762451172,-2.2257986068725586,1.8217754364013672,0.4578743577003479,True,-4.4453535079956055,0.75,-4.322729450932591,0.23416395485401154,-5.0,-4.260472297668457,-5.123886585235596,-3.55897855758667,0.0416666679084301
336,ACH-000711,-1.126293659210205,-3.3868143558502197,1.8065752983093262,0.45394545793533325,True,-4.447129249572754,0.78125,-4.335169430796607,0.12340587377548218,-5.0,-4.292325496673584,-5.297778129577637,-3.5380945205688477,0.07999999821186066
337,ACH-000725,-3.3857970237731934,-5.604095458984375,1.776537299156189,0.44176119565963745,True,-4.4226531982421875,0.71875,-4.343917807541165,0.1029747873544693,-5.0,-4.196734428405762,-5.108939170837402,-3.398428201675415,0.06521739065647125
338,ACH-000755,1.76226806640625,-0.4784662425518036,1.8041281700134277,0.4366060793399811,True,-4.257986068725586,0.828125,-4.335324633659607,0.25397852063179016,-5.0,-4.103982925415039,-4.931013584136963,-3.535928249359131,0.0
339,ACH-000759,2.312061071395874,-0.009182669222354889,1.8581181764602661,0.46312546730041504,True,-4.202674865722656,0.78125,-4.322059656865912,0.23981481790542603,-5.0,-3.9794235229492188,-4.638061046600342,-3.3635189533233643,0.0
340,ACH-000768,0.3139505386352539,-1.8841826915740967,1.7766691446304321,0.42146408557891846,True,-4.383379936218262,0.796875,-4.328191684801147,0.15225300192832947,-5.0,-4.226202487945557,-5.209752082824707,-3.275526762008667,0.03921568766236305
341,ACH-000783,0.8941559791564941,-1.264594554901123,1.7163161039352417,0.4424344301223755,True,-4.344356536865234,0.84375,-4.3298081700075555,0.19645479321479797,-5.0,-4.222941875457764,-5.215609550476074,-3.5934009552001953,0.018518518656492233
342,ACH-000818,-1.5889019966125488,-3.745908260345459,1.6859227418899536,0.4710835814476013,True,-3.558297634124756,0.765625,-4.252657116419275,0.13362659513950348,-5.0,-3.116960048675537,-3.916630744934082,-2.6746323108673096,0.0
343,ACH-000828,-10.686956405639648,-13.028511047363281,1.893337607383728,0.44821739196777344,True,-3.88801646232605,0.65625,-4.216193051009952,0.1863868534564972,-5.0,-3.305548667907715,-4.59861946105957,-2.8390870094299316,0.0
344,ACH-000849,0.4779045581817627,-1.6562142372131348,1.7234339714050293,0.41068488359451294,True,-4.281593322753906,0.796875,-4.222733078184348,0.2857881188392639,-5.0,-4.098470211029053,-5.072850704193115,-2.4317567348480225,0.03921568766236305
345,ACH-000856,0.9909558296203613,-1.2323803901672363,1.7712310552597046,0.4521052837371826,True,-4.166767597198486,0.859375,-4.217136530085761,0.2726356089115143,-5.0,-4.030420780181885,-5.475661277770996,-3.237565517425537,0.036363635212183
346,ACH-000857,-3.61167311668396,-5.840592861175537,1.794021725654602,0.4348980486392975,True,-4.321850776672363,0.734375,-4.227607954744421,0.09117268770933151,-5.0,-4.076562404632568,-5.458559989929199,-3.424010753631592,0.021276595070958138
347,ACH-000859,-3.5971322059631348,-5.809133052825928,1.762833833694458,0.4491669535636902,True,-4.288422584533691,0.796875,-4.233689417723348,0.09373174607753754,-5.0,-4.107039928436279,-5.147832870483398,-2.5522608757019043,0.03921568766236305
348,ACH-000876,1.7497066259384155,-0.5739384889602661,1.8636094331741333,0.4600355923175812,True,-4.168976783752441,0.84375,-4.227218154326257,0.2765030562877655,-5.0,-4.015082836151123,-5.027422904968262,-3.4320950508117676,0.018518518656492233
349,ACH-000902,0.392841100692749,-1.850567102432251,1.7989656925201416,0.4444425702095032,True,-4.226805210113525,0.84375,-4.227176859904985,0.1711980253458023,-5.0,-4.083621025085449,-4.8498663902282715,-3.2207577228546143,0.0
350,ACH-000910,0.9250906705856323,-1.2534853219985962,1.7360037565231323,0.44257214665412903,True,-4.2812299728393555,0.78125,-4.2325821711984215,0.3143486976623535,-5.0,-4.07997465133667,-4.840490341186523,-3.294023275375366,0.0
351,ACH-000927,0.6404951810836792,-1.5363613367080688,1.7056570053100586,0.47119957208633423,True,-4.238148212432861,0.828125,-4.233138775321866,0.33153021335601807,-5.0,-4.080028533935547,-5.350218772888184,-3.521818161010742,0.01886792480945587
352,ACH-000930,-2.39365553855896,-4.606107234954834,1.7589268684387207,0.45352476835250854,True,-4.193150997161865,0.890625,-4.2291399975058654,0.09285435080528259,-5.0,-4.094064235687256,-4.88633918762207,-3.5973072052001953,0.0
353,ACH-000934,0.9271450042724609,-1.3356289863586426,1.794091820716858,0.4686821699142456,True,-4.219992637634277,0.890625,-4.228225261518706,0.15019793808460236,-5.0,-4.124202251434326,-5.226410865783691,-3.308411121368408,0.035087719559669495
354,ACH-001390,0.47778499126434326,-1.7942339181900024,1.8109928369522095,0.4610261619091034,True,-4.318000793457031,0.703125,-4.237202814712539,0.20839962363243103,-5.0,-4.030045509338379,-4.730879783630371,-3.3396215438842773,0.0
355,ACH-001819,0.938883900642395,-1.2326923608779907,1.7400143146514893,0.4315619170665741,True,-4.162418842315674,0.78125,-4.229724417472853,0.24665042757987976,-5.0,-3.927896022796631,-4.908061981201172,-3.3476545810699463,0.0
356,ACH-001820,0.15768647193908691,-2.0568721294403076,1.774392008781433,0.4401665925979614,True,-4.301215171813965,0.78125,-4.236873492906964,0.2759520709514618,-5.0,-4.105556011199951,-5.063819885253906,-3.5438337326049805,0.03999999910593033
357,ACH-000017,1.1443381309509277,-0.9986793398857117,1.6919758319854736,0.4510417580604553,True,-4.261367321014404,0.84375,-4.239322875717708,0.278645783662796,-5.0,-4.1245832443237305,-4.967599868774414,-3.7232275009155273,0.0
358,ACH-000019,-5.470907688140869,-7.598930835723877,1.7248488664627075,0.40317419171333313,True,-4.427556037902832,0.671875,-4.25814619193622,0.10861487686634064,-5.0,-4.147989749908447,-5.017191410064697,-3.148752212524414,0.023255813866853714
359,ACH-000044,0.6209127902984619,-1.4972403049468994,1.6772339344024658,0.44091910123825073,True,-4.089517593383789,0.609375,-4.241283332080976,0.20366531610488892,-5.0,-3.5058746337890625,-4.029636383056641,-3.1057231426239014,0.0
360,ACH-000097,-5.569082736968994,-7.686653137207031,1.6715141534805298,0.44605618715286255,True,-4.337065696716309,0.734375,-4.25086156854451,0.11027900874614716,-5.0,-4.097281455993652,-5.266733646392822,-3.366219997406006,0.021276595070958138
361,ACH-000111,1.2794756889343262,-0.960446298122406,1.8129252195358276,0.42699673771858215,True,-4.215085983276367,0.875,-4.247284010017696,0.2268708497285843,-5.0,-4.102956295013428,-4.765529632568359,-3.2512893676757812,0.0
362,ACH-000117,0.16361379623413086,-2.0016427040100098,1.732314109802246,0.4329425096511841,True,-4.3322062492370605,0.765625,-4.255776233939632,0.24282264709472656,-5.0,-4.127779483795166,-4.894291877746582,-3.325441360473633,0.0
363,ACH-000147,0.9631567001342773,-1.3156142234802246,1.8543174266815186,0.4244535565376282,True,-4.319819927215576,0.875,-4.262180603267226,0.20796820521354675,-5.0,-4.222651481628418,-5.181596279144287,-3.6927871704101562,0.0357142873108387
364,ACH-000148,0.8478097915649414,-1.352698802947998,1.7852094173431396,0.41529929637908936,True,-4.286942481994629,0.796875,-4.264656791139966,0.29314032196998596,-5.0,-4.105183124542236,-4.802168846130371,-3.249772310256958,0.0
365,ACH-000196,1.0183640718460083,-1.2145637273788452,1.7874972820281982,0.4454306364059448,True,-4.201749324798584,0.84375,-4.258366044505828,0.2050822675228119,-5.0,-4.053925037384033,-4.880184650421143,-3.350095272064209,0.0
366,ACH-000212,1.2099515199661255,-1.0176483392715454,1.7962636947631836,0.4313362240791321,True,-4.199041366577148,0.875,-4.25243357671296,0.12921614944934845,-5.0,-4.084619045257568,-5.147704601287842,-2.651106357574463,0.0535714328289032
367,ACH-000223,-2.908808469772339,-5.081564426422119,1.731964111328125,0.44079190492630005,True,-4.265649318695068,0.78125,-4.253755150911171,0.0913485586643219,-5.0,-4.060030937194824,-4.938186168670654,-3.330406427383423,0.0
368,ACH-000248,0.6905773878097534,-1.4412044286727905,1.7034435272216797,0.42833834886550903,True,-4.333881378173828,0.796875,-4.261767773637436,0.3137304186820984,-5.0,-4.164086818695068,-4.951230525970459,-3.242990255355835,0.0
369,ACH-000258,-0.6130375862121582,-2.795182466506958,1.756562352180481,0.425582617521286,True,-4.236108303070068,0.78125,-4.259201826580699,0.1601990908384323,-5.0,-4.022218704223633,-5.605173110961914,-3.020577907562256,0.03999999910593033
370,ACH-000276,-0.14885997772216797,-2.3443851470947266,1.7593086957931519,0.43621647357940674,True,-4.378513813018799,0.75,-4.271133025224509,0.2691858410835266,-5.0,-4.171351909637451,-5.157947540283203,-3.089416027069092,0.02083333395421505
371,ACH-000277,1.0458582639694214,-1.1552859544754028,1.75421142578125,0.44693291187286377,True,-4.277846813201904,0.734375,-4.271804404022249,0.2942168116569519,-5.0,-4.0166425704956055,-5.004796504974365,-3.2549610137939453,0.021276595070958138
372,ACH-000288,0.09843778610229492,-2.052823543548584,1.7693930864334106,0.3818681538105011,True,-4.395308971405029,0.78125,-4.284154860760527,0.3247631788253784,-5.0,-4.22599458694458,-5.205519199371338,-3.2297418117523193,0.03999999910593033
373,ACH-000330,-2.3913309574127197,-4.621269226074219,1.8120068311691284,0.417931467294693,True,-4.234147071838379,0.8125,-4.279154081868312,0.08743619173765182,-5.0,-4.057411193847656,-5.123673439025879,-3.25844144821167,0.07692307978868484
374,ACH-000349,1.7091515064239502,-0.5428028702735901,1.8103495836257935,0.4416047930717468,True,-4.234801769256592,0.890625,-4.27471885060714,0.22959870100021362,-5.0,-4.140830039978027,-4.9547319412231445,-3.086015224456787,0.0
375,ACH-000352,-2.1031954288482666,-4.26489782333374,1.7291415929794312,0.43256086111068726,True,-3.9272871017456055,0.84375,-4.239975675720987,0.09102070331573486,-5.0,-3.7286365032196045,-4.391070365905762,-3.4505815505981445,0.0
376,ACH-000374,0.23899555206298828,-1.9146513938903809,1.7476015090942383,0.40604549646377563,True,-4.327634811401367,0.8125,-4.2487415892890255,0.20497989654541016,-5.0,-4.172473907470703,-5.2152509689331055,-3.3766980171203613,0.01923076994717121
377,ACH-000536,0.9949722290039062,-1.0663585662841797,1.6502938270568848,0.4110369384288788,True,-4.301411151885986,0.859375,-4.2540085455487215,0.25014588236808777,-5.0,-4.18709659576416,-5.152092933654785,-3.196561574935913,0.0181818176060915
378,ACH-000554,0.25216758251190186,-1.9325536489486694,1.7451930046081543,0.4395282566547394,True,-4.298142433166504,0.78125,-4.258421934310499,0.2451971173286438,-5.0,-4.101622104644775,-4.833117961883545,-3.5604710578918457,0.0
379,ACH-000568,-2.704617500305176,-4.930041313171387,1.7938605546951294,0.4315633475780487,True,-4.029951572418213,0.765625,-4.235574898121271,0.10911130160093307,-5.0,-3.7329986095428467,-4.415918350219727,-2.6524250507354736,0.0
380,ACH-000573,1.6546350717544556,-0.5477219820022583,1.7641725540161133,0.43818455934524536,True,-4.11713981628418,0.828125,-4.223731389937562,0.15826041996479034,-5.0,-3.9339046478271484,-4.702622413635254,-3.4401838779449463,0.0
381,ACH-000621,0.550564169883728,-1.6326299905776978,1.7413891553878784,0.44180500507354736,True,-4.266265869140625,0.84375,-4.227984837857869,0.20785635709762573,-5.0,-4.1303887367248535,-5.2098588943481445,-3.714143753051758,0.03703703731298447
382,ACH-000624,1.9133849143981934,-0.27365636825561523,1.7650585174560547,0.4219828248023987,True,-4.136819362640381,0.90625,-4.21886829033612,0.29610395431518555,-5.0,-4.047524929046631,-4.805355548858643,-1.9328685998916626,0.0
383,ACH-000643,-3.469715118408203,-5.6473188400268555,1.7549208402633667,0.42268291115760803,True,-4.464590549468994,0.78125,-4.243440516249407,0.08046992123126984,-5.0,-4.314676284790039,-5.186069488525391,-3.3833086490631104,0.03999999910593033
384,ACH-000668,-0.07610654830932617,-2.3123228549957275,1.7834490537643433,0.4527672529220581,True,-4.299099922180176,0.828125,-4.249006456842484,0.1380680501461029,-5.0,-4.153630256652832,-5.066219329833984,-3.3769314289093018,0.01886792480945587
385,ACH-000691,-0.9632861614227295,-3.1228578090667725,1.7326948642730713,0.42687684297561646,True,-4.258505821228027,0.75,-4.249956393281039,0.1445271372795105,-5.0,-4.011341094970703,-4.898913383483887,-2.1260159015655518,0.0
386,ACH-000699,-3.490203857421875,-5.6647844314575195,1.735849142074585,0.4387313723564148,True,-4.296316146850586,0.875,-4.254592368637994,0.0902237817645073,-5.0,-4.1957902908325195,-5.090954303741455,-3.190218210220337,0.01785714365541935
387,ACH-000711,0.5706228017807007,-1.6368252038955688,1.7564175128936768,0.4510304033756256,True,-4.349364757537842,0.84375,-4.264069607527978,0.24272865056991577,-5.0,-4.22887659072876,-5.183089256286621,-3.1685962677001953,0.1111111119389534
388,ACH-000725,0.07204961776733398,-2.025979995727539,1.6916848421096802,0.4063446521759033,True,-4.287137031555176,0.8125,-4.266376349930698,0.10696534067392349,-5.0,-4.1226301193237305,-5.088705062866211,-3.347825050354004,0.03846153989434242
389,ACH-000755,0.7122470140457153,-1.4336820840835571,1.7325416803359985,0.4133874177932739,True,-4.371376991271973,0.8125,-4.276876414064826,0.24279290437698364,-5.0,-4.2263102531433105,-4.925709247589111,-3.183098793029785,0.0
390,ACH-000759,-3.538109302520752,-5.658860683441162,1.6915032863616943,0.42924806475639343,True,-4.253952980041504,0.703125,-4.274584070662494,0.10166725516319275,-5.0,-3.938955545425415,-4.614528656005859,-3.4316725730895996,0.0
391,ACH-000768,-0.8244867324829102,-3.0038001537323,1.7852177619934082,0.39409559965133667,True,-4.388876438140869,0.765625,-4.2860133074103315,0.18443384766578674,-5.0,-4.2017974853515625,-5.279210567474365,-3.235990285873413,0.020408162847161293
392,ACH-000783,1.290804386138916,-0.8460338711738586,1.7237125635147095,0.4131256341934204,True,-4.314326763153076,0.890625,-4.288844652984606,0.24744191765785217,-5.0,-4.230121612548828,-5.215609550476074,-3.6095781326293945,0.035087719559669495
393,ACH-000818,-0.320667028427124,-2.4497311115264893,1.703385829925537,0.42567816376686096,True,-3.550995111465454,0.75,-4.2150596988326905,0.0971532016992569,-5.0,-3.067993640899658,-3.6084442138671875,-2.7289135456085205,0.0
394,ACH-000828,-10.348387718200684,-12.571335792541504,1.7919684648513794,0.43097984790802,True,-3.6953418254852295,0.765625,-4.163087911497945,0.19417907297611237,-5.0,-3.295956611633301,-4.313449382781982,-2.5073025226593018,0.0
395,ACH-000849,-4.7306952476501465,-6.855185031890869,1.7124385833740234,0.41205108165740967,True,-4.377635478973389,0.703125,-4.184542668245489,0.0957460030913353,-5.0,-4.1148600578308105,-5.072850704193115,-3.213715076446533,0.02222222276031971
396,ACH-000856,-2.5045833587646484,-4.693001747131348,1.7577288150787354,0.4306895136833191,True,-4.034517765045166,0.921875,-4.169540177925456,0.087179034948349,-5.0,-3.952697277069092,-5.0104217529296875,-3.1803197860717773,0.016949152573943138
397,ACH-000857,-0.7239327430725098,-2.9077696800231934,1.765669345855713,0.41816747188568115,True,-4.248680591583252,0.734375,-4.177454219291236,0.24911287426948547,-5.0,-3.976926565170288,-4.583139896392822,-3.224508285522461,0.0
398,ACH-000859,0.9746861457824707,-1.16123628616333,1.7017310857772827,0.4341912269592285,True,-4.244322776794434,0.84375,-4.1841410750415555,0.232545405626297,-5.0,-4.104382514953613,-4.995373249053955,-3.3429114818573,0.0
399,ACH-000876,-3.591940402984619,-5.772978782653809,1.755544900894165,0.4254934787750244,True,-4.217268466949463,0.859375,-4.187453814232346,0.094068244099617,-5.0,-4.089184761047363,-4.829081058502197,-3.541368007659912,0.0
400,ACH-000902,-0.023329973220825195,-2.2449827194213867,1.7968953847885132,0.4247573912143707,True,-4.265405654907227,0.78125,-4.195248998299834,0.24805958569049835,-5.0,-4.059719085693359,-4.914620399475098,-3.2679412364959717,0.0
401,ACH-000910,-3.4066734313964844,-5.608030796051025,1.7755749225616455,0.4257825016975403,True,-4.2385172843933105,0.78125,-4.199575826909181,0.0936770960688591,-5.0,-4.025301933288574,-4.942961692810059,-2.965926170349121,0.0
402,ACH-000927,1.6315230131149292,-0.5163153409957886,1.7121098041534424,0.4357284903526306,True,-4.145543098449707,0.859375,-4.194172554063234,0.24396947026252747,-5.0,-4.005722522735596,-4.680924892425537,-3.5054826736450195,0.0
403,ACH-000930,0.2310316562652588,-1.8755519390106201,1.6774975061416626,0.4290860891342163,True,-4.225358963012695,0.890625,-4.19729119495818,0.16118457913398743,-5.0,-4.130227565765381,-5.266131401062012,-2.3088293075561523,0.017543859779834747
404,ACH-000934,0.9714049100875854,-1.1488991975784302,1.6852153539657593,0.43508872389793396,True,-4.1660895347595215,0.8125,-4.194171028938314,0.19360697269439697,-5.0,-3.9736487865448,-4.774682521820068,-3.308410882949829,0.0
405,ACH-001390,0.6772032976150513,-1.499961256980896,1.7481980323791504,0.4289665222167969,True,-4.163970470428467,0.8125,-4.191150973087329,0.24724550545215607,-5.0,-3.971040725708008,-4.730879783630371,-3.299656391143799,0.0
406,ACH-001819,-7.164242744445801,-9.356318473815918,1.7629778385162354,0.4290981590747833,True,-4.03415060043335,0.84375,-4.175450935821932,0.138954758644104,-5.0,-3.8552896976470947,-4.672189712524414,-3.294335126876831,0.0
407,ACH-001820,-1.163513422012329,-3.334221601486206,1.7439078092575073,0.4268004894256592,True,-4.331567764282227,0.78125,-4.191062618667961,0.17810478806495667,-5.0,-4.144406795501709,-5.1864824295043945,-3.1971442699432373,0.019999999552965164
408,ACH-000017,1.1725280284881592,-0.7801705002784729,1.540425419807434,0.41227298974990845,True,-4.130776405334473,0.875,-4.185033997334612,0.26862308382987976,-5.0,-4.0066022872924805,-5.5073323249816895,-3.5401337146759033,0.01785714365541935
409,ACH-000019,-1.554811954498291,-3.620936155319214,1.6815390586853027,0.3845851421356201,True,-4.3726606369018555,0.765625,-4.203796661291336,0.16240791976451874,-5.0,-4.1806182861328125,-5.036343097686768,-2.946770668029785,0.020408162847161293
410,ACH-000044,-2.7640225887298584,-4.8277177810668945,1.6461635828018188,0.4175316095352173,True,-3.9648337364196777,0.703125,-4.17990036880417,0.09925559163093567,-5.0,-3.527763843536377,-4.2188239097595215,-2.935246706008911,0.0
411,ACH-000097,0.7500996589660645,-1.3329627513885498,1.6517455577850342,0.4313167929649353,True,-4.201280117034912,0.859375,-4.182038343627244,0.24715036153793335,-5.0,-4.07058048248291,-4.722362995147705,-3.0879204273223877,0.0
412,ACH-000111,0.8935409784317017,-1.194402813911438,1.6713697910308838,0.4165739119052887,True,-4.225692272186279,0.859375,-4.186403736483148,0.24758249521255493,-5.0,-4.098987102508545,-4.924792289733887,-3.3075942993164062,0.0
413,ACH-000117,-3.3553988933563232,-5.537029266357422,1.7542502880096436,0.42738017439842224,True,-4.217706680297852,0.875,-4.189534030864618,0.08549107611179352,-5.0,-4.105950355529785,-4.894291877746582,-3.3254146575927734,0.0
414,ACH-000147,-9.74487590789795,-11.799156188964844,1.6626683473587036,0.3916119635105133,True,-4.3422112464904785,0.8125,-4.204801752427204,0.15212613344192505,-5.0,-4.1904144287109375,-4.965755462646484,-3.077127456665039,0.0
415,ACH-000148,0.1660672426223755,-1.8843382596969604,1.6627546548843384,0.38765090703964233,True,-4.366610527038574,0.8125,-4.220982629888341,0.27657806873321533,-5.0,-4.2204437255859375,-5.201488971710205,-3.8034451007843018,0.03846153989434242
416,ACH-000196,1.603240728378296,-0.592738926410675,1.7651170492172241,0.43086254596710205,True,-4.128422737121582,0.859375,-4.211726640611665,0.29157736897468567,-5.0,-3.9858012199401855,-4.8910627365112305,-3.2243685722351074,0.0
417,ACH-000212,0.25492238998413086,-1.9432413578033447,1.7791764736175537,0.41898730397224426,True,-4.283839225769043,0.875,-4.218937899127402,0.17743173241615295,-5.0,-4.181530952453613,-5.147704601287842,-3.5743560791015625,0.0357142873108387
418,ACH-000223,-0.0030243396759033203,-2.079704999923706,1.65811026096344,0.418570339679718,True,-4.235475540161133,0.8125,-4.220591663230776,0.1887822449207306,-5.0,-4.059046745300293,-4.938186168670654,-3.1875078678131104,0.0
419,ACH-000248,1.7324832677841187,-0.4182488024234772,1.7323603630065918,0.4183715581893921,True,-4.1877217292785645,0.921875,-4.2173046698355545,0.1834937334060669,-5.0,-4.118885040283203,-4.768212795257568,-3.231278896331787,0.0
420,ACH-000258,-7.3853912353515625,-9.493558883666992,1.7006319761276245,0.40753549337387085,True,-4.156837463378906,0.796875,-4.211257949189889,0.13453799486160278,-5.0,-3.9419138431549072,-4.862083911895752,-3.323697328567505,0.0
421,ACH-000276,0.5003520250320435,-1.6635953187942505,1.7540701627731323,0.40987715125083923,True,-4.223992824554443,0.828125,-4.212531436726344,0.24826759099960327,-5.0,-4.062934875488281,-5.027918815612793,-2.4217145442962646,0.01886792480945587
422,ACH-000277,2.251232147216797,0.055624447762966156,1.7650023698806763,0.430605411529541,True,-4.052516937255859,0.859375,-4.196529986779296,0.19652855396270752,-5.0,-3.8974740505218506,-5.004796504974365,-3.1524574756622314,0.0181818176060915
423,ACH-000288,-0.6205337047576904,-2.7251856327056885,1.7297106981277466,0.3749411702156067,True,-4.301018238067627,0.796875,-4.206978811908129,0.23751626908779144,-5.0,-4.122846603393555,-5.205519199371338,-3.4256324768066406,0.03921568766236305
424,ACH-000330,2.0154716968536377,-0.13430356979370117,1.7262852191925049,0.4234899580478668,True,-4.12724494934082,0.96875,-4.199005425651397,0.19345328211784363,-5.0,-4.099091529846191,-4.842428207397461,-3.4373016357421875,0.0
425,ACH-000349,1.5945005416870117,-0.5783316493034363,1.7631715536117554,0.4096606969833374,True,-4.128068447113037,0.90625,-4.191911727797561,0.2743402421474457,-5.0,-4.037868499755859,-4.740504264831543,-3.086015224456787,0.0
426,ACH-000352,0.835527777671814,-1.2542883157730103,1.6807128190994263,0.4091032147407532,True,-4.040226459503174,0.78125,-4.176743200968122,0.2026572823524475,-5.0,-3.7714898586273193,-4.682201862335205,-3.0107178688049316,0.0
427,ACH-000374,-3.92380952835083,-6.066558837890625,1.728219985961914,0.41452938318252563,True,-4.254777908325195,0.84375,-4.1845466717038295,0.08845024555921555,-5.0,-4.116774082183838,-5.2152509689331055,-3.3766980171203613,0.018518518656492233
428,ACH-000536,-0.8174080848693848,-2.8705074787139893,1.6639046669006348,0.3891947269439697,True,-4.324895858764648,0.84375,-4.198581590409911,0.15266765654087067,-5.0,-4.19987678527832,-5.205081939697266,-3.343055248260498,0.0555555559694767
429,ACH-000554,0.14716100692749023,-1.942915916442871,1.6893030405044556,0.40077394247055054,True,-4.256232261657715,0.84375,-4.204346657534692,0.09374812245368958,-5.0,-4.1184983253479,-5.056384086608887,-3.415564775466919,0.03703703731298447
430,ACH-000568,-3.810659646987915,-5.883213043212891,1.664553165435791,0.4080002009868622,True,-4.063876628875732,0.796875,-4.190299654668796,0.09954934567213058,-5.0,-3.825256824493408,-4.531044006347656,-3.469183921813965,0.0
431,ACH-000573,0.8217638731002808,-1.2719923257827759,1.6941850185394287,0.39957118034362793,True,-4.1016645431518555,0.78125,-4.181436143517102,0.19251857697963715,-5.0,-3.850131034851074,-4.548128604888916,-3.2973103523254395,0.0
432,ACH-000621,0.6325433254241943,-1.491614580154419,1.7196420431137085,0.4045158624649048,True,-4.2545671463012695,0.859375,-4.1887492437955185,0.11239855736494064,-5.0,-4.13258695602417,-4.9799909591674805,-3.5204367637634277,0.0
433,ACH-000624,1.6066343784332275,-0.5279045701026917,1.7317811250686646,0.40275782346725464,True,-4.085956573486328,0.84375,-4.1784699767646,0.23621371388435364,-5.0,-3.916688919067383,-4.782414436340332,-1.932869553565979,0.0
434,ACH-000643,2.2456624507904053,0.04763047397136688,1.7861601114273071,0.41187191009521484,True,-4.105066299438477,0.921875,-4.171129609031987,0.2267017662525177,-5.0,-4.029224395751953,-5.186069488525391,-2.616576671600342,0.016949152573943138
435,ACH-000668,1.1677721738815308,-0.941414475440979,1.6911906003952026,0.41799604892730713,True,-4.183917045593262,0.84375,-4.172408352688114,0.25828665494918823,-5.0,-4.032790660858154,-5.066219329833984,-3.3004400730133057,0.018518518656492233
436,ACH-000691,0.5604467391967773,-1.623737096786499,1.7803194522857666,0.403864324092865,True,-4.14804220199585,0.84375,-4.169971737618887,0.24580948054790497,-5.0,-3.990272283554077,-4.770524024963379,-3.2240657806396484,0.0
437,ACH-000699,-0.0028281211853027344,-2.123584032058716,1.7294001579284668,0.39135584235191345,True,-4.240903854370117,0.859375,-4.17706494929401,0.1715506762266159,-5.0,-4.1166887283325195,-4.991279125213623,-2.7198007106781006,0.0
438,ACH-000711,0.32525932788848877,-1.773429274559021,1.6915295124053955,0.40715906023979187,True,-4.240548610687256,0.8125,-4.183413315433334,0.23178362846374512,-5.0,-4.065290927886963,-4.832033157348633,-2.44978928565979,0.0
439,ACH-000725,0.8403178453445435,-1.2462469339370728,1.6924980878829956,0.394066721200943,True,-4.252050399780273,0.875,-4.1902770238680285,0.17993596196174622,-5.0,-4.145200729370117,-5.088705062866211,-3.341045618057251,0.01785714365541935
440,ACH-000755,-0.13856172561645508,-2.28637433052063,1.7382980585098267,0.40951448678970337,True,-4.228875160217285,0.8125,-4.194136837502954,0.16751767694950104,-5.0,-4.050923824310303,-4.865811347961426,-3.323366403579712,0.0
441,ACH-000759,2.376417398452759,0.2539989650249481,1.713753342628479,0.4086650311946869,True,-4.049806118011475,0.90625,-4.179703765553806,0.28205087780952454,-5.0,-3.951510190963745,-4.740135669708252,-2.749476671218872,0.0
442,ACH-000768,-1.8792963027954102,-3.9843263626098633,1.71902596950531,0.3860039710998535,True,-4.372663497924805,0.65625,-4.1989997387909055,0.3240411877632141,-5.0,-4.044058799743652,-4.930389404296875,-3.5333189964294434,0.0
443,ACH-000783,-0.06753206253051758,-2.1668052673339844,1.692941665649414,0.4063315987586975,True,-4.179258346557617,0.875,-4.197025599567577,0.1946379840373993,-5.0,-4.062009811401367,-4.943434238433838,-3.4319891929626465,0.0
444,ACH-000818,0.29589736461639404,-1.7608519792556763,1.6560856103897095,0.4006637930870056,True,-3.5438060760498047,0.765625,-4.1317036472158,0.26807811856269836,-5.0,-3.0980327129364014,-4.3124213218688965,-2.8102686405181885,0.0
445,ACH-000828,2.016838312149048,-0.0720960944890976,1.6905149221420288,0.3984195590019226,True,-3.6205687522888184,0.78125,-4.080590157723101,0.27282384037971497,-5.0,-3.234328508377075,-4.026056289672852,-2.9764914512634277,0.0
446,ACH-000849,-4.600687026977539,-6.561038970947266,1.5953829288482666,0.36496907472610474,True,-4.0707011222839355,0.859375,-4.079601254179185,0.08139988780021667,-5.0,-3.9186339378356934,-4.7025604248046875,-2.4317567348480225,0.0
447,ACH-000856,0.5494334697723389,-1.5520188808441162,1.6934946775436401,0.4079577922821045,True,-4.129375457763672,0.828125,-4.084578674537633,0.2210427075624466,-5.0,-3.948679208755493,-4.683097839355469,-3.1803197860717773,0.0
448,ACH-000857,0.9837950468063354,-1.1182924509048462,1.71151864528656,0.3905687928199768,True,-4.173456192016602,0.921875,-4.09346642628553,0.2949399948120117,-5.0,-4.103409767150879,-4.771752834320068,-3.5497586727142334,0.0
449,ACH-000859,-1.5047204494476318,-3.543344259262085,1.6562011241912842,0.3824227452278137,True,-4.202750205993652,0.90625,-4.1043948042563425,0.1104588508605957,-5.0,-4.12027645111084,-4.909738540649414,-3.5150718688964844,0.0
450,ACH-000876,1.0716720819473267,-1.0454634428024292,1.7086577415466309,0.4084778428077698,True,-4.158237457275391,0.9375,-4.109779069558248,0.1926737129688263,-5.0,-4.102120399475098,-4.916487693786621,-3.296429395675659,0.0
451,ACH-000902,1.0529440641403198,-1.0957180261611938,1.7515376806259155,0.3971244692802429,True,-4.1764702796936035,0.875,-4.116448190571783,0.24454928934574127,-5.0,-4.058823585510254,-4.889049053192139,-3.2679412364959717,0.0
452,ACH-000910,0.08850741386413574,-2.0010764598846436,1.713681936264038,0.37590181827545166,True,-4.254319190979004,0.859375,-4.1302352906125055,0.23817609250545502,-5.0,-4.132298946380615,-4.965786933898926,-3.583197832107544,0.0
453,ACH-000927,0.1796274185180664,-1.8281705379486084,1.624577522277832,0.3832204043865204,True,-4.145246505737305,0.828125,-4.131736412124986,0.1925671100616455,-5.0,-3.9678447246551514,-4.816828727722168,-3.4088282585144043,0.0
454,ACH-000930,0.43562114238739014,-1.6306365728378296,1.6804801225662231,0.3857775032520294,True,-4.203607559204102,0.890625,-4.138923526832897,0.11769355833530426,-5.0,-4.105804920196533,-4.98943567276001,-3.557934284210205,0.0
455,ACH-000934,1.1229972839355469,-1.0257258415222168,1.7574132680892944,0.39130979776382446,True,-4.212366104125977,0.90625,-4.146267784562205,0.2113455832004547,-5.0,-4.130886554718018,-5.415841102600098,-3.181457757949829,0.051724135875701904
456,ACH-001390,0.3790093660354614,-1.695186734199524,1.682544231414795,0.39165186882019043,True,-4.231417655944824,0.765625,-4.154782771700467,0.28261643648147583,-5.0,-3.9961373805999756,-4.94829797744751,-3.0866732597351074,0.0
457,ACH-001819,1.5279021263122559,-0.6053972840309143,1.7469313144683838,0.3863679766654968,True,-4.049530506134033,0.84375,-4.144257545143824,0.24188174307346344,-5.0,-3.8735179901123047,-4.5196123123168945,-3.0324697494506836,0.0
458,ACH-001820,-0.8783111572265625,-2.9138870239257812,1.6435681581497192,0.39200758934020996,True,-4.330705642700195,0.765625,-4.162902354899462,0.21241065859794617,-5.0,-4.125819683074951,-4.7429609298706055,-2.617331027984619,0.0
459,ACH-000017,1.031936764717102,-0.8925272226333618,1.5408049821853638,0.3836590647697449,True,-4.177992820739746,0.859375,-4.16441140148349,0.24042169749736786,-5.0,-4.043482303619385,-5.367463111877441,-3.583993434906006,0.0181818176060915
460,ACH-000019,-1.7646090984344482,-3.740495204925537,1.6041148900985718,0.3717711865901947,True,-4.427522659301758,0.703125,-4.190722527265317,0.33298081159591675,-5.0,-4.185810565948486,-5.036343097686768,-3.249696731567383,0.02222222276031971
461,ACH-000044,1.0510823726654053,-0.8896767497062683,1.5535266399383545,0.3872324526309967,True,-3.736238479614258,0.84375,-4.1452741225002105,0.16835004091262817,-5.0,-3.502208709716797,-4.087956428527832,-2.935246706008911,0.0
462,ACH-000097,0.835961103439331,-1.2211472988128662,1.6580312252044678,0.3990771770477295,True,-4.094467639923096,0.890625,-4.1401934742424995,0.18014872074127197,-5.0,-3.983261823654175,-4.79440450668335,-3.227151870727539,0.0
463,ACH-000111,-0.2823958396911621,-2.4125378131866455,1.7360312938690186,0.3941107392311096,True,-4.179906845092773,0.84375,-4.144164811327527,0.18121910095214844,-5.0,-4.0280375480651855,-4.952136039733887,-3.2322006225585938,0.0
464,ACH-000117,-4.291932582855225,-6.397019386291504,1.7144827842712402,0.3906041085720062,True,-4.157757759094238,0.890625,-4.145524106104198,0.09785240143537521,-5.0,-4.054324626922607,-4.894291877746582,-3.3429131507873535,0.0
465,ACH-000147,-3.2026257514953613,-5.292144775390625,1.7239325046539307,0.3655865788459778,True,-4.176189422607422,0.921875,-4.148590637754521,0.09019879996776581,-5.0,-4.106374740600586,-4.89534854888916,-3.122023582458496,0.0
466,ACH-000148,-0.9618172645568848,-3.1378836631774902,1.8104358911514282,0.3656303882598877,True,-4.367371559143066,0.828125,-4.170468729893376,0.1883353590965271,-5.0,-4.236072063446045,-5.201488971710205,-3.601861000061035,0.056603774428367615
467,ACH-000196,0.48572278022766113,-1.6147675514221191,1.7141969203948975,0.3862934708595276,True,-4.106772422790527,0.875,-4.164099099183091,0.20465785264968872,-5.0,-3.9791688919067383,-4.722293853759766,-3.1889452934265137,0.0
468,ACH-000212,1.4675090312957764,-0.6349294185638428,1.717197299003601,0.38524121046066284,True,-4.117831707000732,0.90625,-4.159472359964855,0.2959267199039459,-5.0,-4.0265727043151855,-4.761486530303955,-3.2988953590393066,0.0
469,ACH-000223,0.3300037384033203,-1.7115228176116943,1.6603033542633057,0.38122326135635376,True,-4.25258731842041,0.828125,-4.16878385581041,0.29259318113327026,-5.0,-4.097463607788086,-4.977197170257568,-3.698975086212158,0.0
470,ACH-000248,0.5564833879470825,-1.4730416536331177,1.6447696685791016,0.38475537300109863,True,-4.243444442749023,0.875,-4.176249914504272,0.24155893921852112,-5.0,-4.1353654861450195,-4.895081996917725,-3.2546119689941406,0.0
471,ACH-000258,-0.0812079906463623,-2.167266368865967,1.7041256427764893,0.38193279504776,True,-4.145862579345703,0.828125,-4.173211180988415,0.1301841139793396,-5.0,-3.9685890674591064,-4.9792866706848145,-3.481250047683716,0.0
472,ACH-000276,0.9180735349655151,-1.122524380683899,1.661797285079956,0.378800630569458,True,-4.166618347167969,0.890625,-4.17255189760637,0.13920506834983826,-5.0,-4.064273357391357,-4.986234664916992,-3.5318307876586914,0.0
473,ACH-000277,-0.1768507957458496,-2.239471673965454,1.6814173460006714,0.3812035322189331,True,-4.067946434020996,0.875,-4.162091351247833,0.14161130785942078,-5.0,-3.934796094894409,-4.5714945793151855,-3.4372942447662354,0.0
474,ACH-000288,-2.0669543743133545,-4.1470746994018555,1.724735975265503,0.35538434982299805,True,-4.3271050453186035,0.765625,-4.17859272065491,0.1345967948436737,-5.0,-4.121116638183594,-5.070611000061035,-3.295902729034424,0.040816325694322586
475,ACH-000330,1.2112948894500732,-0.8366909623146057,1.669298529624939,0.37868720293045044,True,-4.144062042236328,0.9375,-4.175139652813051,0.17517657577991486,-5.0,-4.087000370025635,-5.123673439025879,-3.0453667640686035,0.01666666753590107
476,ACH-000349,-0.28641366958618164,-2.381911039352417,1.7201639413833618,0.37533339858055115,True,-4.2876667976379395,0.84375,-4.18639236729554,0.2285468876361847,-5.0,-4.155753135681152,-4.9670634269714355,-3.2875990867614746,0.0
477,ACH-000352,0.372867226600647,-1.6972984075546265,1.7029860019683838,0.3671796917915344,True,-3.9513940811157227,0.84375,-4.162892538677559,0.15714913606643677,-5.0,-3.7572078704833984,-4.503518104553223,-3.3657381534576416,0.0
478,ACH-000374,1.2161903381347656,-0.9494023323059082,1.7918156385421753,0.37377703189849854,True,-4.205714225769043,0.875,-4.167174707386708,0.21126258373260498,-5.0,-4.092245578765869,-4.942230224609375,-3.5254416465759277,0.0
479,ACH-000536,1.0364432334899902,-0.9334890246391296,1.6075347661972046,0.36239755153656006,True,-4.2413811683654785,0.875,-4.174595353484585,0.1971021294593811,-5.0,-4.133007526397705,-5.331175327301025,-3.3102073669433594,0.0357142873108387
480,ACH-000554,1.4464162588119507,-0.6151448488235474,1.6849522590637207,0.37660878896713257,True,-4.1396002769470215,0.90625,-4.171095845830829,0.17366266250610352,-5.0,-4.050593376159668,-4.971987724304199,-3.091114044189453,0.0
481,ACH-000568,2.3302791118621826,0.2797979712486267,1.6794005632400513,0.37108051776885986,True,-3.882004499435425,0.90625,-4.142186711191289,0.1999032348394394,-5.0,-3.7663497924804688,-4.4209675788879395,-3.4469001293182373,0.0
482,ACH-000573,0.5070071220397949,-1.4809787273406982,1.6175700426101685,0.37041574716567993,True,-4.122046947479248,0.828125,-4.1401727348200845,0.23019692301750183,-5.0,-3.9398300647735596,-4.519193172454834,-3.4401845932006836,0.0
483,ACH-000621,1.216504454612732,-0.7815290689468384,1.6289345026016235,0.36909908056259155,True,-4.15518856048584,0.9375,-4.14167431738666,0.20232298970222473,-5.0,-4.098868370056152,-4.8629536628723145,-3.341226100921631,0.0
484,ACH-000624,1.61179780960083,-0.44413667917251587,1.6830668449401855,0.37286752462387085,True,-4.002816200256348,0.875,-4.127788505673629,0.2890568971633911,-5.0,-3.8603618144989014,-4.662906646728516,-2.7800076007843018,0.0
485,ACH-000643,0.42869603633880615,-1.6378206014633179,1.6833245754241943,0.3831920325756073,True,-4.230578422546387,0.84375,-4.138067497360905,0.1959502100944519,-5.0,-4.0880937576293945,-4.937143802642822,-3.0898070335388184,0.0
486,ACH-000668,-3.3050241470336914,-5.428431510925293,1.7394965887069702,0.3839108943939209,True,-4.148050308227539,0.921875,-4.139065778447568,0.0875181332230568,-5.0,-4.075850963592529,-5.252809524536133,-2.3527815341949463,0.050847455859184265
487,ACH-000691,-4.038590431213379,-6.145627498626709,1.7362831830978394,0.3707539439201355,True,-4.15086030960083,0.890625,-4.140245231562894,0.09098939597606659,-5.0,-4.046579837799072,-4.924864292144775,-3.4312124252319336,0.0
488,ACH-000699,-1.0079307556152344,-3.1033310890197754,1.7199106216430664,0.37548962235450745,True,-4.3088226318359375,0.796875,-4.157102971590199,0.1704026162624359,-5.0,-4.132640361785889,-4.991279125213623,-3.551227331161499,0.0
489,ACH-000711,-0.5030961036682129,-2.558974027633667,1.6626124382019043,0.39326542615890503,True,-4.303128719329834,0.734375,-4.171705546364162,0.17925627529621124,-5.0,-4.051068305969238,-5.183089256286621,-3.5256876945495605,0.021276595070958138
490,ACH-000725,0.5197685956954956,-1.5800195932388306,1.7316291332244873,0.36815908551216125,True,-4.204300403594971,0.890625,-4.174965032087243,0.2230326235294342,-5.0,-4.106583118438721,-4.98059606552124,-2.7755208015441895,0.0
491,ACH-000755,-3.9024620056152344,-5.909755229949951,1.642722249031067,0.3645709753036499,True,-4.202762603759766,0.84375,-4.177744789254495,0.08963195979595184,-5.0,-4.055126190185547,-4.882129669189453,-3.644223213195801,0.0
492,ACH-000759,1.1265075206756592,-0.8768929839134216,1.6404998302459717,0.3629007637500763,True,-4.099250793457031,0.84375,-4.169895389674749,0.20345145463943481,-5.0,-3.9324450492858887,-4.655012130737305,-3.275615692138672,0.0
493,ACH-000768,-3.8022122383117676,-5.910678386688232,1.7557820081710815,0.3526841998100281,True,-4.198441505432129,0.859375,-4.172750001250487,0.09015676379203796,-5.0,-4.067276954650879,-4.986019611358643,-3.2755610942840576,0.0
494,ACH-000783,0.4175773859024048,-1.6000241041183472,1.6370793581008911,0.3805221915245056,True,-4.139285087585449,0.875,-4.169403509883983,0.13077044486999512,-5.0,-4.0163254737854,-5.085494041442871,-3.334933280944824,0.01785714365541935
495,ACH-000818,1.0335781574249268,-0.9693495631217957,1.6265734434127808,0.37635430693626404,True,-3.603644847869873,0.734375,-4.112827643682572,0.17686063051223755,-5.0,-3.0985801219940186,-4.0694661140441895,-2.7439627647399902,0.0
496,ACH-000828,-0.5531506538391113,-2.6110377311706543,1.688483476638794,0.3694034814834595,True,-3.5629260540008545,0.828125,-4.0578374847144,0.09146479517221451,-5.0,-3.2646658420562744,-3.9020068645477295,-3.055307388305664,0.0
497,ACH-000849,0.579537034034729,-1.3360739946365356,1.584141492843628,0.33146947622299194,True,-4.041431427001953,0.875,-4.0561968789431555,0.2538110911846161,-5.0,-3.9044926166534424,-4.597456455230713,-3.03851318359375,0.0
498,ACH-000856,0.247039794921875,-1.7684712409973145,1.6272941827774048,0.38821685314178467,True,-4.096134185791016,0.875,-4.060190609627941,0.20455217361450195,-5.0,-3.967010021209717,-5.114448070526123,-3.2186882495880127,0.01785714365541935
499,ACH-000857,0.44120287895202637,-1.5753579139709473,1.6484575271606445,0.3681033253669739,True,-4.120710372924805,0.890625,-4.066242585957628,0.2591848373413086,-5.0,-4.012727737426758,-4.718067646026611,-2.1305360794067383,0.0
500,ACH-000859,0.26258981227874756,-1.7582062482833862,1.6471530199050903,0.37364301085472107,True,-4.21049690246582,0.890625,-4.080668017608447,0.12164293229579926,-5.0,-4.1135406494140625,-4.829713344573975,-3.3276877403259277,0.0
501,ACH-000876,0.24154317378997803,-1.7833369970321655,1.6512266397476196,0.37365347146987915,True,-4.081264019012451,0.890625,-4.080727617748848,0.2062852382659912,-5.0,-3.9684367179870605,-4.78183650970459,-3.3251900672912598,0.0
502,ACH-000902,1.2314023971557617,-0.784670889377594,1.6617658138275146,0.3543074131011963,True,-4.101486682891846,0.90625,-4.082803524263148,0.25560832023620605,-5.0,-4.0085368156433105,-5.205795764923096,-3.5384223461151123,0.017241379246115685
503,ACH-000910,0.466048002243042,-1.5668046474456787,1.6680188179016113,0.36483386158943176,True,-4.197871208190918,0.90625,-4.0943102926559245,0.24098391830921173,-5.0,-4.114892482757568,-5.016082763671875,-3.6090707778930664,0.017241379246115685
504,ACH-000927,1.9400187730789185,-0.08810550719499588,1.6570045948028564,0.37111973762512207,True,-4.002859592437744,0.9375,-4.085165222634107,0.2588237524032593,-5.0,-3.9363832473754883,-4.7189860343933105,-3.293367385864258,0.0
505,ACH-000930,-1.1884207725524902,-3.2420802116394043,1.6886730194091797,0.3649863004684448,True,-4.147830963134766,0.921875,-4.091431796684173,0.11174599081277847,-5.0,-4.075613021850586,-5.050325870513916,-2.308830738067627,0.033898305147886276
506,ACH-000934,0.5290855169296265,-1.6108180284500122,1.7563539743423462,0.38354945182800293,True,-4.093517303466797,0.890625,-4.091640347362436,0.18083477020263672,-5.0,-3.9821949005126953,-4.687768936157227,-3.2461133003234863,0.0
507,ACH-001390,0.7451431751251221,-1.2907078266143799,1.6827974319458008,0.35305362939834595,True,-4.096028804779053,0.890625,-4.092079193104097,0.2021304816007614,-5.0,-3.9850149154663086,-4.663071632385254,-3.3693199157714844,0.0
508,ACH-001819,0.9409841299057007,-1.1108347177505493,1.6757385730743408,0.3760802149772644,True,-3.9986772537231445,0.859375,-4.082738999166002,0.15805946290493011,-5.0,-3.834824800491333,-4.635580539703369,-3.232903480529785,0.0
509,ACH-001820,-0.0762484073638916,-2.0736947059631348,1.6294939517974854,0.3679523766040802,True,-4.181493759155273,0.890625,-4.092614475164929,0.11959768086671829,-5.0,-4.080975532531738,-4.815789222717285,-3.8037352561950684,0.0
510,ACH-000017,1.319303274154663,-0.5096344947814941,1.4716938734054565,0.35724392533302307,True,-4.030062675476074,0.921875,-4.0863592951960435,0.1689489185810089,-5.0,-3.9478647708892822,-4.65963888168335,-3.0577774047851562,0.0
511,ACH-000019,0.44423747062683105,-1.5084402561187744,1.6260654926300049,0.3266122043132782,True,-4.17812442779541,0.9375,-4.09553580845598,0.19383996725082397,-5.0,-4.123332977294922,-4.924431800842285,-3.182610511779785,0.0
512,ACH-000044,1.7094430923461914,-0.17990346252918243,1.535408854484558,0.3539377450942993,True,-3.6991710662841797,0.8125,-4.0558993342388,0.19659844040870667,-5.0,-3.398979902267456,-3.9972057342529297,-2.8655409812927246,0.0
513,ACH-000097,0.7878998517990112,-1.1089709997177124,1.5317598581314087,0.36511096358299255,True,-4.148221492767334,0.921875,-4.065131550091654,0.22550855576992035,-5.0,-4.07603645324707,-5.209274768829346,-3.6859705448150635,0.016949152573943138
514,ACH-000111,-0.5951223373413086,-2.536323308944702,1.5818029642105103,0.3593980669975281,True,-4.153626441955566,0.859375,-4.073981039278046,0.13047102093696594,-5.0,-4.0151286125183105,-4.924792289733887,-3.2322006225585938,0.0
515,ACH-000117,1.3814724683761597,-0.650598406791687,1.6747777462005615,0.35729318857192993,True,-4.087463855743408,0.90625,-4.075329320924582,0.25082820653915405,-5.0,-3.993063449859619,-5.126620292663574,-2.873351573944092,0.017241379246115685
516,ACH-000147,-0.5704233646392822,-2.5959534645080566,1.6889516115188599,0.33657848834991455,True,-4.217973232269287,0.796875,-4.089593712059052,0.22130843997001648,-5.0,-4.0186333656311035,-4.730097770690918,-3.190566062927246,0.0
517,ACH-000148,-2.060549736022949,-4.047791957855225,1.6434659957885742,0.343776136636734,True,-4.184961318969727,0.84375,-4.09913047275012,0.1551658809185028,-5.0,-4.03402853012085,-5.201488971710205,-3.3640451431274414,0.03703703731298447
518,ACH-000196,0.9074159860610962,-1.0974124670028687,1.6408568620681763,0.3639717102050781,True,-4.064750671386719,0.890625,-4.09569249261378,0.17262431979179382,-5.0,-3.9498958587646484,-4.533023834228516,-3.5496933460235596,0.0
519,ACH-000212,-0.7420909404754639,-2.775758743286133,1.661434292793274,0.3722335696220398,True,-4.140521049499512,0.84375,-4.100175348302352,0.19187434017658234,-5.0,-3.981358289718628,-5.369202613830566,-3.377485752105713,0.0555555559694767
520,ACH-000223,0.025183796882629395,-1.9895035028457642,1.6432467699050903,0.37144047021865845,True,-4.227149963378906,0.875,-4.112872809810008,0.17490069568157196,-5.0,-4.116743087768555,-4.938186168670654,-3.1963772773742676,0.0
521,ACH-000248,-3.5841522216796875,-5.685235023498535,1.7330220937728882,0.3680605888366699,True,-4.056800842285156,0.953125,-4.107265613057523,0.08211801201105118,-5.0,-4.010413646697998,-5.161802291870117,-3.425384521484375,0.016393441706895828
522,ACH-000258,-0.5870006084442139,-2.620481014251709,1.6796282529830933,0.35385212302207947,True,-4.167636871337891,0.90625,-4.11330273888556,0.17487028241157532,-5.0,-4.0815300941467285,-5.39750862121582,-3.0958642959594727,0.03448275849223137
523,ACH-000276,0.06163811683654785,-1.9416859149932861,1.6437805891036987,0.3595433831214905,True,-4.141678333282471,0.8125,-4.116140298325251,0.22147181630134583,-5.0,-3.9436042308807373,-5.157947540283203,-3.0746803283691406,0.01923076994717121
524,ACH-000277,0.8440924882888794,-1.1622918844223022,1.6480408906936646,0.35834354162216187,True,-4.073474884033203,0.875,-4.111873756896046,0.17039911448955536,-5.0,-3.941114664077759,-4.727823257446289,-3.518869400024414,0.0
525,ACH-000288,0.498332142829895,-1.4899359941482544,1.659386157989502,0.3288819193840027,True,-4.131041049957275,0.875,-4.113790486202169,0.2534141540527344,-5.0,-4.006904125213623,-5.0151567459106445,-3.3647334575653076,0.01785714365541935
526,ACH-000330,0.6118606328964233,-1.453008770942688,1.696708083152771,0.3681612014770508,True,-4.156344413757324,0.90625,-4.118045878957685,0.22048552334308624,-5.0,-4.069069862365723,-4.846737384796143,-3.319176435470581,0.0
527,ACH-000349,1.407691240310669,-0.527471125125885,1.5926361083984375,0.3425261974334717,True,-4.125611782073975,0.953125,-4.118802469269314,0.2088843286037445,-5.0,-4.082608699798584,-5.218055725097656,-3.52264142036438,0.016393441706895828
528,ACH-000352,1.4835766553878784,-0.5570484399795532,1.6840856075286865,0.35653936862945557,True,-3.8949666023254395,0.84375,-4.096418882574926,0.27269649505615234,-5.0,-3.690330982208252,-4.40159797668457,-3.2963435649871826,0.0
529,ACH-000374,1.0986372232437134,-0.9344762563705444,1.6678942441940308,0.3652193248271942,True,-4.163010597229004,0.90625,-4.103078054040334,0.26205533742904663,-5.0,-4.076425552368164,-4.742875099182129,-3.4297091960906982,0.0
530,ACH-000536,0.8019105195999146,-1.155650019645691,1.600721001625061,0.35683953762054443,True,-4.100939750671387,0.90625,-4.102864223703439,0.21153171360492706,-5.0,-4.007933616638184,-5.152092933654785,-3.090961456298828,0.017241379246115685
531,ACH-000554,0.31420111656188965,-1.6920993328094482,1.640661597251892,0.36563897132873535,True,-4.294672012329102,0.90625,-4.122045002566005,0.28885412216186523,-5.0,-4.221706867218018,-5.056384086608887,-3.526521921157837,0.017241379246115685
532,ACH-000568,0.7716563940048218,-1.2491470575332642,1.6597715616226196,0.3610318899154663,True,-3.9313201904296875,0.875,-4.102972521352373,0.16579827666282654,-5.0,-3.778651237487793,-4.742672443389893,-3.1157121658325195,0.0
533,ACH-000573,0.013548851013183594,-1.999128818511963,1.6588348150253296,0.3538428544998169,True,-3.980534553527832,0.875,-4.090728724569919,0.17019528150558472,-5.0,-3.8348968029022217,-4.431588172912598,-3.2288990020751953,0.0
534,ACH-000621,-4.012355804443359,-6.043196678161621,1.6507285833358765,0.3801119923591614,True,-4.108112335205078,0.875,-4.0924670856334355,0.09056305885314941,-5.0,-3.9807000160217285,-5.032105445861816,-3.196650981903076,0.01785714365541935
535,ACH-000624,1.8580749034881592,-0.14077696204185486,1.6389124393463135,0.35993948578834534,True,-3.972663164138794,0.96875,-4.080486693483971,0.15676842629909515,-5.0,-3.939523220062256,-4.782414436340332,-3.427873134613037,0.0
536,ACH-000643,0.4001133441925049,-1.5631109476089478,1.6167588233947754,0.34646546840667725,True,-4.167722702026367,0.875,-4.08921029433821,0.195912167429924,-5.0,-4.048826217651367,-4.941421031951904,-3.1970558166503906,0.0
537,ACH-000668,0.745556116104126,-1.2598683834075928,1.6531810760498047,0.35224342346191406,True,-4.168243408203125,0.90625,-4.097113605724702,0.15948420763015747,-5.0,-4.082199573516846,-4.797142505645752,-3.5552139282226562,0.0
538,ACH-000691,-0.14922666549682617,-2.1632461547851562,1.659862995147705,0.35415661334991455,True,-4.078318119049072,0.890625,-4.095234057057139,0.09291823953390121,-5.0,-3.9651291370391846,-5.375150203704834,-3.4024834632873535,0.017543859779834747
539,ACH-000699,0.5905815362930298,-1.4206546545028687,1.6425122022628784,0.36872386932373047,True,-4.109095573425293,0.84375,-4.096620208693954,0.2354636788368225,-5.0,-3.944113254547119,-4.740418434143066,-3.551605463027954,0.0
540,ACH-000711,0.7473287582397461,-1.2287046909332275,1.6193978786468506,0.35663557052612305,True,-4.129917144775391,0.90625,-4.0999499023020975,0.15605419874191284,-5.0,-4.039908409118652,-5.183089256286621,-3.077418804168701,0.017241379246115685
541,ACH-000725,-4.602595806121826,-6.650371551513672,1.6897064447402954,0.3580692410469055,True,-4.23621129989624,0.84375,-4.113576042061512,0.09054403007030487,-5.0,-4.09476900100708,-4.98059606552124,-3.398428201675415,0.0
542,ACH-000755,0.9028041362762451,-1.1002027988433838,1.6403908729553223,0.3626159727573395,True,-4.097775459289551,0.875,-4.111995983784316,0.25691670179367065,-5.0,-3.968886375427246,-4.702614784240723,-3.323366403579712,0.0
543,ACH-000759,0.7721178531646729,-1.313469648361206,1.7344521284103394,0.3511353135108948,True,-4.064735412597656,0.890625,-4.10726992666565,0.12251587957143784,-5.0,-3.949878215789795,-4.627814769744873,-3.2745516300201416,0.0
544,ACH-000768,-0.7444024085998535,-2.6895251274108887,1.6308677196502686,0.3142549395561218,True,-4.215035915374756,0.859375,-4.118046525536561,0.14580047130584717,-5.0,-4.086586952209473,-5.066594123840332,-3.2755610942840576,0.0181818176060915
545,ACH-000783,0.24228250980377197,-1.7224339246749878,1.614719033241272,0.3499974012374878,True,-4.101942539215088,0.890625,-4.116436126904413,0.13375595211982727,-5.0,-3.991655111312866,-5.075652122497559,-3.19416880607605,0.017543859779834747
546,ACH-000818,3.6576366424560547,1.6845729351043701,1.623451590538025,0.3496122360229492,True,-3.401089668273926,0.828125,-4.044901481041364,0.1652967780828476,-5.0,-3.0692403316497803,-3.9998435974121094,-2.6746323108673096,0.0
547,ACH-000828,-2.989423990249634,-5.019804000854492,1.6801543235778809,0.3502255976200104,True,-3.540353775024414,0.859375,-3.9944467104396693,0.0917368233203888,-5.0,-3.3015024662017822,-4.654197692871094,-2.9764914512634277,0.0
548,ACH-000849,0.4299684762954712,-1.4455950260162354,1.5648877620697021,0.3106757402420044,True,-4.068890571594238,0.9375,-4.001891096555126,0.26691576838493347,-5.0,-4.006816387176514,-4.862826347351074,-3.2509024143218994,0.0
549,ACH-000856,0.6169445514678955,-1.4105722904205322,1.6741641759872437,0.35335272550582886,True,-4.026133060455322,0.859375,-4.0043152929451455,0.21981143951416016,-5.0,-3.8667733669281006,-4.646759033203125,-3.0504865646362305,0.0
550,ACH-000857,0.49153292179107666,-1.4824267625808716,1.6278271675109863,0.3461325168609619,True,-4.068136692047119,0.953125,-4.010697432855343,0.20484748482704163,-5.0,-4.022306442260742,-4.646711826324463,-3.715911865234375,0.0
551,ACH-000859,0.40574049949645996,-1.5393850803375244,1.602502703666687,0.342622846364975,True,-4.1411848068237305,0.921875,-4.023746170252182,0.19435825943946838,-5.0,-4.068403720855713,-5.147832870483398,-3.409238815307617,0.016949152573943138
552,ACH-000876,0.6742889881134033,-1.3113362789154053,1.638940691947937,0.34668460488319397,True,-4.079638957977295,0.890625,-4.0293354490246935,0.17515546083450317,-5.0,-3.9666121006011963,-4.829081058502197,-3.296429395675659,0.0
553,ACH-000902,0.5098103284835815,-1.5003069639205933,1.6671208143234253,0.34299641847610474,True,-4.137345790863037,0.859375,-4.040136483208528,0.216896653175354,-5.0,-3.9961841106414795,-4.654999256134033,-3.04325270652771,0.0
554,ACH-000910,-0.04082763195037842,-1.9647945165634155,1.58054518699646,0.3434217572212219,True,-4.135251045227051,0.84375,-4.04964793941038,0.21565058827400208,-5.0,-3.9751126766204834,-4.571285247802734,-3.7444443702697754,0.0
555,ACH-000927,0.7975171804428101,-1.1722573041915894,1.63112211227417,0.33865243196487427,True,-4.10153865814209,0.859375,-4.054837011283551,0.25216954946517944,-5.0,-3.9545180797576904,-4.7189860343933105,-3.170626640319824,0.0
556,ACH-000930,0.35239148139953613,-1.7284772396087646,1.7337238788604736,0.3471449315547943,True,-4.144735336303711,0.890625,-4.0638268437855665,0.1666402667760849,-5.0,-4.039702415466309,-4.830870151519775,-3.2469358444213867,0.0
557,ACH-000934,0.6503475904464722,-1.2674411535263062,1.5859363079071045,0.33185240626335144,True,-4.046584606170654,0.90625,-4.062102620024075,0.16492784023284912,-5.0,-3.947955369949341,-5.238794803619385,-3.562676429748535,0.017241379246115685
558,ACH-001390,-0.2012012004852295,-2.1934735774993896,1.6660802364349365,0.3261922001838684,True,-4.093708038330078,0.828125,-4.065263161854675,0.1485743224620819,-5.0,-3.9056098461151123,-4.541489124298096,-3.0866732597351074,0.0
559,ACH-001819,1.1813154220581055,-0.8205310702323914,1.6445057392120361,0.3573407530784607,True,-3.9629788398742676,0.875,-4.055034729656635,0.17659522593021393,-5.0,-3.814833164215088,-4.433881759643555,-2.7092125415802,0.0
560,ACH-001820,1.2136307954788208,-0.7866829633712769,1.6495566368103027,0.3507571816444397,True,-4.100132465362549,0.90625,-4.059544503227226,0.22051513195037842,-5.0,-4.00704288482666,-5.462134838104248,-3.2993388175964355,0.017241379246115685
561,ACH-000017,0.6509741544723511,-1.2701611518859863,1.5627765655517578,0.3583587408065796,True,-4.086791038513184,0.890625,-4.062269156755821,0.23402006924152374,-5.0,-3.974642515182495,-4.652107238769531,-2.632859706878662,0.0
562,ACH-000019,0.8256489038467407,-1.0653774738311768,1.579497218132019,0.31152915954589844,True,-4.0711774826049805,0.875,-4.063159989340737,0.15372835099697113,-5.0,-3.938488721847534,-5.036343097686768,-2.334874153137207,0.01785714365541935
563,ACH-000044,1.9025553464889526,0.04046498239040375,1.5280386209487915,0.3340516984462738,True,-3.569477081298828,0.890625,-4.013791698536546,0.20171436667442322,-5.0,-3.393798828125,-3.9132778644561768,-2.840099334716797,0.0
564,ACH-000097,0.15842127799987793,-1.72890305519104,1.5424933433532715,0.34483104944229126,True,-4.09539270401001,0.921875,-4.021951799083893,0.1836666762828827,-5.0,-4.018731117248535,-4.789339542388916,-3.340986728668213,0.0
565,ACH-000111,1.367870569229126,-0.675144612789154,1.6976052522659302,0.3454100489616394,True,-4.025643348693848,0.9375,-4.022320954044888,0.2033647894859314,-5.0,-3.960686206817627,-4.736378192901611,-3.232240676879883,0.0
566,ACH-000117,0.5839756727218628,-1.4544504880905151,1.6924102306365967,0.3460160195827484,True,-4.124394416809082,0.90625,-4.0325283003213075,0.23231735825538635,-5.0,-4.033814430236816,-5.35498571395874,-3.1869843006134033,0.017241379246115685
567,ACH-000147,0.33286547660827637,-1.6053929328918457,1.6218953132629395,0.316363126039505,True,-4.114789962768555,0.90625,-4.040754466566032,0.1648751199245453,-5.0,-4.023216724395752,-4.955573558807373,-2.7847423553466797,0.0
568,ACH-000148,-0.8662090301513672,-2.838919162750244,1.6463042497634888,0.3264058828353882,True,-4.117031097412109,0.875,-4.04838212965064,0.1396942436695099,-5.0,-3.9908924102783203,-4.738646507263184,-3.1969945430755615,0.0
569,ACH-000196,1.2604206800460815,-0.7195881605148315,1.6468275785446167,0.3331812024116516,True,-3.954085350036621,0.921875,-4.038952451689237,0.1509501338005066,-5.0,-3.865448474884033,-5.008149147033691,-3.058457851409912,0.016949152573943138
570,ACH-000212,1.0687713623046875,-0.9743940234184265,1.6981245279312134,0.345040887594223,True,-4.052525043487549,0.9375,-4.040309710869068,0.15666574239730835,-5.0,-3.9893600940704346,-5.147704601287842,-3.091063976287842,0.01666666753590107
571,ACH-000223,0.42803633213043213,-1.4813446998596191,1.57221519947052,0.33716586232185364,True,-4.012170314788818,0.90625,-4.037495771261043,0.16707393527030945,-5.0,-3.9099814891815186,-4.689735412597656,-2.731595516204834,0.0
572,ACH-000248,1.5220067501068115,-0.33682817220687866,1.5436400175094604,0.31519490480422974,True,-3.9820640087127686,0.953125,-4.031952595006216,0.24045220017433167,-5.0,-3.9320011138916016,-4.768212795257568,-2.7008438110351562,0.0
573,ACH-000258,0.26199066638946533,-1.71622896194458,1.6164755821228027,0.3617440164089203,True,-4.050468444824219,0.9375,-4.033804179988016,0.15882620215415955,-5.0,-3.9871671199798584,-4.80500602722168,-3.020577907562256,0.0
574,ACH-000276,-0.2347949743270874,-2.192070484161377,1.6242374181747437,0.3330380916595459,True,-4.042078018188477,0.9375,-4.0346315638080625,0.10031011700630188,-5.0,-3.978217363357544,-5.157947540283203,-3.0746803283691406,0.01666666753590107
575,ACH-000277,0.8444124460220337,-1.1155344247817993,1.6083461046218872,0.3516007363796234,True,-4.029484748840332,0.90625,-4.03411688231129,0.2376013994216919,-5.0,-3.9290859699249268,-4.680850028991699,-3.254960775375366,0.0
576,ACH-000288,-4.177279949188232,-6.203659534454346,1.713478684425354,0.3129007816314697,True,-4.0883917808532715,0.90625,-4.039544372165488,0.08389505743980408,-5.0,-3.9940876960754395,-5.025934219360352,-2.5912954807281494,0.017241379246115685
577,ACH-000330,0.2223527431488037,-1.7446095943450928,1.6197373867034912,0.3472249209880829,True,-4.126347064971924,0.859375,-4.048224641446131,0.19859662652015686,-5.0,-3.9833858013153076,-4.696503639221191,-3.0717861652374268,0.0
578,ACH-000349,1.0764458179473877,-0.9098421335220337,1.6505146026611328,0.3357733488082886,True,-4.127982139587402,0.921875,-4.056200391260258,0.1970360279083252,-5.0,-4.054081916809082,-4.775416851043701,-3.77144718170166,0.0
579,ACH-000352,1.4199233055114746,-0.5062441825866699,1.5907666683197021,0.3354008197784424,True,-3.85197114944458,0.90625,-4.035777467078691,0.16517633199691772,-5.0,-3.7332088947296143,-4.91282320022583,-3.1063194274902344,0.0
580,ACH-000374,1.0862152576446533,-0.8863768577575684,1.6421916484832764,0.3304005265235901,True,-4.1166791915893555,0.921875,-4.043867639529757,0.21718527376651764,-5.0,-4.0418219566345215,-4.742875099182129,-3.6853232383728027,0.0
581,ACH-000536,0.7738626003265381,-1.1157090663909912,1.5611332654953003,0.328438401222229,True,-4.148899555206299,0.875,-4.054370831097411,0.20296084880828857,-5.0,-4.027314186096191,-5.152092933654785,-3.2172675132751465,0.01785714365541935
582,ACH-000554,1.8009319305419922,-0.17897111177444458,1.6313526630401611,0.3485502600669861,True,-4.065900802612305,0.984375,-4.055523828248901,0.17811378836631775,-5.0,-4.051074028015137,-4.970806121826172,-3.3245818614959717,0.0
583,ACH-000568,1.5328435897827148,-0.4316858649253845,1.6265320777893066,0.3379974067211151,True,-3.8157882690429688,0.90625,-4.031550272328307,0.18923617899417877,-5.0,-3.6932835578918457,-4.4076337814331055,-2.652425765991211,0.0
584,ACH-000573,0.9873073101043701,-0.9069392681121826,1.566483736038208,0.32776278257369995,True,-3.993562936782837,0.90625,-4.02775153877376,0.20250794291496277,-5.0,-3.889448642730713,-4.56024169921875,-3.2288990020751953,0.0
585,ACH-000621,-0.1160116195678711,-2.071146249771118,1.6085104942321777,0.3466241955757141,True,-4.147030353546143,0.90625,-4.039679420250998,0.16820880770683289,-5.0,-4.0587921142578125,-5.032105445861816,-3.08790922164917,0.017241379246115685
586,ACH-000624,1.0698673725128174,-0.9410197138786316,1.6700148582458496,0.340872198343277,True,-4.016619682312012,0.9375,-4.037373446457099,0.20620501041412354,-5.0,-3.951061725616455,-4.9080400466918945,-3.2124576568603516,0.0
587,ACH-000643,-0.3033304214477539,-2.3447794914245605,1.6927181482315063,0.3487309217453003,True,-4.131640911102295,0.875,-4.046800192921619,0.08889222145080566,-5.0,-4.007589817047119,-4.742500305175781,-3.301644802093506,0.0
588,ACH-000668,-0.04644894599914551,-2.055443048477173,1.6670639514923096,0.3419300615787506,True,-4.0842509269714355,0.875,-4.0505452663266,0.152393639087677,-5.0,-3.953429698944092,-4.8860883712768555,-3.2523646354675293,0.0
589,ACH-000691,0.9290715456008911,-1.0300649404525757,1.6296418905258179,0.32949453592300415,True,-3.938814640045166,0.953125,-4.039372203698457,0.12429428845643997,-5.0,-3.886625289916992,-5.036655426025391,-3.2240657806396484,0.016393441706895828
590,ACH-000699,0.4597126245498657,-1.4494515657424927,1.568636417388916,0.34052783250808716,True,-4.042147159576416,0.875,-4.039649699286254,0.15279021859169006,-5.0,-3.9053115844726562,-4.955516815185547,-3.2541353702545166,0.0
591,ACH-000711,0.29714536666870117,-1.6615514755249023,1.6126829385757446,0.3460138440132141,True,-4.075035095214844,0.859375,-4.043188238879113,0.1659497320652008,-5.0,-3.923677444458008,-4.897223949432373,-3.077418804168701,0.0
592,ACH-000725,0.2816730737686157,-1.7380813360214233,1.67604398727417,0.34371036291122437,True,-4.034290790557861,0.953125,-4.042298494046988,0.12299045920372009,-5.0,-3.9867963790893555,-4.744190216064453,-3.1948304176330566,0.0
593,ACH-000755,-6.0979108810424805,-8.059720993041992,1.6232967376708984,0.3385130763053894,True,-4.162388801574707,0.8125,-4.05430752479976,0.09412705153226852,-5.0,-3.9690942764282227,-4.779079914093018,-3.085902690887451,0.0
594,ACH-000759,1.5494520664215088,-0.4558565318584442,1.6611360311508179,0.34417271614074707,True,-3.9403128623962402,0.953125,-4.042908058559408,0.12699158489704132,-5.0,-3.8881964683532715,-4.627814769744873,-3.4332733154296875,0.0
595,ACH-000768,0.23260271549224854,-1.7174385786056519,1.6337816715240479,0.31625959277153015,True,-4.065341472625732,0.953125,-4.0451513999660405,0.17707329988479614,-5.0,-4.019374370574951,-4.752961158752441,-3.332688331604004,0.0
596,ACH-000783,-3.8857016563415527,-5.828499794006348,1.617138147354126,0.3256601095199585,True,-4.067295074462891,0.90625,-4.047365767415726,0.07285697013139725,-5.0,-3.970808267593384,-5.094506740570068,-3.19416880607605,0.017241379246115685
597,ACH-000818,1.893085241317749,-0.029601842164993286,1.5927125215530396,0.32997453212738037,True,-3.326927661895752,0.859375,-3.9753219568637284,0.15486060082912445,-5.0,-3.053152322769165,-3.6179420948028564,-2.661163330078125,0.0
598,ACH-000828,-0.3053717613220215,-2.278595447540283,1.6502853631973267,0.3229382634162903,True,-3.560478448867798,0.78125,-3.9338376060641354,0.17182767391204834,-5.0,-3.15741229057312,-3.7549808025360107,-2.7465877532958984,0.0
599,ACH-000849,-1.5484943389892578,-3.415196657180786,1.5657706260681152,0.30093175172805786,True,-4.101685523986816,0.796875,-3.9506223978564035,0.20056314766407013,-5.0,-3.8727035522460938,-4.712359428405762,-3.213715076446533,0.0
600,ACH-000856,-0.5340837240219116,-2.4066355228424072,1.5493806600570679,0.3231711685657501,True,-4.068542003631592,0.859375,-3.962414358433922,0.15803474187850952,-5.0,-3.916121244430542,-4.889631748199463,-2.026237964630127,0.0
601,ACH-000857,1.3043346405029297,-0.6583343148231506,1.6385468244552612,0.32412219047546387,True,-3.8922204971313477,0.96875,-3.9553949723036643,0.13551203906536102,-5.0,-3.856485605239868,-4.568711280822754,-3.424010753631592,0.0
602,ACH-000859,-0.5624393224716187,-2.428814172744751,1.542372703552246,0.32400211691856384,True,-4.067032814025879,0.890625,-3.9665587564758855,0.1281362771987915,-5.0,-3.952457904815674,-4.7457122802734375,-3.3429114818573,0.0
603,ACH-000876,0.09017932415008545,-1.877402901649475,1.6422059535980225,0.3253762125968933,True,-4.066922187805176,0.890625,-3.976595099608814,0.20431837439537048,-5.0,-3.952333688735962,-4.78183650970459,-3.350998640060425,0.0
604,ACH-000902,1.250119924545288,-0.6865833401679993,1.619271993637085,0.3174312710762024,True,-4.062298774719238,0.953125,-3.9851654671198564,0.2303546518087387,-5.0,-4.016181945800781,-5.037683486938477,-3.255767822265625,0.016393441706895828
605,ACH-000910,-0.4586012363433838,-2.388061761856079,1.6138015985488892,0.3156589865684509,True,-4.135489463806152,0.890625,-4.000197866788485,0.14055825769901276,-5.0,-4.029321193695068,-4.840490341186523,-3.4108529090881348,0.0
606,ACH-000927,0.2434600591659546,-1.680925965309143,1.5938467979431152,0.3305392861366272,True,-4.038263320922852,0.90625,-4.004004412201922,0.10353203862905502,-5.0,-3.9387733936309814,-4.717441082000732,-3.0732269287109375,0.0
607,ACH-000930,-0.5717960596084595,-2.5172927379608154,1.6246315240859985,0.32086512446403503,True,-4.154171943664551,0.84375,-4.019021165348184,0.18041811883449554,-5.0,-3.99753737449646,-4.7032599449157715,-3.556194305419922,0.0
608,ACH-000934,0.7287915945053101,-1.1849008798599243,1.5755672454833984,0.3381252884864807,True,-4.050565242767334,0.90625,-4.0221755730901,0.16044935584068298,-5.0,-3.952347993850708,-4.638478755950928,-3.2461133003234863,0.0
609,ACH-001390,0.7837833166122437,-1.143099308013916,1.6196151971817017,0.3072674572467804,True,-3.9841442108154297,0.90625,-4.018372436862633,0.17262081801891327,-5.0,-3.8790557384490967,-4.632837772369385,-3.0866732597351074,0.0
610,ACH-001819,-5.458427429199219,-7.402562618255615,1.6173052787780762,0.326829731464386,True,-3.9895119667053223,0.859375,-4.0154863898469015,0.09525366127490997,-5.0,-3.8241591453552246,-4.941427230834961,-3.0710842609405518,0.0
611,ACH-001820,0.24724042415618896,-1.6785485744476318,1.6142927408218384,0.3114962577819824,True,-4.0778398513793945,0.875,-4.021721736000151,0.17848223447799683,-5.0,-3.9461028575897217,-4.7429609298706055,-3.1971442699432373,0.0
612,ACH-000017,0.5904698371887207,-1.2846016883850098,1.542588233947754,0.33248329162597656,True,-4.04327917098999,0.890625,-4.023877479499135,0.20570659637451172,-5.0,-3.9257874488830566,-4.582335472106934,-3.249302387237549,0.0
613,ACH-000019,-1.2855364084243774,-3.2650606632232666,1.6698869466781616,0.30963727831840515,True,-4.055992126464844,0.90625,-4.027088944195706,0.10801734030246735,-5.0,-3.958336591720581,-5.15113639831543,-3.0661206245422363,0.017241379246115685
614,ACH-000044,-6.665454864501953,-8.490545272827148,1.5099126100540161,0.3151775002479553,True,-3.8347549438476562,0.71875,-4.0078555441609005,0.09838764369487762,-5.0,-3.3787896633148193,-4.3518218994140625,-3.0307462215423584,0.0
615,ACH-000097,1.6620068550109863,-0.2172735184431076,1.5492087602615356,0.3300715684890747,True,-3.9592180252075195,0.953125,-4.002991792265562,0.1991274654865265,-5.0,-3.9080324172973633,-4.735925197601318,-3.299569606781006,0.0
616,ACH-000111,0.2348119020462036,-1.7249130010604858,1.6384053230285645,0.3213195204734802,True,-4.077237129211426,0.9375,-4.010416325960149,0.15664392709732056,-5.0,-4.015719890594482,-5.086426734924316,-3.2872114181518555,0.01666666753590107
617,ACH-000117,1.357926368713379,-0.5557551980018616,1.5864412784576416,0.3272401690483093,True,-4.014549732208252,0.9375,-4.010829666584959,0.2211236208677292,-5.0,-3.9488534927368164,-4.708363056182861,-3.2492566108703613,0.0
618,ACH-000147,-0.5208380222320557,-2.519473075866699,1.70060396194458,0.2980310916900635,True,-4.1170654296875,0.90625,-4.021453242895213,0.08249717950820923,-5.0,-4.025727272033691,-4.747744083404541,-3.26749849319458,0.0
619,ACH-000148,-0.39807558059692383,-2.3878180980682373,1.686668038368225,0.3030744791030884,True,-4.110874652862549,0.828125,-4.030395383891947,0.17146843671798706,-5.0,-3.9263391494750977,-4.802168846130371,-3.0887203216552734,0.0
620,ACH-000196,1.0969648361206055,-0.7645684480667114,1.5401113033294678,0.32142195105552673,True,-3.949169397354126,0.953125,-4.022272785238165,0.14216257631778717,-5.0,-3.897488832473755,-5.064553737640381,-3.058457851409912,0.016393441706895828
621,ACH-000212,1.3252842426300049,-0.6372602581977844,1.641998052597046,0.32054653763771057,True,-4.038043022155762,0.9375,-4.023849808929925,0.18035459518432617,-5.0,-3.9739127159118652,-4.886433124542236,-3.1965980529785156,0.0
622,ACH-000223,-0.416897177696228,-2.397639274597168,1.656046986579895,0.3246951103210449,True,-4.155714988708496,0.875,-4.037036326907782,0.23376771807670593,-5.0,-4.0351033210754395,-4.720817565917969,-3.646031141281128,0.0
623,ACH-000248,0.3792572021484375,-1.5869330167770386,1.655166506767273,0.3110237419605255,True,-4.130593299865723,0.859375,-4.046392024203576,0.16880184412002563,-5.0,-3.9883265495300293,-4.789795875549316,-3.0454328060150146,0.0
624,ACH-000258,0.5933781862258911,-1.2883633375167847,1.5670161247253418,0.3147253394126892,True,-3.9752509593963623,0.921875,-4.039277917722854,0.209672212600708,-5.0,-3.8884079456329346,-4.785071849822998,-3.1694111824035645,0.0
625,ACH-000276,0.48795604705810547,-1.4114630222320557,1.592352271080017,0.30706673860549927,True,-4.059762477874756,0.953125,-4.041326373738045,0.09483634680509567,-5.0,-4.013521194458008,-5.423195838928223,-3.5318307876586914,0.016393441706895828
626,ACH-000277,2.1328344345092773,0.2034633904695511,1.6082656383514404,0.3211055397987366,True,-3.8914427757263184,0.953125,-4.026338013936872,0.275498628616333,-5.0,-3.836923360824585,-4.507667541503906,-3.304504156112671,0.0
627,ACH-000288,-6.642521381378174,-8.63682746887207,1.6668752431869507,0.3274308443069458,True,-4.225462436676025,0.828125,-4.046250456210787,0.10635407269001007,-5.0,-4.064709186553955,-4.738454818725586,-3.295869827270508,0.0
628,ACH-000330,1.328319787979126,-0.5814338326454163,1.6009249687194824,0.30882856249809265,True,-3.9585795402526855,0.96875,-4.037483364614976,0.2593976855278015,-5.0,-3.92498517036438,-4.914525985717773,-3.319176435470581,0.0
629,ACH-000349,0.3386603593826294,-1.5788922309875488,1.5992388725280762,0.31831371784210205,True,-4.081961154937744,0.921875,-4.041931143647253,0.18129950761795044,-5.0,-4.0041608810424805,-5.090764999389648,-3.086015224456787,0.033898305147886276
630,ACH-000352,1.6134634017944336,-0.26970845460891724,1.5654817819595337,0.31769001483917236,True,-3.813931465148926,0.875,-4.019131175797421,0.2403317242860794,-5.0,-3.644493341445923,-4.7908525466918945,-3.1063194274902344,0.0
631,ACH-000374,0.02514064311981201,-1.8638056516647339,1.5784847736358643,0.31046155095100403,True,-4.1497392654418945,0.875,-4.032191984761869,0.18312779068946838,-5.0,-4.028273582458496,-4.942230224609375,-3.2789218425750732,0.0
632,ACH-000536,-0.40236008167266846,-2.254612922668457,1.5509238243103027,0.30132901668548584,True,-4.108973979949951,0.84375,-4.039870184280677,0.13225552439689636,-5.0,-3.943969249725342,-4.7465972900390625,-3.090961456298828,0.0
633,ACH-000554,0.7905064821243286,-1.1195449829101562,1.5982015132904053,0.3118499517440796,True,-4.063949108123779,0.9375,-4.042278076664987,0.13290950655937195,-5.0,-4.0015459060668945,-4.833117961883545,-3.2073686122894287,0.0
634,ACH-000568,1.940599799156189,-0.026573028415441513,1.6512824296951294,0.315890371799469,True,-3.7652573585510254,0.921875,-4.01457600485359,0.17727304995059967,-5.0,-3.6606180667877197,-4.519320964813232,-3.0512993335723877,0.0
635,ACH-000573,1.878410816192627,0.006787250749766827,1.5644657611846924,0.3071576952934265,True,-3.832523822784424,0.96875,-3.996370786646674,0.18503615260124207,-5.0,-3.794863224029541,-4.508004665374756,-2.7219483852386475,0.0
636,ACH-000621,0.21141064167022705,-1.692339539527893,1.5969046354293823,0.306845486164093,True,-4.097092628479004,0.9375,-4.006442970829907,0.13383084535598755,-5.0,-4.036899089813232,-4.9799909591674805,-3.341226100921631,0.0
637,ACH-000624,0.7132765054702759,-1.2454179525375366,1.6371855735778809,0.32150888442993164,True,-3.9408130645751953,0.90625,-3.999879980204436,0.13045509159564972,-5.0,-3.831242084503174,-4.527402400970459,-3.2124576568603516,0.0
638,ACH-000643,-0.256048321723938,-2.124119520187378,1.559470772743225,0.30860045552253723,True,-4.072384834289551,0.921875,-4.007130465612947,0.12123142927885056,-5.0,-3.9937734603881836,-5.007682800292969,-3.34268856048584,0.016949152573943138
639,ACH-000668,1.0337862968444824,-0.8844504952430725,1.604594111442566,0.31364262104034424,True,-3.943523645401001,0.9375,-4.000769783591753,0.19581203162670135,-5.0,-3.8730924129486084,-4.646127700805664,-3.067981243133545,0.0
640,ACH-000691,0.9392186999320984,-0.9687997698783875,1.6061131954193115,0.30190524458885193,True,-4.051905155181885,0.90625,-4.005883320750766,0.25204890966415405,-5.0,-3.953826427459717,-4.628672122955322,-3.254269599914551,0.0
641,ACH-000699,0.4117565155029297,-1.487236499786377,1.5846433639526367,0.31434959173202515,True,-4.05021858215332,0.921875,-4.010316846891022,0.17177514731884003,-5.0,-3.96972918510437,-4.999812602996826,-3.332942247390747,0.0
642,ACH-000711,0.07968378067016602,-1.7884645462036133,1.5529441833496094,0.3152042031288147,True,-4.083530426025391,0.90625,-4.0176382048044585,0.19786763191223145,-5.0,-3.988722801208496,-4.759766578674316,-3.1906988620758057,0.0
643,ACH-000725,-0.489696741104126,-2.399343490600586,1.5932978391647339,0.3163488507270813,True,-4.140475273132324,0.875,-4.029921911637246,0.16024988889694214,-5.0,-4.017686367034912,-4.835768699645996,-3.341045618057251,0.0
644,ACH-000755,-4.822295188903809,-6.715527057647705,1.5723506212234497,0.320881187915802,True,-4.077856063842773,0.859375,-4.034715326857798,0.08508285880088806,-5.0,-3.926959753036499,-4.702614784240723,-3.1900887489318848,0.0
645,ACH-000759,0.8392395973205566,-1.0062695741653442,1.5418174266815186,0.3036917746067047,True,-3.9309072494506836,0.921875,-4.024334519117087,0.17941194772720337,-5.0,-3.840306282043457,-4.627814769744873,-3.0651822090148926,0.0
646,ACH-000768,0.37764835357666016,-1.5682709217071533,1.6544790267944336,0.2914402484893799,True,-4.072235107421875,0.859375,-4.029124577947566,0.23360614478588104,-5.0,-3.9204189777374268,-4.963021278381348,-3.332688331604004,0.0
647,ACH-000783,1.1739389896392822,-0.7160181403160095,1.5785305500030518,0.31142657995224,True,-4.066642761230469,0.921875,-4.0328763962758565,0.17015287280082703,-5.0,-3.9875447750091553,-5.080233573913574,-3.0828287601470947,0.016949152573943138
648,ACH-000818,2.027284622192383,0.17232267558574677,1.537097692489624,0.31786420941352844,True,-3.3876309394836426,0.828125,-3.968351850596635,0.20094546675682068,-5.0,-3.052988290786743,-3.861959457397461,-2.8212621212005615,0.0
649,ACH-000828,1.225656509399414,-0.677253007888794,1.599479079246521,0.303430438041687,True,-3.4731826782226562,0.859375,-3.9188349333592374,0.195978045463562,-5.0,-3.223339796066284,-3.999173164367676,-2.7423272132873535,0.0
650,ACH-000849,-1.2407233715057373,-3.0684382915496826,1.5442315340042114,0.2834833264350891,True,-3.958148717880249,0.90625,-3.9227663118113387,0.12567439675331116,-5.0,-3.8503706455230713,-4.700740814208984,-1.9709265232086182,0.0
651,ACH-000856,1.6030056476593018,-0.32932764291763306,1.625190258026123,0.30714309215545654,True,-3.8449788093566895,0.953125,-3.914987561565874,0.17242103815078735,-5.0,-3.7881743907928467,-4.61911678314209,-3.237565517425537,0.0
652,ACH-000857,0.26545679569244385,-1.7112478017807007,1.6643770933151245,0.31232750415802,True,-4.030319690704346,0.921875,-3.926520774479721,0.17122778296470642,-5.0,-3.948143243789673,-4.926052570343018,-2.1305360794067383,0.0
653,ACH-000859,-0.7105019092559814,-2.630859375,1.6214947700500488,0.29886263608932495,True,-4.107903480529785,0.84375,-3.944659045084727,0.15350189805030823,-5.0,-3.9427003860473633,-4.68732213973999,-3.0910890102386475,0.0
654,ACH-000876,-0.4340851306915283,-2.319397211074829,1.5732709169387817,0.31204119324684143,True,-4.0287675857543945,0.90625,-3.9530698991516937,0.1032404750585556,-5.0,-3.928295612335205,-4.654486179351807,-3.2691562175750732,0.0
655,ACH-000902,0.612576961517334,-1.3234199285507202,1.634157419204712,0.3018394708633423,True,-4.005918025970459,0.921875,-3.9583547118335702,0.1786842942237854,-5.0,-3.9216737747192383,-4.676823616027832,-3.2679412364959717,0.0
656,ACH-000910,0.3293877840042114,-1.5816770792007446,1.6115849018096924,0.29947996139526367,True,-4.026467800140381,0.921875,-3.965166020664251,0.21762512624263763,-5.0,-3.943965196609497,-4.638227939605713,-3.7444443702697754,0.0
657,ACH-000927,1.2495777606964111,-0.625508189201355,1.5725603103637695,0.3025256395339966,True,-3.935703992843628,0.9375,-3.962219817882189,0.2297857701778412,-5.0,-3.8647513389587402,-4.660800457000732,-3.1645801067352295,0.0
658,ACH-000930,1.067955732345581,-0.8714962005615234,1.6262986660003662,0.3131532371044159,True,-3.9992213249206543,0.953125,-3.9659199685860353,0.25456440448760986,-5.0,-3.950002431869507,-4.98943567276001,-3.063331127166748,0.0
659,ACH-000934,0.19458866119384766,-1.6227757930755615,1.5208841562271118,0.29648035764694214,True,-4.06674861907959,0.875,-3.9760028336353908,0.2510058879852295,-5.0,-3.933427095413208,-5.004807949066162,-3.248281478881836,0.01785714365541935
660,ACH-001390,1.2834583520889282,-0.6001467704772949,1.6101003885269165,0.27350470423698425,True,-3.9195241928100586,0.921875,-3.9703549695528575,0.21246427297592163,-5.0,-3.827958345413208,-5.023115634918213,-3.0866732597351074,0.016949152573943138
661,ACH-001819,2.0230910778045654,0.0672793909907341,1.6499972343444824,0.3058145344257355,True,-3.762176752090454,0.96875,-3.949537147806617,0.16767510771751404,-5.0,-3.7222468852996826,-4.5196123123168945,-3.210580587387085,0.0
662,ACH-001820,-0.4807016849517822,-2.357764959335327,1.5808025598526,0.2962607145309448,True,-4.1480865478515625,0.859375,-3.9693920878111117,0.19037991762161255,-5.0,-4.0086822509765625,-4.988853931427002,-3.3428099155426025,0.0
663,ACH-000017,0.09582304954528809,-1.6355372667312622,1.4196734428405762,0.3116868734359741,True,-3.995577812194824,0.953125,-3.9720106602494827,0.16920772194862366,-5.0,-3.9461798667907715,-4.582335472106934,-3.0577774047851562,0.0
664,ACH-000019,-0.5630950927734375,-2.411733388900757,1.56636381149292,0.282274454832077,True,-4.115935802459717,0.84375,-3.986403174470506,0.2264673262834549,-5.0,-3.9522199630737305,-4.924431800842285,-3.0661206245422363,0.0
665,ACH-000044,2.031409502029419,0.22865405678749084,1.505132794380188,0.2976226806640625,True,-3.5449295043945312,0.90625,-3.9422558074629084,0.1977490931749344,-5.0,-3.394404888153076,-4.802038669586182,-2.840099334716797,0.0
666,ACH-000097,-0.8162074089050293,-2.6302993297576904,1.5231963396072388,0.29089561104774475,True,-4.143998622894287,0.921875,-3.9624300890060464,0.18731363117694855,-5.0,-4.071455955505371,-4.929634094238281,-3.52072811126709,0.0
667,ACH-000111,-0.24221491813659668,-2.088186264038086,1.5477491617202759,0.2982221841812134,True,-4.0864973068237305,0.921875,-3.974836810787815,0.1195547953248024,-5.0,-4.009081840515137,-5.075224876403809,-3.2322006225585938,0.016949152573943138
668,ACH-000117,1.4785360097885132,-0.44731593132019043,1.6133111715316772,0.31254076957702637,True,-3.968435764312744,0.96875,-3.9741967061403076,0.1501343548297882,-5.0,-3.935159683227539,-4.894291877746582,-3.1916606426239014,0.0
669,ACH-000147,-0.6347498893737793,-2.476994752883911,1.5749800205230713,0.26726484298706055,True,-4.010188102722168,0.890625,-3.9777958457984934,0.08352766931056976,-5.0,-3.8886325359344482,-4.756485462188721,-3.26749849319458,0.0
670,ACH-000148,0.6398888826370239,-1.1631678342819214,1.5274240970611572,0.2756326198577881,True,-4.074522495269775,0.953125,-3.9874685107456216,0.1344321072101593,-5.0,-4.0290069580078125,-4.802168846130371,-2.880889415740967,0.0
671,ACH-000196,0.8749465942382812,-1.017815113067627,1.597806453704834,0.2949552536010742,True,-3.9248318672180176,0.953125,-3.981204846392861,0.16978543996810913,-5.0,-3.8719544410705566,-4.5329694747924805,-3.5331239700317383,0.0
672,ACH-000212,-0.08015859127044678,-1.9191440343856812,1.5452566146850586,0.293728768825531,True,-4.0911760330200195,0.890625,-3.992201965055577,0.15456734597682953,-5.0,-3.9795658588409424,-4.8295512199401855,-3.091063976287842,0.0
673,ACH-000223,1.5156499147415161,-0.40417924523353577,1.6125127077102661,0.307316392660141,True,-3.9266648292541504,0.953125,-3.985648251475434,0.13529808819293976,-5.0,-3.87387752532959,-4.440140724182129,-3.0884602069854736,0.0
674,ACH-000248,0.7677226066589355,-1.1254669427871704,1.5926364660263062,0.3005530834197998,True,-4.000114440917969,0.9375,-3.9870948704196874,0.16018639504909515,-5.0,-3.9334561824798584,-4.625032424926758,-3.425384521484375,0.0
675,ACH-000258,0.6530535221099854,-1.1908676624298096,1.534298300743103,0.3096228837966919,True,-3.933687210083008,0.953125,-3.9817541043860194,0.1822061836719513,-5.0,-3.8812453746795654,-5.138768196105957,-3.1662209033966064,0.016393441706895828
676,ACH-000276,0.2638639211654663,-1.5276492834091187,1.5046066045761108,0.28690657019615173,True,-4.023183822631836,0.9375,-3.985897076210601,0.14334282279014587,-5.0,-3.9580628871917725,-5.157947540283203,-3.1887426376342773,0.03333333507180214
677,ACH-000277,1.0898947715759277,-0.7869781851768494,1.580488681793213,0.2963842749595642,True,-3.9186084270477295,0.9375,-3.979168211294314,0.1565088927745819,-5.0,-3.8465158939361572,-4.516039848327637,-3.0552375316619873,0.0
678,ACH-000288,-2.1108992099761963,-3.988820791244507,1.5972297191619873,0.28069180250167847,True,-4.194054126739502,0.765625,-4.000656802838833,0.14139442145824432,-5.0,-3.947335958480835,-4.857465744018555,-3.088369369506836,0.0
679,ACH-000330,0.6398829221725464,-1.2549937963485718,1.600751519203186,0.2941252291202545,True,-4.045077323913574,0.90625,-4.005098854946307,0.12411373108625412,-5.0,-3.9462921619415283,-4.868066787719727,-3.25844144821167,0.0
680,ACH-000349,0.22691547870635986,-1.676650047302246,1.6087826490402222,0.2947828769683838,True,-4.072852611541748,0.921875,-4.0118742306058515,0.097261443734169,-5.0,-3.9942805767059326,-4.727781772613525,-3.55767560005188,0.0
681,ACH-000352,0.7985564470291138,-1.0966084003448486,1.593909502029419,0.30125534534454346,True,-3.758493185043335,0.90625,-3.9865361260495997,0.11472190916538239,-5.0,-3.630061149597168,-4.769806385040283,-2.981955051422119,0.0
682,ACH-000374,-0.26077866554260254,-2.1615967750549316,1.5962673425674438,0.30455082654953003,True,-4.063173294067383,0.875,-3.994199842851378,0.13719403743743896,-5.0,-3.9293410778045654,-5.2152509689331055,-3.0827136039733887,0.01785714365541935
683,ACH-000536,0.4901171922683716,-1.333884596824646,1.5235697031021118,0.3004320561885834,True,-4.01173210144043,0.9375,-3.9959530687102833,0.11830928176641464,-5.0,-3.945847988128662,-4.7465972900390625,-3.343055248260498,0.0
684,ACH-000554,0.3098644018173218,-1.5563234090805054,1.576951026916504,0.28923672437667847,True,-4.062596321105957,0.90625,-4.00261739394985,0.1434439867734909,-5.0,-3.965623617172241,-4.740810394287109,-3.605257272720337,0.0
685,ACH-000568,2.6720352172851562,0.8380755186080933,1.5495260953903198,0.2844337224960327,True,-3.6719725131988525,0.96875,-3.969552905874751,0.19406069815158844,-5.0,-3.6291327476501465,-4.4723286628723145,-3.0512993335723877,0.0
686,ACH-000573,0.3599569797515869,-1.4943490028381348,1.5652552843093872,0.2890506982803345,True,-3.92317533493042,0.921875,-3.964915148780318,0.15241238474845886,-5.0,-3.831918954849243,-4.75309944152832,-3.1233177185058594,0.0
687,ACH-000621,-0.19939303398132324,-2.0595571994781494,1.5694400072097778,0.29072409868240356,True,-4.09687614440918,0.890625,-3.978111248343204,0.115454763174057,-5.0,-3.985966205596924,-5.2098588943481445,-3.08790922164917,0.05263157933950424
688,ACH-000624,1.0063679218292236,-0.7891033291816711,1.5009677410125732,0.29450342059135437,True,-3.9124338626861572,0.9375,-3.9715435097774994,0.1883777230978012,-5.0,-3.8399295806884766,-4.491838455200195,-3.1650609970092773,0.0
689,ACH-000643,0.300650954246521,-1.5389184951782227,1.5408289432525635,0.29874053597450256,True,-4.035519599914551,0.90625,-3.9779411187912044,0.17094606161117554,-5.0,-3.9357457160949707,-5.0955986976623535,-3.0898070335388184,0.017241379246115685
690,ACH-000668,0.287020206451416,-1.5760266780853271,1.5648711919784546,0.29817575216293335,True,-4.052104473114014,0.921875,-3.985357454223485,0.13076256215572357,-5.0,-3.9717743396759033,-4.940398216247559,-3.3129515647888184,0.0
691,ACH-000691,0.07567405700683594,-1.793830394744873,1.5841525793075562,0.2853519320487976,True,-4.000504970550537,0.921875,-3.9868722058561903,0.1591241955757141,-5.0,-3.915802240371704,-5.3813605308532715,-3.0459327697753906,0.016949152573943138
692,ACH-000699,0.22660493850708008,-1.6293110847473145,1.560408592224121,0.29550737142562866,True,-4.017766952514648,0.921875,-3.989961680522036,0.18555694818496704,-5.0,-3.9345266819000244,-4.991279125213623,-3.2977612018585205,0.0
693,ACH-000711,0.2355262041091919,-1.6167653799057007,1.555411458015442,0.2968800961971283,True,-4.017930030822754,0.921875,-3.992758515552108,0.15920951962471008,-5.0,-3.934703826904297,-4.713893890380859,-3.327399730682373,0.0
694,ACH-000725,0.19220399856567383,-1.6956150531768799,1.5882530212402344,0.29956597089767456,True,-4.040179252624512,0.9375,-3.9975005892593485,0.1426001340150833,-5.0,-3.976191997528076,-4.98059606552124,-3.0914406776428223,0.0
695,ACH-000755,1.0279505252838135,-0.8448517322540283,1.5771453380584717,0.29565688967704773,True,-3.9649972915649414,0.921875,-3.994250259489908,0.23238326609134674,-5.0,-3.8772852420806885,-4.814802646636963,-3.085902690887451,0.0
696,ACH-000759,0.7181806564331055,-1.155060052871704,1.580696702003479,0.29254400730133057,True,-3.857990026473999,0.890625,-3.9806242361883166,0.12672317028045654,-5.0,-3.717743396759033,-4.291172504425049,-3.0651822090148926,0.0
697,ACH-000768,0.022423863410949707,-1.8848975896835327,1.6254206895828247,0.2819007933139801,True,-4.026401519775391,0.859375,-3.985201964547024,0.15328124165534973,-5.0,-3.8670854568481445,-4.728670597076416,-3.081125259399414,0.0
698,ACH-000783,0.10049211978912354,-1.7218009233474731,1.5348838567733765,0.287409245967865,True,-4.071655750274658,0.859375,-3.9938473431197874,0.10069077461957932,-5.0,-3.9197447299957275,-4.744351387023926,-3.19416880607605,0.0
699,ACH-000818,3.0633068084716797,1.2811897993087769,1.4850807189941406,0.2970363199710846,True,-3.2041313648223877,0.90625,-3.9148757452900473,0.1299116015434265,-5.0,-3.0183517932891846,-3.5315451622009277,-2.6746323108673096,0.0
700,ACH-000828,-3.2164089679718018,-5.08742094039917,1.5766881704330444,0.2943238615989685,True,-3.4441072940826416,0.84375,-3.8677989001693067,0.07885833084583282,-5.0,-3.1559786796569824,-3.6684300899505615,-2.808439016342163,0.0
701,ACH-000849,-0.05729329586029053,-1.852416753768921,1.5201107263565063,0.275012731552124,True,-3.920522689819336,0.9375,-3.87307127913431,0.12375946342945099,-5.0,-3.848557710647583,-4.420246124267578,-3.1643552780151367,0.0
702,ACH-000856,0.679623007774353,-1.2126919031143188,1.6037678718566895,0.28854697942733765,True,-3.942253589630127,0.921875,-3.8799895101838917,0.2597285509109497,-5.0,-3.852614164352417,-4.716588020324707,-3.0504865646362305,0.0
703,ACH-000857,-1.0880465507507324,-2.982941150665283,1.6037393808364868,0.29115521907806396,True,-4.120940685272217,0.84375,-3.904084627692724,0.1849176436662674,-5.0,-3.9581520557403564,-5.160813331604004,-3.5274415016174316,0.018518518656492233
704,ACH-000859,0.1817246675491333,-1.6569467782974243,1.555652379989624,0.2830190658569336,True,-4.041088104248047,0.890625,-3.917784975348256,0.19094304740428925,-5.0,-3.9233269691467285,-4.7457122802734375,-3.0910890102386475,0.0
705,ACH-000876,0.4957364797592163,-1.3858187198638916,1.5857198238372803,0.29583540558815,True,-3.923043727874756,0.953125,-3.9183108506009057,0.11384434998035431,-5.0,-3.8700785636901855,-4.677287578582764,-3.081920862197876,0.0
706,ACH-000902,0.37396204471588135,-1.537050485610962,1.6140211820602417,0.29699134826660156,True,-3.9103844165802,0.953125,-3.9175182071988353,0.09862683713436127,-5.0,-3.8567962646484375,-4.873113632202148,-3.04325270652771,0.0
707,ACH-000910,0.9440281391143799,-0.9173364639282227,1.569843053817749,0.2915216088294983,True,-3.964977741241455,0.9375,-3.9222641606030972,0.12274673581123352,-5.0,-3.8959765434265137,-4.605450630187988,-3.17512583732605,0.0
708,ACH-000927,-2.2760467529296875,-4.062129974365234,1.487090826034546,0.2989923655986786,True,-4.015275955200195,0.859375,-3.931565340062807,0.15351875126361847,-5.0,-3.8541390895843506,-4.6636881828308105,-3.0732269287109375,0.0
709,ACH-000930,-0.7658548355102539,-2.7054455280303955,1.645080327987671,0.2945103645324707,True,-4.025224208831787,0.890625,-3.9409312269397048,0.15059228241443634,-5.0,-3.90551495552063,-4.830870151519775,-3.2469358444213867,0.0
710,ACH-000934,1.3302547931671143,-0.44411537051200867,1.4843394756317139,0.2900307774543762,True,-3.9035122394561768,0.953125,-3.937189328191352,0.23381420969963074,-5.0,-3.849586248397827,-4.6293230056762695,-3.064746618270874,0.0
711,ACH-001390,1.462782382965088,-0.3716382384300232,1.5668808221817017,0.26753970980644226,True,-3.827409029006958,0.9375,-3.9262112982729125,0.17237207293510437,-5.0,-3.749236583709717,-4.469577789306641,-3.0866732597351074,0.0
712,ACH-001819,0.652045726776123,-1.2031899690628052,1.5642707347869873,0.29096493124961853,True,-3.8920581340789795,0.859375,-3.922795981853519,0.2808961570262909,-5.0,-3.7107584476470947,-4.378943920135498,-3.0324697494506836,0.0
713,ACH-001820,-0.6916742324829102,-2.53071665763855,1.5462791919708252,0.29276329278945923,True,-4.074650764465332,0.84375,-3.9379814601147007,0.14763514697551727,-5.0,-3.903289556503296,-4.760078430175781,-3.089878797531128,0.0
714,ACH-000017,0.73482346534729,-1.1337387561798096,1.5745149850845337,0.2940472960472107,True,-3.9307003021240234,0.921875,-3.937253344315633,0.12131119519472122,-5.0,-3.8400819301605225,-4.738264083862305,-3.176306962966919,0.0
715,ACH-000019,0.1573944091796875,-1.6293840408325195,1.5172361135482788,0.269542396068573,True,-3.9908063411712646,0.890625,-3.9426086440011963,0.15555056929588318,-5.0,-3.8668699264526367,-4.692318916320801,-3.0661206245422363,0.0
716,ACH-000044,0.766688346862793,-0.9835630655288696,1.4678936004638672,0.2823578119277954,True,-3.55753755569458,0.921875,-3.904101535170535,0.09730157256126404,-5.0,-3.4352948665618896,-4.239843368530273,-3.080400228500366,0.0
717,ACH-000097,0.2312566041946411,-1.5550885200500488,1.5065464973449707,0.27979859709739685,True,-3.9584197998046875,0.953125,-3.90953336163395,0.14990589022636414,-5.0,-3.907194137573242,-4.735925197601318,-3.250509262084961,0.0
718,ACH-000111,1.1497032642364502,-0.7320052981376648,1.5955950021743774,0.2861135005950928,True,-3.9513888359069824,0.96875,-3.913718909061253,0.20244763791561127,-5.0,-3.917562484741211,-5.024203300476074,-3.2512893676757812,0.016129031777381897
719,ACH-000117,1.2807948589324951,-0.5808270573616028,1.580533742904663,0.281088262796402,True,-3.9483633041381836,0.953125,-3.9171833485689462,0.24796250462532043,-5.0,-3.8966431617736816,-4.9823455810546875,-3.0866010189056396,0.0
720,ACH-000147,-0.7926348447799683,-2.627758741378784,1.561566948890686,0.2735569179058075,True,-4.138751983642578,0.859375,-3.9393402120763095,0.22808527946472168,-5.0,-3.9978203773498535,-4.860806465148926,-3.267533302307129,0.0
721,ACH-000148,-1.151105523109436,-3.1335644721984863,1.714084267616272,0.2683746814727783,True,-4.048503875732422,0.90625,-3.9502565784419206,0.1300782859325409,-5.0,-3.950073003768921,-5.050205707550049,-3.0887203216552734,0.017241379246115685
722,ACH-000196,0.8706127405166626,-0.935073733329773,1.524609088897705,0.2810773253440857,True,-3.922239065170288,0.890625,-3.947454827114757,0.22561773657798767,-5.0,-3.789882183074951,-4.518488883972168,-3.239077091217041,0.0
723,ACH-000212,-1.4016625881195068,-3.2699906826019287,1.5911829471588135,0.2771450877189636,True,-4.104820251464844,0.875,-3.963191369549766,0.15630099177360535,-5.0,-3.9769372940063477,-5.398493766784668,-3.091063976287842,0.01785714365541935
724,ACH-000223,0.9022711515426636,-0.8703354597091675,1.4961059093475342,0.27650076150894165,True,-4.016901016235352,0.9375,-3.968562334218325,0.14684967696666718,-5.0,-3.9513609409332275,-4.720817565917969,-3.3304061889648438,0.0
725,ACH-000248,1.252584457397461,-0.6370802521705627,1.6029208898544312,0.28674376010894775,True,-3.9239792823791504,0.96875,-3.964104029034407,0.15362520515918732,-5.0,-3.8892688751220703,-4.674533843994141,-3.0454328060150146,0.0
726,ACH-000258,0.2825061082839966,-1.5919660329818726,1.5847153663635254,0.28975677490234375,True,-3.8973097801208496,0.890625,-3.957424604143051,0.15672573447227478,-5.0,-3.7618916034698486,-4.447198867797852,-3.1694111824035645,0.0
727,ACH-000276,-0.5063492059707642,-2.3815717697143555,1.5852165222167969,0.29000604152679443,True,-4.144639015197754,0.890625,-3.9761460452485213,0.1619696021080017,-5.0,-4.039595127105713,-5.157947540283203,-3.0746803283691406,0.017543859779834747
728,ACH-000277,1.8231744766235352,-0.11140316724777222,1.6376912593841553,0.29688629508018494,True,-3.8368983268737793,0.9375,-3.962221273411047,0.22441767156124115,-5.0,-3.7593584060668945,-4.507667541503906,-3.0552377700805664,0.0
729,ACH-000288,0.6694042682647705,-1.2098597288131714,1.6040184497833252,0.2752455472946167,True,-4.013082504272461,0.90625,-3.9673073964971883,0.18082857131958008,-5.0,-3.910987615585327,-4.738454818725586,-3.088369369506836,0.0
730,ACH-000330,0.8136080503463745,-1.0490078926086426,1.5732295513153076,0.2893863916397095,True,-3.9673447608947754,0.953125,-3.9673111329369473,0.17804642021656036,-5.0,-3.916558265686035,-4.827864646911621,-3.0717861652374268,0.0
731,ACH-000349,1.0021905899047852,-0.9067239761352539,1.620210886001587,0.28870368003845215,True,-4.002872467041016,0.9375,-3.970867266347354,0.2101822793483734,-5.0,-3.9363975524902344,-4.9670634269714355,-3.195934295654297,0.0
732,ACH-000352,-0.07083463668823242,-1.9380216598510742,1.5739195346832275,0.29326754808425903,True,-3.8267526626586914,0.859375,-3.956455805978488,0.18841753900051117,-5.0,-3.6347665786743164,-4.534814834594727,-2.981955051422119,0.0
733,ACH-000374,1.4491583108901978,-0.4515732228755951,1.6070369482040405,0.29369455575942993,True,-3.950985908508301,0.953125,-3.955908816231469,0.16736464202404022,-5.0,-3.8993945121765137,-4.742875099182129,-3.3347084522247314,0.0
734,ACH-000536,0.3745948076248169,-1.4420671463012695,1.5385786294937134,0.27808335423469543,True,-4.00102424621582,0.9375,-3.960420359229904,0.17791640758514404,-5.0,-3.9344260692596436,-4.762017726898193,-3.090961456298828,0.0
735,ACH-000554,-0.2734241485595703,-2.140026330947876,1.5738778114318848,0.2927243113517761,True,-3.990603446960449,0.875,-3.9634386680029587,0.10930509120225906,-5.0,-3.8464040756225586,-4.751606464385986,-3.091114044189453,0.0
736,ACH-000568,2.261601448059082,0.44989895820617676,1.5350937843322754,0.27660855650901794,True,-3.6438491344451904,0.953125,-3.931479714647182,0.22955751419067383,-5.0,-3.577152967453003,-4.505825519561768,-2.9864139556884766,0.0
737,ACH-000573,1.2147775888442993,-0.6943312883377075,1.623515009880066,0.28559380769729614,True,-3.8042778968811035,0.96875,-3.918759532870574,0.16218408942222595,-5.0,-3.7657060623168945,-4.946139812469482,-3.042104482650757,0.0
738,ACH-000621,1.2127363681793213,-0.6708120703697205,1.6065813302993774,0.27696722745895386,True,-3.952495574951172,0.96875,-3.9221331370786334,0.14605283737182617,-5.0,-3.9187052249908447,-4.736715793609619,-3.087908983230591,0.0
739,ACH-000624,0.2582359313964844,-1.598294734954834,1.5669620037078857,0.28956860303878784,True,-3.9407742023468018,0.890625,-3.9239972436054504,0.10456016659736633,-5.0,-3.8106939792633057,-4.445473670959473,-3.0383682250976562,0.0
740,ACH-000643,1.2720119953155518,-0.5504102110862732,1.5469624996185303,0.27545982599258423,True,-3.859395980834961,0.953125,-3.9175371173284015,0.11988065391778946,-5.0,-3.803300380706787,-4.709194183349609,-3.0898070335388184,0.0
741,ACH-000668,0.6923316717147827,-1.2030820846557617,1.6175973415374756,0.27781641483306885,True,-3.9034276008605957,0.9375,-3.9161261656816206,0.14183801412582397,-5.0,-3.8303229808807373,-4.660999298095703,-3.067981243133545,0.0
742,ACH-000691,1.7693331241607666,-0.12348433583974838,1.6005388498306274,0.29227861762046814,True,-3.839778423309326,0.984375,-3.908491391444391,0.23866203427314758,-5.0,-3.8213624954223633,-4.770524024963379,-3.0459327697753906,0.0
743,ACH-000699,1.0567128658294678,-0.8216233849525452,1.5964292287826538,0.28190702199935913,True,-3.8900532722473145,0.921875,-3.9066475795246833,0.18509218096733093,-5.0,-3.795990228652954,-4.5941877365112305,-3.190218210220337,0.0
744,ACH-000711,1.2311065196990967,-0.6438643932342529,1.5918911695480347,0.28307974338531494,True,-3.902766704559326,0.96875,-3.9062594920281475,0.20465761423110962,-5.0,-3.8673720359802246,-4.693536758422852,-3.077418804168701,0.0
745,ACH-000725,-0.2102353572845459,-2.071343421936035,1.5776503086090088,0.2834576964378357,True,-3.9638590812683105,0.90625,-3.912019450952164,0.09902159124612808,-5.0,-3.8566718101501465,-4.744190216064453,-3.0914406776428223,0.0
746,ACH-000755,1.540150761604309,-0.26359525322914124,1.5295766592025757,0.27416932582855225,True,-3.838379383087158,0.953125,-3.9046554441656633,0.13222472369670868,-5.0,-3.78125,-4.702614784240723,-3.085902690887451,0.0
747,ACH-000759,0.7073249816894531,-1.1523165702819824,1.5806620121002197,0.2789795994758606,True,-3.8107852935791016,0.921875,-3.895268429107007,0.10745363682508469,-5.0,-3.7100045680999756,-4.567963123321533,-3.0651822090148926,0.0
748,ACH-000768,0.8273806571960449,-0.9893282651901245,1.540058970451355,0.27664995193481445,True,-3.9162635803222656,0.96875,-3.8973679442285327,0.1637468934059143,-5.0,-3.8813042640686035,-4.963621139526367,-3.081125259399414,0.0
749,ACH-000783,1.1959056854248047,-0.6382502913475037,1.553404450416565,0.28075164556503296,True,-3.889436721801758,0.953125,-3.896574821985855,0.20434804260730743,-5.0,-3.8348186016082764,-4.615704536437988,-3.234316349029541,0.0
750,ACH-000818,1.5028018951416016,-0.35011181235313416,1.5634160041809082,0.2894977331161499,True,-3.3434131145477295,0.84375,-3.8412586512420424,0.14648129045963287,-5.0,-3.036637544631958,-4.003033638000488,-2.6247658729553223,0.0
751,ACH-000828,0.6761102676391602,-1.2113975286483765,1.607890009880066,0.2796177864074707,True,-3.4028961658477783,0.859375,-3.7974224027026158,0.09021967649459839,-5.0,-3.1415514945983887,-4.08579158782959,-2.7423272132873535,0.0
752,ACH-000849,0.5124785900115967,-1.258691430091858,1.517403483390808,0.25376656651496887,True,-3.8700203895568848,0.953125,-3.8046822013880424,0.15314608812332153,-5.0,-3.8144476413726807,-4.709923267364502,-3.03851318359375,0.0
753,ACH-000856,0.6846073865890503,-1.100372314453125,1.5054545402526855,0.27952516078948975,True,-3.7076892852783203,0.953125,-3.79498290977707,0.16415435075759888,-5.0,-3.6441328525543213,-5.05717134475708,-2.386410713195801,0.016393441706895828
754,ACH-000857,-0.02495265007019043,-1.8142141103744507,1.5183736085891724,0.2708878219127655,True,-3.967377185821533,0.9375,-3.8122223373815163,0.19829121232032776,-5.0,-3.898535966873169,-4.8721818923950195,-3.046297550201416,0.0
755,ACH-000859,0.6353491544723511,-1.2018585205078125,1.5714759826660156,0.26573166251182556,True,-3.8344037532806396,0.984375,-3.8144404789714286,0.14196547865867615,-5.0,-3.8159022331237793,-4.7457122802734375,-3.0910890102386475,0.0
756,ACH-000876,0.13124585151672363,-1.756483554840088,1.615736484527588,0.27199286222457886,True,-3.852010726928711,0.953125,-3.818197503767157,0.09970550239086151,-5.0,-3.7955520153045654,-4.841967582702637,-3.081920862197876,0.0
757,ACH-000902,-1.945249319076538,-3.8066351413726807,1.5969878435134888,0.2643979787826538,True,-3.9358386993408203,0.875,-3.8299616233245235,0.1119108572602272,-5.0,-3.783815860748291,-4.527228355407715,-3.04325270652771,0.0
758,ACH-000910,0.5405452251434326,-1.2602977752685547,1.526319146156311,0.2745237946510315,True,-3.8744654655456543,0.953125,-3.8344120075466366,0.18448659777641296,-5.0,-3.8191111087799072,-4.638227939605713,-3.056258201599121,0.0
759,ACH-000927,1.7070987224578857,-0.09358195960521698,1.526653528213501,0.27402716875076294,True,-3.712397813796997,1.0,-3.822210588171673,0.16483508050441742,-5.0,-3.712397813796997,-4.660175800323486,-3.0732271671295166,0.0
760,ACH-000930,-0.3477025032043457,-2.1476144790649414,1.5313471555709839,0.26856476068496704,True,-3.9840784072875977,0.890625,-3.8383973700832654,0.1622004210948944,-5.0,-3.859316110610962,-5.010741233825684,-3.089491367340088,0.017543859779834747
761,ACH-000934,-0.024898052215576172,-1.8362603187561035,1.5493823289871216,0.261979877948761,True,-3.8659017086029053,0.90625,-3.8411478039352294,0.1365073323249817,-5.0,-3.7485811710357666,-4.6293230056762695,-3.064746618270874,0.0
762,ACH-001390,1.3188167810440063,-0.4902607202529907,1.5675140619277954,0.24156337976455688,True,-3.6489205360412598,0.9375,-3.821925077145832,0.17712581157684326,-5.0,-3.5588490962982178,-4.780430793762207,-3.0866732597351074,0.0
763,ACH-001819,1.3721433877944946,-0.4398138225078583,1.5376157760620117,0.2743414342403412,True,-3.712587356567383,0.9375,-3.8109913050879873,0.1932929903268814,-5.0,-3.626760244369507,-4.433881759643555,-3.0324697494506836,0.0
764,ACH-001820,1.0399349927902222,-0.8005324602127075,1.5729683637619019,0.2674991488456726,True,-3.8724145889282227,0.984375,-3.817133633472011,0.24939250946044922,-5.0,-3.8545165061950684,-4.7429609298706055,-3.089878797531128,0.0
765,ACH-000017,0.3772575855255127,-1.3179020881652832,1.4231160879135132,0.27204352617263794,True,-3.7890470027923584,0.953125,-3.8143249704040456,0.1101006418466568,-5.0,-3.729491710662842,-4.726571559906006,-3.0577774047851562,0.0
766,ACH-000019,-0.7847788333892822,-2.6190991401672363,1.5749177932739258,0.2594025135040283,True,-3.994612693786621,0.890625,-3.832353742742303,0.21587222814559937,-5.0,-3.8711440563201904,-5.3471808433532715,-3.0661206245422363,0.017543859779834747
767,ACH-000044,1.3332277536392212,-0.37712231278419495,1.4439979791641235,0.2663520872592926,True,-3.493439197540283,0.890625,-3.798462288222101,0.15360277891159058,-5.0,-3.3084230422973633,-4.802038669586182,-2.840099334716797,0.0
768,ACH-000097,0.49205517768859863,-1.2290058135986328,1.4701955318450928,0.2508654296398163,True,-3.865447521209717,0.921875,-3.8051608115208624,0.2545020282268524,-5.0,-3.7692995071411133,-5.031013488769531,-3.0879204273223877,0.016949152573943138
769,ACH-000111,1.498624563217163,-0.383925199508667,1.6105979681015015,0.27195173501968384,True,-3.802488327026367,1.0,-3.804893563071413,0.16853266954421997,-5.0,-3.802488327026367,-4.636776924133301,-3.052527904510498,0.0
770,ACH-000117,1.5329535007476807,-0.3210086226463318,1.576751470565796,0.2772107422351837,True,-3.7997164726257324,0.953125,-3.8043758540268446,0.22338919341564178,-5.0,-3.7406857013702393,-4.639995574951172,-3.0866007804870605,0.0
771,ACH-000147,-0.7815430164337158,-2.71591854095459,1.6645900011062622,0.2697855234146118,True,-3.9098587036132812,0.890625,-3.8149241389854884,0.2230706661939621,-5.0,-3.7759816646575928,-4.745514869689941,-3.077127456665039,0.0
772,ACH-000148,-0.6356265544891357,-2.563420534133911,1.667538046836853,0.2602559030056,True,-3.946300506591797,0.90625,-3.8280617757461193,0.15031185746192932,-5.0,-3.8372974395751953,-5.027223587036133,-3.0887203216552734,0.017241379246115685
773,ACH-000196,-0.06606483459472656,-1.941131353378296,1.5966519117355347,0.2784145474433899,True,-3.8055167198181152,0.9375,-3.825807270153319,0.10201874375343323,-5.0,-3.7258846759796143,-4.543656826019287,-3.058457851409912,0.0
774,ACH-000212,0.5268028974533081,-1.3310478925704956,1.5888972282409668,0.26895350217819214,True,-3.889216661453247,0.921875,-3.8321482092833117,0.16320034861564636,-5.0,-3.7950823307037354,-4.745846271514893,-3.091063976287842,0.0
775,ACH-000223,0.029180169105529785,-1.8125721216201782,1.5719056129455566,0.26984667778015137,True,-3.8183584213256836,0.921875,-3.8307692304875487,0.11618980020284653,-5.0,-3.71821928024292,-4.720817565917969,-3.0884602069854736,0.0
776,ACH-000248,-0.5878341197967529,-2.3764939308166504,1.5302319526672363,0.2584279179573059,True,-3.890476703643799,0.9375,-3.8367399778031737,0.16158832609653473,-5.0,-3.8165087699890137,-4.770373344421387,-3.0454328060150146,0.0
777,ACH-000258,-0.23840367794036865,-2.0710418224334717,1.5679446458816528,0.2646934986114502,True,-3.8295388221740723,0.953125,-3.8360198622402635,0.07831171900033951,-5.0,-3.771975040435791,-4.922961711883545,-3.1694111824035645,0.0
778,ACH-000276,-0.3642091751098633,-2.114802837371826,1.4880281686782837,0.2625655233860016,True,-3.909552574157715,0.859375,-3.8433731334320087,0.12069807946681976,-5.0,-3.7311155796051025,-4.681424617767334,-3.0746803283691406,0.0
779,ACH-000277,0.33393096923828125,-1.4514381885528564,1.5160472393035889,0.26932185888290405,True,-3.7708306312561035,0.9375,-3.8361188832144184,0.1759522557258606,-5.0,-3.6888864040374756,-4.588530540466309,-2.470655918121338,0.0
780,ACH-000288,-7.206385612487793,-9.134361267089844,1.6595468521118164,0.2684285640716553,True,-4.017848014831543,0.84375,-3.8542917963761307,0.08987623453140259,-5.0,-3.835968017578125,-4.738454818725586,-3.192333221435547,0.0
781,ACH-000330,-0.3181725740432739,-2.118669033050537,1.530140995979309,0.2703554332256317,True,-3.845310688018799,0.90625,-3.8533936855403974,0.10848099738359451,-5.0,-3.725860118865967,-4.687503337860107,-3.0717861652374268,0.0
782,ACH-000349,-0.3764181137084961,-2.21817684173584,1.5715582370758057,0.2702005207538605,True,-3.768765926361084,0.96875,-3.844930909622466,0.10115152597427368,-5.0,-3.729048490524292,-5.077554702758789,-3.086015224456787,0.016129031777381897
783,ACH-000352,0.6924577951431274,-1.124165654182434,1.5445672273635864,0.2720561921596527,True,-3.635171413421631,0.90625,-3.8239549600023826,0.1901330053806305,-5.0,-3.4939823150634766,-4.464724063873291,-2.981955051422119,0.0
784,ACH-000374,-0.02044546604156494,-1.8037201166152954,1.518652081489563,0.26462262868881226,True,-3.7494544982910156,0.9375,-3.816504913831246,0.1486097276210785,-5.0,-3.6660850048065186,-5.447196960449219,-3.0827136039733887,0.01666666753590107
785,ACH-000536,-2.146709680557251,-3.916123867034912,1.5088376998901367,0.26057642698287964,True,-3.9826741218566895,0.890625,-3.8331218346337903,0.14661261439323425,-5.0,-3.8577394485473633,-5.0090718269348145,-3.090961456298828,0.017543859779834747
786,ACH-000554,-1.9462283849716187,-3.717068910598755,1.499406337738037,0.2714342176914215,True,-3.95753812789917,0.921875,-3.845563463960328,0.1281013786792755,-5.0,-3.8691937923431396,-4.677060127258301,-3.2073686122894287,0.0
787,ACH-000568,-1.6401872634887695,-3.4856996536254883,1.581396222114563,0.264116108417511,True,-3.678279161453247,0.875,-3.82883503370962,0.09207511693239212,-5.0,-3.489461898803711,-4.3290486335754395,-2.9864139556884766,0.0
788,ACH-000573,0.4062255620956421,-1.3711225986480713,1.512170433998108,0.2651776969432831,True,-3.5981245040893555,0.921875,-3.8057639807475936,0.21801578998565674,-5.0,-3.4793214797973633,-4.620968818664551,-2.8870091438293457,0.0
789,ACH-000621,-6.486674785614014,-8.289565086364746,1.546278715133667,0.2566116154193878,True,-3.8085899353027344,0.890625,-3.8060465762031077,0.08252081274986267,-5.0,-3.662276268005371,-4.5064921379089355,-3.08790922164917,0.0
790,ACH-000624,-0.22088074684143066,-2.053436517715454,1.5730564594268799,0.25949934124946594,True,-3.780653953552246,0.921875,-3.8035073139380216,0.10760810971260071,-5.0,-3.6773195266723633,-4.672478675842285,-3.0383682250976562,0.0
791,ACH-000643,-0.9279491901397705,-2.7787656784057617,1.5849968194961548,0.2658196687698364,True,-3.9368605613708496,0.84375,-3.8168426386813046,0.19957241415977478,-5.0,-3.739982843399048,-4.61386251449585,-3.0898070335388184,0.0
792,ACH-000668,-0.4295055866241455,-2.235095739364624,1.5428385734558105,0.26275163888931274,True,-3.8753890991210938,0.921875,-3.8226972847252836,0.19599777460098267,-5.0,-3.780083179473877,-4.76585054397583,-3.067981243133545,0.0
793,ACH-000691,-7.068560600280762,-8.954923629760742,1.6071697473526,0.2791934609413147,True,-3.845147132873535,0.890625,-3.8249422695401085,0.08670225739479065,-5.0,-3.7033231258392334,-4.523402690887451,-3.0459327697753906,0.0
794,ACH-000699,-1.320160150527954,-3.1583452224731445,1.570145845413208,0.26803916692733765,True,-3.902010917663574,0.890625,-3.8326491343524554,0.12516751885414124,-5.0,-3.767169952392578,-4.999812602996826,-3.0897867679595947,0.0
795,ACH-000711,0.3743654489517212,-1.4806510210037231,1.5735348463058472,0.28148168325424194,True,-3.7554168701171875,0.875,-3.824925907928929,0.1652776598930359,-5.0,-3.5776195526123047,-4.820366859436035,-3.077418804168701,0.0
796,ACH-000725,-0.22334158420562744,-2.0588831901550293,1.5658329725265503,0.2697086036205292,True,-3.8579342365264893,0.90625,-3.828226740788685,0.11464948952198029,-5.0,-3.7397894859313965,-4.584039211273193,-3.0914406776428223,0.0
797,ACH-000755,0.373288631439209,-1.450937271118164,1.5535273551940918,0.27069854736328125,True,-3.8290462493896484,0.90625,-3.8283086916487816,0.1676548421382904,-5.0,-3.707913398742676,-4.512041091918945,-3.085902690887451,0.0
798,ACH-000759,0.8584612607955933,-1.0054386854171753,1.5879896879196167,0.2759101986885071,True,-3.7341156005859375,0.921875,-3.818889382542497,0.1866932511329651,-5.0,-3.6268372535705566,-4.412665843963623,-3.0651822090148926,0.0
799,ACH-000768,-0.0663902759552002,-1.9794100522994995,1.6559921503067017,0.25702765583992004,True,-3.8609888553619385,0.890625,-3.823099329824441,0.16851189732551575,-5.0,-3.7211101055145264,-4.725942134857178,-3.081125259399414,0.0
800,ACH-000783,0.8870443105697632,-0.9165817499160767,1.5343798398971558,0.2692462205886841,True,-3.768820285797119,0.90625,-3.817671425421709,0.17862051725387573,-5.0,-3.6414568424224854,-4.467788219451904,-3.0828285217285156,0.0
801,ACH-000818,1.3675341606140137,-0.4077441096305847,1.5126346349716187,0.2626437544822693,True,-3.266911029815674,0.859375,-3.762595385861105,0.1372518390417099,-5.0,-2.9833145141601562,-4.317741394042969,-2.609245538711548,0.0
802,ACH-000828,2.80492901802063,0.9257204532623291,1.6115952730178833,0.26761332154273987,True,-3.1592822074890137,0.96875,-3.702264068023896,0.18694743514060974,-5.0,-3.0999040603637695,-3.9025673866271973,-2.7423272132873535,0.0
803,ACH-000849,-3.2608094215393066,-5.042481899261475,1.5404216051101685,0.2412508875131607,True,-3.8988609313964844,0.84375,-3.7219237543611543,0.14233271777629852,-5.0,-3.694946527481079,-4.978580474853516,-3.2509024143218994,0.0
804,ACH-000856,-0.4494950771331787,-2.2329506874084473,1.5105962753295898,0.2728593945503235,True,-3.7270538806915283,0.9375,-3.722436766994192,0.12596386671066284,-5.0,-3.642190933227539,-4.624660968780518,-3.0504865646362305,0.0
805,ACH-000857,1.1209602355957031,-0.7356094717979431,1.5925203561782837,0.26404935121536255,True,-3.6979002952575684,0.984375,-3.719983119820529,0.1884947419166565,-5.0,-3.677232265472412,-4.5370893478393555,-3.046297550201416,0.0
806,ACH-000859,-0.1628861427307129,-1.9453338384628296,1.5029715299606323,0.279476135969162,True,-3.7792108058929443,0.90625,-3.725905888427771,0.1441558301448822,-5.0,-3.6529219150543213,-5.147832870483398,-3.0910890102386475,0.017241379246115685
807,ACH-000876,0.5941191911697388,-1.2199089527130127,1.5471811294555664,0.26684704422950745,True,-3.698627233505249,0.953125,-3.7231780229355187,0.18608680367469788,-5.0,-3.634625196456909,-4.677287578582764,-3.081920862197876,0.0
808,ACH-000902,0.5084469318389893,-1.2895647287368774,1.5327775478363037,0.265234112739563,True,-3.7339580059051514,0.9375,-3.724256021232482,0.15614183247089386,-5.0,-3.6495554447174072,-4.364424228668213,-3.04325270652771,0.0
809,ACH-000910,0.3009803295135498,-1.5594894886016846,1.5970598459243774,0.2634100019931793,True,-3.78814435005188,0.953125,-3.730644854114422,0.11332876980304718,-5.0,-3.7285447120666504,-4.927915573120117,-3.056258201599121,0.0
810,ACH-000927,0.8534162044525146,-0.9510478973388672,1.538862705230713,0.26560139656066895,True,-3.618706226348877,0.921875,-3.719450991337868,0.16349375247955322,-5.0,-3.501647710800171,-4.7189860343933105,-3.0732269287109375,0.0
811,ACH-000930,1.0863380432128906,-0.7758191227912903,1.5869823694229126,0.2751747965812683,True,-3.688077688217163,0.953125,-3.7163136610257976,0.19873768091201782,-5.0,-3.6235568523406982,-4.619804859161377,-3.063331127166748,0.0
812,ACH-000934,-0.7069720029830933,-2.531855821609497,1.5523942708969116,0.2724895477294922,True,-3.715176582336426,0.921875,-3.7161999531568606,0.13508084416389465,-5.0,-3.606293201446533,-4.910057544708252,-3.064746618270874,0.0
813,ACH-001390,-0.44280552864074707,-2.2204174995422363,1.5265530347824097,0.2510589361190796,True,-3.682631015777588,0.875,-3.7128430594189337,0.12140882015228271,-5.0,-3.4944355487823486,-4.382319927215576,-3.0866732597351074,0.0
814,ACH-001819,-0.5269845724105835,-2.365628242492676,1.5674835443496704,0.2711601257324219,True,-3.617313861846924,0.90625,-3.703290139661733,0.10605861246585846,-5.0,-3.4742770195007324,-4.754727363586426,-3.0324697494506836,0.0
815,ACH-001820,0.3336024284362793,-1.4940013885498047,1.561008095741272,0.2665957808494568,True,-3.761834144592285,0.953125,-3.7091445401547882,0.15993690490722656,-5.0,-3.7009408473968506,-4.69228982925415,-3.089878797531128,0.0
816,ACH-000017,0.5618642568588257,-1.14683997631073,1.4508682489395142,0.2578360438346863,True,-3.6136741638183594,0.921875,-3.699597502521145,0.18422317504882812,-5.0,-3.4961888790130615,-4.500033378601074,-3.0577774047851562,0.0
817,ACH-000019,0.34427762031555176,-1.4452214241027832,1.5420418977737427,0.24745720624923706,True,-3.741370439529419,0.96875,-3.7037747962219725,0.13087692856788635,-5.0,-3.7007694244384766,-4.925633430480957,-3.0661206245422363,0.0
818,ACH-000044,-0.2944444417953491,-2.0058789253234863,1.452565312385559,0.2588691711425781,True,-3.406135082244873,0.859375,-3.6740108248242627,0.11104384064674377,-5.0,-3.1453208923339844,-3.782432794570923,-2.840099334716797,0.0
819,ACH-000097,-0.21566367149353027,-1.9999821186065674,1.5125503540039062,0.27176815271377563,True,-3.674790859222412,0.984375,-3.6740888282640776,0.11551904678344727,-5.0,-3.6537559032440186,-4.690345287322998,-3.0879204273223877,0.0
820,ACH-000111,-0.03574776649475098,-1.900726318359375,1.5877987146377563,0.2771798372268677,True,-3.708498239517212,0.921875,-3.677529769389391,0.12450596690177917,-5.0,-3.5990490913391113,-4.636777400970459,-3.052527904510498,0.0
821,ACH-000117,1.0504859685897827,-0.8185209035873413,1.6013035774230957,0.2677032947540283,True,-3.6051418781280518,0.953125,-3.6702909802632573,0.14084407687187195,-5.0,-3.5365424156188965,-4.708363056182861,-3.0866007804870605,0.0
822,ACH-000147,-1.143085241317749,-2.982287645339966,1.5924248695373535,0.2467775046825409,True,-3.8198297023773193,0.890625,-3.6852448524746633,0.11654725670814514,-5.0,-3.674896478652954,-4.355758190155029,-3.077127456665039,0.0
823,ACH-000148,-0.20188820362091064,-2.042050838470459,1.59932541847229,0.2408372163772583,True,-3.851133346557617,0.90625,-3.701833701882959,0.16458511352539062,-5.0,-3.7322850227355957,-4.628127574920654,-3.0887203216552734,0.0
824,ACH-000196,0.017149925231933594,-1.8108466863632202,1.5556162595748901,0.27238035202026367,True,-3.6711738109588623,0.9375,-3.6987677127905494,0.16776439547538757,-5.0,-3.582585573196411,-5.015293121337891,-3.058457851409912,0.01666666753590107
825,ACH-000212,0.7824652194976807,-0.9990713596343994,1.528253197669983,0.25328341126441956,True,-3.694176197052002,0.96875,-3.6983085612166944,0.18446367979049683,-5.0,-3.652052879333496,-4.517952919006348,-3.091063976287842,0.0
826,ACH-000223,1.025860071182251,-0.8317374587059021,1.598557949066162,0.2590395212173462,True,-3.6609325408935547,0.953125,-3.6945709591843805,0.18387210369110107,-5.0,-3.595076322555542,-4.744577407836914,-3.0884602069854736,0.0
827,ACH-000248,-6.987505912780762,-8.861896514892578,1.6093344688415527,0.2650562524795532,True,-3.7941465377807617,0.90625,-3.704528517044019,0.08342792093753815,-5.0,-3.669403076171875,-4.657964706420898,-3.0454328060150146,0.0
828,ACH-000258,-0.7992478609085083,-2.6182475090026855,1.5536772012710571,0.2653224468231201,True,-3.713303565979004,0.890625,-3.7054060219375176,0.0817202776670456,-5.0,-3.555288553237915,-4.714757442474365,-3.020577907562256,0.0
829,ACH-000276,0.7719994783401489,-1.1041854619979858,1.598755955696106,0.2774289846420288,True,-3.724125862121582,0.953125,-3.707278005955924,0.13109338283538818,-5.0,-3.6613779067993164,-5.0550312995910645,-3.0746803283691406,0.016393441706895828
830,ACH-000277,0.5233798027038574,-1.3561534881591797,1.6074299812316895,0.27210330963134766,True,-3.596567153930664,0.9375,-3.6962069207533976,0.12337896227836609,-5.0,-3.503005027770996,-4.796852111816406,-3.0552375316619873,0.0
831,ACH-000288,-0.22652995586395264,-2.083045721054077,1.6061406135559082,0.2503751814365387,True,-3.719353199005127,0.953125,-3.6985215485785705,0.1530015468597412,-5.0,-3.6563704013824463,-5.3603291511535645,-3.088369369506836,0.016393441706895828
832,ACH-000330,-0.6065027713775635,-2.4595134258270264,1.5873119831085205,0.2656986117362976,True,-3.7548623085021973,0.9375,-3.7041556245709333,0.13205087184906006,-5.0,-3.671853542327881,-4.7790303230285645,-3.0717861652374268,0.0
833,ACH-000349,0.10044574737548828,-1.7284371852874756,1.569254755973816,0.25962820649147034,True,-3.7620625495910645,0.9375,-3.7099463170729465,0.17772312462329865,-5.0,-3.6795334815979004,-4.8896260261535645,-3.086015224456787,0.0
834,ACH-000352,1.212440013885498,-0.5833564400672913,1.5393786430358887,0.25641772150993347,True,-3.4781181812286377,0.921875,-3.686763503488516,0.16934125125408173,-5.0,-3.3491451740264893,-4.166464805603027,-2.981955051422119,0.0
835,ACH-000374,-0.6303284168243408,-2.4535045623779297,1.5651752948760986,0.2580008804798126,True,-3.7336597442626953,0.921875,-3.691453127565934,0.1556074619293213,-5.0,-3.626342535018921,-4.5217766761779785,-3.0827136039733887,0.0
836,ACH-000536,-1.389037847518921,-3.1707093715667725,1.5253349542617798,0.2563365697860718,True,-3.81626296043396,0.890625,-3.7039341108527366,0.11031922698020935,-5.0,-3.670891761779785,-4.7509050369262695,-3.090961456298828,0.0
837,ACH-000554,0.029178142547607422,-1.8152492046356201,1.5856858491897583,0.25874143838882446,True,-3.7083258628845215,0.921875,-3.704373286055915,0.10432640463113785,-5.0,-3.5988619327545166,-4.833117961883545,-3.091114044189453,0.0
838,ACH-000568,1.6399577856063843,-0.17567431926727295,1.5545951128005981,0.26103705167770386,True,-3.466784954071045,0.953125,-3.680614452857428,0.22000429034233093,-5.0,-3.391380786895752,-4.426870346069336,-2.9864139556884766,0.0
839,ACH-000573,0.628358006477356,-1.2102588415145874,1.5773839950561523,0.2612328827381134,True,-3.5845885276794434,0.9375,-3.6710118603396293,0.15223750472068787,-5.0,-3.4902279376983643,-4.440003871917725,-3.042104482650757,0.0
840,ACH-000621,-0.10901999473571777,-1.9849395751953125,1.6116777658462524,0.2642417848110199,True,-3.7186388969421387,0.921875,-3.6757745639998802,0.16644558310508728,-5.0,-3.61004900932312,-5.262677192687988,-3.087908983230591,0.016949152573943138
841,ACH-000624,-0.20375490188598633,-2.0054428577423096,1.5455858707427979,0.25610214471817017,True,-3.583948850631714,0.9375,-3.6665919926630637,0.2043723315000534,-5.0,-3.4895455837249756,-4.718691349029541,-3.0383682250976562,0.0
842,ACH-000643,1.2966688871383667,-0.5908807516098022,1.626781940460205,0.2607676386833191,True,-3.611966609954834,0.984375,-3.6611294543922406,0.15907737612724304,-5.0,-3.5899345874786377,-4.709194183349609,-3.0898070335388184,0.0
843,ACH-000668,0.7044776678085327,-1.129280686378479,1.5687586069107056,0.2649998068809509,True,-3.632023334503174,0.953125,-3.658218842403334,0.1462572067975998,-5.0,-3.5647456645965576,-4.377193927764893,-3.067981243133545,0.0
844,ACH-000691,-0.4522736072540283,-2.318575620651245,1.6040799617767334,0.2622221112251282,True,-3.681201934814453,0.953125,-3.660517151644446,0.14468343555927277,-5.0,-3.616342782974243,-5.5629472732543945,-3.0459327697753906,0.016393441706895828
845,ACH-000699,0.47299981117248535,-1.4007391929626465,1.607296347618103,0.2664427161216736,True,-3.678562641143799,0.921875,-3.662321700594381,0.20861747860908508,-5.0,-3.5665764808654785,-4.508368015289307,-3.0897867679595947,0.0
846,ACH-000711,0.8363057374954224,-0.9765529632568359,1.55536687374115,0.257491797208786,True,-3.627859592437744,0.96875,-3.6588754897787172,0.18247510492801666,-5.0,-3.58359694480896,-4.727956295013428,-3.077418804168701,0.0
847,ACH-000725,1.480889081954956,-0.3488143980503082,1.5719175338745117,0.2577859163284302,True,-3.5495026111602783,0.96875,-3.6479382019168733,0.14176931977272034,-5.0,-3.5027124881744385,-4.407570838928223,-3.0914406776428223,0.0
848,ACH-000755,0.7415916919708252,-1.1033728122711182,1.580499529838562,0.26446497440338135,True,-3.654655933380127,0.984375,-3.6486099750631986,0.1595519632101059,-5.0,-3.6333014965057373,-4.925709247589111,-3.085902690887451,0.0
849,ACH-000759,-1.0704134702682495,-2.8972108364105225,1.5608762502670288,0.26592111587524414,True,-3.5782687664031982,0.9375,-3.6415758541971983,0.11721139401197433,-5.0,-3.4834868907928467,-4.638061046600342,-3.0651822090148926,0.0
850,ACH-000768,-0.9256749153137207,-2.7963380813598633,1.612553596496582,0.25810950994491577,True,-3.8185617923736572,0.875,-3.6592744480148442,0.14883968234062195,-5.0,-3.649785041809082,-5.0804877281188965,-3.081125259399414,0.01785714365541935
851,ACH-000783,0.0003796815872192383,-1.8585782051086426,1.6001156568527222,0.25884220004081726,True,-3.66310453414917,0.953125,-3.659657456628277,0.17965343594551086,-5.0,-3.5973551273345947,-4.944728851318359,-3.0828285217285156,0.0
852,ACH-000818,3.0956997871398926,1.2945293188095093,1.5355849266052246,0.26558539271354675,True,-2.9549856185913086,0.953125,-3.58919027282458,0.18639419972896576,-5.0,-2.8544113636016846,-3.795867443084717,-2.609245538711548,0.0
853,ACH-000828,-2.404744863510132,-4.232025623321533,1.5617696046829224,0.265511155128479,True,-3.1720330715179443,0.90625,-3.5474745526939166,0.14437881112098694,-5.0,-2.9829330444335938,-3.6459124088287354,-2.7423272132873535,0.0
854,ACH-000849,-0.486653208732605,-2.2629315853118896,1.531591534614563,0.24468684196472168,True,-3.615860939025879,0.96875,-3.554313191327113,0.11031994223594666,-5.0,-3.571211099624634,-4.606782913208008,-3.03851318359375,0.0
855,ACH-000856,-0.11259198188781738,-1.9748097658157349,1.5981838703155518,0.2640339136123657,True,-3.649121046066284,0.953125,-3.56379397680103,0.1796213984489441,-5.0,-3.58268404006958,-4.454704284667969,-3.0504865646362305,0.0
856,ACH-000857,-0.047710537910461426,-1.848960518836975,1.537566900253296,0.263683021068573,True,-3.6151485443115234,0.9375,-3.568929433552079,0.16720788180828094,-5.0,-3.5228254795074463,-4.428648471832275,-3.046297550201416,0.0
857,ACH-000859,-0.4316389560699463,-2.2409586906433105,1.5397400856018066,0.26957961916923523,True,-3.610189199447632,0.921875,-3.573055410141634,0.10592401027679443,-5.0,-3.4924089908599854,-5.056774616241455,-3.0910890102386475,0.016949152573943138
858,ACH-000876,1.116317868232727,-0.6941684484481812,1.5457110404968262,0.26477521657943726,True,-3.5339934825897217,0.984375,-3.5691492173864425,0.1107666864991188,-5.0,-3.51072359085083,-4.5095109939575195,-3.081920862197876,0.0
859,ACH-000902,-0.010501861572265625,-1.8215816020965576,1.556837797164917,0.2542420029640198,True,-3.631711959838867,0.953125,-3.575405491631685,0.13484978675842285,-5.0,-3.5644187927246094,-4.572223663330078,-3.04325270652771,0.0
860,ACH-000910,-0.07407712936401367,-1.8550857305526733,1.5378105640411377,0.24319806694984436,True,-3.6292877197265625,0.953125,-3.580793714441173,0.1764378845691681,-5.0,-3.561875343322754,-4.4992194175720215,-3.056258201599121,0.0
861,ACH-000927,-0.9552412033081055,-2.7271153926849365,1.5199252367019653,0.2519490122795105,True,-3.629962921142578,0.90625,-3.585710635111313,0.10857001692056656,-5.0,-3.488234758377075,-4.619628429412842,-3.0732269287109375,0.0
862,ACH-000930,0.7698978185653687,-1.0489444732666016,1.5527125597000122,0.266129732131958,True,-3.5733120441436768,0.96875,-3.584470776014549,0.17331373691558838,-5.0,-3.527289390563965,-4.915963649749756,-3.063331127166748,0.0
863,ACH-000934,0.5686380863189697,-1.1858779191970825,1.5011122226715088,0.25340381264686584,True,-3.6664645671844482,0.96875,-3.5926701551315388,0.15721912682056427,-5.0,-3.6234469413757324,-4.774682521820068,-3.064746618270874,0.0
864,ACH-001390,0.5217424631118774,-1.2530893087387085,1.5287673473358154,0.2460644245147705,True,-3.5828163623809814,0.953125,-3.591684775856483,0.16012710332870483,-5.0,-3.5131187438964844,-4.6343512535095215,-3.0866732597351074,0.0
865,ACH-001819,2.0054404735565186,0.1657123863697052,1.5656315088272095,0.27409666776657104,True,-3.3748483657836914,0.984375,-3.570001134849204,0.19547969102859497,-5.0,-3.3490524291992188,-4.225951671600342,-3.0324697494506836,0.0
866,ACH-001820,-0.3227959871292114,-2.0839877128601074,1.5042824745178223,0.25690925121307373,True,-3.6775407791137695,0.9375,-3.5807550992756605,0.09111557900905609,-5.0,-3.589376926422119,-4.718125343322754,-3.089878797531128,0.0
867,ACH-000017,0.49657630920410156,-1.2141242027282715,1.4485573768615723,0.26214319467544556,True,-3.5959179401397705,0.96875,-3.5822713833620714,0.16698510944843292,-5.0,-3.5506248474121094,-4.615291118621826,-3.0577774047851562,0.0
868,ACH-000019,-0.12322330474853516,-1.90054452419281,1.5356694459915161,0.24165180325508118,True,-3.6315243244171143,0.9375,-3.5871966774675754,0.11206325143575668,-5.0,-3.540292501449585,-4.299220085144043,-3.0661206245422363,0.0
869,ACH-000044,-0.5195422172546387,-2.206886053085327,1.4315108060836792,0.2558329701423645,True,-3.2471890449523926,0.90625,-3.553195914216057,0.09813001751899719,-5.0,-3.065863847732544,-3.753298759460449,-2.840099334716797,0.0
870,ACH-000097,-0.17042648792266846,-1.9267421960830688,1.5033326148986816,0.25298309326171875,True,-3.6031746864318848,0.90625,-3.55819379143764,0.1558711677789688,-5.0,-3.4586753845214844,-4.722362995147705,-3.0879204273223877,0.0
871,ACH-000111,0.6763401031494141,-1.136527419090271,1.5610789060592651,0.2517886161804199,True,-3.576549768447876,0.953125,-3.5600293891386636,0.15584391355514526,-5.0,-3.5065441131591797,-4.493691444396973,-3.052527904510498,0.0
872,ACH-000117,-0.04244697093963623,-1.8553107976913452,1.5608998537063599,0.25196391344070435,True,-3.641808271408081,0.953125,-3.5682072773656053,0.10720418393611908,-5.0,-3.575011730194092,-4.677563667297363,-3.0866007804870605,0.0
873,ACH-000147,0.29747557640075684,-1.5234875679016113,1.5754512548446655,0.24551182985305786,True,-3.6894986629486084,0.921875,-3.580336415923906,0.18793053925037384,-5.0,-3.578439235687256,-4.728670597076416,-3.077127456665039,0.0
874,ACH-000148,0.3628246784210205,-1.4066672325134277,1.5265001058578491,0.24299180507659912,True,-3.711700916290283,0.984375,-3.5934728659605435,0.18316324055194855,-5.0,-3.6912519931793213,-4.717872619628906,-3.0887203216552734,0.0
875,ACH-000196,-1.0673680305480957,-2.866060972213745,1.5433769226074219,0.25531598925590515,True,-3.6276419162750244,0.9375,-3.5968897709919916,0.11982318758964539,-5.0,-3.53615140914917,-4.640644073486328,-3.058457851409912,0.0
876,ACH-000212,0.466900110244751,-1.3389863967895508,1.558434247970581,0.24745221436023712,True,-3.468083381652832,0.96875,-3.5840091320580756,0.14249783754348755,-5.0,-3.4186666011810303,-4.536704063415527,-3.091063976287842,0.0
877,ACH-000223,0.45803403854370117,-1.2984379529953003,1.517265796661377,0.23920616507530212,True,-3.5816030502319336,0.9375,-3.5837685238754613,0.175682932138443,-5.0,-3.4870433807373047,-4.354459285736084,-3.0884602069854736,0.0
878,ACH-000248,1.5869619846343994,-0.1992700845003128,1.5336629152297974,0.2525692284107208,True,-3.4555091857910156,1.0,-3.5709425900670166,0.17938466370105743,-5.0,-3.4555091857910156,-4.325393199920654,-3.0454328060150146,0.0
879,ACH-000258,-0.783028244972229,-2.6016488075256348,1.5578432083129883,0.2607773244380951,True,-3.7217140197753906,0.90625,-3.5860197330378543,0.12894167006015778,-5.0,-3.589477300643921,-4.790846824645996,-3.1662209033966064,0.0
880,ACH-000276,0.9338001608848572,-0.845926821231842,1.528045415878296,0.25168153643608093,True,-3.5873141288757324,0.984375,-3.586149172621642,0.17501963675022125,-5.0,-3.5648908615112305,-4.702801704406738,-3.0746803283691406,0.0
881,ACH-000277,0.8874320983886719,-0.9151792526245117,1.5507051944732666,0.2519060969352722,True,-3.5189523696899414,0.953125,-3.579429492328472,0.12308952212333679,-5.0,-3.4461138248443604,-4.518230438232422,-3.0552375316619873,0.0
882,ACH-000288,-1.0141675472259521,-2.8932266235351562,1.624115228652954,0.2549439072608948,True,-3.6749372482299805,0.921875,-3.588980267918623,0.16038253903388977,-5.0,-3.5626437664031982,-4.724120616912842,-3.088369369506836,0.0
883,ACH-000330,0.47639691829681396,-1.333254337310791,1.5574939250946045,0.2521573305130005,True,-3.581965208053589,0.96875,-3.5882787619321195,0.09688624739646912,-5.0,-3.536222219467163,-4.930796146392822,-3.0717861652374268,0.0
884,ACH-000349,0.16401708126068115,-1.6619685888290405,1.5709240436553955,0.2550615668296814,True,-3.632727861404419,0.953125,-3.5927236718793494,0.11718450486660004,-5.0,-3.5654847621917725,-5.011055946350098,-3.086015224456787,0.016393441706895828
885,ACH-000352,0.6414405107498169,-1.1369552612304688,1.529363751411438,0.24903202056884766,True,-3.407679557800293,0.953125,-3.574219260471444,0.18832272291183472,-5.0,-3.3293683528900146,-4.339390754699707,-2.981955051422119,0.0
886,ACH-000374,-0.918354868888855,-2.763005018234253,1.5917397737503052,0.25291040539741516,True,-3.6796631813049316,0.890625,-3.5847636525547926,0.15080790221691132,-5.0,-3.517516613006592,-4.581604957580566,-3.0827136039733887,0.0
887,ACH-000536,-1.1547294855117798,-2.8773233890533447,1.47871994972229,0.2438739538192749,True,-3.7116076946258545,0.953125,-3.5974480567618987,0.15995512902736664,-5.0,-3.6482439041137695,-4.991593360900879,-3.090961456298828,0.0
888,ACH-000554,-0.6812779903411865,-2.454368829727173,1.5225317478179932,0.2505590319633484,True,-3.579218864440918,0.953125,-3.5956251375298005,0.09983639419078827,-5.0,-3.5093441009521484,-4.590628623962402,-3.091114044189453,0.0
889,ACH-000568,-1.1711591482162476,-2.9650001525878906,1.5367686748504639,0.2570722997188568,True,-3.4316954612731934,0.9375,-3.57923216990414,0.08882541954517365,-5.0,-3.3271420001983643,-4.409630298614502,-2.9864139556884766,0.0
890,ACH-000573,1.1609807014465332,-0.5743809342384338,1.5018481016159058,0.2335134744644165,True,-3.444958209991455,0.96875,-3.565804773912871,0.1908937692642212,-5.0,-3.3947954177856445,-4.316043376922607,-3.042104482650757,0.0
891,ACH-000621,-0.19579577445983887,-1.9611694812774658,1.516391634941101,0.24898213148117065,True,-3.642042398452759,0.953125,-3.5734285363668596,0.20152896642684937,-5.0,-3.5752575397491455,-5.2098588943481445,-3.087908983230591,0.016393441706895828
892,ACH-000624,0.23594582080841064,-1.5454272031784058,1.5253019332885742,0.2560710608959198,True,-3.535102367401123,0.921875,-3.569595919470286,0.1450139880180359,-5.0,-3.4109585285186768,-4.391617774963379,-3.0383682250976562,0.0
893,ACH-000643,0.35086214542388916,-1.4657129049301147,1.5668145418167114,0.2497604489326477,True,-3.6435463428497314,0.9375,-3.5769909618082307,0.1466583013534546,-5.0,-3.5531160831451416,-4.280902862548828,-3.0898070335388184,0.0
894,ACH-000668,0.6800686120986938,-1.0956732034683228,1.524910569190979,0.2508311867713928,True,-3.589063882827759,0.953125,-3.5781982539101835,0.11418658494949341,-5.0,-3.5196731090545654,-4.197113037109375,-3.067981243133545,0.0
895,ACH-000691,1.5023411512374878,-0.3277946412563324,1.5856736898422241,0.24446210265159607,True,-3.4956493377685547,0.984375,-3.5699433622960206,0.15100258588790894,-5.0,-3.471771001815796,-4.634729385375977,-3.0459327697753906,0.0
896,ACH-000699,-1.238154649734497,-2.9848549365997314,1.4888324737548828,0.25786787271499634,True,-3.5583598613739014,0.9375,-3.5687850122038083,0.08826687186956406,-5.0,-3.4622509479522705,-4.482938289642334,-3.0897867679595947,0.0
897,ACH-000711,-2.1937646865844727,-4.0535173416137695,1.6014578342437744,0.2582947015762329,True,-3.6902384757995605,0.9375,-3.5809303585633834,0.06335021555423737,-5.0,-3.6029212474823,-5.078276634216309,-3.077418804168701,0.01666666753590107
898,ACH-000725,0.45592546463012695,-1.3559099435806274,1.5678718090057373,0.2439635694026947,True,-3.5477404594421387,0.953125,-3.577611368651259,0.16029338538646698,-5.0,-3.4763176441192627,-4.559558868408203,-3.0914406776428223,0.0
899,ACH-000755,-0.1683974266052246,-1.9731879234313965,1.5555617809295654,0.24922867119312286,True,-3.565406084060669,0.953125,-3.5763908401921998,0.10251016914844513,-5.0,-3.49485182762146,-4.417595386505127,-3.085902690887451,0.0
900,ACH-000759,1.413785457611084,-0.30640584230422974,1.477012276649475,0.2431790977716446,True,-3.3544278144836426,0.984375,-3.554194537621344,0.12719537317752838,-5.0,-3.32830810546875,-4.412665843963623,-3.0651822090148926,0.0
901,ACH-000768,0.2686312198638916,-1.5718886852264404,1.6053169965744019,0.23520292341709137,True,-3.5545365810394287,0.953125,-3.5542287419631524,0.09791357815265656,-5.0,-3.4834482669830322,-4.709788799285889,-3.081125259399414,0.0
902,ACH-000783,-0.4952397346496582,-2.3233258724212646,1.5744315385818481,0.2536545991897583,True,-3.574096918106079,0.96875,-3.556215559577445,0.06544265151023865,-5.0,-3.528099775314331,-4.5814127922058105,-3.0828285217285156,0.0
903,ACH-000818,0.027732014656066895,-1.7136945724487305,1.4931590557098389,0.2482675313949585,True,-3.061459541320801,0.90625,-3.5067399577517806,0.11986765265464783,-5.0,-2.8609209060668945,-3.825805425643921,-2.609245538711548,0.0
904,ACH-000828,1.9429720640182495,0.1465316265821457,1.548289179801941,0.24815130233764648,True,-3.128140449523926,0.953125,-3.468880006928995,0.19453370571136475,-5.0,-3.0360817909240723,-3.9025673866271973,-2.7423272132873535,0.0
905,ACH-000849,-0.8373328447341919,-2.589683771133423,1.5171061754226685,0.2352447360754013,True,-3.6463677883148193,0.90625,-3.4866287850675777,0.14058348536491394,-5.0,-3.5063369274139404,-4.63569450378418,-3.03851318359375,0.0
906,ACH-000856,-0.49507641792297363,-2.3278141021728516,1.593995213508606,0.23874245584011078,True,-3.6022040843963623,0.921875,-3.4981863150004564,0.10738453269004822,-5.0,-3.4837467670440674,-4.449053764343262,-3.0504865646362305,0.0
907,ACH-000857,0.6442385911941528,-1.0717265605926514,1.4751099348068237,0.2408551722764969,True,-3.493750810623169,0.96875,-3.4977427645627275,0.12228524684906006,-5.0,-3.445162057876587,-4.365315914154053,-3.046297550201416,0.0
908,ACH-000859,0.9166247248649597,-0.894496500492096,1.5580600500106812,0.2530611753463745,True,-3.511643648147583,0.96875,-3.499132852921213,0.16571906208992004,-5.0,-3.463632345199585,-4.824039459228516,-3.0910890102386475,0.0
909,ACH-000876,1.5606024265289307,-0.2927015721797943,1.5900182723999023,0.26328572630882263,True,-3.421947717666626,1.0,-3.4914143393957544,0.13439467549324036,-5.0,-3.421947717666626,-4.418569564819336,-3.081920862197876,0.0
910,ACH-000902,-0.08683168888092041,-1.8531776666641235,1.5188449621200562,0.24750098586082458,True,-3.5262703895568848,0.953125,-3.4948999444118676,0.12892426550388336,-5.0,-3.453791618347168,-5.381582260131836,-3.04325270652771,0.016393441706895828
911,ACH-000910,-0.1744624376296997,-1.944374918937683,1.5151950120925903,0.2547174096107483,True,-3.595930576324463,0.921875,-3.505003007603127,0.1369631141424179,-5.0,-3.4769415855407715,-4.576883316040039,-3.056258201599121,0.0
912,ACH-000927,-1.3705072402954102,-3.125685691833496,1.5115768909454346,0.24360157549381256,True,-3.616117000579834,0.84375,-3.516114406900798,0.11901919543743134,-5.0,-3.359842300415039,-4.229039192199707,-3.0732269287109375,0.0
913,ACH-000930,-1.8387110233306885,-3.674809217453003,1.5770184993743896,0.2590797543525696,True,-3.6088876724243164,0.9375,-3.5253917334531497,0.05746442452073097,-5.0,-3.5161471366882324,-4.7774739265441895,-3.063331127166748,0.0
914,ACH-000934,-0.0777585506439209,-1.822330355644226,1.5002856254577637,0.2442862093448639,True,-3.5161709785461426,0.90625,-3.5244696579624493,0.13958576321601868,-5.0,-3.362671375274658,-4.390533924102783,-3.064746618270874,0.0
915,ACH-001390,-0.017148733139038086,-1.775570034980774,1.5185586214065552,0.23986271023750305,True,-3.4681038856506348,0.953125,-3.5188330807312678,0.10567262023687363,-5.0,-3.3927645683288574,-4.280875205993652,-3.0866732597351074,0.0
916,ACH-001819,0.6557207107543945,-1.1578290462493896,1.5663307905197144,0.24721890687942505,True,-3.421785831451416,0.96875,-3.509128355803283,0.14275775849819183,-5.0,-3.370875597000122,-4.667078018188477,-3.0324697494506836,0.0
917,ACH-001820,-0.0427631139755249,-1.8697539567947388,1.5882847309112549,0.2387060970067978,True,-3.5468130111694336,0.9375,-3.512896821339898,0.10357995331287384,-5.0,-3.4499340057373047,-4.624444484710693,-3.089878797531128,0.0
918,ACH-000017,0.6186623573303223,-1.0919640064239502,1.463667869567871,0.2469584345817566,True,-3.519101619720459,0.96875,-3.513517301177954,0.15126168727874756,-5.0,-3.4713308811187744,-4.741435527801514,-3.0577774047851562,0.0
919,ACH-000019,1.0798976421356201,-0.6017982959747314,1.4487860202789307,0.2329099476337433,True,-3.485640048980713,0.984375,-3.51072957595823,0.15297414362430573,-5.0,-3.4616029262542725,-4.325684547424316,-3.0661206245422363,0.0
920,ACH-000044,-0.4673173427581787,-2.1410698890686035,1.431287407875061,0.24246518313884735,True,-3.2013678550720215,0.953125,-3.4797934038696092,0.07674269378185272,-5.0,-3.112910270690918,-4.224857330322266,-2.840099334716797,0.0
921,ACH-000097,-0.7698719501495361,-2.480374574661255,1.4619483947753906,0.2485542893409729,True,-3.559814929962158,0.9375,-3.487795556478864,0.0787092000246048,-5.0,-3.4638028144836426,-4.6449480056762695,-3.0879204273223877,0.0
922,ACH-000111,-0.5381921529769897,-2.286163091659546,1.499650001525879,0.24832096695899963,True,-3.551483154296875,0.96875,-3.4941643162606653,0.13534106314182281,-5.0,-3.5047566890716553,-4.7545623779296875,-3.052527904510498,0.0
923,ACH-000117,-0.1092216968536377,-1.8740954399108887,1.5085848569869995,0.25628888607025146,True,-3.603811740875244,0.96875,-3.505129058722123,0.1461869478225708,-5.0,-3.5587732791900635,-4.455253601074219,-3.0866007804870605,0.0
924,ACH-000147,-0.01596522331237793,-1.9223964214324951,1.655098795890808,0.2513323724269867,True,-3.57289457321167,0.953125,-3.5119056101710777,0.12785384058952332,-5.0,-3.502708673477173,-4.449724197387695,-3.077127456665039,0.0
925,ACH-000148,-1.3446142673492432,-3.2260735034942627,1.637146234512329,0.24431297183036804,True,-3.6823434829711914,0.921875,-3.528949397451089,0.1537727564573288,-5.0,-3.5706777572631836,-4.628127574920654,-3.0887203216552734,0.0
926,ACH-000196,0.28517472743988037,-1.5261764526367188,1.5642305612564087,0.24712058901786804,True,-3.582447052001953,0.953125,-3.534299162906175,0.1309075951576233,-5.0,-3.5127310752868652,-4.567025184631348,-3.058457851409912,0.0
927,ACH-000212,0.6476283073425293,-1.0672497749328613,1.4654663801193237,0.2494117170572281,True,-3.5367655754089355,0.953125,-3.5345458041564513,0.13698530197143555,-5.0,-3.4648032188415527,-4.8295512199401855,-3.091063976287842,0.0
928,ACH-000223,0.11824297904968262,-1.6890360116958618,1.5675376653671265,0.2397412806749344,True,-3.526776075363159,0.953125,-3.533768831277122,0.1070798933506012,-5.0,-3.454322099685669,-4.6954522132873535,-3.0884602069854736,0.0
929,ACH-000248,0.7747114300727844,-0.9948553442955017,1.516317367553711,0.25324946641921997,True,-3.4562180042266846,0.953125,-3.5260137485720784,0.11272759735584259,-5.0,-3.3802943229675293,-4.520673751831055,-3.0454328060150146,0.0
930,ACH-000258,0.5747153759002686,-1.1895549297332764,1.5296273231506348,0.23464298248291016,True,-3.583989143371582,0.984375,-3.5318112880520287,0.15249130129814148,-5.0,-3.5615129470825195,-4.588150978088379,-3.1694111824035645,0.0
931,ACH-000276,-1.0495966672897339,-2.8927557468414307,1.598143219947815,0.24501588940620422,True,-3.5625874996185303,0.921875,-3.534888909208679,0.09417998790740967,-5.0,-3.440772771835327,-4.293851375579834,-3.0746803283691406,0.0
932,ACH-000277,-0.002931356430053711,-1.7620487213134766,1.5191725492477417,0.23994486033916473,True,-3.417597770690918,0.9375,-3.523159795356903,0.09713707864284515,-5.0,-3.3121042251586914,-4.150765419006348,-3.0552375316619873,0.0
933,ACH-000288,-2.373844623565674,-4.1421613693237305,1.5469224452972412,0.2213943898677826,True,-3.632701873779297,0.890625,-3.5341140031991425,0.1665385663509369,-5.0,-3.4647881984710693,-4.441745758056641,-3.088369369506836,0.0
934,ACH-000330,0.976486086845398,-0.7826220989227295,1.5153237581253052,0.24378445744514465,True,-3.4982213973999023,0.984375,-3.530524742619219,0.13166256248950958,-5.0,-3.47438383102417,-4.753240585327148,-3.0717861652374268,0.0
935,ACH-000349,0.22733545303344727,-1.5242505073547363,1.5099161863327026,0.24166983366012573,True,-3.584522008895874,0.9375,-3.5359244692468845,0.09513658285140991,-5.0,-3.490156888961792,-4.729049205780029,-3.086015224456787,0.0
936,ACH-000352,1.5796970129013062,-0.19653382897377014,1.5257407426834106,0.2504900395870209,True,-3.2643234729766846,0.984375,-3.5087643696198647,0.14727497100830078,-5.0,-3.2367732524871826,-4.084464073181152,-2.981955051422119,0.0
937,ACH-000374,0.9866335988044739,-0.8464986681938171,1.582446575164795,0.2506856322288513,True,-3.5222434997558594,1.0,-3.510112282633464,0.1626690775156021,-5.0,-3.5222434997558594,-4.6059064865112305,-3.0827138423919678,0.0
938,ACH-000536,1.1420257091522217,-0.5982726216316223,1.5032758712768555,0.23702242970466614,True,-3.486168384552002,0.96875,-3.507717892825318,0.10400541126728058,-5.0,-3.4373350143432617,-4.553769588470459,-3.090961456298828,0.0
939,ACH-000554,1.0147593021392822,-0.6772643327713013,1.4510222673416138,0.24100133776664734,True,-3.468066692352295,0.984375,-3.503752772778016,0.13659261167049408,-5.0,-3.4437503814697266,-4.887728214263916,-3.091114044189453,0.0
940,ACH-000568,-0.0029495954513549805,-1.8585188388824463,1.6096105575561523,0.24595865607261658,True,-3.378166437149048,0.9375,-3.4911941392151187,0.09216416627168655,-5.0,-3.2700445652008057,-4.19678258895874,-2.9864139556884766,0.0
941,ACH-000573,-0.5221326351165771,-2.313631772994995,1.548251748085022,0.24324744939804077,True,-3.4456734657287598,0.9375,-3.486642071866483,0.09432554990053177,-5.0,-3.3420519828796387,-4.354616165161133,-3.042104482650757,0.0
942,ACH-000621,-1.1280063390731812,-2.9626593589782715,1.5879582166671753,0.24669481813907623,True,-3.563413143157959,0.921875,-3.4943191789956303,0.12715288996696472,-5.0,-3.441668748855591,-4.602963447570801,-3.087908983230591,0.0
943,ACH-000624,1.226118803024292,-0.5623874068260193,1.554883360862732,0.23362290859222412,True,-3.448991537094116,0.984375,-3.489786414805479,0.18732106685638428,-5.0,-3.424372434616089,-4.32412052154541,-3.0383682250976562,0.0
944,ACH-000643,-0.5510678291320801,-2.322969436645508,1.5321125984191895,0.2397889792919159,True,-3.5329129695892334,0.953125,-3.494099070283854,0.05906141549348831,-5.0,-3.4607605934143066,-4.826045036315918,-3.0898070335388184,0.0
945,ACH-000668,0.8933902382850647,-0.9199842810630798,1.5661991834640503,0.24717533588409424,True,-3.4202027320861816,0.984375,-3.486709436464087,0.17290006577968597,-5.0,-3.3951268196105957,-4.858706951141357,-3.067981243133545,0.0
946,ACH-000691,0.37212324142456055,-1.353655457496643,1.4894744157791138,0.23630428314208984,True,-3.4781980514526367,0.9375,-3.4858582979629418,0.07393945753574371,-5.0,-3.3767447471618652,-4.582653999328613,-3.0459327697753906,0.0
947,ACH-000699,0.5848100185394287,-1.1797916889190674,1.522935390472412,0.2416662573814392,True,-3.4757771492004395,0.984375,-3.4848501830866914,0.10439895838499069,-5.0,-3.4515833854675293,-4.323007106781006,-3.0897867679595947,0.0
948,ACH-000711,1.1422806978225708,-0.5826362371444702,1.480663776397705,0.24425317347049713,True,-3.4493491649627686,1.0,-3.4813000812742994,0.13046717643737793,-5.0,-3.4493491649627686,-4.357539653778076,-3.077418804168701,0.0
949,ACH-000725,-1.7986414432525635,-3.6333532333374023,1.5791759490966797,0.25553590059280396,True,-3.590860366821289,0.890625,-3.4922561098289986,0.09088558703660965,-5.0,-3.4178080558776855,-4.608282566070557,-3.0914406776428223,0.0
950,ACH-000755,1.0400402545928955,-0.6815175414085388,1.4714174270629883,0.2501404881477356,True,-3.412458658218384,0.96875,-3.484276364667937,0.12604248523712158,-5.0,-3.3612475395202637,-4.393152236938477,-3.085902690887451,0.0
951,ACH-000759,0.630052924156189,-1.0982969999313354,1.4755651950836182,0.25278472900390625,True,-3.416815757751465,0.9375,-3.47753030397629,0.13902252912521362,-5.0,-3.311270236968994,-4.190308570861816,-3.0651822090148926,0.0
952,ACH-000768,-0.875110387802124,-2.6717875003814697,1.5729124546051025,0.22376468777656555,True,-3.5746684074401855,0.9375,-3.4872441143226798,0.1048618033528328,-5.0,-3.4796464443206787,-4.366724014282227,-3.081125259399414,0.0
953,ACH-000783,-0.040998220443725586,-1.882022500038147,1.5938972234725952,0.24712710082530975,True,-3.508450746536255,0.9375,-3.4893647775440373,0.10755881667137146,-5.0,-3.4090139865875244,-4.154467582702637,-3.0828285217285156,0.0
954,ACH-000818,0.6415300369262695,-1.0581516027450562,1.4598543643951416,0.23982729017734528,True,-3.0568528175354004,0.90625,-3.4461135815431736,0.17826153337955475,-5.0,-2.85583758354187,-3.671238422393799,-2.6247658729553223,0.0
955,ACH-000828,1.5901052951812744,-0.1813468337059021,1.5321807861328125,0.23927146196365356,True,-2.9714603424072266,0.96875,-3.3986482576295787,0.17749294638633728,-5.0,-2.9060235023498535,-3.9789886474609375,-2.7423272132873535,0.0
956,ACH-000849,0.6782941818237305,-1.0797686576843262,1.5356858968734741,0.22237688302993774,True,-3.4054131507873535,0.96875,-3.399324746945356,0.13505467772483826,-5.0,-3.3539750576019287,-4.543833255767822,-3.03851318359375,0.0
957,ACH-000856,-0.34925055503845215,-2.1300876140594482,1.5382442474365234,0.24259275197982788,True,-3.506042718887329,0.921875,-3.4099965441395534,0.13967999815940857,-5.0,-3.3794362545013428,-4.4478302001953125,-3.0504865646362305,0.0
958,ACH-000857,1.0543301105499268,-0.7224224209785461,1.5323272943496704,0.24442517757415771,True,-3.436384677886963,0.984375,-3.4126353575142945,0.14614248275756836,-5.0,-3.4115655422210693,-4.629288196563721,-3.046297550201416,0.0
959,ACH-000859,0.049620866775512695,-1.7194453477859497,1.5477426052093506,0.22132356464862823,True,-3.523350715637207,0.953125,-3.4237068933265857,0.14695701003074646,-5.0,-3.450728416442871,-4.361442565917969,-3.0910890102386475,0.0
960,ACH-000876,-1.4292731285095215,-3.2056326866149902,1.531416654586792,0.24494287371635437,True,-3.628072738647461,0.890625,-3.4441434778586735,0.10944938659667969,-5.0,-3.459590435028076,-4.344069004058838,-3.081920862197876,0.0
961,ACH-000902,-1.3973898887634277,-3.1583216190338135,1.53159761428833,0.22933414578437805,True,-3.531741142272949,0.90625,-3.452903244300101,0.05410609394311905,-5.0,-3.379852294921875,-4.40587854385376,-3.04325270652771,0.0
962,ACH-000910,0.7559214234352112,-0.968068540096283,1.491688847541809,0.23230108618736267,True,-3.5493826866149902,0.96875,-3.4625511885315903,0.15704737603664398,-5.0,-3.5025887489318848,-4.597838401794434,-3.056258201599121,0.0
963,ACH-000927,-0.16308116912841797,-1.9606127738952637,1.5570770502090454,0.2404545545578003,True,-3.436894178390503,0.953125,-3.4599854875174816,0.07400938868522644,-5.0,-3.3600199222564697,-4.4993414878845215,-3.0732269287109375,0.0
964,ACH-000930,0.1587514877319336,-1.5600392818450928,1.479935646057129,0.23885509371757507,True,-3.401484489440918,0.96875,-3.454135387709825,0.07441867887973785,-5.0,-3.349919319152832,-4.389405727386475,-3.063331127166748,0.0
965,ACH-000934,0.5501121282577515,-1.1853998899459839,1.500715970993042,0.23479603230953217,True,-3.4698076248168945,0.96875,-3.455702611420532,0.17783963680267334,-5.0,-3.4204463958740234,-4.389641284942627,-3.064746618270874,0.0
966,ACH-001390,0.7045048475265503,-1.0163300037384033,1.4890727996826172,0.23176205158233643,True,-3.4351084232330322,0.96875,-3.453643192601782,0.12197552621364594,-5.0,-3.3846280574798584,-4.389918804168701,-3.0866732597351074,0.0
967,ACH-001819,0.08818435668945312,-1.6642693281173706,1.5111732482910156,0.2412804365158081,True,-3.4144482612609863,0.9375,-3.4497236994677025,0.1403425633907318,-5.0,-3.3087449073791504,-4.0694966316223145,-3.0324697494506836,0.0
968,ACH-001820,0.38077354431152344,-1.4650099277496338,1.6019243001937866,0.24385914206504822,True,-3.493976593017578,0.96875,-3.45414898882269,0.0997164249420166,-5.0,-3.445394992828369,-4.228394508361816,-3.089878797531128,0.0
969,ACH-000017,0.8500245213508606,-0.8050824999809265,1.4129208326339722,0.24218615889549255,True,-3.452489137649536,0.96875,-3.4539830037053747,0.10267657786607742,-5.0,-3.40256929397583,-4.567014217376709,-3.0577774047851562,0.0
970,ACH-000019,0.2054539918899536,-1.5664573907852173,1.546769380569458,0.22514206171035767,True,-3.517259120941162,0.984375,-3.460310615428954,0.1106250211596489,-5.0,-3.4937238693237305,-4.583461284637451,-3.0661206245422363,0.0
971,ACH-000044,1.652270793914795,-0.010478198528289795,1.4288736581802368,0.2338753640651703,True,-3.1551756858825684,0.953125,-3.4297971224743153,0.15724420547485352,-5.0,-3.064446449279785,-4.087255954742432,-2.840099334716797,0.0
972,ACH-000097,-1.7444545030593872,-3.4334473609924316,1.4562113285064697,0.2327815741300583,True,-3.515587568283081,0.90625,-3.438376167055192,0.07555903494358063,-5.0,-3.362027883529663,-4.379364967346191,-3.0879204273223877,0.0
973,ACH-000111,-0.13910126686096191,-1.9165449142456055,1.534979224205017,0.2424643635749817,True,-3.5369441509246826,0.921875,-3.448232965442141,0.1237110048532486,-5.0,-3.4129559993743896,-4.377102851867676,-3.052527904510498,0.0
974,ACH-000117,-1.060114860534668,-2.8767201900482178,1.574294090270996,0.2423112392425537,True,-3.5127243995666504,0.953125,-3.454682108854592,0.10951673984527588,-5.0,-3.439579486846924,-5.1470208168029785,-3.0866007804870605,0.016393441706895828
975,ACH-000147,0.2190539836883545,-1.6044914722442627,1.5871952772140503,0.2363501787185669,True,-3.429337739944458,0.953125,-3.4521476719635786,0.10247218608856201,-5.0,-3.3520920276641846,-4.163963317871094,-3.077127456665039,0.0
976,ACH-000148,1.3695101737976074,-0.44109344482421875,1.5803881883621216,0.23021548986434937,True,-3.4482202529907227,0.96875,-3.451754930066293,0.13445091247558594,-5.0,-3.398162841796875,-4.107354164123535,-3.0887203216552734,0.0
977,ACH-000196,1.2102752923965454,-0.6088482141494751,1.5758949518203735,0.24322855472564697,True,-3.3553476333618164,0.984375,-3.4421142003958454,0.13051703572273254,-5.0,-3.32924222946167,-4.290500164031982,-3.058457851409912,0.0
978,ACH-000212,0.8098710179328918,-0.9354396462440491,1.503684163093567,0.24162650108337402,True,-3.442525863647461,0.953125,-3.442155366721007,0.13502022624015808,-5.0,-3.3659286499023438,-4.400921821594238,-3.091063976287842,0.0
979,ACH-000223,0.11074841022491455,-1.6534522771835327,1.5357006788253784,0.22850002348423004,True,-3.504666566848755,0.921875,-3.4484064867337816,0.13940979540348053,-5.0,-3.377943515777588,-4.279451370239258,-3.0884602069854736,0.0
980,ACH-000248,1.163818359375,-0.57554692029953,1.5008642673492432,0.23850107192993164,True,-3.431541919708252,0.96875,-3.4467200300312286,0.14384792745113373,-5.0,-3.380946397781372,-4.258581638336182,-3.0454328060150146,0.0
981,ACH-000258,-0.45572149753570557,-2.1997482776641846,1.5104880332946777,0.23353877663612366,True,-3.518953800201416,0.9375,-3.4539434070482473,0.11019381880760193,-5.0,-3.420217514038086,-4.359597206115723,-3.1694111824035645,0.0
982,ACH-000276,-0.4658224582672119,-2.295599937438965,1.5924327373504639,0.2373446822166443,True,-3.4972481727600098,0.921875,-3.4582738836194236,0.11673417687416077,-5.0,-3.369896650314331,-4.571770191192627,-3.0746803283691406,0.0
983,ACH-000277,-0.042137861251831055,-1.7946687936782837,1.5161241292953491,0.23640678822994232,True,-3.4388787746429443,0.96875,-3.4563343727217752,0.07960054278373718,-5.0,-3.388519763946533,-5.023997783660889,-3.0552375316619873,0.016129031777381897
984,ACH-000288,-0.567588210105896,-2.319274425506592,1.5236986875534058,0.22798757255077362,True,-3.605957269668579,0.9375,-3.4712966624164556,0.10906358063220978,-5.0,-3.513021230697632,-4.628344535827637,-3.088369369506836,0.0
985,ACH-000330,0.16090893745422363,-1.5532280206680298,1.4865094423294067,0.2276274859905243,True,-3.45442795753479,0.96875,-3.469609791928289,0.07810739427804947,-5.0,-3.4045705795288086,-4.47742223739624,-3.0717861652374268,0.0
986,ACH-000349,-0.1049964427947998,-1.8882477283477783,1.5425196886062622,0.2407315969467163,True,-3.5013928413391113,0.9375,-3.472788096869371,0.11949925869703293,-5.0,-3.4014859199523926,-5.398227691650391,-3.086015224456787,0.01666666753590107
987,ACH-000352,-0.3760700225830078,-2.1253812313079834,1.5144710540771484,0.23484018445014954,True,-3.2857284545898438,0.9375,-3.4540821326414184,0.09951338171958923,-5.0,-3.1714437007904053,-4.124624252319336,-2.981955051422119,0.0
988,ACH-000374,-0.04984176158905029,-1.7951884269714355,1.5049587488174438,0.24038788676261902,True,-3.4415476322174072,0.96875,-3.452828682599017,0.09977756440639496,-5.0,-3.39127516746521,-4.476964473724365,-3.0827136039733887,0.0
989,ACH-000536,-0.17658531665802002,-1.8688501119613647,1.4643577337265015,0.22790712118148804,True,-3.503235101699829,0.9375,-3.457869324509098,0.12044134736061096,-5.0,-3.4034509658813477,-4.925650596618652,-3.090961456298828,0.0
990,ACH-000554,0.3154470920562744,-1.4598803520202637,1.5323083400726318,0.24301913380622864,True,-3.448561906814575,0.96875,-3.4569385827396455,0.10328859835863113,-5.0,-3.3985157012939453,-4.5195770263671875,-3.091114044189453,0.0
991,ACH-000568,0.9485387206077576,-0.7667616009712219,1.484891653060913,0.23040860891342163,True,-3.32975435256958,0.9375,-3.4442201597226387,0.14818526804447174,-5.0,-3.218404769897461,-4.3290486335754395,-2.9864139556884766,0.0
992,ACH-000573,1.4156118631362915,-0.3008352220058441,1.481231451034546,0.23521564900875092,True,-3.314582586288452,0.984375,-3.43125640237922,0.14379741251468658,-5.0,-3.287829875946045,-4.191129684448242,-3.042104482650757,0.0
993,ACH-000621,0.6212646961212158,-1.1555547714233398,1.5381423234939575,0.23867709934711456,True,-3.4313230514526367,0.96875,-3.4312630672865616,0.12519997358322144,-5.0,-3.380720615386963,-4.116100788116455,-3.087908983230591,0.0
994,ACH-000624,0.2933695316314697,-1.5847774744033813,1.644002914428711,0.23414407670497894,True,-3.4308698177337646,0.96875,-3.431223742331282,0.12324830889701843,-5.0,-3.3802523612976074,-5.252636909484863,-3.0383682250976562,0.016129031777381897
995,ACH-000643,1.4616351127624512,-0.33493751287460327,1.5625762939453125,0.2339962273836136,True,-3.406186103820801,1.0,-3.428719978480234,0.13037243485450745,-5.0,-3.406186103820801,-4.568678379058838,-3.0898070335388184,0.0
996,ACH-000668,0.556708812713623,-1.2783546447753906,1.5922808647155762,0.24278263747692108,True,-3.418966054916382,0.953125,-3.4277445861238482,0.09491179138422012,-5.0,-3.341209888458252,-4.176296710968018,-3.067981243133545,0.0
997,ACH-000691,-1.0204888582229614,-2.842017412185669,1.5740866661071777,0.24744191765785217,True,-3.4380016326904297,0.953125,-3.4287702907805064,0.10004879534244537,-5.0,-3.3611817359924316,-4.272991180419922,-3.0459327697753906,0.0
998,ACH-000699,1.0114929676055908,-0.7574722766876221,1.5315310955047607,0.23743416368961334,True,-3.424757957458496,0.953125,-3.4283690574483052,0.1251443773508072,-5.0,-3.3472869396209717,-4.045592784881592,-3.0897867679595947,0.0
999,ACH-000711,0.9934989213943481,-0.7674846649169922,1.5234531164169312,0.23753046989440918,True,-3.412425994873047,0.984375,-3.4267747511907793,0.12140727043151855,-5.0,-3.3872265815734863,-4.3704938888549805,-3.077418804168701,0.0
1000,ACH-000725,0.2880643606185913,-1.508431315422058,1.5674078464508057,0.22908778488636017,True,-3.449435234069824,0.96875,-3.429040799478684,0.08151613175868988,-5.0,-3.399416923522949,-4.532898426055908,-3.0914406776428223,0.0
1001,ACH-000755,1.2949579954147339,-0.4708673655986786,1.5223743915557861,0.24345102906227112,True,-3.3927342891693115,0.984375,-3.425410148447747,0.09099049866199493,-5.0,-3.367222309112549,-4.64515495300293,-3.085902690887451,0.0
1002,ACH-000759,-0.08612120151519775,-1.8100205659866333,1.495718240737915,0.2281811684370041,True,-3.4833273887634277,0.921875,-3.431201872479315,0.15111538767814636,-5.0,-3.3547959327697754,-4.412665843963623,-3.0651822090148926,0.0
1003,ACH-000768,-1.3621363639831543,-3.0884933471679688,1.5012633800506592,0.22509363293647766,True,-3.550732135772705,0.9375,-3.4431548988086544,0.1426902711391449,-5.0,-3.4541144371032715,-4.8194708824157715,-3.081125259399414,0.0
1004,ACH-000783,-0.600400447845459,-2.319253921508789,1.486794114112854,0.23205938935279846,True,-3.497617244720459,0.953125,-3.4486011333998348,0.08604227751493454,-5.0,-3.423729419708252,-4.389140605926514,-3.0828285217285156,0.0
1005,ACH-000818,1.480555534362793,-0.2553832530975342,1.5000426769256592,0.23589609563350677,True,-2.929778575897217,0.9375,-3.396718877649573,0.10317394137382507,-5.0,-2.7917640209198,-3.486021041870117,-2.5975732803344727,0.0
1006,ACH-000828,0.6561721563339233,-1.0748555660247803,1.4985010623931885,0.23252663016319275,True,-3.0497679710388184,0.9375,-3.3620237869884977,0.09801243245601654,-5.0,-2.919752597808838,-3.9025673866271973,-2.7423272132873535,0.0
1007,ACH-000849,-1.086782693862915,-2.8656845092773438,1.5479121208190918,0.2309897541999817,True,-3.449000358581543,0.9375,-3.370721444147802,0.06407727301120758,-5.0,-3.3456006050109863,-4.274200439453125,-3.03851318359375,0.0
1008,ACH-000856,0.28485584259033203,-1.4489585161209106,1.5007624626159668,0.2330518662929535,True,-3.4529881477355957,0.96875,-3.3789481145065814,0.12391819059848785,-5.0,-3.4030842781066895,-4.559061527252197,-3.0504865646362305,0.0
1009,ACH-000857,-0.26571953296661377,-2.0411903858184814,1.5325510501861572,0.24291977286338806,True,-3.4864797592163086,0.984375,-3.389701278977554,0.0889631062746048,-5.0,-3.4624555110931396,-4.539848804473877,-3.046297550201416,0.0
1010,ACH-000859,1.1189981698989868,-0.6186498403549194,1.5069493055343628,0.23069864511489868,True,-3.3790249824523926,0.984375,-3.3886336493250377,0.12930388748645782,-5.0,-3.35329532623291,-4.555265426635742,-3.0910890102386475,0.0
1011,ACH-000876,1.0972836017608643,-0.6863291263580322,1.5547112226486206,0.2289014607667923,True,-3.3939573764801025,0.96875,-3.3891660220405444,0.1418943703174591,-5.0,-3.342149496078491,-4.1256794929504395,-3.081920862197876,0.0
1012,ACH-000902,-0.23777782917022705,-1.960098385810852,1.492068886756897,0.23025164008140564,True,-3.38742995262146,0.96875,-3.388992415098636,0.060313839465379715,-5.0,-3.335411548614502,-4.175821304321289,-3.04325270652771,0.0
1013,ACH-000910,0.3473128080368042,-1.4136557579040527,1.5367426872253418,0.22422584891319275,True,-3.47637939453125,0.96875,-3.397731113041897,0.12692484259605408,-5.0,-3.4272303581237793,-5.453878879547119,-3.056258201599121,0.016129031777381897
1014,ACH-000927,0.48350048065185547,-1.2429742813110352,1.4943138360977173,0.23216092586517334,True,-3.410557746887207,0.96875,-3.399013776426428,0.1291341781616211,-5.0,-3.359285593032837,-4.416722297668457,-3.0732269287109375,0.0
1015,ACH-000930,0.35713422298431396,-1.412488341331482,1.5528147220611572,0.21680787205696106,True,-3.4544553756713867,0.984375,-3.404557936350924,0.1147691160440445,-5.0,-3.4299230575561523,-4.627420425415039,-3.063331127166748,0.0
1016,ACH-000934,0.23833513259887695,-1.4987435340881348,1.500549077987671,0.23652958869934082,True,-3.3692831993103027,0.953125,-3.4010304626468617,0.09582334756851196,-5.0,-3.28908371925354,-4.1637187004089355,-3.064746618270874,0.0
1017,ACH-001390,1.228462815284729,-0.48100030422210693,1.4872794151306152,0.2221837192773819,True,-3.3315048217773438,0.984375,-3.3940778985599103,0.09868259727954865,-5.0,-3.305021286010742,-4.442134857177734,-3.0866732597351074,0.0
1018,ACH-001819,-0.3070415258407593,-1.9656857252120972,1.42606782913208,0.2325764000415802,True,-3.4255714416503906,0.90625,-3.397227252868958,0.12206389009952545,-5.0,-3.262699842453003,-4.5196123123168945,-3.0324697494506836,0.0
1019,ACH-001820,0.671371340751648,-1.079704999923706,1.5262563228607178,0.22482001781463623,True,-3.429399013519287,0.984375,-3.400444428933991,0.12049588561058044,-5.0,-3.4044692516326904,-4.709506034851074,-3.089878797531128,0.0
1020,ACH-000017,-1.4219588041305542,-3.096118688583374,1.4501326084136963,0.22402730584144592,True,-3.5643067359924316,0.90625,-3.416830659639835,0.10994665324687958,-5.0,-3.4157867431640625,-4.99679708480835,-3.0577774047851562,0.0
1021,ACH-000019,0.03668212890625,-1.6551324129104614,1.473120093345642,0.21869441866874695,True,-3.468742609024048,0.9375,-3.422021854578256,0.13253827393054962,-5.0,-3.3666586875915527,-5.081394672393799,-3.0661206245422363,0.01666666753590107
1022,ACH-000044,1.8708178997039795,0.24230296909809113,1.3997806310653687,0.22873428463935852,True,-3.005378484725952,0.984375,-3.380357517593026,0.1709945797920227,-5.0,-2.9737181663513184,-3.821010112762451,-2.840099334716797,0.0
1023,ACH-000097,1.2046139240264893,-0.5560333728790283,1.5429288148880005,0.21771851181983948,True,-3.3641445636749268,0.984375,-3.378736222201216,0.10930386930704117,-5.0,-3.338178873062134,-4.210305213928223,-3.0879204273223877,0.0
1024,ACH-000111,-0.6173505783081055,-2.3681442737579346,1.527198314666748,0.22359532117843628,True,-3.470414161682129,0.96875,-3.387904016149307,0.11945643275976181,-5.0,-3.421072483062744,-4.609129905700684,-3.052527904510498,0.0
1025,ACH-000117,-0.2671496868133545,-2.032323122024536,1.5463792085647583,0.21879416704177856,True,-3.4377570152282715,0.96875,-3.3928893160572033,0.0819794088602066,-5.0,-3.387362003326416,-4.780011177062988,-3.0866007804870605,0.0
1026,ACH-000147,-0.0805044174194336,-1.8509669303894043,1.5611332654953003,0.2093292623758316,True,-3.4424071311950684,0.953125,-3.3978410975709896,0.10578690469264984,-5.0,-3.3658039569854736,-4.583850860595703,-3.077127456665039,0.0
1027,ACH-000148,-0.05757558345794678,-1.8788292407989502,1.5989664793014526,0.2222871631383896,True,-3.485585927963257,0.96875,-3.4066155806102163,0.09202434867620468,-5.0,-3.4367334842681885,-4.738646507263184,-3.0887203216552734,0.0
1028,ACH-000196,0.7755165696144104,-0.9561092257499695,1.4970831871032715,0.23454254865646362,True,-3.37343168258667,0.984375,-3.4032971908078613,0.1135856956243515,-5.0,-3.3476130962371826,-4.685898303985596,-3.058457851409912,0.0
1029,ACH-000212,0.30234968662261963,-1.4284929037094116,1.5052545070648193,0.2255881279706955,True,-3.503383159637451,0.96875,-3.4133057876908204,0.14091357588768005,-5.0,-3.4551050662994385,-4.974701404571533,-3.091063976287842,0.0
1030,ACH-000223,-0.17650699615478516,-1.9030910730361938,1.4938733577728271,0.23271073400974274,True,-3.4971022605895996,0.96875,-3.421685434980698,0.09899967908859253,-5.0,-3.4486217498779297,-5.061588287353516,-3.0884602069854736,0.016129031777381897
1031,ACH-000248,0.9595683813095093,-0.8204348087310791,1.5439623594284058,0.2360408455133438,True,-3.353950023651123,0.984375,-3.4149118938477407,0.1146460473537445,-5.0,-3.32782244682312,-4.362785339355469,-3.0454328060150146,0.0
1032,ACH-000258,-0.09747195243835449,-1.9083638191223145,1.5824182033538818,0.22847363352775574,True,-3.560175895690918,0.96875,-3.4294382940320585,0.10407492518424988,-5.0,-3.5137298107147217,-4.690206050872803,-3.1694111824035645,0.0
1033,ACH-000276,0.4694005250930786,-1.2609893083572388,1.494353175163269,0.23603668808937073,True,-3.375080108642578,0.953125,-3.4240024754931104,0.09529367089271545,-5.0,-3.295165777206421,-4.059752464294434,-3.0746803283691406,0.0
1034,ACH-000277,-1.372657299041748,-3.1139235496520996,1.521208643913269,0.22005759179592133,True,-3.3867688179016113,0.953125,-3.4202791097339604,0.060988061130046844,-5.0,-3.307429313659668,-4.147382736206055,-3.0552375316619873,0.0
1035,ACH-000288,0.20097219944000244,-1.5594396591186523,1.5510343313217163,0.20937754213809967,True,-3.5786118507385254,0.9375,-3.4361123838344168,0.1258792281150818,-5.0,-3.4838526248931885,-4.757154941558838,-3.088369369506836,0.0
1036,ACH-000330,-0.6489765644073486,-2.399048328399658,1.5224989652633667,0.22757282853126526,True,-3.408371925354004,0.96875,-3.4333383379863753,0.060768816620111465,-5.0,-3.3570289611816406,-4.329692363739014,-3.0717861652374268,0.0
1037,ACH-000349,-0.9224493503570557,-2.7095389366149902,1.5616989135742188,0.2253907322883606,True,-3.508667469024658,0.9375,-3.4408712510902033,0.12052643299102783,-5.0,-3.409245252609253,-4.58239221572876,-3.086015224456787,0.0
1038,ACH-000352,0.996092677116394,-0.7237308025360107,1.4971920251846313,0.22263143956661224,True,-3.2491097450256348,0.984375,-3.421695100483747,0.09359467029571533,-5.0,-3.221318006515503,-4.32299280166626,-2.981955051422119,0.0
1039,ACH-000374,0.8671697378158569,-0.8990050554275513,1.547080397605896,0.21909436583518982,True,-3.4340057373046875,0.96875,-3.422926164165841,0.10290420800447464,-5.0,-3.3834896087646484,-4.462021350860596,-3.0827136039733887,0.0
1040,ACH-000536,-1.6457514762878418,-3.409198045730591,1.5454277992248535,0.2180188000202179,True,-3.4783272743225098,0.953125,-3.4284662751815076,0.05290780961513519,-5.0,-3.4034907817840576,-4.5116376876831055,-3.090961456298828,0.0
1041,ACH-000554,0.737937331199646,-0.9861263036727905,1.5029882192611694,0.22107546031475067,True,-3.421348810195923,0.984375,-3.427754528682949,0.08806468546390533,-5.0,-3.3962907791137695,-4.970806121826172,-3.091114044189453,0.0
1042,ACH-000568,0.6448585987091064,-1.089942216873169,1.5148954391479492,0.21990543603897095,True,-3.17109751701355,0.984375,-3.402088827516009,0.0547284260392189,-5.0,-3.1420674324035645,-4.2299699783325195,-2.9864139556884766,0.0
1043,ACH-000573,0.23081398010253906,-1.5053257942199707,1.5152252912521362,0.22091452777385712,True,-3.332921028137207,0.96875,-3.395172047578129,0.12860806286334991,-5.0,-3.279144287109375,-4.709403991699219,-3.042104482650757,0.0
1044,ACH-000621,1.2054592370986938,-0.5146417617797852,1.4929190874099731,0.22718186676502228,True,-3.3771753311157227,0.984375,-3.3933723759318886,0.07420365512371063,-5.0,-3.3514163494110107,-4.379895210266113,-3.087908983230591,0.0
1045,ACH-000624,0.5670231580734253,-1.216137409210205,1.5627806186676025,0.22037990391254425,True,-3.356679916381836,0.953125,-3.3897031299768834,0.12691743671894073,-5.0,-3.275860548019409,-4.382490634918213,-3.0383682250976562,0.0
1046,ACH-000643,1.1960721015930176,-0.4772070050239563,1.4536421298980713,0.21963700652122498,True,-3.39239501953125,1.0,-3.38997231893232,0.13489888608455658,-5.0,-3.39239501953125,-4.709194183349609,-3.0898070335388184,0.0
1047,ACH-000668,-0.4471336603164673,-2.2272472381591797,1.565965175628662,0.2141484022140503,True,-3.5068423748016357,0.9375,-3.4016593245192515,0.07138291001319885,-5.0,-3.4072985649108887,-4.76585054397583,-3.067981243133545,0.0
1048,ACH-000691,0.548733115196228,-1.1452293395996094,1.4750516414642334,0.21891076862812042,True,-3.4343559741973877,0.953125,-3.4049289894870647,0.12239034473896027,-5.0,-3.3573572635650635,-4.263383865356445,-3.0459327697753906,0.0
1049,ACH-000699,1.1419094800949097,-0.5987316370010376,1.5117138624191284,0.22892728447914124,True,-3.3964691162109375,1.0,-3.404083002159452,0.15330299735069275,-5.0,-3.3964691162109375,-4.379626274108887,-3.0897867679595947,0.0
1050,ACH-000711,-0.42916154861450195,-2.1702258586883545,1.5064284801483154,0.23463588953018188,True,-3.5022995471954346,0.9375,-3.4139046566630507,0.10500510036945343,-5.0,-3.4024529457092285,-4.392571449279785,-3.077418804168701,0.0
1051,ACH-000725,-1.7887935638427734,-3.5555548667907715,1.5453382730484009,0.2214229702949524,True,-3.386918067932129,0.96875,-3.4112059977899585,0.05235825479030609,-5.0,-3.334882974624634,-4.467341423034668,-3.0914406776428223,0.0
1052,ACH-000755,0.9332117438316345,-0.758242666721344,1.4734678268432617,0.21798664331436157,True,-3.388974189758301,0.953125,-3.4089828169867924,0.1185520589351654,-5.0,-3.3097431659698486,-4.417595386505127,-3.085902690887451,0.0
1053,ACH-000759,1.4205944538116455,-0.2669277787208557,1.4691414833068848,0.21838083863258362,True,-3.309441089630127,1.0,-3.3990286442511257,0.1212676465511322,-5.0,-3.309441089630127,-4.433326721191406,-3.0651819705963135,0.0
1054,ACH-000768,0.15441429615020752,-1.5921498537063599,1.5380535125732422,0.2085106372833252,True,-3.479586601257324,0.96875,-3.407084439951746,0.08840340375900269,-5.0,-3.4305408000946045,-4.591606140136719,-3.081125259399414,0.0
1055,ACH-000783,1.5085467100143433,-0.21420924365520477,1.5011333227157593,0.22162258625030518,True,-3.347475290298462,1.0,-3.4011235249864176,0.10619677603244781,-5.0,-3.347475290298462,-4.134041786193848,-3.0828285217285156,0.0
1056,ACH-000818,0.3723543882369995,-1.2719401121139526,1.4294705390930176,0.2148239016532898,True,-2.9555540084838867,0.921875,-3.3565665733361643,0.17391517758369446,-5.0,-2.7822959423065186,-3.8051846027374268,-2.609245538711548,0.0
1057,ACH-000828,0.09230601787567139,-1.6559547185897827,1.527536153793335,0.22072461247444153,True,-3.03245210647583,0.9375,-3.324155126650131,0.11168195307254791,-5.0,-2.90128231048584,-3.7463157176971436,-2.7423272132873535,0.0
1058,ACH-000849,0.611016035079956,-1.1443740129470825,1.550580382347107,0.20480963587760925,True,-3.364675760269165,0.96875,-3.328207190012034,0.11733788251876831,-5.0,-3.3119232654571533,-4.212800979614258,-3.03851318359375,0.0
1059,ACH-000856,0.2922583818435669,-1.479049801826477,1.5506675243377686,0.22064070403575897,True,-3.3964931964874268,0.984375,-3.3350357906595733,0.09274321049451828,-5.0,-3.3710408210754395,-4.81651496887207,-3.0504865646362305,0.0
1060,ACH-000857,0.5540611743927002,-1.1219182014465332,1.4596933126449585,0.21628612279891968,True,-3.3822989463806152,0.984375,-3.3397621062316776,0.10307246446609497,-5.0,-3.356621265411377,-4.731825828552246,-3.046297550201416,0.0
1061,ACH-000859,-0.35138750076293945,-2.059856653213501,1.4877760410308838,0.22069308161735535,True,-3.4449410438537598,0.953125,-3.350279999993886,0.06425467133522034,-5.0,-3.368462562561035,-4.400856018066406,-3.0910890102386475,0.0
1062,ACH-000876,1.2456624507904053,-0.5109415054321289,1.5305660963058472,0.22603780031204224,True,-3.323512554168701,1.0,-3.3476032554113675,0.12420417368412018,-5.0,-3.323512554168701,-4.4547882080078125,-3.081920862197876,0.0
1063,ACH-000902,0.6074651479721069,-1.1237961053848267,1.5142775774002075,0.21698366105556488,True,-3.407871723175049,0.984375,-3.3536301021877355,0.07552319765090942,-5.0,-3.3826000690460205,-4.526212692260742,-3.04325270652771,0.0
1064,ACH-000910,-2.441063642501831,-4.115601539611816,1.4610040187835693,0.2135339379310608,True,-3.462540864944458,0.9375,-3.364521178463408,0.08355994522571564,-5.0,-3.360043525695801,-4.330951690673828,-3.056258201599121,0.0
1065,ACH-000927,1.3696668148040771,-0.3013816475868225,1.4620248079299927,0.20902371406555176,True,-3.344435691833496,1.0,-3.362512629800417,0.13805997371673584,-5.0,-3.344435691833496,-4.416722297668457,-3.0732271671295166,0.0
1066,ACH-000930,0.9063204526901245,-0.7817872762680054,1.47046959400177,0.21763814985752106,True,-3.338435173034668,1.0,-3.360104884123842,0.1218479722738266,-5.0,-3.338435173034668,-4.692106246948242,-3.063331127166748,0.0
1067,ACH-000934,-0.7467517852783203,-2.503980875015259,1.5335618257522583,0.22366726398468018,True,-3.4322497844696045,0.953125,-3.367319374158418,0.05121413990855217,-5.0,-3.355147123336792,-4.390533924102783,-3.064746618270874,0.0
1068,ACH-001390,0.2235938310623169,-1.433395266532898,1.447564721107483,0.2094244360923767,True,-3.4190731048583984,0.9375,-3.372494747228416,0.11350765824317932,-5.0,-3.313678503036499,-4.442718029022217,-3.0866732597351074,0.0
1069,ACH-001819,0.5710465908050537,-1.1640541553497314,1.5151941776275635,0.2199065387248993,True,-3.3012466430664062,0.96875,-3.365369936812215,0.10770271718502045,-5.0,-3.246448040008545,-4.0694966316223145,-3.0324697494506836,0.0
1070,ACH-001820,0.11302733421325684,-1.5840587615966797,1.4847406148910522,0.21234548091888428,True,-3.477715253829956,0.9375,-3.3766044685139893,0.0810997486114502,-5.0,-3.376230001449585,-4.449060440063477,-3.089878797531128,0.0
1071,ACH-000017,0.657044529914856,-1.041559100151062,1.4808804988861084,0.21772311627864838,True,-3.3653619289398193,0.984375,-3.375480214556572,0.1112774908542633,-5.0,-3.3394155502319336,-4.206866264343262,-3.0577774047851562,0.0
1072,ACH-000019,1.0906333923339844,-0.615155816078186,1.4987952709197998,0.20699390769004822,True,-3.375154495239258,0.96875,-3.3754476426248408,0.11258990317583084,-5.0,-3.322740077972412,-3.9647178649902344,-3.0661206245422363,0.0
1073,ACH-000044,0.20312023162841797,-1.3957462310791016,1.385778546333313,0.21308797597885132,True,-3.063331127166748,0.953125,-3.3442359910790316,0.080233633518219,-5.0,-2.9680850505828857,-3.8203177452087402,-2.840099334716797,0.0
1074,ACH-000097,0.9328836798667908,-0.7369410395622253,1.4612358808517456,0.20858880877494812,True,-3.353332996368408,0.984375,-3.345145691607969,0.12014082819223404,-5.0,-3.327195644378662,-4.635037899017334,-3.0879204273223877,0.0
1075,ACH-000111,-1.9159218072891235,-3.6484615802764893,1.517822027206421,0.2147177904844284,True,-3.453502655029297,0.96875,-3.355981387950102,0.0765460804104805,-5.0,-3.4036154747009277,-5.032088279724121,-3.052527904510498,0.016129031777381897
1076,ACH-000117,0.7227808237075806,-1.0552235841751099,1.565138339996338,0.21286611258983612,True,-3.357579231262207,0.984375,-3.3561411722813124,0.0952078253030777,-5.0,-3.3315093517303467,-4.525825500488281,-3.0866007804870605,0.0
1077,ACH-000147,-0.6849006414413452,-2.4943673610687256,1.5980219841003418,0.21144475042819977,True,-3.503862142562866,0.96875,-3.3709132693094674,0.06961689889431,-5.0,-3.455599784851074,-5.7775421142578125,-3.077127456665039,0.016129031777381897
1078,ACH-000148,0.9643981456756592,-0.8333513736724854,1.5937432050704956,0.20400629937648773,True,-3.426335096359253,0.96875,-3.376455452014446,0.14284461736679077,-5.0,-3.3755719661712646,-4.717872619628906,-3.0887203216552734,0.0
1079,ACH-000196,0.006819486618041992,-1.7284070253372192,1.5155223608016968,0.21970413625240326,True,-3.3615427017211914,0.953125,-3.37496417698512,0.07586737722158432,-5.0,-3.2809627056121826,-4.281590938568115,-3.058457851409912,0.0
1080,ACH-000212,1.0897345542907715,-0.6851914525032043,1.5621895790100098,0.21273650228977203,True,-3.402250289916992,0.96875,-3.377692788278307,0.11926154792308807,-5.0,-3.350709915161133,-4.400921821594238,-3.091063976287842,0.0
1081,ACH-000223,-1.2596845626831055,-2.9257466793060303,1.4583020210266113,0.20776012539863586,True,-3.3905153274536133,0.9375,-3.3789750421958376,0.06851653754711151,-5.0,-3.2832164764404297,-3.956371784210205,-3.0884602069854736,0.0
1082,ACH-000248,-0.45197200775146484,-2.1624090671539307,1.5060641765594482,0.20437286794185638,True,-3.4250006675720215,0.953125,-3.383577604733456,0.09606035053730011,-5.0,-3.347541570663452,-4.885433197021484,-3.0454328060150146,0.0
1083,ACH-000258,1.0967772006988525,-0.6249330639839172,1.5175929069519043,0.20411743223667145,True,-3.418893814086914,1.0,-3.387109225668802,0.1093302071094513,-5.0,-3.418893814086914,-4.294642448425293,-3.1694111824035645,0.0
1084,ACH-000276,0.9229406714439392,-0.7248615622520447,1.4352138042449951,0.21258847415447235,True,-3.3685474395751953,0.984375,-3.3852530470594413,0.12094851583242416,-5.0,-3.342651605606079,-4.6201581954956055,-3.0746803283691406,0.0
1085,ACH-000277,1.2073414325714111,-0.5734760761260986,1.567689061164856,0.21312838792800903,True,-3.304999351501465,1.0,-3.3772276775036434,0.13330845534801483,-5.0,-3.304999351501465,-4.406015396118164,-3.055237293243408,0.0
1086,ACH-000288,0.8827676177024841,-0.8475208878517151,1.5319104194641113,0.19837814569473267,True,-3.3718817234039307,0.984375,-3.376693082093672,0.12568879127502441,-5.0,-3.346039056777954,-4.389061450958252,-3.088369369506836,0.0
1087,ACH-000330,0.1981515884399414,-1.4660060405731201,1.4638954401016235,0.2002621293067932,True,-3.4433341026306152,0.953125,-3.3833571841473664,0.11856447905302048,-5.0,-3.366776943206787,-4.991363048553467,-3.0717861652374268,0.0
1088,ACH-000349,-0.31320858001708984,-1.9928410053253174,1.4691640138626099,0.21046841144561768,True,-3.3841443061828613,0.953125,-3.383435896350916,0.08510203659534454,-5.0,-3.304675817489624,-4.0281662940979,-3.086015224456787,0.0
1089,ACH-000352,0.6927231550216675,-0.9798295497894287,1.4588669538497925,0.21368572115898132,True,-3.292336940765381,0.953125,-3.3743260007923626,0.10867603123188019,-5.0,-3.208353042602539,-4.204409599304199,-2.981955051422119,0.0
1090,ACH-000374,0.01664602756500244,-1.6043623685836792,1.4166178703308105,0.20439057052135468,True,-3.451284885406494,0.96875,-3.3820218892537754,0.09095345437526703,-5.0,-3.4013261795043945,-4.727736473083496,-3.0827136039733887,0.0
1091,ACH-000536,-0.5534826517105103,-2.229888916015625,1.471528172492981,0.2048780769109726,True,-3.4574382305145264,0.953125,-3.3895635233798505,0.10088924318552017,-5.0,-3.3815746307373047,-4.763028144836426,-3.090961456298828,0.0
1092,ACH-000554,-0.37120938301086426,-2.0584142208099365,1.478734016418457,0.20847082138061523,True,-3.3212289810180664,0.984375,-3.382730069143672,0.039100587368011475,-5.0,-3.2945821285247803,-4.047364234924316,-3.091114044189453,0.0
1093,ACH-000568,0.8331449627876282,-0.8065261244773865,1.4391353130340576,0.20053574442863464,True,-3.176739454269409,0.96875,-3.3621310076562456,0.12070491909980774,-5.0,-3.117924451828003,-4.257620334625244,-2.9864139556884766,0.0
1094,ACH-000573,1.3082724809646606,-0.3382483422756195,1.4431554079055786,0.20336538553237915,True,-3.2435388565063477,0.984375,-3.350271792541256,0.12283787131309509,-5.0,-3.215658664703369,-3.9425816535949707,-3.042104482650757,0.0
1095,ACH-000621,-0.4012577533721924,-2.091966390609741,1.4883830547332764,0.20232564210891724,True,-3.4022090435028076,0.953125,-3.3554655176374113,0.05892300605773926,-5.0,-3.3236289024353027,-4.116100788116455,-3.087908983230591,0.0
1096,ACH-000624,0.9871312975883484,-0.6985741257667542,1.4845576286315918,0.20114773511886597,True,-3.336881399154663,1.0,-3.3536071057891363,0.126897394657135,-5.0,-3.336881399154663,-4.527006149291992,-3.0383684635162354,0.0
1097,ACH-000643,0.8825628757476807,-0.8187872171401978,1.4924415349960327,0.2089085876941681,True,-3.329807758331299,0.984375,-3.3512271710433525,0.11676140129566193,-5.0,-3.3032968044281006,-4.372196197509766,-3.0898070335388184,0.0
1098,ACH-000668,0.3116788864135742,-1.4075758457183838,1.5138062238693237,0.2054484635591507,True,-3.369518280029297,0.96875,-3.353056281941947,0.09043563902378082,-5.0,-3.3169217109680176,-4.197113037109375,-3.067981243133545,0.0
1099,ACH-000691,0.31922638416290283,-1.4370781183242798,1.543608546257019,0.21269601583480835,True,-3.390376091003418,0.96875,-3.356788262848094,0.1370638906955719,-5.0,-3.3384523391723633,-4.364406585693359,-3.0459327697753906,0.0
1100,ACH-000699,0.6625096797943115,-1.0505374670028687,1.5039901733398438,0.2090570032596588,True,-3.3766932487487793,0.984375,-3.3587787614381623,0.08309964835643768,-5.0,-3.350926637649536,-4.375834941864014,-3.0897867679595947,0.0
1101,ACH-000711,0.06377649307250977,-1.6190824508666992,1.4739980697631836,0.20886091887950897,True,-3.3565011024475098,0.96875,-3.358550995539097,0.0774514377117157,-5.0,-3.3034849166870117,-4.2178120613098145,-3.077418804168701,0.0
1102,ACH-000725,0.07517266273498535,-1.6365153789520264,1.5025776624679565,0.20911040902137756,True,-3.413212299346924,0.953125,-3.36401712591988,0.13266246020793915,-5.0,-3.3351733684539795,-4.171789646148682,-3.0914406776428223,0.0
1103,ACH-000755,0.7289742827415466,-0.9238786101341248,1.4546440839767456,0.1982087641954422,True,-3.3143255710601807,0.984375,-3.35904797043391,0.07945957779884338,-5.0,-3.287569046020508,-4.026561260223389,-3.085902690887451,0.0
1104,ACH-000759,0.2773700952529907,-1.4319367408752441,1.5028423070907593,0.20646455883979797,True,-3.3688244819641113,0.953125,-3.36002562158693,0.12385077774524689,-5.0,-3.288602590560913,-4.412665843963623,-3.0651822090148926,0.0
1105,ACH-000768,-0.21075987815856934,-1.892562747001648,1.4788075685501099,0.20299525558948517,True,-3.422574996948242,0.953125,-3.3662805591230613,0.08602410554885864,-5.0,-3.344996452331543,-4.163649559020996,-3.081125259399414,0.0
1106,ACH-000783,0.49771010875701904,-1.1534885168075562,1.4511940479278564,0.20000463724136353,True,-3.4182181358337402,0.96875,-3.3714743167941292,0.12115141749382019,-5.0,-3.3671927452087402,-4.460715293884277,-3.0828285217285156,0.0
1107,ACH-000818,0.058073997497558594,-1.5153615474700928,1.3724024295806885,0.2010331153869629,True,-3.020134449005127,0.90625,-3.336340330015229,0.1229853555560112,-5.0,-2.8153207302093506,-3.7217729091644287,-2.609245538711548,0.0
1108,ACH-000828,1.7626657485961914,-0.0305306576192379,1.5903767347335815,0.20281970500946045,True,-2.977602005004883,0.96875,-3.3004664975141944,0.16722539067268372,-5.0,-2.912363290786743,-4.057826995849609,-2.7423272132873535,0.0
1109,ACH-000849,0.9465352296829224,-0.7113813161849976,1.4702893495559692,0.18762724101543427,True,-3.2757182121276855,1.0,-3.2979916689755435,0.08274801820516586,-5.0,-3.2757182121276855,-4.419482231140137,-3.038513422012329,0.0
1110,ACH-000856,-0.8144594430923462,-2.5513362884521484,1.5343793630599976,0.2024974524974823,True,-3.397756814956665,0.953125,-3.3079681835736556,0.06674902886152267,-5.0,-3.318957805633545,-4.282133102416992,-3.0504865646362305,0.0
1111,ACH-000857,0.26450634002685547,-1.3800128698349,1.4349840879440308,0.2095351219177246,True,-3.3795742988586426,0.96875,-3.3151287951021544,0.11638092994689941,-5.0,-3.3273024559020996,-4.365315914154053,-3.046297550201416,0.0
1112,ACH-000859,-0.7105569839477539,-2.3840603828430176,1.4680007696151733,0.2055026888847351,True,-3.4511640071868896,0.9375,-3.328732316310628,0.05467795580625534,-5.0,-3.3479082584381104,-4.5354743003845215,-3.0910890102386475,0.0
1113,ACH-000876,0.9580349922180176,-0.7520965337753296,1.5094274282455444,0.20070409774780273,True,-3.2990260124206543,0.984375,-3.3257616859216306,0.10554724931716919,-5.0,-3.272026538848877,-4.4547882080078125,-3.081920862197876,0.0
1114,ACH-000902,-1.6437760591506958,-3.3558919429779053,1.5120271444320679,0.200088769197464,True,-3.4395055770874023,0.9375,-3.3371360750382077,0.06465859711170197,-5.0,-3.335472822189331,-4.357755184173584,-3.04325270652771,0.0
1115,ACH-000910,-1.6295905113220215,-3.2821409702301025,1.4561907052993774,0.1963597983121872,True,-3.3859610557556152,0.953125,-3.3420185731099488,0.06894353032112122,-5.0,-3.306581974029541,-4.92284631729126,-3.056258201599121,0.0
1116,ACH-000927,0.9440494179725647,-0.7115065455436707,1.4533755779266357,0.202180415391922,True,-3.342243194580078,0.984375,-3.342041035256962,0.12280100584030151,-5.0,-3.315929889678955,-4.272411346435547,-3.0732269287109375,0.0
1117,ACH-000930,1.1760838031768799,-0.5197369456291199,1.4950220584869385,0.20079860091209412,True,-3.3076844215393066,0.984375,-3.3386053738851964,0.11869694292545319,-5.0,-3.280822515487671,-4.389405727386475,-3.063331127166748,0.0
1118,ACH-000934,1.2046524286270142,-0.4558887779712677,1.4537742137908936,0.20676693320274353,True,-3.221621036529541,0.96875,-3.326906940149631,0.10169073939323425,-5.0,-3.1642539501190186,-3.748105525970459,-3.064746618270874,0.0
1119,ACH-001390,-0.8871008157730103,-2.500715494155884,1.4205137491226196,0.1931009590625763,True,-3.4621734619140625,0.953125,-3.340433592326074,0.07897017896175385,-5.0,-3.386542558670044,-4.285371780395508,-3.0866732597351074,0.0
1120,ACH-001819,0.7645273208618164,-0.9138803482055664,1.4798719882965088,0.19853565096855164,True,-3.315784454345703,0.953125,-3.3379686785280365,0.1314385086297989,-5.0,-3.2329540252685547,-4.092662811279297,-3.0324697494506836,0.0
1121,ACH-001820,0.32358407974243164,-1.380257487297058,1.501211404800415,0.2026301920413971,True,-3.382524013519287,0.984375,-3.342424212027162,0.13320472836494446,-5.0,-3.3568499088287354,-4.951962471008301,-3.089878797531128,0.0
1122,ACH-000017,0.6503522396087646,-1.0189931392669678,1.4674700498580933,0.20187538862228394,True,-3.3529469966888428,0.96875,-3.3434764904933303,0.10439708828926086,-5.0,-3.299816131591797,-4.796821594238281,-3.0577774047851562,0.0
1123,ACH-000019,-0.5300896167755127,-2.131051778793335,1.4149481058120728,0.1860140562057495,True,-3.423980951309204,0.953125,-3.3515269365749174,0.12516546249389648,-5.0,-3.3464715480804443,-5.294120788574219,-3.0661206245422363,0.016393441706895828
1124,ACH-000044,1.4662855863571167,-0.08122693002223969,1.3483375310897827,0.19917502999305725,True,-3.0471925735473633,0.96875,-3.3210935002721618,0.10159537196159363,-5.0,-2.984198808670044,-3.8959052562713623,-2.840099334716797,0.0
1125,ACH-000097,1.1714521646499634,-0.4657038748264313,1.4379559755325317,0.19919998943805695,True,-3.314786911010742,0.984375,-3.32046284134602,0.09841124713420868,-5.0,-3.2880377769470215,-4.116194725036621,-3.0879204273223877,0.0
1126,ACH-000111,0.3446887731552124,-1.3616001605987549,1.5018846988677979,0.20440423488616943,True,-3.3183329105377197,0.953125,-3.3202498482651897,0.09601637721061707,-5.0,-3.2356276512145996,-4.190862655639648,-3.052527904510498,0.0
1127,ACH-000117,0.5317518711090088,-1.076748013496399,1.4109470844268799,0.19755277037620544,True,-3.332883358001709,0.96875,-3.3215131992388414,0.11724215000867844,-5.0,-3.2791051864624023,-4.417267322540283,-3.0866007804870605,0.0
1128,ACH-000147,0.9065316915512085,-0.8896093368530273,1.6011072397232056,0.19503378868103027,True,-3.390312671661377,0.96875,-3.328393146481095,0.1724405586719513,-5.0,-3.3383872509002686,-4.526035308837891,-3.077127456665039,0.0
1129,ACH-000148,-1.1623034477233887,-2.8881783485412598,1.5281802415847778,0.19769471883773804,True,-3.5668368339538574,0.921875,-3.352237515228371,0.1410086452960968,-5.0,-3.4453823566436768,-4.632673263549805,-3.0887203216552734,0.0
1130,ACH-000196,0.09503209590911865,-1.5770864486694336,1.4637742042541504,0.20834434032440186,True,-3.382571220397949,1.0,-3.355270885745329,0.10789158940315247,-5.0,-3.382571220397949,-4.801273822784424,-3.058457851409912,0.0
1131,ACH-000212,0.8732469081878662,-0.8189624547958374,1.4902095794677734,0.20199979841709137,True,-3.3642845153808594,0.984375,-3.356172248708882,0.11576156318187714,-5.0,-3.3383212089538574,-4.595419883728027,-3.091063976287842,0.0
1132,ACH-000223,-0.8091070652008057,-2.496546745300293,1.491563081741333,0.1958765685558319,True,-3.4545300006866455,0.9375,-3.3660080239066583,0.05540609359741211,-5.0,-3.35149884223938,-4.977197170257568,-3.0884602069854736,0.0
1133,ACH-000248,-1.1373820304870605,-2.863868474960327,1.5263599157333374,0.20012648403644562,True,-3.391054153442383,0.9375,-3.3685126368602307,0.07647110521793365,-5.0,-3.2837913036346436,-4.33738899230957,-3.0454328060150146,0.0
1134,ACH-000258,-0.37958502769470215,-2.052830696105957,1.4716219902038574,0.20162373781204224,True,-3.4853689670562744,0.953125,-3.380198269879835,0.12121415138244629,-5.0,-3.4108784198760986,-4.186742782592773,-3.1694111824035645,0.0
1135,ACH-000276,0.23107612133026123,-1.4198228120803833,1.4473220109939575,0.20357689261436462,True,-3.4247875213623047,0.953125,-3.384657195028082,0.11722327768802643,-5.0,-3.347317934036255,-4.582305908203125,-3.0746803283691406,0.0
1136,ACH-000277,1.2781989574432373,-0.3810858428478241,1.4646278619766235,0.19465702772140503,True,-3.2976245880126953,0.984375,-3.3759539343265432,0.09920825064182281,-5.0,-3.2706029415130615,-4.150765419006348,-3.0552375316619873,0.0
1137,ACH-000288,-0.12955641746520996,-1.9708435535430908,1.64849054813385,0.192796528339386,True,-3.3949692249298096,0.953125,-3.3778554633868696,0.0906258076429367,-5.0,-3.316033124923706,-4.3781657218933105,-3.088369369506836,0.0
1138,ACH-000330,1.426666498184204,-0.2803158760070801,1.5092337131500244,0.19774869084358215,True,-3.296114444732666,1.0,-3.369681361521449,0.1624259054660797,-5.0,-3.296114444732666,-4.1345672607421875,-3.0717861652374268,0.0
1139,ACH-000349,0.2747030258178711,-1.4019665718078613,1.4754912853240967,0.20117828249931335,True,-3.438535690307617,0.96875,-3.376566794400066,0.0812842845916748,-5.0,-3.3881654739379883,-4.49810791015625,-3.086015224456787,0.0
1140,ACH-000352,1.7652838230133057,0.07931116968393326,1.4880727529525757,0.1978999376296997,True,-3.1327919960021973,1.0,-3.3521893145602792,0.15027448534965515,-5.0,-3.1327919960021973,-3.8417887687683105,-2.98195481300354,0.0
1141,ACH-000374,0.10952377319335938,-1.5392030477523804,1.4468046426773071,0.2019221931695938,True,-3.4069583415985107,0.96875,-3.3576662172641027,0.08220401406288147,-5.0,-3.355569839477539,-4.624449253082275,-3.0827136039733887,0.0
1142,ACH-000536,1.1558921337127686,-0.502094030380249,1.453758716583252,0.20422744750976562,True,-3.2801856994628906,0.984375,-3.3499181654839814,0.12494504451751709,-5.0,-3.25288724899292,-4.61773157119751,-3.090961456298828,0.0
1143,ACH-000554,0.8539880514144897,-0.7748525142669678,1.4362244606018066,0.1926160752773285,True,-3.363978862762451,0.984375,-3.351324235211828,0.11483658850193024,-5.0,-3.338010549545288,-4.596316337585449,-3.091114044189453,0.0
1144,ACH-000568,-0.4861123561859131,-2.1727209091186523,1.4859411716461182,0.2006673812866211,True,-3.2112741470336914,0.96875,-3.3373192263940146,0.054961226880550385,-5.0,-3.153573513031006,-4.033576488494873,-2.9864139556884766,0.0
1145,ACH-000573,0.5116353034973145,-1.1806732416152954,1.4952044486999512,0.1971040815114975,True,-3.2748045921325684,0.96875,-3.3310677629678698,0.10584571957588196,-5.0,-3.2191529273986816,-4.102816581726074,-3.042104482650757,0.0
1146,ACH-000621,0.44437849521636963,-1.3067400455474854,1.5522634983062744,0.19885504245758057,True,-3.392643928527832,0.984375,-3.337225379523866,0.08870254456996918,-5.0,-3.3671302795410156,-4.484532356262207,-3.08790922164917,0.0
1147,ACH-000624,1.3165161609649658,-0.39496445655822754,1.5199235677719116,0.19155701994895935,True,-3.2810497283935547,1.0,-3.331607814410835,0.1314949095249176,-5.0,-3.2810497283935547,-4.420411586761475,-3.0383684635162354,0.0
1148,ACH-000643,1.110069990158081,-0.5981902480125427,1.5146735906600952,0.1935865879058838,True,-3.335867166519165,1.0,-3.3320337496216683,0.10230571776628494,-5.0,-3.335867166519165,-4.210874080657959,-3.0898070335388184,0.0
1149,ACH-000668,0.7618393898010254,-0.9074560403823853,1.476240873336792,0.19305452704429626,True,-3.353151798248291,0.984375,-3.3341455544843304,0.1159263402223587,-5.0,-3.3270115852355957,-4.39101505279541,-3.067981243133545,0.0
1150,ACH-000691,-0.013003349304199219,-1.720626711845398,1.5142736434936523,0.19334974884986877,True,-3.3331871032714844,0.96875,-3.334049709363046,0.10362094640731812,-5.0,-3.2794189453125,-4.3896002769470215,-3.0459327697753906,0.0
1151,ACH-000699,-1.0151522159576416,-2.7264809608459473,1.5091980695724487,0.20213061571121216,True,-3.4697446823120117,0.9375,-3.3476192066579427,0.08984112739562988,-5.0,-3.367727518081665,-4.574511528015137,-3.0897867679595947,0.0
1152,ACH-000711,0.9942197203636169,-0.6412565112113953,1.4351664781570435,0.20030973851680756,True,-3.3595170974731445,1.0,-3.348808995739463,0.11501966416835785,-5.0,-3.3595170974731445,-4.464192867279053,-3.077418804168701,0.0
1153,ACH-000725,-1.7820582389831543,-3.5274651050567627,1.5485612154006958,0.1968456208705902,True,-3.377835750579834,0.9375,-3.3517116712235,0.06310993432998657,-5.0,-3.2696917057037354,-4.34664249420166,-3.0914406776428223,0.0
1154,ACH-000755,0.483123779296875,-1.1961047649383545,1.4859248399734497,0.193303644657135,True,-3.382681369781494,0.9375,-3.3548086410792997,0.10182978212833405,-5.0,-3.274860143661499,-3.918140172958374,-3.085902690887451,0.0
1155,ACH-000759,1.2920315265655518,-0.4308725595474243,1.5286725759506226,0.1942315548658371,True,-3.2996938228607178,0.984375,-3.3492971592574414,0.09262652695178986,-5.0,-3.272705078125,-4.0253143310546875,-3.0651822090148926,0.0
1156,ACH-000768,0.3306558132171631,-1.4539870023727417,1.593865990638733,0.1907767951488495,True,-3.3963704109191895,0.96875,-3.354004484423616,0.11243347823619843,-5.0,-3.3446402549743652,-4.391078948974609,-3.081125259399414,0.0
1157,ACH-000783,1.5459414720535278,-0.10924671590328217,1.4672926664352417,0.18789556622505188,True,-3.250555992126465,1.0,-3.343659635193901,0.08593019843101501,-5.0,-3.250555992126465,-4.373473644256592,-3.0828285217285156,0.0
1158,ACH-000818,-0.07182705402374268,-1.6431633234024048,1.3761178255081177,0.19521838426589966,True,-2.9353842735290527,0.921875,-3.3028320990274165,0.0975121557712555,-5.0,-2.7604167461395264,-3.9801440238952637,-2.609245538711548,0.0
1159,ACH-000828,1.7154240608215332,0.03989197686314583,1.4814887046813965,0.19404336810112,True,-2.9002552032470703,0.984375,-3.262574409449382,0.15216386318206787,-5.0,-2.8669261932373047,-3.751129150390625,-2.7423272132873535,0.0
1160,ACH-000849,-0.1386268138885498,-1.7498689889907837,1.4277774095535278,0.18346479535102844,True,-3.3840537071228027,0.953125,-3.274722339216724,0.07584047317504883,-5.0,-3.3045806884765625,-4.555561065673828,-3.03851318359375,0.0
1161,ACH-000856,-0.3219902515411377,-1.9835131168365479,1.4617546796798706,0.19976823031902313,True,-3.364222526550293,0.9375,-3.283672357950081,0.08643767237663269,-5.0,-3.2551708221435547,-4.53181266784668,-3.0504865646362305,0.0
1162,ACH-000857,0.7846624255180359,-0.868594229221344,1.457032322883606,0.1962243616580963,True,-3.2696619033813477,1.0,-3.2822713124932075,0.10795296728610992,-5.0,-3.2696619033813477,-4.703235149383545,-3.046297550201416,0.0
1163,ACH-000859,-0.1703963279724121,-1.78476083278656,1.4188623428344727,0.1955021321773529,True,-3.4096622467041016,0.9375,-3.295010405914297,0.10910151898860931,-5.0,-3.3036398887634277,-4.057905197143555,-3.0910890102386475,0.0
1164,ACH-000876,1.1551018953323364,-0.5539913177490234,1.5054949522018433,0.2035982310771942,True,-3.267052173614502,1.0,-3.292214582684317,0.07602273672819138,-5.0,-3.267052173614502,-4.402751922607422,-3.081920862197876,0.0
1165,ACH-000902,0.5344053506851196,-1.1184738874435425,1.4576430320739746,0.1952362060546875,True,-3.290219783782959,0.953125,-3.2920151027941813,0.10187990963459015,-5.0,-3.206131935119629,-4.065668106079102,-3.04325270652771,0.0
1166,ACH-000910,-0.021100282669067383,-1.6632182598114014,1.4508062601089478,0.19131168723106384,True,-3.3413591384887695,0.984375,-3.29694950636364,0.07015998661518097,-5.0,-3.3150317668914795,-4.833838939666748,-3.056258201599121,0.0
1167,ACH-000927,-0.455769419670105,-2.068727970123291,1.412682294845581,0.2002762258052826,True,-3.3613460063934326,0.9375,-3.3033891563666193,0.07479515671730042,-5.0,-3.2521026134490967,-4.7189860343933105,-3.0732269287109375,0.0
1168,ACH-000930,-1.066646695137024,-2.6944401264190674,1.4382858276367188,0.1895076334476471,True,-3.385854721069336,0.953125,-3.311635712836891,0.06313980370759964,-5.0,-3.3064703941345215,-4.471153259277344,-3.063331127166748,0.0
1169,ACH-000934,-0.24603915214538574,-1.8843376636505127,1.444934606552124,0.19336390495300293,True,-3.392895221710205,0.96875,-3.319761663724223,0.10702823102474213,-5.0,-3.341053009033203,-4.4043731689453125,-3.064746618270874,0.0
1170,ACH-001390,0.5322698354721069,-1.0616427659988403,1.4118279218673706,0.18208470940589905,True,-3.34194278717041,0.984375,-3.321979776068842,0.10690787434577942,-5.0,-3.315624713897705,-4.49250602722168,-3.0866732597351074,0.0
1171,ACH-001819,0.4646942615509033,-1.2328872680664062,1.4937416315078735,0.20383992791175842,True,-3.28092885017395,0.96875,-3.3178746834793524,0.08039487898349762,-5.0,-3.2254750728607178,-4.591589450836182,-3.0324697494506836,0.0
1172,ACH-001820,1.0140260457992554,-0.625930905342102,1.4484148025512695,0.19154208898544312,True,-3.316218852996826,0.984375,-3.3177091004310997,0.1326848566532135,-5.0,-3.28949236869812,-4.091282844543457,-3.089878797531128,0.0
1173,ACH-000017,-0.933451771736145,-2.494691848754883,1.370461106300354,0.1907789409160614,True,-3.332745313644409,0.9375,-3.3192127217524305,0.057390231639146805,-5.0,-3.221595525741577,-4.567014217376709,-3.0577774047851562,0.0
1174,ACH-000019,-0.15697705745697021,-1.829221248626709,1.4946794509887695,0.17756474018096924,True,-3.3934731483459473,0.984375,-3.326638764411782,0.06584702432155609,-5.0,-3.3679728507995605,-4.561546325683594,-3.0661206245422363,0.0
1175,ACH-000044,-2.928276538848877,-4.474358558654785,1.3563838005065918,0.1896982043981552,True,-3.163940906524658,0.921875,-3.3103689786230697,0.05466820299625397,-5.0,-3.008342742919922,-4.0047688484191895,-2.840099334716797,0.0
1176,ACH-000097,0.7735599279403687,-0.8393868207931519,1.432441234588623,0.18050546944141388,True,-3.33467435836792,0.984375,-3.3127995165975546,0.09283085912466049,-5.0,-3.3082408905029297,-4.116194725036621,-3.0879204273223877,0.0
1177,ACH-000111,1.1292853355407715,-0.5779476165771484,1.5138511657714844,0.19338177144527435,True,-3.3232522010803223,0.984375,-3.3138447850458315,0.09123498201370239,-5.0,-3.2966372966766357,-4.499368667602539,-3.052527904510498,0.0
1178,ACH-000117,0.1382073163986206,-1.4771397113800049,1.4254404306411743,0.18990659713745117,True,-3.342700481414795,0.96875,-3.316730354682728,0.08272823691368103,-5.0,-3.2892391681671143,-4.785942554473877,-3.0866007804870605,0.0
1179,ACH-000147,-3.166013240814209,-4.905115604400635,1.5571463108062744,0.18195603787899017,True,-3.509974479675293,0.921875,-3.3360547671819845,0.06543217599391937,-5.0,-3.3837010860443115,-4.713663578033447,-3.077127456665039,0.0
1180,ACH-000148,0.7152875661849976,-1.0206199884414673,1.5575625896453857,0.1783449649810791,True,-3.3033807277679443,0.984375,-3.3327873632405804,0.10267479717731476,-5.0,-3.2764501571655273,-4.542490005493164,-3.0887203216552734,0.0
1181,ACH-000196,0.30733978748321533,-1.2825037240982056,1.3960713148117065,0.19377224147319794,True,-3.3016510009765625,0.984375,-3.3296737270141783,0.055699143558740616,-5.0,-3.274693250656128,-4.131303787231445,-3.058457851409912,0.0
1182,ACH-000212,1.4195034503936768,-0.2415980100631714,1.4723166227340698,0.1887848675251007,True,-3.280062198638916,1.0,-3.324712574176652,0.11785874515771866,-5.0,-3.280062198638916,-3.9734458923339844,-3.091063976287842,0.0
1183,ACH-000223,0.6511677503585815,-0.9933902025222778,1.4508289098739624,0.19372908771038055,True,-3.3988049030303955,0.953125,-3.3321218070620264,0.10201975703239441,-5.0,-3.3200573921203613,-3.950388193130493,-3.0884602069854736,0.0
1184,ACH-000248,-0.07612097263336182,-1.7564756870269775,1.4901400804519653,0.190214604139328,True,-3.3674988746643066,0.953125,-3.3356595138222547,0.09518526494503021,-5.0,-3.2872116565704346,-4.3779802322387695,-3.0454328060150146,0.0
1185,ACH-000258,0.8850799798965454,-0.7510660886764526,1.4358514547348022,0.2002946138381958,True,-3.3861780166625977,1.0,-3.340711364106289,0.07828772068023682,-5.0,-3.3861780166625977,-4.186742782592773,-3.1694111824035645,0.0
1186,ACH-000276,0.940751850605011,-0.726559579372406,1.4758610725402832,0.19145038723945618,True,-3.3796398639678955,0.96875,-3.3446042140924495,0.10549812018871307,-5.0,-3.3273704051971436,-4.755311489105225,-3.0746803283691406,0.0
1187,ACH-000277,0.4960287809371948,-1.1656967401504517,1.4739134311676025,0.18781208992004395,True,-3.3960251808166504,0.96875,-3.3497463107648695,0.0920499861240387,-5.0,-3.3442835807800293,-4.406015396118164,-3.0552375316619873,0.0
1188,ACH-000288,0.34754228591918945,-1.3804439306259155,1.5466828346252441,0.18130338191986084,True,-3.4000864028930664,0.96875,-3.354780319977689,0.09252235293388367,-5.0,-3.348475933074951,-4.4420881271362305,-3.088369369506836,0.0
1189,ACH-000330,0.5881190299987793,-1.0449579954147339,1.4468547105789185,0.18622234463691711,True,-3.3403611183166504,0.984375,-3.353338399811585,0.053028181195259094,-5.0,-3.3140177726745605,-4.753240585327148,-3.0717861652374268,0.0
1190,ACH-000349,-1.6615053415298462,-3.24527645111084,1.3927632570266724,0.1910078078508377,True,-3.333098888397217,0.953125,-3.3513144486701485,0.04456878453493118,-5.0,-3.25111985206604,-4.400102615356445,-3.086015224456787,0.0
1191,ACH-000352,0.8024935722351074,-0.7886419296264648,1.4075603485107422,0.1835750937461853,True,-3.185959815979004,0.984375,-3.334778985401034,0.09443145990371704,-5.0,-3.157165765762329,-4.32299280166626,-2.981955051422119,0.0
1192,ACH-000374,-0.25243890285491943,-1.891664743423462,1.451879620552063,0.18734624981880188,True,-3.397189140319824,0.96875,-3.341020000892913,0.11197538673877716,-5.0,-3.3454854488372803,-5.008335113525391,-3.0827136039733887,0.016129031777381897
1193,ACH-000536,0.8563527464866638,-0.6848470568656921,1.3631296157836914,0.17807015776634216,True,-3.3439273834228516,1.0,-3.3413107391459067,0.11020079255104065,-5.0,-3.3439273834228516,-4.560943603515625,-3.090961456298828,0.0
1194,ACH-000554,0.9104971289634705,-0.749172031879425,1.4726293087005615,0.1870398372411728,True,-3.318061590194702,0.984375,-3.3389858242507864,0.08975362777709961,-5.0,-3.2913644313812256,-4.278347015380859,-3.091114044189453,0.0
1195,ACH-000568,1.0676549673080444,-0.5912081003189087,1.4724948406219482,0.18636825680732727,True,-3.1610798835754395,0.984375,-3.321195230183252,0.08996440470218658,-5.0,-3.1318907737731934,-4.109274864196777,-2.9864139556884766,0.0
1196,ACH-000573,0.4931596517562866,-1.1380044221878052,1.4519052505493164,0.1792587786912918,True,-3.241036891937256,0.953125,-3.3131793963586524,0.1136474758386612,-5.0,-3.1545302867889404,-3.7994728088378906,-3.042104482650757,0.0
1197,ACH-000621,1.2941489219665527,-0.31221017241477966,1.4195908308029175,0.18676826357841492,True,-3.2827258110046387,0.984375,-3.3101340378232513,0.10475412011146545,-5.0,-3.255467414855957,-4.116100788116455,-3.087908983230591,0.0
1198,ACH-000624,-0.43858659267425537,-2.102951765060425,1.4849357604980469,0.17942938208580017,True,-3.2874083518981934,0.96875,-3.3078614692307458,0.04618961736559868,-5.0,-3.232163429260254,-4.056900978088379,-3.0383682250976562,0.0
1199,ACH-000643,-0.1932903528213501,-1.8204965591430664,1.4449799060821533,0.1822262853384018,True,-3.4095497131347656,1.0,-3.3180302936211477,0.0851173922419548,-5.0,-3.4095497131347656,-5.222846508026123,-3.0898070335388184,0.015625
1200,ACH-000668,-0.6831562519073486,-2.361109972000122,1.4966020584106445,0.18135163187980652,True,-3.3709192276000977,0.9375,-3.3233191870190426,0.09749765694141388,-5.0,-3.2623143196105957,-4.218331336975098,-3.067981243133545,0.0
1201,ACH-000691,1.2098398208618164,-0.3923003673553467,1.4250617027282715,0.1770784854888916,True,-3.2512476444244385,1.0,-3.316112032759582,0.07833601534366608,-5.0,-3.2512476444244385,-4.267882823944092,-3.0459325313568115,0.0
1202,ACH-000699,1.1542937755584717,-0.4006146788597107,1.3694508075714111,0.18545761704444885,True,-3.2691521644592285,0.984375,-3.3114160459295467,0.1031385064125061,-5.0,-3.241678476333618,-3.995288610458374,-3.0897867679595947,0.0
1203,ACH-000711,-0.695797324180603,-2.409224510192871,1.5189659595489502,0.19446125626564026,True,-3.40047025680542,0.96875,-3.320321467017134,0.07808808982372284,-5.0,-3.348872423171997,-4.7998809814453125,-3.077418804168701,0.0
1204,ACH-000725,0.2023158073425293,-1.4273438453674316,1.4497493505477905,0.179910346865654,True,-3.387162208557129,0.96875,-3.3270055411711335,0.13162970542907715,-5.0,-3.335134744644165,-4.536064624786377,-3.0914406776428223,0.0
1205,ACH-000755,0.7190526127815247,-0.976568877696991,1.5074201822280884,0.18820133805274963,True,-3.333366870880127,0.984375,-3.327641674142033,0.07747229933738708,-5.0,-3.306912660598755,-4.524846076965332,-3.085902690887451,0.0
1206,ACH-000759,0.6814534664154053,-0.9092533588409424,1.4131872653961182,0.1775195151567459,True,-3.3436694145202637,0.9375,-3.329244448179856,0.10360966622829437,-5.0,-3.2332475185394287,-3.776388645172119,-3.0651822090148926,0.0
1207,ACH-000768,1.1467821598052979,-0.6027032732963562,1.5636708736419678,0.18581447005271912,True,-3.3001551628112793,1.0,-3.3263355196429987,0.11565659940242767,-5.0,-3.3001551628112793,-4.45536994934082,-3.081125259399414,0.0
1208,ACH-000783,0.7163185477256775,-0.8628416657447815,1.3907420635223389,0.1884182095527649,True,-3.3569977283477783,0.984375,-3.3294017405134766,0.10821330547332764,-5.0,-3.330918550491333,-4.284292221069336,-3.0828285217285156,0.0
1209,ACH-000818,-5.5699262619018555,-7.162903308868408,1.4058022499084473,0.18717506527900696,True,-3.0343775749206543,0.875,-3.299899323954194,0.0801076665520668,-5.0,-2.7535746097564697,-3.9473960399627686,-2.609245538711548,0.0
1210,ACH-000828,0.6911773681640625,-1.0086579322814941,1.5216978788375854,0.17813745141029358,True,-3.0037713050842285,0.953125,-3.2702865220671975,0.11011111736297607,-5.0,-2.9055960178375244,-3.9025673866271973,-2.7423272132873535,0.0
1211,ACH-000849,-0.31968939304351807,-1.940362811088562,1.4473789930343628,0.17329436540603638,True,-3.3497331142425537,0.96875,-3.2782311812847333,0.11319999396800995,-5.0,-3.2964982986450195,-4.987562656402588,-3.03851318359375,0.0
1212,ACH-000856,0.9280367493629456,-0.6824362874031067,1.4330774545669556,0.1773955523967743,True,-3.2634010314941406,0.984375,-3.276748166305674,0.12245497107505798,-5.0,-3.2358365058898926,-4.262259483337402,-3.0504865646362305,0.0
1213,ACH-000857,1.0505789518356323,-0.6173197031021118,1.4826455116271973,0.18525317311286926,True,-3.3089187145233154,1.0,-3.2799652211274384,0.13702315092086792,-5.0,-3.3089187145233154,-4.375720024108887,-3.046297550201416,0.0
1214,ACH-000859,-0.24587106704711914,-1.8365534543991089,1.4061017036437988,0.1845807135105133,True,-3.370389223098755,0.984375,-3.28900762132457,0.05962882936000824,-5.0,-3.344522476196289,-5.147832870483398,-3.0910890102386475,0.01587301678955555
1215,ACH-000876,-4.266695499420166,-5.907771110534668,1.4616539478302002,0.17942175269126892,True,-3.422513484954834,0.9375,-3.302358207687596,0.056110747158527374,-5.0,-3.317348003387451,-4.613919258117676,-3.081920862197876,0.0
1216,ACH-000902,1.315842866897583,-0.25715360045433044,1.3856464624404907,0.18735003471374512,True,-3.2282166481018066,1.0,-3.2949440517290167,0.11249720305204391,-5.0,-3.2282166481018066,-4.331521987915039,-3.04325270652771,0.0
1217,ACH-000910,1.2562342882156372,-0.3890441656112671,1.4732404947280884,0.17203794419765472,True,-3.246302604675293,1.0,-3.2900799070236446,0.14722207188606262,-5.0,-3.246302604675293,-4.174084663391113,-3.0562586784362793,0.0
1218,ACH-000927,1.088821291923523,-0.535425066947937,1.4415916204452515,0.18265476822853088,True,-3.2469019889831543,1.0,-3.2857621152195957,0.10231725871562958,-5.0,-3.2469019889831543,-4.408543109893799,-3.0732271671295166,0.0
1219,ACH-000930,0.9300123453140259,-0.6783822774887085,1.4226129055023193,0.18578177690505981,True,-3.2761359214782715,1.0,-3.2847994958454634,0.10996740311384201,-5.0,-3.2761359214782715,-4.745057582855225,-3.063331127166748,0.0
1220,ACH-000934,0.6487699747085571,-0.996328592300415,1.4603784084320068,0.1847202032804489,True,-3.2833473682403564,0.984375,-3.2846542830849526,0.09374824166297913,-5.0,-3.256098985671997,-4.270876407623291,-3.064746618270874,0.0
1221,ACH-001390,0.6453535556793213,-0.9043716192245483,1.3775813579559326,0.172143816947937,True,-3.2808847427368164,0.984375,-3.2842773290501386,0.07186064124107361,-5.0,-3.2535974979400635,-4.747514247894287,-3.0866732597351074,0.0
1222,ACH-001819,0.25782954692840576,-1.367711067199707,1.443697452545166,0.18184316158294678,True,-3.3035497665405273,0.953125,-3.2862045727991775,0.09833471477031708,-5.0,-3.2201173305511475,-4.385676383972168,-3.0324697494506836,0.0
1223,ACH-001820,-0.11099898815155029,-1.738064169883728,1.4464229345321655,0.18064230680465698,True,-3.3283729553222656,0.953125,-3.290421411051486,0.08187522739171982,-5.0,-3.246161699295044,-4.51721715927124,-3.089878797531128,0.0
1224,ACH-000017,0.8368731141090393,-0.7115281224250793,1.3691534996032715,0.17924773693084717,True,-3.25791072845459,0.96875,-3.287170342791796,0.10908487439155579,-5.0,-3.201714277267456,-4.340241432189941,-3.0577774047851562,0.0
1225,ACH-000019,-0.5582259893417358,-2.24057674407959,1.5055986642837524,0.17675206065177917,True,-3.3215293884277344,0.96875,-3.29060624735539,0.07797838002443314,-5.0,-3.2673850059509277,-4.486738681793213,-3.0661206245422363,0.0
1226,ACH-000044,1.002525806427002,-0.5264745950698853,1.352555513381958,0.1764449179172516,True,-3.0271220207214355,0.96875,-3.2642578246919944,0.09206022322177887,-5.0,-2.9634807109832764,-4.321997165679932,-2.840099334716797,0.0
1227,ACH-000097,-0.6835651397705078,-2.2939846515655518,1.4402540922164917,0.17016541957855225,True,-3.352454900741577,0.953125,-3.273077532296953,0.07404865324497223,-5.0,-3.271427631378174,-4.139984607696533,-3.0879204273223877,0.0
1228,ACH-000111,1.4055149555206299,-0.2608792781829834,1.478652834892273,0.1877414584159851,True,-3.2299232482910156,1.0,-3.2687621038963592,0.08992969989776611,-5.0,-3.2299232482910156,-4.156922340393066,-3.052527904510498,0.0
1229,ACH-000117,1.5302128791809082,-0.10760629922151566,1.4525384902954102,0.1852807253599167,True,-3.214376926422119,1.0,-3.2633235861489354,0.12793606519699097,-5.0,-3.214376926422119,-4.296463489532471,-3.0866007804870605,0.0
1230,ACH-000147,-3.7032368183135986,-5.367038249969482,1.4866538047790527,0.17714756727218628,True,-3.467833995819092,0.921875,-3.283774627115951,0.08279194682836533,-5.0,-3.337989330291748,-4.515520095825195,-3.077127456665039,0.0
1231,ACH-000148,0.3578528165817261,-1.3263177871704102,1.5143767595291138,0.16979381442070007,True,-3.3654439449310303,0.953125,-3.291941558897459,0.10262595117092133,-5.0,-3.28505539894104,-4.644296646118164,-3.0887203216552734,0.0
1232,ACH-000196,-9.363286018371582,-10.978663444519043,1.4296265840530396,0.18575063347816467,True,-3.378293037414551,0.96875,-3.300576706749168,0.06494172662496567,-5.0,-3.325979709625244,-4.805516719818115,-3.058457851409912,0.0
1233,ACH-000212,0.4582803249359131,-1.1512012481689453,1.4305967092514038,0.17888489365577698,True,-3.385830879211426,0.96875,-3.309102123995394,0.11734171211719513,-5.0,-3.3337607383728027,-4.745846271514893,-3.091063976287842,0.0
1234,ACH-000223,1.5055354833602905,-0.19704723358154297,1.5230908393859863,0.1794918328523636,True,-3.244494915008545,1.0,-3.3026414030967093,0.12460047751665115,-5.0,-3.244494915008545,-3.8188860416412354,-3.0884602069854736,0.0
1235,ACH-000248,0.015430569648742676,-1.5823873281478882,1.4175955057144165,0.18022237718105316,True,-3.2556142807006836,0.96875,-3.297938690857107,0.06951886415481567,-5.0,-3.199343681335449,-4.6956586837768555,-3.0454328060150146,0.0
1236,ACH-000258,-1.9245120286941528,-3.5017387866973877,1.4027734994888306,0.1744532436132431,True,-3.4061777591705322,0.96875,-3.3087625976884496,0.09162799268960953,-5.0,-3.354763984680176,-5.243013858795166,-3.1694111824035645,0.016129031777381897
1237,ACH-000276,0.17721116542816162,-1.4766223430633545,1.4760127067565918,0.17782075703144073,True,-3.351041316986084,0.96875,-3.312990469618213,0.09854837507009506,-5.0,-3.29784893989563,-4.406351566314697,-3.0746803283691406,0.0
1238,ACH-000277,-0.6356871128082275,-2.248568534851074,1.435077428817749,0.17780405282974243,True,-3.302306652069092,0.953125,-3.3119220878633007,0.08276692032814026,-5.0,-3.218813419342041,-4.424209117889404,-3.0552375316619873,0.0
1239,ACH-000288,0.5357546806335449,-1.1106469631195068,1.4732139110565186,0.1731877326965332,True,-3.38562273979187,0.953125,-3.3192921530561574,0.10019688308238983,-5.0,-3.306227207183838,-4.5119733810424805,-3.088369369506836,0.0
1240,ACH-000330,0.7452484369277954,-0.8719905614852905,1.4406002759933472,0.176638662815094,True,-3.3253347873687744,0.984375,-3.319896416487419,0.08507990837097168,-5.0,-3.298753023147583,-4.515685081481934,-3.0717861652374268,0.0
1241,ACH-000349,1.2221680879592896,-0.4102223813533783,1.4492340087890625,0.18315646052360535,True,-3.271162748336792,1.0,-3.3150230496723565,0.09416909515857697,-5.0,-3.271162748336792,-4.727781772613525,-3.086015224456787,0.0
1242,ACH-000352,1.6708325147628784,0.014836383983492851,1.473329782485962,0.18266627192497253,True,-3.1005945205688477,1.0,-3.2935801967620058,0.10721485316753387,-5.0,-3.1005945205688477,-4.338705539703369,-2.98195481300354,0.0
1243,ACH-000374,0.6689915657043457,-0.9530177116394043,1.4442332983016968,0.1777760088443756,True,-3.37123441696167,0.96875,-3.301345618781972,0.1391523778438568,-5.0,-3.3186933994293213,-4.62858772277832,-3.0827136039733887,0.0
1244,ACH-000536,-0.993018627166748,-2.5425100326538086,1.375367283821106,0.17412413656711578,True,-3.4806342124938965,0.984375,-3.3192744781531642,0.10088053345680237,-5.0,-3.456517457962036,-4.995611190795898,-3.090961456298828,0.0
1245,ACH-000554,-0.2056516408920288,-1.8645066022872925,1.4828394651412964,0.17601549625396729,True,-3.3211493492126465,0.953125,-3.3194619652591126,0.08589635044336319,-5.0,-3.2385828495025635,-4.007876873016357,-3.091114044189453,0.0
1246,ACH-000568,0.029499173164367676,-1.5783495903015137,1.4311639070510864,0.1766848862171173,True,-3.246946096420288,0.9375,-3.31221037837523,0.10172351449728012,-5.0,-3.1300759315490723,-3.9273569583892822,-2.9864139556884766,0.0
1247,ACH-000573,-0.8406250476837158,-2.4138121604919434,1.3969544172286987,0.17623268067836761,True,-3.2582359313964844,0.953125,-3.3068129336773553,0.04375404864549637,-5.0,-3.172574996948242,-4.191129684448242,-3.042104482650757,0.0
1248,ACH-000621,1.3518016338348389,-0.26631614565849304,1.4318068027496338,0.18631096184253693,True,-3.2454357147216797,1.0,-3.3006752117817877,0.1327352523803711,-5.0,-3.2454357147216797,-4.3873724937438965,-3.0879087448120117,0.0
1249,ACH-000624,-1.0472177267074585,-2.6903293132781982,1.4686362743377686,0.1744753122329712,True,-3.336637496948242,0.953125,-3.3042714402984332,0.052704136818647385,-5.0,-3.2548327445983887,-4.217787742614746,-3.0383682250976562,0.0
1250,ACH-000643,0.50574791431427,-1.1194894313812256,1.4518325328826904,0.17340484261512756,True,-3.260917901992798,0.984375,-3.2999360864678695,0.08194593340158463,-5.0,-3.23331356048584,-4.807363510131836,-3.0898070335388184,0.0
1251,ACH-000668,0.8738704323768616,-0.8100497126579285,1.5082582235336304,0.17566198110580444,True,-3.3082165718078613,0.984375,-3.300764135001869,0.0994022935628891,-5.0,-3.281363010406494,-4.402368068695068,-3.067981243133545,0.0
1252,ACH-000691,-0.2793039083480835,-1.9306961297988892,1.4711240530014038,0.18026810884475708,True,-3.2632946968078613,0.96875,-3.297017191182468,0.060215264558792114,-5.0,-3.2072718143463135,-4.069890022277832,-3.0459327697753906,0.0
1253,ACH-000699,1.0211901664733887,-0.6042013168334961,1.4447733163833618,0.18061813712120056,True,-3.2488865852355957,0.984375,-3.2922041305877805,0.1123647540807724,-5.0,-3.2210912704467773,-4.323007106781006,-3.0897867679595947,0.0
1254,ACH-000711,-0.37505877017974854,-1.9810429811477661,1.4184415340423584,0.18754270672798157,True,-3.3136284351348877,0.96875,-3.294346561042491,0.07036489993333817,-5.0,-3.2592291831970215,-4.404695987701416,-3.077418804168701,0.0
1255,ACH-000725,0.04017519950866699,-1.5894815921783447,1.4539704322814941,0.17568635940551758,True,-3.3086252212524414,0.96875,-3.295774427063486,0.06143258512020111,-5.0,-3.2540643215179443,-4.34664249420166,-3.0914406776428223,0.0
1256,ACH-000755,-1.3578695058822632,-2.9724843502044678,1.4335249662399292,0.1810898631811142,True,-3.360257625579834,0.9375,-3.302222746915121,0.0794520378112793,-5.0,-3.250941753387451,-4.535984039306641,-3.085902690887451,0.0
1257,ACH-000759,-1.6257247924804688,-3.262525796890259,1.4612693786621094,0.1755315661430359,True,-3.2788238525390625,0.96875,-3.299882857477515,0.05443015322089195,-5.0,-3.223301887512207,-3.8912463188171387,-3.0651822090148926,0.0
1258,ACH-000768,-1.714453935623169,-3.3926494121551514,1.507845163345337,0.17035028338432312,True,-3.443117618560791,0.9375,-3.3142063335858425,0.057156335562467575,-5.0,-3.3393256664276123,-4.675066947937012,-3.081125259399414,0.0
1259,ACH-000783,0.2292248010635376,-1.422806978225708,1.474449872970581,0.17758190631866455,True,-3.3627400398254395,0.953125,-3.3190597042098022,0.09179036319255829,-5.0,-3.2822189331054688,-4.233179569244385,-3.0828285217285156,0.0
1260,ACH-000818,-2.0210442543029785,-3.593320369720459,1.3911415338516235,0.18113452196121216,True,-2.9415249824523926,0.90625,-3.281306232034061,0.09340258687734604,-5.0,-2.72857928276062,-3.617326259613037,-2.6247658729553223,0.0
1261,ACH-000828,-0.12218117713928223,-1.7176207304000854,1.422130823135376,0.17330870032310486,True,-3.037682056427002,0.921875,-3.256943814473355,0.08659450709819794,-5.0,-2.8713839054107666,-3.7217800617218018,-2.7423272132873535,0.0
1262,ACH-000849,0.09965789318084717,-1.4429950714111328,1.3805221319198608,0.16213081777095795,True,-3.3192458152770996,0.953125,-3.2631740145537296,0.09184883534908295,-5.0,-3.2365856170654297,-3.9324047565460205,-3.03851318359375,0.0
1263,ACH-000856,0.45595836639404297,-1.091860294342041,1.3776021003723145,0.17021650075912476,True,-3.298823833465576,0.984375,-3.2667389964449143,0.10797615349292755,-5.0,-3.2718212604522705,-4.464765548706055,-3.0504865646362305,0.0
1264,ACH-000857,0.7264353036880493,-0.8809118270874023,1.430265188217163,0.17708195745944977,True,-3.318934440612793,0.984375,-3.2719585408617022,0.062247440218925476,-5.0,-3.2922511100769043,-4.054730415344238,-3.046297550201416,0.0
1265,ACH-000859,0.602980375289917,-1.0174983739852905,1.4408338069915771,0.1796448975801468,True,-3.3232994079589844,0.984375,-3.27709262757143,0.1334114670753479,-5.0,-3.296684980392456,-4.526571273803711,-3.0910890102386475,0.0
1266,ACH-000876,-1.0691556930541992,-2.6541268825531006,1.4150071144104004,0.16996413469314575,True,-3.4283487796783447,0.9375,-3.2922182427821216,0.06077887862920761,-5.0,-3.3235721588134766,-4.418569564819336,-3.081920862197876,0.0
1267,ACH-000902,-1.2751727104187012,-2.843808174133301,1.3928923606872559,0.17574307322502136,True,-3.305100917816162,0.96875,-3.2935065102855257,0.03477485477924347,-5.0,-3.250426769256592,-4.357755184173584,-3.04325270652771,0.0
1268,ACH-000910,0.26766467094421387,-1.3471856117248535,1.444994330406189,0.16985595226287842,True,-3.321345090866089,0.984375,-3.296290368343582,0.10485070943832397,-5.0,-3.2947001457214355,-4.382285118103027,-3.056258201599121,0.0
1269,ACH-000927,0.4369302988052368,-1.1045795679092407,1.3697236776351929,0.17178615927696228,True,-3.2698025703430176,0.984375,-3.2936415885435255,0.06359309703111649,-5.0,-3.2423393726348877,-4.416722297668457,-3.0732269287109375,0.0
1270,ACH-000930,0.5110968351364136,-1.0888965129852295,1.4302449226379395,0.16974841058254242,True,-3.3960886001586914,0.953125,-3.303886289705042,0.08930476009845734,-5.0,-3.3172075748443604,-4.200324058532715,-3.063331127166748,0.0
1271,ACH-000934,-0.6884744167327881,-2.320002555847168,1.4523619413375854,0.17916622757911682,True,-3.2908859252929688,0.96875,-3.3025862532638346,0.051168154925107956,-5.0,-3.235753059387207,-3.943711757659912,-3.064746618270874,0.0
1272,ACH-001390,0.2209491729736328,-1.3048501014709473,1.3611584901809692,0.16464081406593323,True,-3.3069067001342773,0.96875,-3.303018297950879,0.08558183908462524,-5.0,-3.252290725708008,-4.406192302703857,-3.0866732597351074,0.0
1273,ACH-001819,-0.008512735366821289,-1.6461721658706665,1.4606820344924927,0.17697736620903015,True,-3.241534948348999,0.953125,-3.296869962990691,0.054334014654159546,-5.0,-3.155052900314331,-4.710100173950195,-3.0324697494506836,0.0
1274,ACH-001820,-1.3770081996917725,-2.9866936206817627,1.4393912553787231,0.1702941358089447,True,-3.328476905822754,0.953125,-3.300030657273897,0.06875626742839813,-5.0,-3.2462706565856934,-4.283735275268555,-3.089878797531128,0.0
1275,ACH-000017,1.0170283317565918,-0.5209882259368896,1.371663212776184,0.16635334491729736,True,-3.222973346710205,0.984375,-3.292324926217528,0.10727483779191971,-5.0,-3.1947669982910156,-4.096334934234619,-3.0577774047851562,0.0
1276,ACH-000019,-0.809449315071106,-2.3710906505584717,1.4022525548934937,0.15938881039619446,True,-3.417954444885254,0.984375,-3.3048878780843003,0.05978834629058838,-5.0,-3.3928427696228027,-4.943511962890625,-3.0661206245422363,0.0
1277,ACH-000044,1.6432284116744995,0.12547443807125092,1.3481488227844238,0.1696051061153412,True,-2.941950798034668,1.0,-3.268594170079337,0.06493577361106873,-5.0,-2.941950798034668,-3.8461291790008545,-2.840099334716797,0.0
1278,ACH-000097,0.07307422161102295,-1.4944767951965332,1.4038612842559814,0.1636897623538971,True,-3.3466124534606934,0.953125,-3.2763959984174726,0.0923449695110321,-5.0,-3.2652981281280518,-4.116194725036621,-3.0879204273223877,0.0
1279,ACH-000111,0.35013461112976074,-1.3082067966461182,1.4881923198699951,0.170149028301239,True,-3.2811954021453857,0.96875,-3.2768759387902637,0.07306868582963943,-5.0,-3.2257497310638428,-4.03382682800293,-3.052527904510498,0.0
1280,ACH-000117,1.2121038436889648,-0.3925102949142456,1.4390050172805786,0.16560915112495422,True,-3.256486415863037,1.0,-3.274836986497541,0.12515893578529358,-5.0,-3.256486415863037,-4.4552531242370605,-3.0866007804870605,0.0
1281,ACH-000147,0.32871901988983154,-1.3368175029754639,1.5004074573516846,0.16512911021709442,True,-3.2848386764526367,0.984375,-3.2758371554930505,0.06470289081335068,-5.0,-3.2576141357421875,-4.713663578033447,-3.077127456665039,0.0
1282,ACH-000148,-0.8867000341415405,-2.5640017986297607,1.5128527879714966,0.16444894671440125,True,-3.4057228565216064,0.96875,-3.288825725595906,0.08748491108417511,-5.0,-3.354294538497925,-5.228217601776123,-3.0887203216552734,0.016129031777381897
1283,ACH-000196,0.9784424304962158,-0.6044270992279053,1.4077377319335938,0.17513185739517212,True,-3.2820987701416016,0.984375,-3.2881530300504758,0.07276055961847305,-5.0,-3.2548305988311768,-4.281590938568115,-3.058457851409912,0.0
1284,ACH-000212,0.7889202237129211,-0.8124198317527771,1.4321297407150269,0.169210284948349,True,-3.3076298236846924,0.953125,-3.2901007094138977,0.08847320079803467,-5.0,-3.224398374557495,-4.0615553855896,-3.091063976287842,0.0
1285,ACH-000223,-1.0868334770202637,-2.738595485687256,1.482485294342041,0.16927671432495117,True,-3.349945068359375,0.90625,-3.296085145308445,0.08193987607955933,-5.0,-3.1792500019073486,-3.8153624534606934,-3.0884602069854736,0.0
1286,ACH-000248,0.6099650263786316,-0.9863064885139465,1.4229755401611328,0.1732959896326065,True,-3.266833782196045,1.0,-3.293160008997205,0.09530907869338989,-5.0,-3.266833782196045,-4.61554479598999,-3.0454328060150146,0.0
1287,ACH-000258,0.21502232551574707,-1.356555461883545,1.3969072103500366,0.17467062175273895,True,-3.3709323406219482,0.984375,-3.3009372421596797,0.0919380858540535,-5.0,-3.345074415206909,-4.549901962280273,-3.1694111824035645,0.0
1288,ACH-000276,-1.1453317403793335,-2.7724392414093018,1.4534870386123657,0.17362046241760254,True,-3.369330883026123,0.96875,-3.307776606246324,0.04711812362074852,-5.0,-3.316728353500366,-4.152989864349365,-3.0746803283691406,0.0
1289,ACH-000277,0.1378875970840454,-1.437576174736023,1.404388666152954,0.17107516527175903,True,-3.2126502990722656,0.984375,-3.298263975528918,0.04701253026723862,-5.0,-3.1842799186706543,-3.907815933227539,-3.0552375316619873,0.0
1290,ACH-000288,-0.3777790069580078,-2.0514161586761475,1.5143671035766602,0.15927007794380188,True,-3.41796875,0.9375,-3.3102344529760264,0.09405598044395447,-5.0,-3.3125007152557373,-4.469712257385254,-3.088369369506836,0.0
1291,ACH-000330,1.0988414287567139,-0.479341059923172,1.4108213186264038,0.16736114025115967,True,-3.2517623901367188,0.984375,-3.304387246692096,0.08612406253814697,-5.0,-3.224012851715088,-4.026031494140625,-3.0717861652374268,0.0
1292,ACH-000349,0.015833258628845215,-1.5790393352508545,1.4244807958602905,0.17039181292057037,True,-3.3120524883270264,0.96875,-3.305153770855589,0.07908604294061661,-5.0,-3.2576022148132324,-4.864386558532715,-3.086015224456787,0.0
1293,ACH-000352,1.1547391414642334,-0.49628299474716187,1.4764944314956665,0.17452770471572876,True,-3.1388397216796875,0.96875,-3.2885223659379985,0.0833582878112793,-5.0,-3.0788021087646484,-3.7290608882904053,-2.981955051422119,0.0
1294,ACH-000374,0.9315428733825684,-0.7209411859512329,1.4836450815200806,0.16883893311023712,True,-3.298781394958496,0.96875,-3.2895482688400484,0.08439368009567261,-5.0,-3.243903636932373,-4.370848178863525,-3.0827136039733887,0.0
1295,ACH-000536,0.2511265277862549,-1.2454530000686646,1.3339629173278809,0.16261661052703857,True,-3.3637843132019043,0.9375,-3.296971873276234,0.07129094004631042,-5.0,-3.2547035217285156,-4.088804721832275,-3.090961456298828,0.0
1296,ACH-000554,0.13031184673309326,-1.4316151142120361,1.400660753250122,0.16126620769500732,True,-3.3065738677978516,0.96875,-3.2979320727283956,0.0653872862458229,-5.0,-3.2519474029541016,-4.338943958282471,-3.091114044189453,0.0
1297,ACH-000568,0.0973672866821289,-1.5207527875900269,1.453041911125183,0.16507819294929504,True,-3.2162551879882812,0.984375,-3.289764384254384,0.07933099567890167,-5.0,-3.1879420280456543,-4.785293102264404,-2.9864139556884766,0.0
1298,ACH-000573,-1.0270822048187256,-2.66923451423645,1.475448489189148,0.16670376062393188,True,-3.350677728652954,0.96875,-3.295855718694241,0.07224418967962265,-5.0,-3.297473430633545,-5.178526878356934,-3.042104482650757,0.016129031777381897
1299,ACH-000621,-0.2342541217803955,-1.8971911668777466,1.4972479343414307,0.16568908095359802,True,-3.341350555419922,0.96875,-3.300405202366809,0.07095123827457428,-5.0,-3.2878458499908447,-4.388533115386963,-3.087908983230591,0.0
1300,ACH-000624,-0.5109051465988159,-2.0960676670074463,1.4173293113708496,0.16783320903778076,True,-3.3083267211914062,0.9375,-3.3011973542492687,0.09085201472043991,-5.0,-3.1955487728118896,-4.135631561279297,-3.0383682250976562,0.0
1301,ACH-000643,0.9742980003356934,-0.557553768157959,1.365362286567688,0.16648948192596436,True,-3.2873873710632324,0.984375,-3.299816355930665,0.09740574657917023,-5.0,-3.2602031230926514,-4.393985271453857,-3.0898070335388184,0.0
1302,ACH-000668,0.3078805208206177,-1.3310331106185913,1.4716302156448364,0.16728335618972778,True,-3.3607659339904785,0.984375,-3.3059113137366465,0.10582984983921051,-5.0,-3.3347465991973877,-5.066219329833984,-3.067981243133545,0.01587301678955555
1303,ACH-000691,1.3582918643951416,-0.2688467800617218,1.4587695598602295,0.1683691143989563,True,-3.1994595527648926,1.0,-3.295266137639471,0.08771353214979172,-5.0,-3.1994595527648926,-4.358790874481201,-3.0459325313568115,0.0
1304,ACH-000699,0.19464242458343506,-1.3843469619750977,1.4130631685256958,0.16592618823051453,True,-3.2861528396606445,0.953125,-3.2943548078415885,0.0807047039270401,-5.0,-3.2018651962280273,-4.4791035652160645,-3.0897867679595947,0.0
1305,ACH-000711,1.1826177835464478,-0.39681100845336914,1.4068560600280762,0.17257271707057953,True,-3.2483389377593994,1.0,-3.2897532208333695,0.0963141918182373,-5.0,-3.2483389377593994,-4.612730503082275,-3.077418804168701,0.0
1306,ACH-000725,0.04641914367675781,-1.5387561321258545,1.4219977855682373,0.1631774604320526,True,-3.3195199966430664,0.953125,-3.2927298984143394,0.05540941283106804,-5.0,-3.236872911453247,-4.407570838928223,-3.0914406776428223,0.0
1307,ACH-000755,-0.06558620929718018,-1.691390872001648,1.4554951190948486,0.17030955851078033,True,-3.289665937423706,0.96875,-3.2924235023152764,0.049330003559589386,-5.0,-3.2344937324523926,-3.9210352897644043,-3.085902690887451,0.0
1308,ACH-000759,-0.2799527645111084,-1.9530373811721802,1.5044925212860107,0.16859206557273865,True,-3.268831729888916,0.984375,-3.2900643250726405,0.04581117630004883,-5.0,-3.2413527965545654,-4.436111927032471,-3.0651822090148926,0.0
1309,ACH-000768,0.8170021772384644,-0.8058063983917236,1.4679691791534424,0.15483936667442322,True,-3.296440362930298,1.0,-3.290701928858406,0.10459810495376587,-5.0,-3.296440362930298,-4.389378547668457,-3.081125259399414,0.0
1310,ACH-000783,1.060394287109375,-0.538083016872406,1.4271055459976196,0.1713716685771942,True,-3.276925563812256,1.0,-3.289324292353791,0.10029888153076172,-5.0,-3.276925563812256,-4.310716152191162,-3.0828287601470947,0.0
1311,ACH-000818,-3.0608572959899902,-4.544668674468994,1.3251010179519653,0.15871047973632812,True,-2.8599891662597656,0.953125,-3.2463907797443885,0.0591813325881958,-5.0,-2.7547428607940674,-3.9972805976867676,-2.609245538711548,0.0
1312,ACH-000828,-1.7933088541030884,-3.4404351711273193,1.4816563129425049,0.1654699742794037,True,-2.963303565979004,0.9375,-3.21808205836785,0.07473553717136383,-5.0,-2.827523946762085,-3.3847248554229736,-2.7423272132873535,0.0
1313,ACH-000849,0.42145979404449463,-1.2025450468063354,1.4679595232009888,0.15604525804519653,True,-3.2830677032470703,0.96875,-3.2245806228557723,0.07798515260219574,-5.0,-3.227682590484619,-4.2902350425720215,-3.03851318359375,0.0
1314,ACH-000856,-0.005218625068664551,-1.5267448425292969,1.3560243844985962,0.16550180315971375,True,-3.2949604988098145,0.96875,-3.2316186104511764,0.0584692507982254,-5.0,-3.239959239959717,-4.289399147033691,-3.0504865646362305,0.0
1315,ACH-000857,0.3320343494415283,-1.2517815828323364,1.4166452884674072,0.16717061400413513,True,-3.2871944904327393,0.96875,-3.2371761984493324,0.07323390245437622,-5.0,-3.231942892074585,-4.174218654632568,-3.046297550201416,0.0
1316,ACH-000859,1.2280824184417725,-0.3978579342365265,1.4645847082138062,0.1613556146621704,True,-3.2259621620178223,0.984375,-3.2360547948061815,0.12483292073011398,-5.0,-3.197803020477295,-4.039433479309082,-3.0910890102386475,0.0
1317,ACH-000876,-0.6485892534255981,-2.2730839252471924,1.461930751800537,0.1625639647245407,True,-3.333765983581543,0.9375,-3.2458259136837175,0.09783746302127838,-5.0,-3.222684144973755,-4.253271102905273,-3.081920862197876,0.0
1318,ACH-000902,-0.07802379131317139,-1.6733506917953491,1.4289183616638184,0.16640856862068176,True,-3.2565383911132812,0.96875,-3.246897161426674,0.05553951859474182,-5.0,-3.2002975940704346,-3.895012140274048,-3.04325270652771,0.0
1319,ACH-000910,-0.06377553939819336,-1.661529302597046,1.436266303062439,0.16148751974105835,True,-3.246589183807373,0.96875,-3.246866363664744,0.04819398745894432,-5.0,-3.1900274753570557,-4.188723087310791,-3.056258201599121,0.0
1320,ACH-000927,-1.15444016456604,-2.7255303859710693,1.4089897871017456,0.16210044920444489,True,-3.343296766281128,0.953125,-3.256509403926382,0.05127578601241112,-5.0,-3.2618191242218018,-4.394112586975098,-3.0732269287109375,0.0
1321,ACH-000930,-2.983743190765381,-4.54718542098999,1.3958165645599365,0.1676255315542221,True,-3.359686851501465,0.921875,-3.2668271486838902,0.048551205545663834,-5.0,-3.220677375793457,-4.0315842628479,-3.063331127166748,0.0
1322,ACH-000934,0.23008322715759277,-1.3260983228683472,1.3917444944381714,0.16443710029125214,True,-3.3422253131866455,0.96875,-3.274366965134166,0.07709002494812012,-5.0,-3.288748264312744,-4.32288932800293,-3.064746618270874,0.0
1323,ACH-001390,1.2934037446975708,-0.20215289294719696,1.3434072732925415,0.15214937925338745,True,-3.2004878520965576,0.984375,-3.2669790538304055,0.11827455461025238,-5.0,-3.171924352645874,-3.7201192378997803,-3.0866732597351074,0.0
1324,ACH-001819,1.081588864326477,-0.5910472869873047,1.5064893960952759,0.16614678502082825,True,-3.2237980365753174,0.984375,-3.262660952104897,0.1194312646985054,-5.0,-3.1956043243408203,-4.168340682983398,-3.0324697494506836,0.0
1325,ACH-001820,-1.2877674102783203,-2.8729116916656494,1.4153988361358643,0.16974547505378723,True,-3.3455214500427246,0.953125,-3.27094700189868,0.08519963175058365,-5.0,-3.264153480529785,-4.091282844543457,-3.089878797531128,0.0
1326,ACH-000017,0.6805570125579834,-0.877994179725647,1.394275426864624,0.16427572071552277,True,-3.2773311138153076,0.984375,-3.2715854130903423,0.0893804281949997,-5.0,-3.2499873638153076,-4.280941963195801,-3.0577774047851562,0.0
1327,ACH-000019,0.7514081001281738,-0.793425440788269,1.3834335803985596,0.16140000522136688,True,-3.315976142883301,1.0,-3.276024486069638,0.10631800442934036,-5.0,-3.315976142883301,-4.312465190887451,-3.0661206245422363,0.0
1328,ACH-000044,0.23225736618041992,-1.2461668252944946,1.3161067962646484,0.1623173952102661,True,-3.032480239868164,0.96875,-3.2516700614494907,0.07583846151828766,-5.0,-2.9690115451812744,-4.129645347595215,-2.840099334716797,0.0
1329,ACH-000097,-0.3071448802947998,-1.8805932998657227,1.4204633235931396,0.1529851108789444,True,-3.295790195465088,0.953125,-3.2560820748510504,0.0720406323671341,-5.0,-3.2119760513305664,-3.698922634124756,-3.0879204273223877,0.0
1330,ACH-000111,0.4216306209564209,-1.157543420791626,1.4137896299362183,0.1653844565153122,True,-3.2251195907592773,0.984375,-3.252985826441873,0.04697703197598457,-5.0,-3.1969470977783203,-4.4997382164001465,-3.052527904510498,0.0
1331,ACH-000117,-1.6053602695465088,-3.1939165592193604,1.42549467086792,0.16306161880493164,True,-3.323622465133667,0.96875,-3.260049490311052,0.041396528482437134,-5.0,-3.2695460319519043,-4.812681198120117,-3.0866007804870605,0.0
1332,ACH-000147,-3.882777690887451,-5.553035259246826,1.5048542022705078,0.1654033064842224,True,-3.4572501182556152,0.90625,-3.2797695531055084,0.0743953213095665,-5.0,-3.2976553440093994,-4.924630165100098,-3.077127456665039,0.0
1333,ACH-000148,-2.1605112552642822,-3.838785171508789,1.516523003578186,0.16175097227096558,True,-3.370232105255127,0.9375,-3.28881580832047,0.06736017763614655,-5.0,-3.2615811824798584,-4.338670253753662,-3.0887203216552734,0.0
1334,ACH-000196,-0.4255625009536743,-2.024599075317383,1.4311084747314453,0.1679280549287796,True,-3.2656171321868896,0.96875,-3.286495940707112,0.06218705326318741,-5.0,-3.209669351577759,-4.884905815124512,-3.058457851409912,0.0
1335,ACH-000212,-0.07368326187133789,-1.627424955368042,1.394989013671875,0.1587526947259903,True,-3.3346896171569824,0.96875,-3.291315308352099,0.08818801492452621,-5.0,-3.2809698581695557,-4.777470111846924,-3.091063976287842,0.0
1336,ACH-000223,-0.024572014808654785,-1.6273974180221558,1.4411793947219849,0.16164597868919373,True,-3.323904037475586,0.9375,-3.294574181264448,0.09556479752063751,-5.0,-3.2121644020080566,-4.113990306854248,-3.0884602069854736,0.0
1337,ACH-000248,0.853122353553772,-0.7484362125396729,1.434201955795288,0.16735664010047913,True,-3.2170400619506836,0.96875,-3.2868207693330715,0.10880714654922485,-5.0,-3.159525156021118,-4.170526504516602,-3.0454328060150146,0.0
1338,ACH-000258,1.1847326755523682,-0.3962709307670593,1.4124188423156738,0.16858473420143127,True,-3.294778347015381,1.0,-3.2876165271013025,0.080910824239254,-5.0,-3.294778347015381,-4.3287672996521,-3.1694111824035645,0.0
1339,ACH-000276,1.2458250522613525,-0.2875128388404846,1.3761965036392212,0.1571413278579712,True,-3.225430727005005,1.0,-3.2813979470916728,0.10461240261793137,-5.0,-3.225430727005005,-4.405853271484375,-3.0746803283691406,0.0
1340,ACH-000277,-0.37181031703948975,-1.9736586809158325,1.4377262592315674,0.1641221046447754,True,-3.2889018058776855,0.953125,-3.2821483329702743,0.06140434741973877,-5.0,-3.20474910736084,-4.23880672454834,-3.0552375316619873,0.0
1341,ACH-000288,-2.9444761276245117,-4.628487586975098,1.5240081548690796,0.16000336408615112,True,-3.458954334259033,0.921875,-3.29982893309915,0.08449967205524445,-5.0,-3.328357219696045,-4.9013543128967285,-3.088369369506836,0.0
1342,ACH-000330,0.4403035640716553,-1.1239579916000366,1.403393030166626,0.1608685553073883,True,-3.2811312675476074,0.984375,-3.2979591665439956,0.0612938329577446,-5.0,-3.253848075866699,-4.687503337860107,-3.0717861652374268,0.0
1343,ACH-000349,0.5949920415878296,-1.0696709156036377,1.4922631978988647,0.17239974439144135,True,-3.294827461242676,0.984375,-3.2976459960138635,0.09750883281230927,-5.0,-3.267761468887329,-4.9670634269714355,-3.086015224456787,0.0
1344,ACH-000352,0.04811382293701172,-1.5576494932174683,1.438752293586731,0.16701102256774902,True,-3.197016954421997,0.96875,-3.287583091854677,0.07440367341041565,-5.0,-3.1388564109802246,-3.9583468437194824,-2.981955051422119,0.0
1345,ACH-000374,0.7984708547592163,-0.761989951133728,1.4028122425079346,0.15764854848384857,True,-3.308478832244873,1.0,-3.2896726658936966,0.10091733932495117,-5.0,-3.308478832244873,-4.389180660247803,-3.0827138423919678,0.0
1346,ACH-000536,-0.8970193862915039,-2.4211106300354004,1.367889165878296,0.15620210766792297,True,-3.3371849060058594,0.953125,-3.2944238899049125,0.06535905599594116,-5.0,-3.2554070949554443,-4.1366801261901855,-3.090961456298828,0.0
1347,ACH-000554,0.013779282569885254,-1.5972968339920044,1.4488475322723389,0.1622285693883896,True,-3.265695095062256,0.96875,-3.2915510104206467,0.0786018818616867,-5.0,-3.209749698638916,-3.9805612564086914,-3.091114044189453,0.0
1348,ACH-000568,-0.2314828634262085,-1.7993468046188354,1.406847596168518,0.16101640462875366,True,-3.1594555377960205,0.96875,-3.278341463158184,0.040000200271606445,-5.0,-3.1000828742980957,-3.9273569583892822,-2.9864139556884766,0.0
1349,ACH-000573,1.291921854019165,-0.25664958357810974,1.3839443922042847,0.1646270900964737,True,-3.178654670715332,1.0,-3.268372783913899,0.11787503212690353,-5.0,-3.178654670715332,-4.102816581726074,-3.042104721069336,0.0
1350,ACH-000621,-0.287495493888855,-1.8996235132217407,1.4530633687973022,0.15906460583209991,True,-3.3097586631774902,0.96875,-3.2725113718402583,0.046818360686302185,-5.0,-3.255234479904175,-4.628407955169678,-3.087908983230591,0.0
1351,ACH-000624,1.4991962909698486,-0.12816482782363892,1.4634273052215576,0.16393369436264038,True,-3.181886672973633,1.0,-3.2634489019535957,0.08741738647222519,-5.0,-3.181886672973633,-4.324120044708252,-3.0383684635162354,0.0
1352,ACH-000643,-1.1016517877578735,-2.7247989177703857,1.4610296487808228,0.16211743652820587,True,-3.4054951667785645,0.921875,-3.2776535284360926,0.07503371685743332,-5.0,-3.2703678607940674,-4.15739631652832,-3.0898070335388184,0.0
1353,ACH-000668,0.24882566928863525,-1.3957006931304932,1.4794942140579224,0.16503211855888367,True,-3.3066625595092773,0.984375,-3.2805544315434108,0.09082545340061188,-5.0,-3.2797844409942627,-4.515231132507324,-3.067981243133545,0.0
1354,ACH-000691,-2.4277467727661133,-3.98777437210083,1.4062461853027344,0.1537814438343048,True,-3.2418551445007324,0.96875,-3.2766845028391427,0.039877697825431824,-5.0,-3.185140609741211,-3.915444850921631,-3.0459327697753906,0.0
1355,ACH-000699,0.14732646942138672,-1.3771545886993408,1.360237956047058,0.16424310207366943,True,-3.302945613861084,0.984375,-3.2793106139413366,0.06693193316459656,-5.0,-3.276008367538452,-4.556816101074219,-3.0897867679595947,0.0
1356,ACH-000711,-1.3203989267349243,-2.889220952987671,1.4095150232315063,0.15930703282356262,True,-3.36812162399292,0.953125,-3.2881917149464948,0.06697800010442734,-5.0,-3.287865161895752,-4.562543869018555,-3.077418804168701,0.0
1357,ACH-000725,0.4848881959915161,-1.0977363586425781,1.4296015501022339,0.15302300453186035,True,-3.3410513401031494,0.96875,-3.2934776774621604,0.09294319152832031,-5.0,-3.287536859512329,-4.025237083435059,-3.0914406776428223,0.0
1358,ACH-000755,0.028983354568481445,-1.5516571998596191,1.428563117980957,0.15207740664482117,True,-3.2683887481689453,0.953125,-3.290968784532839,0.08623635768890381,-5.0,-3.183227300643921,-3.853543281555176,-3.085902690887451,0.0
1359,ACH-000759,1.6048851013183594,-0.007072022184729576,1.454661250114441,0.15729576349258423,True,-3.1642794609069824,1.0,-3.2782998521702535,0.07777004688978195,-5.0,-3.1642794609069824,-4.263929843902588,-3.0651819705963135,0.0
1360,ACH-000768,0.26735711097717285,-1.3902631998062134,1.508760929107666,0.14885935187339783,True,-3.332273483276367,0.953125,-3.283697215280865,0.09280335903167725,-5.0,-3.250253915786743,-4.163649559020996,-3.081125259399414,0.0
1361,ACH-000783,-0.9500521421432495,-2.5250751972198486,1.4106978178024292,0.16432519257068634,True,-3.3794009685516357,0.9375,-3.293267590607942,0.07244663685560226,-5.0,-3.2713611125946045,-4.134041786193848,-3.0828285217285156,0.0
1362,ACH-000818,0.3861175775527954,-1.1004844903945923,1.3258646726608276,0.16073739528656006,True,-2.884190082550049,0.953125,-3.2523598398021525,0.08398973941802979,-5.0,-2.7801339626312256,-4.053832054138184,-2.609245538711548,0.0
1363,ACH-000828,0.05022168159484863,-1.5318628549575806,1.4231009483337402,0.15898355841636658,True,-2.8908984661102295,0.953125,-3.21621370243296,0.09167015552520752,-5.0,-2.787172317504883,-3.2323031425476074,-2.7423272132873535,0.0
1364,ACH-000849,-1.8354406356811523,-3.4663639068603516,1.4798340797424316,0.1510891616344452,True,-3.4000353813171387,0.90625,-3.2345958703213777,0.07930587232112885,-5.0,-3.2345218658447266,-4.491752624511719,-3.03851318359375,0.0
1365,ACH-000856,-1.0355134010314941,-2.5422091484069824,1.3543694019317627,0.15232640504837036,True,-3.3032941818237305,0.96875,-3.241465701471613,0.051450181752443314,-5.0,-3.2485616207122803,-4.593909740447998,-3.0504865646362305,0.0
1366,ACH-000857,0.5842146873474121,-1.0009584426879883,1.436465859413147,0.14870727062225342,True,-3.2831499576568604,0.984375,-3.245634127090138,0.09722264111042023,-5.0,-3.2558987140655518,-4.358694076538086,-3.046297550201416,0.0
1367,ACH-000859,0.2531247138977051,-1.325640082359314,1.4192568063735962,0.15950801968574524,True,-3.358182907104492,0.984375,-3.2568890050915735,0.08581989258527756,-5.0,-3.332122802734375,-4.361442565917969,-3.0910890102386475,0.0
1368,ACH-000876,0.7725343704223633,-0.7910312414169312,1.4021161794662476,0.16144941747188568,True,-3.2312939167022705,1.0,-3.2543294962526432,0.07248744368553162,-5.0,-3.2312939167022705,-4.616449356079102,-3.081920862197876,0.0
1369,ACH-000902,0.26186656951904297,-1.3582375049591064,1.4664932489395142,0.15361085534095764,True,-3.2098705768585205,0.984375,-3.249883604313231,0.0472513809800148,-5.0,-3.1814560890197754,-4.288799285888672,-3.04325270652771,0.0
1370,ACH-000910,0.23299264907836914,-1.2847217321395874,1.369590163230896,0.14812418818473816,True,-3.2413697242736816,0.984375,-3.2490322163092764,0.06850651651620865,-5.0,-3.2134552001953125,-5.180168628692627,-3.056258201599121,0.01587301678955555
1371,ACH-000927,0.35069823265075684,-1.156206727027893,1.3519964218139648,0.15490853786468506,True,-3.2926201820373535,0.953125,-3.253391012882084,0.07297307252883911,-5.0,-3.208650588989258,-4.209582328796387,-3.0732269287109375,0.0
1372,ACH-000930,0.539819598197937,-1.0017186403274536,1.3886499404907227,0.15288826823234558,True,-3.2644145488739014,0.984375,-3.2544933664812654,0.10325479507446289,-5.0,-3.236865758895874,-4.867033004760742,-3.063331127166748,0.0
1373,ACH-000934,-1.7160831689834595,-3.2947278022766113,1.4186874628067017,0.15995720028877258,True,-3.4127731323242188,0.9375,-3.2703213430655604,0.0728524923324585,-5.0,-3.3069581985473633,-4.811443328857422,-3.064746618270874,0.0
1374,ACH-001390,0.7380791902542114,-0.7400050163269043,1.3331221342086792,0.1449621021747589,True,-3.27554988861084,1.0,-3.270844197620088,0.09480192512273788,-5.0,-3.27554988861084,-4.334280014038086,-3.0866734981536865,0.0
1375,ACH-001819,-0.7689802646636963,-2.287167549133301,1.3609343767166138,0.15725287795066833,True,-3.3515939712524414,0.9375,-3.2789191749833235,0.11162711679935455,-5.0,-3.2417004108428955,-4.385676383972168,-3.0324697494506836,0.0
1376,ACH-001820,0.020810484886169434,-1.4951162338256836,1.3576037883758545,0.15832288563251495,True,-3.3526241779327393,0.96875,-3.2862896752782653,0.09189142286777496,-5.0,-3.299482822418213,-4.372200012207031,-3.089878797531128,0.0
1377,ACH-000017,-0.43653786182403564,-1.9420417547225952,1.3534090518951416,0.15209490060806274,True,-3.2518157958984375,0.96875,-3.2828422873402827,0.05952785536646843,-5.0,-3.195422649383545,-4.218048095703125,-3.0577774047851562,0.0
1378,ACH-000019,0.1591852903366089,-1.432969093322754,1.439568042755127,0.15258632600307465,True,-3.2922801971435547,0.96875,-3.28378607832061,0.09183080494403839,-5.0,-3.237192392349243,-4.727188587188721,-3.065324306488037,0.0
1379,ACH-000044,-0.28381192684173584,-1.7227561473846436,1.2811955213546753,0.15774869918823242,True,-3.1098148822784424,0.9375,-3.2663889587163935,0.11450591683387756,-5.0,-2.9838027954101562,-4.087255954742432,-2.840099334716797,0.0
1380,ACH-000097,0.564400315284729,-1.002366542816162,1.417968988418579,0.1487978994846344,True,-3.288945436477661,0.953125,-3.2686446064925203,0.09663451462984085,-5.0,-3.2047953605651855,-4.686117172241211,-3.0879204273223877,0.0
1381,ACH-000111,0.2674916982650757,-1.3002824783325195,1.4087421894073486,0.1590319722890854,True,-3.2345118522644043,0.96875,-3.2652313310697085,0.10700765252113342,-5.0,-3.177560567855835,-4.700407981872559,-3.052527904510498,0.0
1382,ACH-000117,0.4435100555419922,-1.101156234741211,1.3870218992233276,0.15764445066452026,True,-3.32536244392395,0.953125,-3.271244442355133,0.09709648042917252,-5.0,-3.2430028915405273,-4.296463489532471,-3.0866007804870605,0.0
1383,ACH-000147,-0.7125511169433594,-2.359238386154175,1.4903678894042969,0.15631935000419617,True,-3.351854085922241,0.953125,-3.2793054067118437,0.07338884472846985,-5.0,-3.2707974910736084,-4.355758190155029,-3.077127456665039,0.0
1384,ACH-000148,0.9716163277626038,-0.6389251351356506,1.4594166278839111,0.15112486481666565,True,-3.304537296295166,0.96875,-3.2818285956701763,0.0958976000547409,-5.0,-3.249844789505005,-4.065910816192627,-3.0887203216552734,0.0
1385,ACH-000196,1.0246663093566895,-0.5475983619689941,1.4122575521469116,0.1600070595741272,True,-3.249238967895508,0.984375,-3.2785696328927094,0.11066833138465881,-5.0,-3.221449375152588,-4.076550483703613,-3.058457851409912,0.0
1386,ACH-000212,0.2636091709136963,-1.3002663850784302,1.4077955484390259,0.1560799777507782,True,-3.282651424407959,0.984375,-3.2789778120442343,0.07713914662599564,-5.0,-3.255392074584961,-4.8295512199401855,-3.091063976287842,0.0
1387,ACH-000223,-0.7331987619400024,-2.2676029205322266,1.3810714483261108,0.15333275496959686,True,-3.2937207221984863,0.9375,-3.2804521030596594,0.07454122602939606,-5.0,-3.17996883392334,-3.808467388153076,-3.0884602069854736,0.0
1388,ACH-000248,0.2765963077545166,-1.3149583339691162,1.431274652481079,0.1602800190448761,True,-3.224968433380127,0.984375,-3.274903736091706,0.05506514757871628,-5.0,-3.1967933177948,-4.369933605194092,-3.0454328060150146,0.0
1389,ACH-000258,0.6336318850517273,-0.956602156162262,1.4318523406982422,0.15838173031806946,True,-3.3177709579467773,0.984375,-3.2791904582772133,0.07301793992519379,-5.0,-3.2910690307617188,-4.016558647155762,-3.1694111824035645,0.0
1390,ACH-000276,-1.0638870000839233,-2.573349714279175,1.353925347328186,0.15553739666938782,True,-3.3500916957855225,0.953125,-3.286280582028044,0.06860557198524475,-5.0,-3.268948554992676,-4.834128379821777,-3.0746803283691406,0.0
1391,ACH-000277,-1.44708251953125,-2.990375518798828,1.3849618434906006,0.15833109617233276,True,-3.269692897796631,0.953125,-3.2846218136049026,0.06716383993625641,-5.0,-3.1845955848693848,-4.321946144104004,-3.0552375316619873,0.0
1392,ACH-000288,0.782883882522583,-0.9439370632171631,1.5745086669921875,0.15231233835220337,True,-3.2926807403564453,0.984375,-3.285427706280057,0.08950354903936386,-5.0,-3.265580415725708,-4.429451942443848,-3.088369369506836,0.0
1393,ACH-000330,1.180993914604187,-0.3744945526123047,1.3925654888153076,0.16292300820350647,True,-3.218980312347412,1.0,-3.2787829668867925,0.08492838591337204,-5.0,-3.218980312347412,-4.07757043838501,-3.0717861652374268,0.0
1394,ACH-000349,0.5734402537345886,-0.9437999129295349,1.3606806993484497,0.15655943751335144,True,-3.279996633529663,0.984375,-3.2789043335510795,0.06295366585254669,-5.0,-3.252695083618164,-4.38439416885376,-3.086015224456787,0.0
1395,ACH-000352,0.31052613258361816,-1.2371461391448975,1.3933310508728027,0.15434125065803528,True,-3.2222723960876465,0.96875,-3.2732411398047363,0.08197861164808273,-5.0,-3.164926052093506,-4.32299280166626,-2.981955051422119,0.0
1396,ACH-000374,-0.26724088191986084,-1.819791555404663,1.392055869102478,0.16049480438232422,True,-3.315523862838745,0.9375,-3.2774694121081374,0.10421375930309296,-5.0,-3.2032253742218018,-3.9175002574920654,-3.0827136039733887,0.0
1397,ACH-000536,-0.6325736045837402,-2.1957998275756836,1.4058454036712646,0.1573808342218399,True,-3.3367185592651367,0.953125,-3.2833943268238373,0.07166734337806702,-5.0,-3.254917621612549,-4.509644031524658,-3.090961456298828,0.0
1398,ACH-000554,-0.5273522138595581,-2.056027889251709,1.3696458339691162,0.15902981162071228,True,-3.2457540035247803,0.984375,-3.2796302944939315,0.04237182438373566,-5.0,-3.217909097671509,-3.9805612564086914,-3.091114044189453,0.0
1399,ACH-000568,-0.5362088680267334,-2.0884850025177,1.3944499492645264,0.1578262448310852,True,-3.226041316986084,0.9375,-3.2742713967431465,0.055210258811712265,-5.0,-3.1077775955200195,-3.968977451324463,-2.9864139556884766,0.0
1400,ACH-000573,-1.612587571144104,-3.170186758041382,1.3980990648269653,0.1595001220703125,True,-3.3497259616851807,0.9375,-3.28181685323735,0.05935763195157051,-5.0,-3.2397079467773438,-4.543175220489502,-3.042104482650757,0.0
1401,ACH-000621,0.7089782357215881,-0.8769003748893738,1.4272916316986084,0.1585870385169983,True,-3.290311813354492,0.984375,-3.282666349249064,0.10472384095191956,-5.0,-3.263174057006836,-4.779687404632568,-3.087908983230591,0.0
1402,ACH-000624,0.33750736713409424,-1.1831709146499634,1.362245798110962,0.1584325134754181,True,-3.311221122741699,0.984375,-3.2855218265983277,0.08105386793613434,-5.0,-3.2844152450561523,-4.32412052154541,-3.0383682250976562,0.0
1403,ACH-000643,-0.6704317331314087,-2.2330636978149414,1.406790852546692,0.15584108233451843,True,-3.3318135738372803,0.953125,-3.290151001322223,0.04649210348725319,-5.0,-3.2497715950012207,-3.9543328285217285,-3.0898070335388184,0.0
1404,ACH-000668,-0.6338655948638916,-2.2174899578094482,1.424566388130188,0.15905798971652985,True,-3.396226167678833,0.9375,-3.300758517957884,0.08571949601173401,-5.0,-3.2893080711364746,-4.677379608154297,-3.067981243133545,0.0
1405,ACH-000691,1.0605056285858154,-0.4982672929763794,1.4009063243865967,0.15786656737327576,True,-3.2126338481903076,0.984375,-3.2919460509811262,0.13296836614608765,-5.0,-3.1842634677886963,-4.2609734535217285,-3.0459327697753906,0.0
1406,ACH-000699,-2.8358802795410156,-4.443994998931885,1.4531450271606445,0.154969722032547,True,-3.3805532455444336,0.9375,-3.3008067704374566,0.040998443961143494,-5.0,-3.272590398788452,-4.617853164672852,-3.0897867679595947,0.0
1407,ACH-000711,-0.11938238143920898,-1.6403725147247314,1.3665411472320557,0.15444904565811157,True,-3.2670371532440186,0.96875,-3.2974298087181126,0.092344269156456,-5.0,-3.211135149002075,-4.169689178466797,-3.077418804168701,0.0
1408,ACH-000725,-0.04021716117858887,-1.572827935218811,1.3813751935958862,0.15123559534549713,True,-3.3703956604003906,0.96875,-3.3047263938863405,0.0711645856499672,-5.0,-3.3178277015686035,-5.061698913574219,-3.0914406776428223,0.016129031777381897
1409,ACH-000755,1.0473647117614746,-0.5156005024909973,1.4035723209381104,0.1593928039073944,True,-3.249762535095215,0.984375,-3.299230008007228,0.0847519263625145,-5.0,-3.2219812870025635,-4.016977310180664,-3.085902690887451,0.0
1410,ACH-000759,1.3504836559295654,-0.18538908660411835,1.3800873756408691,0.15578529238700867,True,-3.196211814880371,1.0,-3.2889281886945425,0.12550565600395203,-5.0,-3.196211814880371,-4.259712219238281,-3.0651819705963135,0.0
1411,ACH-000768,-1.2323936223983765,-2.8068184852600098,1.4253729581832886,0.14905190467834473,True,-3.3065154552459717,0.96875,-3.2906869153496854,0.07327381521463394,-5.0,-3.251887083053589,-4.709788799285889,-3.081125259399414,0.0
1412,ACH-000783,-0.13541245460510254,-1.6835463047027588,1.3950510025024414,0.15308290719985962,True,-3.2555294036865234,0.953125,-3.2871711641833694,0.04648502171039581,-5.0,-3.169735908508301,-3.9949817657470703,-3.0828285217285156,0.0
1413,ACH-000818,-2.0178334712982178,-3.4525208473205566,1.280869960784912,0.15381740033626556,True,-2.938744068145752,0.921875,-3.2523284545796076,0.10830036550760269,-5.0,-2.764061450958252,-4.131847381591797,-2.5975732803344727,0.0
1414,ACH-000828,1.2954368591308594,-0.24749507009983063,1.3863366842269897,0.15659525990486145,True,-2.8674983978271484,0.984375,-3.2138454489043617,0.12273100018501282,-5.0,-2.8336493968963623,-4.042669296264648,-2.7423272132873535,0.0
1415,ACH-000849,0.03957068920135498,-1.4843345880508423,1.3774058818817139,0.1464994102716446,True,-3.3295369148254395,0.953125,-3.2254145954964697,0.08423122763633728,-5.0,-3.247382879257202,-4.555561065673828,-3.03851318359375,0.0
1416,ACH-000856,1.5698820352554321,0.0037351716309785843,1.4081066846847534,0.15804021060466766,True,-3.1145031452178955,1.0,-3.214323450468612,0.12003540992736816,-5.0,-3.1145031452178955,-3.674776554107666,-3.0504865646362305,0.0
1417,ACH-000857,-1.4745757579803467,-3.0566775798797607,1.4271191358566284,0.15498262643814087,True,-3.3593363761901855,0.96875,-3.2288247430407693,0.05580019950866699,-5.0,-3.3064119815826416,-4.554068565368652,-3.046297550201416,0.0
1418,ACH-000859,-2.9954192638397217,-4.514765739440918,1.3646349906921387,0.15471148490905762,True,-3.4812912940979004,0.921875,-3.2540713981464826,0.09143593162298203,-5.0,-3.3525872230529785,-4.829713344573975,-3.0910890102386475,0.0
1419,ACH-000876,-5.131966590881348,-6.672453880310059,1.376176118850708,0.1643109768629074,True,-3.3747262954711914,0.890625,-3.2661368878789534,0.0489639975130558,-5.0,-3.175131320953369,-4.192259788513184,-3.081920862197876,0.0
1420,ACH-000902,0.7623502016067505,-0.7674040794372559,1.3750559091567993,0.15469834208488464,True,-3.2124457359313965,0.984375,-3.260767772684198,0.07367350906133652,-5.0,-3.1840720176696777,-4.066198348999023,-3.04325270652771,0.0
1421,ACH-000910,0.6040737628936768,-0.9284425973892212,1.3779364824295044,0.15457987785339355,True,-3.2783637046813965,0.96875,-3.262527365883918,0.08048497885465622,-5.0,-3.2228269577026367,-3.8459794521331787,-3.056258201599121,0.0
1422,ACH-000927,0.6446634531021118,-0.8521674871444702,1.3432449102401733,0.15358597040176392,True,-3.25933837890625,0.96875,-3.262208467186151,0.08011079579591751,-5.0,-3.203187942504883,-4.0046610832214355,-3.0732269287109375,0.0
1423,ACH-000930,-1.2529491186141968,-2.8544535636901855,1.4468666315078735,0.15463784337043762,True,-3.2753632068634033,0.953125,-3.2635239411538763,0.03479625657200813,-5.0,-3.190544843673706,-4.200324058532715,-3.063331127166748,0.0
1424,ACH-000934,-0.8937355279922485,-2.43673038482666,1.3874566555023193,0.15553820133209229,True,-3.3451595306396484,0.9375,-3.2716875001024537,0.0627099871635437,-5.0,-3.234837055206299,-4.390509605407715,-3.064746618270874,0.0
1425,ACH-001390,0.7750195860862732,-0.6789905428886414,1.3186085224151611,0.13540157675743103,True,-3.253831624984741,0.984375,-3.2699019125906825,0.07641200721263885,-5.0,-3.2261147499084473,-4.084834575653076,-3.0866732597351074,0.0
1426,ACH-001819,0.9018604159355164,-0.6335790753364563,1.3744076490402222,0.1610318422317505,True,-3.177004814147949,0.96875,-3.2606122027464095,0.09275206178426743,-5.0,-3.1181983947753906,-3.7094521522521973,-3.0324697494506836,0.0
1427,ACH-001820,0.20709621906280518,-1.2825498580932617,1.3380154371261597,0.15163064002990723,True,-3.2883877754211426,0.984375,-3.2633897600138826,0.05492321401834488,-5.0,-3.2612195014953613,-4.372200012207031,-3.089878797531128,0.0
1428,ACH-000017,-1.5690771341323853,-3.0240254402160645,1.3055083751678467,0.1494399607181549,True,-3.383854389190674,0.90625,-3.2754362229315617,0.074403777718544,-5.0,-3.2166669368743896,-4.433168411254883,-3.0577774047851562,0.0
1429,ACH-000019,-0.9607279300689697,-2.5244059562683105,1.4169633388519287,0.1467147171497345,True,-3.3945183753967285,0.921875,-3.2873444381780783,0.10627002269029617,-5.0,-3.258460521697998,-4.5078277587890625,-3.0661206245422363,0.0
1430,ACH-000044,-0.06649839878082275,-1.5328091382980347,1.3134164810180664,0.15289419889450073,True,-3.0966968536376953,0.921875,-3.2682796797240403,0.09854024648666382,-5.0,-2.9354000091552734,-4.087255954742432,-2.775627613067627,0.0
1431,ACH-000097,-0.34960949420928955,-1.8943496942520142,1.3986345529556274,0.1461055874824524,True,-3.298283576965332,0.953125,-3.27128006944817,0.04868752881884575,-5.0,-3.214592218399048,-4.627880096435547,-3.0879204273223877,0.0
1432,ACH-000111,0.9037829637527466,-0.5875226259231567,1.3330341577529907,0.15827137231826782,True,-3.2113094329833984,1.0,-3.2652830058016926,0.07066493481397629,-5.0,-3.2113094329833984,-4.525242328643799,-3.052527904510498,0.0
1433,ACH-000117,0.5069270133972168,-1.030292272567749,1.3830500841140747,0.1541692018508911,True,-3.2867960929870605,0.984375,-3.267434314520229,0.07646375149488449,-5.0,-3.2596025466918945,-4.36918306350708,-3.0866007804870605,0.0
1434,ACH-000147,0.6723490357398987,-0.9441202282905579,1.4665650129318237,0.149904265999794,True,-3.269575595855713,0.96875,-3.2676484426537775,0.07287515699863434,-5.0,-3.2137553691864014,-4.583850860595703,-3.077127456665039,0.0
1435,ACH-000148,-1.2117507457733154,-2.873619556427002,1.5079240798950195,0.15394477546215057,True,-3.4355177879333496,0.9375,-3.2844353771817345,0.06515107303857803,-5.0,-3.331218957901001,-4.514616966247559,-3.0887203216552734,0.0
1436,ACH-000196,0.7402048707008362,-0.7851656079292297,1.3717448711395264,0.15362563729286194,True,-3.234468460083008,1.0,-3.279438685471862,0.1072351485490799,-5.0,-3.234468460083008,-4.351090431213379,-3.058457851409912,0.0
1437,ACH-000212,0.2115623950958252,-1.3620070219039917,1.408896565437317,0.1646728366613388,True,-3.313080310821533,0.984375,-3.282802848006829,0.07273054122924805,-5.0,-3.286303997039795,-4.361182689666748,-3.091063976287842,0.0
1438,ACH-000223,0.2709883451461792,-1.3057373762130737,1.4183127880096436,0.1584128737449646,True,-3.2759833335876465,0.984375,-3.2821208965649107,0.05752948671579361,-5.0,-3.2486181259155273,-5.003632545471191,-3.0884602069854736,0.01587301678955555
1439,ACH-000248,-0.8731447458267212,-2.4252395629882812,1.392752766609192,0.15934209525585175,True,-3.3315963745117188,0.921875,-3.2870684443595914,0.09355299174785614,-5.0,-3.1902060508728027,-4.402077674865723,-3.0454328060150146,0.0
1440,ACH-000258,-0.7657121419906616,-2.2595455646514893,1.3372443914413452,0.1565890610218048,True,-3.3497235774993896,0.953125,-3.2933339576735716,0.046732448041439056,-5.0,-3.2685623168945312,-4.011486530303955,-3.1694111824035645,0.0
1441,ACH-000276,-0.4491380453109741,-1.988275408744812,1.3773771524429321,0.16176024079322815,True,-3.3206450939178467,0.953125,-3.296065071297999,0.07207269221544266,-5.0,-3.238054037094116,-4.315778732299805,-3.0746803283691406,0.0
1442,ACH-000277,1.0030256509780884,-0.5308175086975098,1.3763070106506348,0.157536119222641,True,-3.175699234008789,0.984375,-3.2840284875690777,0.0645747035741806,-5.0,-3.146742343902588,-4.150765419006348,-3.0552375316619873,0.0
1443,ACH-000288,1.020655632019043,-0.6339612603187561,1.4980186223983765,0.1565982550382614,True,-3.231984853744507,0.984375,-3.2788241241866207,0.09928010404109955,-5.0,-3.203921318054199,-4.11045503616333,-3.088369369506836,0.0
1444,ACH-000330,0.48846423625946045,-1.1284464597702026,1.4569324254989624,0.15997830033302307,True,-3.238718032836914,0.984375,-3.27481351505165,0.08166830986738205,-5.0,-3.210761308670044,-4.072202682495117,-3.0717861652374268,0.0
1445,ACH-000349,-1.820590853691101,-3.3276777267456055,1.3527443408966064,0.15434248745441437,True,-3.333984851837158,0.96875,-3.280730648730201,0.038961779326200485,-5.0,-3.280242443084717,-4.582307815551758,-2.8544907569885254,0.0
1446,ACH-000352,-1.3180863857269287,-2.8798153400421143,1.4065189361572266,0.1552100032567978,True,-3.2215747833251953,0.921875,-3.2748150621897003,0.05743412300944328,-5.0,-3.0708608627319336,-4.084464073181152,-2.981955051422119,0.0
1447,ACH-000374,0.7896073460578918,-0.7814448475837708,1.409722924232483,0.1613292694091797,True,-3.2509512901306152,0.96875,-3.2724286849837916,0.1032443642616272,-5.0,-3.1945302486419678,-4.52623176574707,-3.0827136039733887,0.0
1448,ACH-000536,-1.8535383939743042,-3.376845121383667,1.3733851909637451,0.14992153644561768,True,-3.2420425415039062,0.984375,-3.269390070635803,0.029528282582759857,-5.0,-3.2141387462615967,-3.8328802585601807,-3.090961456298828,0.0
1449,ACH-000554,0.3347971439361572,-1.2126286029815674,1.3890293836593628,0.1583964079618454,True,-3.280259132385254,0.96875,-3.2704769768107482,0.08691203594207764,-5.0,-3.224783420562744,-4.249025344848633,-3.091114044189453,0.0
1450,ACH-000568,0.20154976844787598,-1.3800063133239746,1.428187608718872,0.15336842834949493,True,-3.1686902046203613,0.96875,-3.26029829959171,0.07749255001544952,-5.0,-3.1096155643463135,-4.3207783699035645,-2.9864139556884766,0.0
1451,ACH-000573,1.2235482931137085,-0.23685720562934875,1.3086144924163818,0.15179097652435303,True,-3.1369194984436035,1.0,-3.2479604194768994,0.09040658175945282,-5.0,-3.1369194984436035,-4.22603178024292,-3.042104721069336,0.0
1452,ACH-000621,0.7499327063560486,-0.8263911604881287,1.417356252670288,0.15896758437156677,True,-3.269172430038452,0.984375,-3.2500816205330545,0.08528320491313934,-5.0,-3.24169921875,-5.2098588943481445,-3.087908983230591,0.01587301678955555
1453,ACH-000624,1.0646486282348633,-0.5794351100921631,1.4777036905288696,0.16638009250164032,True,-3.1744227409362793,0.984375,-3.242515732573377,0.07173113524913788,-5.0,-3.1454455852508545,-4.089565277099609,-3.0383682250976562,0.0
1454,ACH-000643,-0.3065747022628784,-1.8651431798934937,1.4012722969055176,0.15729619562625885,True,-3.3422837257385254,0.953125,-3.2524925318898923,0.08966842293739319,-5.0,-3.260756492614746,-5.555849552154541,-3.0898070335388184,0.016393441706895828
1455,ACH-000668,0.8358352780342102,-0.7469560503959656,1.423738956451416,0.15905238687992096,True,-3.2216293811798096,0.96875,-3.249406216818884,0.09604217112064362,-5.0,-3.164262533187866,-3.874865770339966,-3.067981243133545,0.0
1456,ACH-000691,0.32724690437316895,-1.2530648708343506,1.4208184480667114,0.15949326753616333,True,-3.2736315727233887,0.96875,-3.2518287524093346,0.07095037400722504,-5.0,-3.217942237854004,-4.2609734535217285,-3.0459327697753906,0.0
1457,ACH-000699,1.0148913860321045,-0.5780050158500671,1.4344795942306519,0.15841689705848694,True,-3.243384838104248,0.984375,-3.250984360978826,0.07944731414318085,-5.0,-3.2155022621154785,-3.8194541931152344,-3.0897867679595947,0.0
1458,ACH-000711,1.1977299451828003,-0.32767558097839355,1.3682156801223755,0.15718980133533478,True,-3.188532590866089,1.0,-3.2447391839675523,0.07373954355716705,-5.0,-3.188532590866089,-4.267423152923584,-3.077418804168701,0.0
1459,ACH-000725,-0.18162500858306885,-1.7698708772659302,1.4338175058364868,0.1544284075498581,True,-3.262305974960327,0.984375,-3.2464958630668295,0.041611842811107635,-5.0,-3.2347238063812256,-4.34664249420166,-3.0914406776428223,0.0
1460,ACH-000755,-0.9912705421447754,-2.551938772201538,1.4039911031723022,0.15667714178562164,True,-3.3134636878967285,0.96875,-3.2531926455498197,0.0386742502450943,-5.0,-3.259059429168701,-4.538811683654785,-3.085902690887451,0.0
1461,ACH-000759,1.031237006187439,-0.4830452501773834,1.3612302541732788,0.15305198729038239,True,-3.1885018348693848,0.984375,-3.2467235644817762,0.08893357217311859,-5.0,-3.159748077392578,-3.7645506858825684,-3.0651822090148926,0.0
1462,ACH-000768,-0.23588430881500244,-1.8003579378128052,1.4121102094650269,0.15236347913742065,True,-3.302924633026123,0.953125,-3.252343671336211,0.04750417545437813,-5.0,-3.219461679458618,-4.391078948974609,-3.081125259399414,0.0
1463,ACH-000783,-0.05419504642486572,-1.5621598958969116,1.3549506664276123,0.1530141830444336,True,-3.305600166320801,0.984375,-3.25766932083467,0.06915971636772156,-5.0,-3.2787046432495117,-4.727637767791748,-3.0828285217285156,0.0
1464,ACH-000818,-0.9068210124969482,-2.391944408416748,1.3287625312805176,0.15636083483695984,True,-2.971769094467163,0.890625,-3.2290792981979193,0.10487905144691467,-5.0,-2.7226881980895996,-3.32794189453125,-2.5975732803344727,0.0
1465,ACH-000828,0.10756516456604004,-1.4428648948669434,1.3963569402694702,0.1540730893611908,True,-2.9273834228515625,0.953125,-3.198909710663284,0.07035012543201447,-5.0,-2.825451374053955,-3.746861219406128,-2.7423272132873535,0.0
1466,ACH-000849,-1.082872986793518,-2.60410737991333,1.375947117805481,0.14528732001781464,True,-3.30425763130188,0.96875,-3.2094445027271434,0.07064444571733475,-5.0,-3.249556064605713,-4.514989852905273,-3.03851318359375,0.0
1467,ACH-000856,0.12377488613128662,-1.4282804727554321,1.4006344079971313,0.1514209657907486,True,-3.218231678009033,0.96875,-3.2103232202553325,0.05292671173810959,-5.0,-3.160754919052124,-4.860986232757568,-3.0504865646362305,0.0
1468,ACH-000857,0.8280114531517029,-0.7094294428825378,1.3858468532562256,0.15159408748149872,True,-3.243773937225342,0.984375,-3.2136682919523336,0.09150746464729309,-5.0,-3.215897560119629,-4.396669864654541,-3.046297550201416,0.0
1469,ACH-000859,-2.9486279487609863,-4.496577739715576,1.3906288146972656,0.15732106566429138,True,-3.2511487007141113,0.953125,-3.2174163328285115,0.03447370231151581,-5.0,-3.1651394367218018,-3.6873621940612793,-3.0910890102386475,0.0
1470,ACH-000876,1.394011378288269,-0.1735803335905075,1.4159553050994873,0.15163642168045044,True,-3.1904947757720947,1.0,-3.21472417712287,0.10036855936050415,-5.0,-3.1904947757720947,-3.6045331954956055,-3.081920862197876,0.0
1471,ACH-000902,1.203283667564392,-0.3378159999847412,1.391640543937683,0.1494591236114502,True,-3.186687469482422,1.0,-3.211920506358825,0.10342501848936081,-5.0,-3.186687469482422,-4.161725044250488,-3.04325270652771,0.0
1472,ACH-000910,0.4713399410247803,-1.0248167514801025,1.3454937934875488,0.1506628692150116,True,-3.212390184402466,0.984375,-3.211967474163189,0.07157818973064423,-5.0,-3.1840152740478516,-4.382285118103027,-3.056258201599121,0.0
1473,ACH-000927,0.9953981041908264,-0.542389452457428,1.3874199390411377,0.1503676474094391,True,-3.2347190380096436,0.984375,-3.214242630547835,0.09470131993293762,-5.0,-3.2066986560821533,-4.074594974517822,-3.0732269287109375,0.0
1474,ACH-000930,0.5055726766586304,-1.0143660306930542,1.3665335178375244,0.15340521931648254,True,-3.219280242919922,0.984375,-3.214746391785044,0.08924329280853271,-5.0,-3.1910150051116943,-4.171346664428711,-3.063331127166748,0.0
1475,ACH-000934,0.16644084453582764,-1.3580812215805054,1.3698937892913818,0.15462826192378998,True,-3.221208095550537,0.984375,-3.2153925621615933,0.10431620478630066,-5.0,-3.1929731369018555,-4.607481956481934,-3.064746618270874,0.0
1476,ACH-001390,0.8106129765510559,-0.634767472743988,1.310730218887329,0.13465020060539246,True,-3.2080078125,0.984375,-3.214654087195434,0.08056026697158813,-5.0,-3.1795637607574463,-4.095839500427246,-3.0866732597351074,0.0
1477,ACH-001819,1.0176657438278198,-0.5404491424560547,1.4042307138442993,0.1538841277360916,True,-3.1758344173431396,1.0,-3.2107721202102044,0.07441457360982895,-5.0,-3.1758344173431396,-4.411569595336914,-3.0324697494506836,0.0
1478,ACH-001820,0.07935714721679688,-1.4992860555648804,1.431475281715393,0.1471678763628006,True,-3.3338427543640137,0.953125,-3.223079183625585,0.08196213841438293,-5.0,-3.2519009113311768,-4.372200012207031,-3.089878797531128,0.0
1479,ACH-000017,0.8065465688705444,-0.7385286092758179,1.3978108167648315,0.14726442098617554,True,-3.2180256843566895,0.984375,-3.2225738336986955,0.054288335144519806,-5.0,-3.1897406578063965,-3.842876434326172,-3.0577774047851562,0.0
1480,ACH-000019,-2.498147487640381,-4.1372904777526855,1.491442084312439,0.14770081639289856,True,-3.4284753799438477,0.890625,-3.2431639883232104,0.0847732275724411,-5.0,-3.2354812622070312,-5.036343097686768,-3.0661206245422363,0.017543859779834747
1481,ACH-000044,-0.17105412483215332,-1.6099246740341187,1.2916284799575806,0.14724205434322357,True,-2.9794669151306152,0.953125,-3.216794281003951,0.08586370944976807,-5.0,-2.880096197128296,-3.398171901702881,-2.840099334716797,0.0
1482,ACH-000097,-0.3059194087982178,-1.790959358215332,1.3458518981933594,0.1391880363225937,True,-3.271437168121338,0.953125,-3.2222585697156894,0.06423822045326233,-5.0,-3.1864256858825684,-4.522555351257324,-3.0879204273223877,0.0
1483,ACH-000111,0.7522956132888794,-0.7504507303237915,1.3514686822891235,0.1512776017189026,True,-3.19332218170166,0.984375,-3.2193649309142867,0.09186263382434845,-5.0,-3.164644956588745,-3.7409815788269043,-3.052527904510498,0.0
1484,ACH-000117,-0.8250372409820557,-2.39896297454834,1.4226311445236206,0.15129458904266357,True,-3.283353567123413,0.96875,-3.225763794535199,0.049483347684144974,-5.0,-3.227977991104126,-4.4265456199646,-3.0866007804870605,0.0
1485,ACH-000147,1.2876734733581543,-0.39528125524520874,1.5351959466934204,0.14775890111923218,True,-3.209165096282959,1.0,-3.224103924709975,0.08837442845106125,-5.0,-3.209165096282959,-4.179011821746826,-3.077127456665039,0.0
1486,ACH-000148,1.1683787107467651,-0.4389011561870575,1.4663382768630981,0.14094166457653046,True,-3.1998062133789062,1.0,-3.2216741535768683,0.07757805287837982,-5.0,-3.1998062133789062,-4.329959869384766,-3.0887205600738525,0.0
1487,ACH-000196,-1.2381863594055176,-2.7580149173736572,1.3699382543563843,0.14989027380943298,True,-3.1890625953674316,0.96875,-3.218412997755925,0.035149794071912766,-5.0,-3.130645275115967,-4.15536642074585,-3.058457851409912,0.0
1488,ACH-000212,0.684324324131012,-0.8499206900596619,1.3823121786117554,0.15193279087543488,True,-3.2976741790771484,0.953125,-3.226339115888047,0.0916500836610794,-5.0,-3.2139530181884766,-4.687004089355469,-3.091063976287842,0.0
1489,ACH-000223,1.2995562553405762,-0.22547979652881622,1.3784754276275635,0.14656062424182892,True,-3.203728675842285,1.0,-3.2240780718834707,0.07739149034023285,-5.0,-3.203728675842285,-3.640042781829834,-3.0884602069854736,0.0
1490,ACH-000248,0.7363705039024353,-0.7433841824531555,1.3278120756149292,0.15194258093833923,True,-3.230346202850342,0.984375,-3.224704884980158,0.10727079212665558,-5.0,-3.202256679534912,-4.362785339355469,-3.0454328060150146,0.0
1491,ACH-000258,-2.9205024242401123,-4.453939914703369,1.382910132408142,0.15052729845046997,True,-3.4371681213378906,0.9375,-3.245951208615931,0.07945580780506134,-5.0,-3.332979440689087,-4.493520259857178,-3.1694111824035645,0.0
1492,ACH-000276,-0.06291449069976807,-1.5692309141159058,1.362459421157837,0.14385703206062317,True,-3.291895866394043,0.984375,-3.250545674393742,0.09219451248645782,-5.0,-3.2647833824157715,-4.514617919921875,-3.0746803283691406,0.0
1493,ACH-000277,-3.507664918899536,-5.04192590713501,1.3856076002120972,0.1486533284187317,True,-3.2820911407470703,0.9375,-3.2537002210290744,0.03865555673837662,-5.0,-3.1675641536712646,-3.8333611488342285,-3.0552375316619873,0.0
1494,ACH-000288,-0.4088938236236572,-2.0421276092529297,1.4900928735733032,0.14314085245132446,True,-3.3203163146972656,0.96875,-3.2603618303958934,0.07897686958312988,-5.0,-3.2661328315734863,-4.845547676086426,-3.088369369506836,0.0
1495,ACH-000330,-1.761465311050415,-3.3169338703155518,1.4057667255401611,0.14970183372497559,True,-3.2737512588500977,0.96875,-3.2617007732413135,0.03423358500003815,-5.0,-3.2180657386779785,-4.191965103149414,-3.0717861652374268,0.0
1496,ACH-000349,1.1885581016540527,-0.3166923522949219,1.3615187406539917,0.1437317132949829,True,-3.2271957397460938,0.984375,-3.2582502698917915,0.09046455472707748,-5.0,-3.1990559101104736,-4.070003509521484,-3.086015224456787,0.0
1497,ACH-000352,0.8280908465385437,-0.7240166068077087,1.404287338256836,0.1478201448917389,True,-3.1344151496887207,0.984375,-3.2458667578714846,0.09647952020168304,-5.0,-3.1048028469085693,-4.073276996612549,-2.981955051422119,0.0
1498,ACH-000374,0.09059584140777588,-1.3527089357376099,1.296052098274231,0.1472526490688324,True,-3.240246057510376,0.984375,-3.2453046878353735,0.05763940140604973,-5.0,-3.212313652038574,-4.155343055725098,-3.0827136039733887,0.0
1499,ACH-000536,0.0192258358001709,-1.4421991109848022,1.319419264793396,0.14200565218925476,True,-3.1908950805664062,0.984375,-3.239863727108477,0.046589139848947525,-5.0,-3.1621792316436768,-3.916234016418457,-3.090961456298828,0.0
1500,ACH-000554,1.0978130102157593,-0.3936265707015991,1.3518531322479248,0.13958640396595,True,-3.2258052825927734,1.0,-3.238457882656907,0.08505932241678238,-5.0,-3.2258052825927734,-4.338943958282471,-3.091114044189453,0.0
1501,ACH-000568,-0.5805082321166992,-2.112182855606079,1.388315200805664,0.1433594822883606,True,-3.157994270324707,0.953125,-3.2304115214236875,0.0420214869081974,-5.0,-3.067403554916382,-3.756525754928589,-2.9864139556884766,0.0
1502,ACH-000573,-1.9173651933670044,-3.4846644401550293,1.4185426235198975,0.14875659346580505,True,-3.209158420562744,0.96875,-3.228286211337593,0.04768342152237892,-5.0,-3.1513893604278564,-3.8593461513519287,-3.042104482650757,0.0
1503,ACH-000621,-2.1734538078308105,-3.748704195022583,1.4268438816070557,0.14840638637542725,True,-3.338477373123169,0.96875,-3.2393053275161505,0.07448574900627136,-5.0,-3.284879446029663,-4.887673377990723,-3.08790922164917,0.0
1504,ACH-000624,-0.9479892253875732,-2.481611728668213,1.389614224433899,0.14400824904441833,True,-3.234877109527588,0.9375,-3.238862505717294,0.06803703308105469,-5.0,-3.1172025203704834,-3.8374457359313965,-3.0383682250976562,0.0
1505,ACH-000643,-0.15764117240905762,-1.6438013315200806,1.3434228897094727,0.1427372395992279,True,-3.264436721801758,0.953125,-3.2414199273257402,0.04545149207115173,-5.0,-3.1790809631347656,-3.970241069793701,-3.0898070335388184,0.0
1506,ACH-000668,-0.021879911422729492,-1.5527960062026978,1.3848812580108643,0.14603480696678162,True,-3.2745718955993652,0.984375,-3.244735124153103,0.04134831205010414,-5.0,-3.2471842765808105,-4.76585054397583,-3.067981243133545,0.0
1507,ACH-000691,0.27040302753448486,-1.1908620595932007,1.3209078311920166,0.14035728573799133,True,-3.1916213035583496,0.96875,-3.2394237420936274,0.05846339464187622,-5.0,-3.133286476135254,-4.060126781463623,-3.0459327697753906,0.0
1508,ACH-000699,0.26600170135498047,-1.244920015335083,1.3653804063796997,0.14554132521152496,True,-3.2988240718841553,0.96875,-3.24536377507268,0.08611434698104858,-5.0,-3.2439475059509277,-4.526902198791504,-3.0897867679595947,0.0
1509,ACH-000711,1.226651668548584,-0.2689718008041382,1.3458409309387207,0.14978250861167908,True,-3.1918134689331055,1.0,-3.2400087444587227,0.0726190060377121,-5.0,-3.1918134689331055,-3.8923001289367676,-3.077418804168701,0.0
1510,ACH-000725,0.8948665261268616,-0.5668949484825134,1.3136632442474365,0.14809823036193848,True,-3.232510566711426,0.984375,-3.239258926683993,0.10315696150064468,-5.0,-3.2044553756713867,-4.23472261428833,-3.0914406776428223,0.0
1511,ACH-000755,-1.0906288623809814,-2.6410775184631348,1.4096119403839111,0.14083676040172577,True,-3.3038015365600586,0.921875,-3.2457131876715994,0.0590716190636158,-5.0,-3.1600558757781982,-4.393152236938477,-3.085902690887451,0.0
1512,ACH-000759,-0.6729512214660645,-2.200711250305176,1.3864414691925049,0.14131855964660645,True,-3.293376922607422,0.953125,-3.2504795611651818,0.05062892287969589,-5.0,-3.209444522857666,-4.9249725341796875,-3.0651822090148926,0.0
1513,ACH-000768,0.38974499702453613,-1.2293508052825928,1.4822601079940796,0.13683569431304932,True,-3.3235013484954834,0.953125,-3.257781739898212,0.10642817616462708,-5.0,-3.2410504817962646,-4.391078948974609,-3.081125259399414,0.0
1514,ACH-000783,0.7564411759376526,-0.7294525504112244,1.3405839204788208,0.14530977606773376,True,-3.2287425994873047,1.0,-3.254877825857121,0.07616391777992249,-5.0,-3.2287425994873047,-4.728072643280029,-3.0828285217285156,0.0
1515,ACH-000818,1.4175676107406616,-0.01721826009452343,1.290139079093933,0.14464670419692993,True,-2.7467565536499023,0.96875,-3.204065698636399,0.15673856437206268,-5.0,-2.6740713119506836,-3.054234266281128,-2.609245538711548,0.0
1516,ACH-000828,1.6448951959609985,0.08674479275941849,1.4112796783447266,0.14687073230743408,True,-2.8556954860687256,0.984375,-3.1692286773796314,0.08795151859521866,-5.0,-2.8216590881347656,-3.9072203636169434,-2.7423272132873535,0.0
1517,ACH-000849,0.1166238784790039,-1.4538512229919434,1.4287006855010986,0.1417744755744934,True,-3.229843854904175,0.984375,-3.1752901951320855,0.05755793675780296,-5.0,-3.2017459869384766,-4.3707170486450195,-3.03851318359375,0.0
1518,ACH-000856,-1.4377093315124512,-2.932084321975708,1.3504283428192139,0.14394663274288177,True,-3.306499481201172,0.953125,-3.1884111237389945,0.05995745211839676,-5.0,-3.223212480545044,-4.653661727905273,-3.0504865646362305,0.0
1519,ACH-000857,0.4747486114501953,-1.038175106048584,1.369370460510254,0.14355330169200897,True,-3.2018792629241943,1.0,-3.1897579376575145,0.0800037533044815,-5.0,-3.2018792629241943,-4.583139419555664,-3.046297550201416,0.0
1520,ACH-000859,-0.03552746772766113,-1.5577359199523926,1.381005048751831,0.1412034034729004,True,-3.239238739013672,0.984375,-3.19470601779313,0.07733690738677979,-5.0,-3.2112903594970703,-4.773702621459961,-3.0910890102386475,0.0
1521,ACH-000876,-0.9346656799316406,-2.4222850799560547,1.3437443971633911,0.14387500286102295,True,-3.3089070320129395,0.9375,-3.206126119215111,0.06888475269079208,-5.0,-3.1961677074432373,-4.123074531555176,-3.081920862197876,0.0
1522,ACH-000902,-0.4849191904067993,-1.994974970817566,1.3684684038162231,0.14158740639686584,True,-3.2476887702941895,0.96875,-3.210282384323019,0.04744109511375427,-5.0,-3.191162586212158,-4.269927501678467,-3.04325270652771,0.0
1523,ACH-000910,0.20656490325927734,-1.2754336595535278,1.3475852012634277,0.13441334664821625,True,-3.2095413208007812,0.96875,-3.210208277970795,0.0879119485616684,-5.0,-3.1517844200134277,-4.576883316040039,-3.056258201599121,0.0
1524,ACH-000927,1.282265543937683,-0.2628478705883026,1.4015201330184937,0.14359334111213684,True,-3.1596107482910156,1.0,-3.2051485250028167,0.0997178703546524,-5.0,-3.1596107482910156,-3.948392391204834,-3.0732271671295166,0.0
1525,ACH-000930,0.1355804204940796,-1.39935302734375,1.3898509740829468,0.1450824737548828,True,-3.316347122192383,0.96875,-3.216268384721773,0.09054742008447647,-5.0,-3.262035608291626,-4.236181259155273,-3.063331127166748,0.0
1526,ACH-000934,-0.5702420473098755,-2.057278633117676,1.3446555137634277,0.14238104224205017,True,-3.31656551361084,0.953125,-3.22629809761068,0.058410223573446274,-5.0,-3.2337734699249268,-4.910057544708252,-3.064746618270874,0.0
1527,ACH-001390,0.5318200588226318,-0.8919664621353149,1.2982256412506104,0.12556084990501404,True,-3.2170944213867188,0.96875,-3.2253777299882835,0.07268669456243515,-5.0,-3.159581184387207,-3.6098597049713135,-3.0866732597351074,0.0
1528,ACH-001819,1.019396185874939,-0.520132303237915,1.3935611248016357,0.14596739411354065,True,-3.1090524196624756,0.984375,-3.213745198955703,0.08078143000602722,-5.0,-3.079037666320801,-3.4756522178649902,-3.0324697494506836,0.0
1529,ACH-001820,1.04721999168396,-0.4738690257072449,1.3813867568969727,0.13970232009887695,True,-3.216099262237549,1.0,-3.2139806052838873,0.08227941393852234,-5.0,-3.216099262237549,-3.954180955886841,-3.089878797531128,0.0
1530,ACH-000017,-0.5251177549362183,-1.9282459020614624,1.2629960775375366,0.14013203978538513,True,-3.218029022216797,0.984375,-3.214385446977178,0.038857754319906235,-5.0,-3.189743995666504,-4.383533477783203,-3.0577774047851562,0.0
1531,ACH-000019,0.8702552914619446,-0.6497613787651062,1.3844873905181885,0.13552933931350708,True,-3.2248101234436035,1.0,-3.2154279146238207,0.0789157897233963,-5.0,-3.2248101234436035,-4.2588653564453125,-3.0661206245422363,0.0
1532,ACH-000044,0.6657503247261047,-0.7700278162956238,1.2963768243789673,0.13940131664276123,True,-2.963731288909912,0.96875,-3.19025825205243,0.09761476516723633,-5.0,-2.898045063018799,-3.5111606121063232,-2.840099334716797,0.0
1533,ACH-000097,-0.8789067268371582,-2.416767120361328,1.4082973003387451,0.12956315279006958,True,-3.2866158485412598,0.953125,-3.199894011701313,0.05639572814106941,-5.0,-3.2023508548736572,-4.3793864250183105,-3.0879204273223877,0.0
1534,ACH-000111,0.09433174133300781,-1.4287928342819214,1.3800504207611084,0.1430741846561432,True,-3.207284688949585,0.96875,-3.2006330794261397,0.059025317430496216,-5.0,-3.1494548320770264,-4.205868244171143,-3.052527904510498,0.0
1535,ACH-000117,-0.4034397602081299,-1.9021899700164795,1.3558008670806885,0.14294931292533875,True,-3.3109703063964844,0.96875,-3.2116668021231742,0.10073548555374146,-5.0,-3.2564854621887207,-4.801795482635498,-3.0866007804870605,0.0
1536,ACH-000147,-0.03736412525177002,-1.677805781364441,1.5008134841918945,0.13962812721729279,True,-3.3488149642944336,0.96875,-3.2253816183403,0.0803573951125145,-5.0,-3.29555082321167,-4.768977165222168,-3.077127456665039,0.0
1537,ACH-000148,0.6379425525665283,-0.9877805709838867,1.4788721799850464,0.14685100317001343,True,-3.233408212661743,0.96875,-3.226184277772444,0.06987656652927399,-5.0,-3.1764214038848877,-3.8392446041107178,-3.0887203216552734,0.0
1538,ACH-000196,-0.5827538967132568,-2.073270320892334,1.3428653478622437,0.1476510465145111,True,-3.244022846221924,0.96875,-3.2279681346173925,0.03356476500630379,-5.0,-3.1873786449432373,-3.791060209274292,-3.058457851409912,0.0
1539,ACH-000212,0.1987823247909546,-1.3588507175445557,1.413166880607605,0.14446619153022766,True,-3.230464220046997,0.96875,-3.228217743160353,0.05906790494918823,-5.0,-3.17338228225708,-4.189020156860352,-3.091063976287842,0.0
1540,ACH-000223,1.3074486255645752,-0.2144172489643097,1.3802886009216309,0.14157718420028687,True,-3.19498872756958,1.0,-3.224894841601276,0.0662762001156807,-5.0,-3.19498872756958,-4.431618690490723,-3.0884602069854736,0.0
1541,ACH-000248,1.2775905132293701,-0.3050820529460907,1.4313803911209106,0.15129217505455017,True,-3.1532106399536133,1.0,-3.21772642143651,0.09076817333698273,-5.0,-3.1532106399536133,-4.170526504516602,-3.0454328060150146,0.0
1542,ACH-000258,0.985505998134613,-0.5238757729530334,1.3634737730026245,0.14590801298618317,True,-3.276411294937134,0.984375,-3.2235949087865725,0.1160617470741272,-5.0,-3.2490532398223877,-4.153785228729248,-3.1694111824035645,0.0
1543,ACH-000276,0.7488548755645752,-0.8271948099136353,1.4296190738677979,0.1464305967092514,True,-3.2480990886688232,0.984375,-3.2260453267747975,0.07810191810131073,-5.0,-3.2202916145324707,-4.343887805938721,-3.0746803283691406,0.0
1544,ACH-000277,0.8876417875289917,-0.5807725191116333,1.3240729570388794,0.1443413496017456,True,-3.1767687797546387,1.0,-3.221117672072782,0.09198863804340363,-5.0,-3.1767687797546387,-4.708966255187988,-3.055237293243408,0.0
1545,ACH-000288,0.39070427417755127,-1.1696316003799438,1.4233969449996948,0.1369388997554779,True,-3.272976875305176,0.96875,-3.2263035923960213,0.09330771118402481,-5.0,-3.217266321182251,-3.8934755325317383,-3.088369369506836,0.0
1546,ACH-000330,1.381083607673645,-0.07909027487039566,1.3177262544631958,0.1424475610256195,True,-3.138960599899292,1.0,-3.217569293146348,0.10938302427530289,-5.0,-3.138960599899292,-4.0175957679748535,-3.0717861652374268,0.0
1547,ACH-000349,-0.4706641435623169,-1.9922174215316772,1.375694990158081,0.1458582729101181,True,-3.321000099182129,0.96875,-3.2279123737499265,0.10413960367441177,-5.0,-3.266838788986206,-4.727781772613525,-3.086015224456787,0.0
1548,ACH-000352,1.0786042213439941,-0.4320254921913147,1.3690191507339478,0.14161047339439392,True,-3.081925392150879,0.984375,-3.2133136755900216,0.08411496132612228,-5.0,-3.0514793395996094,-3.9856104850769043,-2.981955051422119,0.0
1549,ACH-000374,-0.21893763542175293,-1.7373427152633667,1.373391032218933,0.14501407742500305,True,-3.2438673973083496,0.96875,-3.2163690477618543,0.03875567391514778,-5.0,-3.187217950820923,-4.3891801834106445,-3.0827136039733887,0.0
1550,ACH-000536,-0.5058870315551758,-2.0571975708007812,1.4081820249557495,0.14312855899333954,True,-3.2199172973632812,0.96875,-3.216723872721997,0.06668950617313385,-5.0,-3.1624953746795654,-4.135553359985352,-3.090961456298828,0.0
1551,ACH-000554,-0.6552743911743164,-2.1558330059051514,1.3573447465896606,0.14321383833885193,True,-3.2688655853271484,0.953125,-3.221938043982512,0.06173234432935715,-5.0,-3.183727741241455,-4.061946868896484,-3.091114044189453,0.0
1552,ACH-000568,0.009886503219604492,-1.5168789625167847,1.3814232349395752,0.14534218609333038,True,-3.124197006225586,0.984375,-3.2121639402068194,0.05107584968209267,-5.0,-3.0944225788116455,-3.629518985748291,-2.9864139556884766,0.0
1553,ACH-000573,1.1304240226745605,-0.3856515884399414,1.3745144605636597,0.1415611207485199,True,-3.1498193740844727,0.984375,-3.2059294835945846,0.08086683601140976,-5.0,-3.1204516887664795,-3.7258923053741455,-3.0273799896240234,0.0
1554,ACH-000621,-1.0467945337295532,-2.506133556365967,1.3224490880966187,0.13688988983631134,True,-3.2866952419281006,0.96875,-3.2140060594279363,0.06140505522489548,-5.0,-3.231426954269409,-4.5064921379089355,-3.087908983230591,0.0
1555,ACH-000624,0.9255220890045166,-0.5757002830505371,1.360372543334961,0.14084982872009277,True,-3.2138760089874268,0.984375,-3.2139930543838853,0.11353926360607147,-5.0,-3.1855249404907227,-4.29829216003418,-3.0383682250976562,0.0
1556,ACH-000643,0.984917163848877,-0.5647182464599609,1.4044464826583862,0.14518889784812927,True,-3.199160099029541,0.984375,-3.212509758848451,0.07053077220916748,-5.0,-3.1705756187438965,-3.829110622406006,-3.0898070335388184,0.0
1557,ACH-000668,0.2118692398071289,-1.3089640140533447,1.3776440620422363,0.1431891918182373,True,-3.2749063968658447,0.953125,-3.2187494226501903,0.0689631924033165,-5.0,-3.190065622329712,-4.197113037109375,-3.067981243133545,0.0
1558,ACH-000691,0.3344388008117676,-1.1979665756225586,1.387228012084961,0.14517733454704285,True,-3.220714569091797,0.984375,-3.2189459372943507,0.05453713238239288,-5.0,-3.192472219467163,-4.873515605926514,-3.0459327697753906,0.0
1559,ACH-000699,0.811682403087616,-0.6296786665916443,1.3029515743255615,0.13840946555137634,True,-3.2103500366210938,1.0,-3.2180863472270254,0.06568555533885956,-5.0,-3.2103500366210938,-4.573081970214844,-3.0897867679595947,0.0
1560,ACH-000711,0.688711941242218,-0.7908198237419128,1.3397200107574463,0.13981175422668457,True,-3.2203097343444824,1.0,-3.218308685938771,0.06760285049676895,-5.0,-3.2203097343444824,-5.301170349121094,-3.077418804168701,0.015625
1561,ACH-000725,0.48961424827575684,-1.0295839309692383,1.381774663925171,0.1374235451221466,True,-3.275728702545166,0.984375,-3.2240506875994104,0.08513306826353073,-5.0,-3.248359441757202,-4.407570838928223,-3.0914406776428223,0.0
1562,ACH-000755,-1.4582223892211914,-2.9286437034606934,1.3283265829086304,0.14209479093551636,True,-3.2445974349975586,0.953125,-3.226105362339225,0.045078735798597336,-5.0,-3.158266067504883,-3.9409003257751465,-3.085902690887451,0.0
1563,ACH-000759,1.0420989990234375,-0.486103892326355,1.3888193368911743,0.13938356935977936,True,-3.1743969917297363,0.984375,-3.220934525278276,0.09592199325561523,-5.0,-3.1454193592071533,-3.904618740081787,-3.0651822090148926,0.0
1564,ACH-000768,0.9430432915687561,-0.6318705677986145,1.4351558685302734,0.13975796103477478,True,-3.2214784622192383,1.0,-3.2209889189723726,0.08831886947154999,-5.0,-3.2214784622192383,-4.241718769073486,-3.081125259399414,0.0
1565,ACH-000783,0.014189004898071289,-1.519054889678955,1.39120352268219,0.14204037189483643,True,-3.2572007179260254,0.9375,-3.2246100988677378,0.07095249742269516,-5.0,-3.141014575958252,-3.629596471786499,-3.0828285217285156,0.0
1566,ACH-000818,-2.275038719177246,-3.718719959259033,1.3039560317993164,0.13972508907318115,True,-2.885849952697754,0.921875,-3.1907340842507392,0.05227242782711983,-5.0,-2.7066845893859863,-3.849043846130371,-2.5975732803344727,0.0
1567,ACH-000828,-0.2833031415939331,-1.838745355606079,1.4209702014923096,0.1344720423221588,True,-2.923039436340332,0.953125,-3.1639646194596986,0.06562836468219757,-5.0,-2.8208937644958496,-3.658430576324463,-2.7423272132873535,0.0
1568,ACH-000849,-1.5238405466079712,-2.9567372798919678,1.3067748546600342,0.12612184882164001,True,-3.2635087966918945,0.953125,-3.1739190371829182,0.05490124598145485,-5.0,-3.178107500076294,-4.301982402801514,-3.03851318359375,0.0
1569,ACH-000856,-0.16361713409423828,-1.701305627822876,1.4001013040542603,0.13758717477321625,True,-3.2171902656555176,0.953125,-3.178246160030178,0.06500501930713654,-5.0,-3.1295108795166016,-3.927706718444824,-3.0504865646362305,0.0
1570,ACH-000857,0.060755372047424316,-1.4517000913619995,1.373211145401001,0.13924427330493927,True,-3.2561371326446533,0.984375,-3.1860352572916257,0.08821755647659302,-5.0,-3.228456974029541,-4.386169910430908,-3.046297550201416,0.0
1571,ACH-000859,0.803818941116333,-0.6567628383636475,1.318041205406189,0.14254063367843628,True,-3.2455554008483887,0.984375,-3.191987271647302,0.11181806027889252,-5.0,-3.2177071571350098,-3.973430633544922,-3.0910890102386475,0.0
1572,ACH-000876,0.5045980215072632,-0.9660463333129883,1.3282508850097656,0.14239344000816345,True,-3.276423454284668,1.0,-3.2004308899110385,0.093531534075737,-5.0,-3.276423454284668,-4.7396931648254395,-3.081920862197876,0.0
1573,ACH-000902,-0.424221396446228,-1.9184993505477905,1.3596694469451904,0.13460847735404968,True,-3.1996426582336426,0.984375,-3.200352066743299,0.039774708449840546,-5.0,-3.1710658073425293,-3.959076404571533,-3.04325270652771,0.0
1574,ACH-000910,-0.09623515605926514,-1.6037006378173828,1.371519684791565,0.13594578206539154,True,-3.232081413269043,0.984375,-3.203525001395873,0.05277283117175102,-5.0,-3.20401930809021,-4.382285118103027,-3.056258201599121,0.0
1575,ACH-000927,0.24582433700561523,-1.2894748449325562,1.397580862045288,0.1377183198928833,True,-3.2378764152526855,0.984375,-3.206960142781554,0.04928886145353317,-5.0,-3.2099063396453857,-3.852776527404785,-3.0732269287109375,0.0
1576,ACH-000930,-1.6058591604232788,-3.1114747524261475,1.372498869895935,0.1331167221069336,True,-3.2914962768554688,0.953125,-3.2154137561889455,0.05749213695526123,-5.0,-3.2074713706970215,-4.077140808105469,-3.063331127166748,0.0
1577,ACH-000934,0.7198968529701233,-0.7272743582725525,1.3037934303283691,0.14337778091430664,True,-3.2241358757019043,1.0,-3.2162859681402414,0.07433755695819855,-5.0,-3.2241358757019043,-4.971205711364746,-3.064746618270874,0.0
1578,ACH-001390,0.834889829158783,-0.5621635317802429,1.2762891054153442,0.12076426297426224,True,-3.194366455078125,0.984375,-3.21409401683403,0.055402446538209915,-5.0,-3.165705442428589,-3.8447623252868652,-3.0866732597351074,0.0
1579,ACH-001819,-0.11657154560089111,-1.5968633890151978,1.34440279006958,0.13588905334472656,True,-3.2040135860443115,0.984375,-3.213085973755058,0.07588768750429153,-5.0,-3.175506114959717,-4.546313762664795,-3.0324697494506836,0.0
1580,ACH-001820,-1.9970146417617798,-3.4962127208709717,1.3670762777328491,0.13212177157402039,True,-3.355602741241455,0.9375,-3.2273376505036975,0.07264958322048187,-5.0,-3.245976448059082,-4.372200012207031,-3.089878797531128,0.0
1581,ACH-000017,-0.21016526222229004,-1.6321812868118286,1.2871876955032349,0.13482831418514252,True,-3.247215747833252,0.96875,-3.229325460236653,0.06183038651943207,-5.0,-3.190674304962158,-4.067530632019043,-3.0577774047851562,0.0
1582,ACH-000019,-1.796921730041504,-3.2993621826171875,1.3681763410568237,0.1342640519142151,True,-3.3199515342712402,0.9375,-3.238388067640112,0.046700313687324524,-5.0,-3.2079484462738037,-4.464308738708496,-3.0661206245422363,0.0
1583,ACH-000044,-1.4312341213226318,-2.858689785003662,1.2933474779129028,0.13410812616348267,True,-3.025700330734253,0.953125,-3.217119293949526,0.048928841948509216,-5.0,-2.928603410720825,-3.7016711235046387,-2.840099334716797,0.0
1584,ACH-000097,0.27414441108703613,-1.183886170387268,1.3354699611663818,0.12256066501140594,True,-3.2267439365386963,1.0,-3.218081758208443,0.03573526069521904,-5.0,-3.2267439365386963,-4.722362995147705,-3.0879201889038086,0.0
1585,ACH-000111,0.2601734399795532,-1.2134333848953247,1.3361451625823975,0.13746166229248047,True,-3.1813955307006836,0.96875,-3.214413135457667,0.09500382840633392,-5.0,-3.1227307319641113,-3.7257466316223145,-3.052527904510498,0.0
1586,ACH-000117,-1.4943492412567139,-3.0244226455688477,1.3944860696792603,0.13558733463287354,True,-3.231410503387451,0.984375,-3.216112872250645,0.03431040048599243,-5.0,-3.2033376693725586,-4.555397033691406,-3.0866007804870605,0.0
1587,ACH-000147,0.21677696704864502,-1.3264670372009277,1.4056987762451172,0.13754521310329437,True,-3.2710134983062744,0.96875,-3.221602934856208,0.08803445100784302,-5.0,-3.2152397632598877,-4.453588485717773,-3.077127456665039,0.0
1588,ACH-000148,0.6258754730224609,-1.0171372890472412,1.5107624530792236,0.1322503238916397,True,-3.255601167678833,0.96875,-3.22500275813847,0.08726099133491516,-5.0,-3.1993303298950195,-4.099575042724609,-3.0887203216552734,0.0
1589,ACH-000196,-0.7148752212524414,-2.1525943279266357,1.301307201385498,0.1364118754863739,True,-3.2900948524475098,0.953125,-3.2315119675693738,0.0828719362616539,-5.0,-3.206001043319702,-4.435439586639404,-3.058457851409912,0.0
1590,ACH-000212,-9.894622802734375,-11.481945991516113,1.4484645128250122,0.13885855674743652,True,-3.336839199066162,0.953125,-3.2420446907190525,0.05608263239264488,-5.0,-3.2550442218780518,-4.946287631988525,-3.091063976287842,0.0
1591,ACH-000223,-0.8780382871627808,-2.446194648742676,1.4266343116760254,0.14152202010154724,True,-3.373666286468506,0.9375,-3.2552068502939977,0.06039790064096451,-5.0,-3.265244483947754,-4.630046844482422,-3.0884602069854736,0.0
1592,ACH-000248,-1.3823001384735107,-2.857745409011841,1.3366961479187012,0.13874918222427368,True,-3.2008090019226074,0.96875,-3.2497670654568585,0.04232144355773926,-5.0,-3.142770528793335,-4.362785339355469,-3.0454328060150146,0.0
1593,ACH-000258,-3.2113165855407715,-4.743648052215576,1.3942198753356934,0.13811175525188446,True,-3.38944149017334,0.953125,-3.2637345079285063,0.045805443078279495,-5.0,-3.3102335929870605,-7.260603904724121,-3.1694111824035645,0.016393441706895828
1594,ACH-000276,-1.3839151859283447,-2.9036242961883545,1.3825513124465942,0.13715776801109314,True,-3.2857532501220703,0.96875,-3.2659363821478626,0.05808816850185394,-5.0,-3.230455160140991,-5.139437198638916,-3.0746803283691406,0.016129031777381897
1595,ACH-000277,0.4662461280822754,-0.9972009658813477,1.3281124830245972,0.13533461093902588,True,-3.1935231685638428,0.953125,-3.2586950607894605,0.06888175010681152,-5.0,-3.104679584503174,-3.5146467685699463,-3.0552375316619873,0.0
1596,ACH-000288,0.03926372528076172,-1.6279335021972656,1.5309942960739136,0.13620296120643616,True,-3.2542383670806885,0.96875,-3.2582493914185835,0.06707629561424255,-5.0,-3.197923421859741,-3.8067755699157715,-3.088369369506836,0.0
1597,ACH-000330,0.3151512145996094,-1.2146087884902954,1.3928406238555908,0.13691933453083038,True,-3.291294574737549,0.96875,-3.26155390975048,0.05136631056666374,-5.0,-3.236175060272217,-4.37435245513916,-3.0717861652374268,0.0
1598,ACH-000349,0.20480859279632568,-1.2963919639587402,1.3624385595321655,0.13876202702522278,True,-3.273043632507324,0.953125,-3.2627028820261645,0.06891046464443207,-5.0,-3.1881110668182373,-3.8896007537841797,-3.086015224456787,0.0
1599,ACH-000352,-1.3090869188308716,-2.8247830867767334,1.3691140413284302,0.14658215641975403,True,-3.152949810028076,0.953125,-3.2517275748263557,0.03405829891562462,-5.0,-3.0621113777160645,-3.736924886703491,-2.981955051422119,0.0
1600,ACH-000374,1.3122576475143433,-0.20692263543605804,1.3794426918029785,0.1397375762462616,True,-3.186366081237793,1.0,-3.2451914254674996,0.0865136981010437,-5.0,-3.186366081237793,-4.155343532562256,-3.0827138423919678,0.0
1601,ACH-000536,0.8833405375480652,-0.6222632527351379,1.371668815612793,0.13393495976924896,True,-3.2379941940307617,0.96875,-3.2444717023238256,0.0951637327671051,-5.0,-3.181155204772949,-3.937303066253662,-3.090961456298828,0.0
1602,ACH-000554,0.7133846879005432,-0.8182243704795837,1.3872759342193604,0.14433318376541138,True,-3.23109769821167,0.96875,-3.24313430191261,0.10586383193731308,-5.0,-3.1740362644195557,-3.968809127807617,-3.091114044189453,0.0
1603,ACH-000568,0.44817399978637695,-1.065224528312683,1.3748186826705933,0.13857980072498322,True,-3.1329779624938965,0.96875,-3.2321186679707385,0.05988956242799759,-5.0,-3.072751045227051,-3.8803353309631348,-2.9864139556884766,0.0
1604,ACH-000573,0.3619685173034668,-1.1159582138061523,1.3375909328460693,0.14033576846122742,True,-3.2089059352874756,0.984375,-3.229797394702412,0.07112959027290344,-5.0,-3.180475950241089,-4.262799263000488,-3.042104482650757,0.0
1605,ACH-000621,-0.2104325294494629,-1.7355401515960693,1.388419270515442,0.13668841123580933,True,-3.3080387115478516,0.953125,-3.237621526386956,0.07759499549865723,-5.0,-3.224827289581299,-4.538649559020996,-3.087908983230591,0.0
1606,ACH-000624,0.9631665349006653,-0.48655956983566284,1.3073434829711914,0.1423826664686203,True,-3.206486701965332,1.0,-3.234508043944794,0.06997822225093842,-5.0,-3.206486701965332,-4.39701509475708,-3.0383684635162354,0.0
1607,ACH-000643,0.9242239594459534,-0.6480762362480164,1.4328081607818604,0.13949206471443176,True,-3.2139463424682617,0.984375,-3.2324518737971406,0.07169143855571747,-5.0,-3.185596466064453,-3.8369362354278564,-3.0898070335388184,0.0
1608,ACH-000668,-1.187030553817749,-2.670170307159424,1.3475934267044067,0.13554635643959045,True,-3.249173164367676,0.96875,-3.234124002854194,0.048732221126556396,-5.0,-3.192694902420044,-4.521125793457031,-3.067981243133545,0.0
1609,ACH-000691,-2.239530563354492,-3.72989559173584,1.3526097536087036,0.1377551555633545,True,-3.276552200317383,0.96875,-3.238366822600513,0.042487792670726776,-5.0,-3.220957040786743,-5.2143354415893555,-3.0459327697753906,0.016129031777381897
1610,ACH-000699,-0.6302967071533203,-2.102694511413574,1.3341015577316284,0.13829629123210907,True,-3.292353630065918,0.984375,-3.2437655033470536,0.04006408900022507,-5.0,-3.2652482986450195,-4.378844738006592,-3.0897867679595947,0.0
1611,ACH-000711,-0.36443066596984863,-1.8320815563201904,1.3214911222457886,0.146159827709198,True,-3.219785690307617,0.984375,-3.24136752204311,0.048764873296022415,-5.0,-3.191528797149658,-4.2706379890441895,-3.077418804168701,0.0
1612,ACH-000725,-2.1568636894226074,-3.6563119888305664,1.3619190454483032,0.13752911984920502,True,-3.4058611392974854,0.921875,-3.2578168837685473,0.0778486579656601,-5.0,-3.2707645893096924,-4.741850852966309,-3.0914406776428223,0.0
1613,ACH-000755,0.4968686103820801,-0.9795858860015869,1.3426108360290527,0.13384361565113068,True,-3.244861602783203,0.96875,-3.2565213556700128,0.07277237623929977,-5.0,-3.188244104385376,-3.918140172958374,-3.085902690887451,0.0
1614,ACH-000759,-1.3154594898223877,-2.8171801567077637,1.3660821914672852,0.13563844561576843,True,-3.259775400161743,0.953125,-3.256846760119186,0.052547480911016464,-5.0,-3.1741905212402344,-4.042943000793457,-3.0651822090148926,0.0
1615,ACH-000768,0.43315911293029785,-1.1475136280059814,1.4489107131958008,0.13176201283931732,True,-3.244325637817383,0.96875,-3.255594647889006,0.07074347138404846,-5.0,-3.1876909732818604,-4.706765174865723,-3.081125259399414,0.0
1616,ACH-000783,-0.7402826547622681,-2.2797999382019043,1.4015812873840332,0.13793598115444183,True,-3.257270097732544,0.953125,-3.2557621928733598,0.05287018418312073,-5.0,-3.1715617179870605,-3.5610485076904297,-3.0828285217285156,0.0
1617,ACH-000818,-0.4870765209197998,-1.9224505424499512,1.2951602935791016,0.14021369814872742,True,-2.777557849884033,0.953125,-3.207941758574427,0.07354648411273956,-5.0,-2.668257236480713,-3.1607789993286133,-2.609245538711548,0.0
1618,ACH-000828,-4.258268356323242,-5.804294109344482,1.409645438194275,0.13638032972812653,True,-3.0214338302612305,0.90625,-3.1892909657431074,0.05087468773126602,-5.0,-2.8167545795440674,-3.7833635807037354,-2.7423272132873535,0.0
1619,ACH-000849,0.7080557942390442,-0.7642099261283875,1.343247652053833,0.12901811301708221,True,-3.1732332706451416,0.96875,-3.187685196233311,0.09042934328317642,-5.0,-3.114305019378662,-3.8327255249023438,-3.03851318359375,0.0
1620,ACH-000856,0.6526564359664917,-0.8470244407653809,1.3602306842803955,0.13945022225379944,True,-3.1807169914245605,1.0,-3.186988375752436,0.08571361005306244,-5.0,-3.1807169914245605,-5.127955436706543,-3.0504865646362305,0.015625
1621,ACH-000857,0.4349493980407715,-1.079017162322998,1.3772132396697998,0.1367533653974533,True,-3.1677727699279785,0.96875,-3.18506681516999,0.057010602205991745,-5.0,-3.108668565750122,-3.548618793487549,-3.046297550201416,0.0
1622,ACH-000859,1.0552847385406494,-0.4234924614429474,1.3403464555740356,0.13843077421188354,True,-3.204369068145752,1.0,-3.186997040467566,0.07937582582235336,-5.0,-3.204369068145752,-4.361442565917969,-3.0910890102386475,0.0
1623,ACH-000876,1.2001383304595947,-0.3329930603504181,1.3952404260635376,0.1378909945487976,True,-3.201061725616455,0.984375,-3.188403508982455,0.07443015277385712,-5.0,-3.1725072860717773,-3.8826487064361572,-3.081920862197876,0.0
1624,ACH-000902,-2.0266165733337402,-3.4688315391540527,1.3054062128067017,0.13680869340896606,True,-3.220830202102661,0.953125,-3.1916461782944756,0.040612950921058655,-5.0,-3.1333301067352295,-4.067434787750244,-3.04325270652771,0.0
1625,ACH-000910,-0.6901395320892334,-2.179102897644043,1.3571616411209106,0.1318017840385437,True,-3.1957662105560303,0.96875,-3.1920581815206313,0.03512611985206604,-5.0,-3.1375653743743896,-4.088964939117432,-3.056258201599121,0.0
1626,ACH-000927,-1.2999435663223267,-2.8025946617126465,1.3675042390823364,0.13514681160449982,True,-3.2934136390686035,0.9375,-3.202193727275428,0.03796584531664848,-5.0,-3.1796414852142334,-4.698511123657227,-3.0732269287109375,0.0
1627,ACH-000930,0.41253232955932617,-1.0692424774169922,1.3475648164749146,0.134210005402565,True,-3.2254791259765625,1.0,-3.2045222671455416,0.07151873409748077,-5.0,-3.2254791259765625,-4.568535804748535,-3.063331127166748,0.0
1628,ACH-000934,0.7133834958076477,-0.7997114062309265,1.3770866394042969,0.13600820302963257,True,-3.2159228324890137,0.96875,-3.2056623236798885,0.05570494756102562,-5.0,-3.158371925354004,-3.562676429748535,-3.064746618270874,0.0
1629,ACH-001390,0.9865924119949341,-0.39324453473091125,1.2647569179534912,0.11507996916770935,True,-3.1797478199005127,1.0,-3.203070873301951,0.06208387762308121,-5.0,-3.1797478199005127,-4.01085901260376,-3.0866734981536865,0.0
1630,ACH-001819,-0.3545341491699219,-1.903801679611206,1.4129787683486938,0.13628870248794556,True,-3.1295018196105957,1.0,-3.1957139679328153,0.03579418361186981,-5.0,-3.1295018196105957,-4.9527740478515625,-3.0324697494506836,0.0
1631,ACH-001820,0.4895740747451782,-1.013411045074463,1.3685452938079834,0.1344398707151413,True,-3.2104320526123047,0.984375,-3.1971857764007643,0.08620287477970123,-5.0,-3.1820263862609863,-4.998840808868408,-3.089878797531128,0.0
1632,ACH-000017,0.43887925148010254,-1.0268734693527222,1.3314464092254639,0.13430629670619965,True,-3.219101905822754,0.984375,-3.1993773893429633,0.07315994799137115,-5.0,-3.190833806991577,-4.955685615539551,-3.0577774047851562,0.0
1633,ACH-000019,-2.755549430847168,-4.313129901885986,1.4253979921340942,0.13218264281749725,True,-3.3188648223876953,0.921875,-3.2113261326474363,0.06588849425315857,-5.0,-3.1763956546783447,-4.083659648895264,-3.0661206245422363,0.0
1634,ACH-000044,-2.1143875122070312,-3.530461072921753,1.2849675416946411,0.1311059594154358,True,-2.9988155364990234,0.953125,-3.1900750730325953,0.03384830057621002,-5.0,-2.9003965854644775,-3.623708486557007,-2.840099334716797,0.0
1635,ACH-000097,0.2851330041885376,-1.1935104131698608,1.353834629058838,0.12480884045362473,True,-3.19879150390625,0.96875,-3.190946716119961,0.059554822742938995,-5.0,-3.140687942504883,-3.563546895980835,-3.0879204273223877,0.0
1636,ACH-000111,-1.1581990718841553,-2.602555274963379,1.3054533004760742,0.13890285789966583,True,-3.241966962814331,0.96875,-3.196048740789398,0.05111153796315193,-5.0,-3.185255765914917,-5.027850151062012,-3.052527904510498,0.016129031777381897
1637,ACH-000117,1.0308046340942383,-0.47254183888435364,1.3647143840789795,0.13863202929496765,True,-3.2255373001098633,1.0,-3.1989975967214446,0.06905162334442139,-5.0,-3.2255373001098633,-4.787934303283691,-3.0866010189056396,0.0
1638,ACH-000147,-1.5248361825942993,-3.137345552444458,1.4756525754928589,0.13685676455497742,True,-3.247426986694336,0.96875,-3.203840535718734,0.03496318310499191,-5.0,-3.190892219543457,-3.9217305183410645,-3.077127456665039,0.0
1639,ACH-000148,0.8712867498397827,-0.7196129560470581,1.4601560831069946,0.13074365258216858,True,-3.249396562576294,0.984375,-3.2083961384044897,0.08525563776493073,-5.0,-3.221609354019165,-4.146803855895996,-3.0887203216552734,0.0
1640,ACH-000196,0.7363773584365845,-0.7647267580032349,1.362027645111084,0.13907642662525177,True,-3.160512924194336,0.984375,-3.203607816983474,0.06859341263771057,-5.0,-3.131314992904663,-3.7625794410705566,-3.058457851409912,0.0
1641,ACH-000212,-0.2447509765625,-1.780409336090088,1.3962068557739258,0.1394515037536621,True,-3.281712532043457,0.96875,-3.2114182884894724,0.0806015133857727,-5.0,-3.226283550262451,-4.2739434242248535,-3.091063976287842,0.0
1642,ACH-000223,0.8179449439048767,-0.6202860474586487,1.3084250688552856,0.12980595231056213,True,-3.1819682121276855,1.0,-3.2084732808532936,0.05490092933177948,-5.0,-3.1819682121276855,-4.57527494430542,-3.0884602069854736,0.0
1643,ACH-000248,0.9447489976882935,-0.5876902341842651,1.3947542905807495,0.13768498599529266,True,-3.207988739013672,1.0,-3.2084248266693316,0.07129664719104767,-5.0,-3.207988739013672,-4.007920742034912,-3.0454328060150146,0.0
1644,ACH-000258,0.3339012861251831,-1.1792267560958862,1.374500036239624,0.1386280059814453,True,-3.295380115509033,0.984375,-3.217120355553302,0.05293162912130356,-5.0,-3.2683229446411133,-4.151362895965576,-3.1694111824035645,0.0
1645,ACH-000276,1.2523398399353027,-0.19171449542045593,1.3036636114120483,0.1403907835483551,True,-3.1800150871276855,1.0,-3.2134098287107404,0.1007462739944458,-5.0,-3.1800150871276855,-3.848417043685913,-3.0746803283691406,0.0
1646,ACH-000277,0.2008988857269287,-1.2871711254119873,1.3546574115753174,0.13341262936592102,True,-3.165029525756836,0.984375,-3.20857179841535,0.07623405754566193,-5.0,-3.1359031200408936,-4.377514839172363,-3.0552375316619873,0.0
1647,ACH-000288,-0.5513161420822144,-2.1241371631622314,1.4337350130081177,0.1390860378742218,True,-3.247891426086426,0.96875,-3.212503761182458,0.04587950184941292,-5.0,-3.1913716793060303,-4.845547676086426,-3.088369369506836,0.0
1648,ACH-000330,-0.0023691654205322266,-1.548375129699707,1.4151711463928223,0.13083483278751373,True,-3.3050503730773926,0.96875,-3.221758422371951,0.06705015897750854,-5.0,-3.2503745555877686,-4.393102645874023,-3.0717861652374268,0.0
1649,ACH-000349,0.858451783657074,-0.6795201897621155,1.4015504121780396,0.13642162084579468,True,-3.2101826667785645,0.96875,-3.220600846812612,0.05861926078796387,-5.0,-3.1524465084075928,-3.55767560005188,-3.086015224456787,0.0
1650,ACH-000352,1.5543385744094849,0.0670015960931778,1.3547531366348267,0.1325838565826416,True,-3.0378479957580566,1.0,-3.2023255617071564,0.07016362249851227,-5.0,-3.0378479957580566,-3.3555238246917725,-2.98195481300354,0.0
1651,ACH-000374,-0.44813406467437744,-1.9818285703659058,1.3980530500411987,0.13564151525497437,True,-3.1948962211608887,0.984375,-3.2015826276525297,0.03931950405240059,-5.0,-3.1662440299987793,-4.088809967041016,-3.0827136039733887,0.0
1652,ACH-000536,-0.2151508331298828,-1.6368011236190796,1.2906224727630615,0.13102781772613525,True,-3.2846498489379883,0.96875,-3.2098893497810757,0.058909110724925995,-5.0,-3.229315757751465,-4.002651691436768,-3.090961456298828,0.0
1653,ACH-000554,-1.0376265048980713,-2.5246715545654297,1.3564040660858154,0.13064102828502655,True,-3.2418830394744873,0.96875,-3.2130887187504165,0.050949349999427795,-5.0,-3.1851694583892822,-4.5042924880981445,-3.091114044189453,0.0
1654,ACH-000568,0.6632391810417175,-0.7866726517677307,1.3198193311691284,0.1300925612449646,True,-3.0770275592803955,1.0,-3.1994826028034145,0.04789154976606369,-5.0,-3.0770275592803955,-5.069067478179932,-2.9864137172698975,0.015625
1655,ACH-000573,1.3426012992858887,-0.09066333621740341,1.3062660694122314,0.12699851393699646,True,-3.106285810470581,1.0,-3.190162923570131,0.06957864761352539,-5.0,-3.106285810470581,-3.687656879425049,-3.042104721069336,0.0
1656,ACH-000621,-0.5051788091659546,-2.0471303462982178,1.4101372957229614,0.13181419670581818,True,-3.215031623840332,0.984375,-3.192649793597151,0.03600367531180382,-5.0,-3.1866989135742188,-3.7448697090148926,-3.087908983230591,0.0
1657,ACH-000624,0.43884336948394775,-1.056807279586792,1.3681105375289917,0.12754011154174805,True,-3.1675984859466553,0.984375,-3.1901446628321013,0.060982394963502884,-5.0,-3.1385128498077393,-3.881070613861084,-3.0383682250976562,0.0
1658,ACH-000643,0.5518703460693359,-1.0077009201049805,1.43168306350708,0.12788823246955872,True,-3.2394566535949707,0.96875,-3.1950758619083883,0.05280116945505142,-5.0,-3.1826648712158203,-4.091440677642822,-3.0821316242218018,0.0
1659,ACH-000668,0.5967861413955688,-0.9241505861282349,1.3886767625808716,0.1322600245475769,True,-3.220332145690918,0.984375,-3.197601490286641,0.062106262892484665,-5.0,-3.1920838356018066,-5.341238021850586,-3.067981243133545,0.01587301678955555
1660,ACH-000691,0.037590622901916504,-1.4189258813858032,1.3314837217330933,0.12503279745578766,True,-3.2365713119506836,0.984375,-3.2014984724530455,0.06225786730647087,-5.0,-3.208580493927002,-4.957261562347412,-3.0459327697753906,0.0
1661,ACH-000699,1.0268502235412598,-0.4948115944862366,1.3926479816436768,0.12901371717453003,True,-3.212143898010254,1.0,-3.2025630150087663,0.06729833036661148,-5.0,-3.212143898010254,-4.099592208862305,-3.0897867679595947,0.0
1662,ACH-000711,0.4715355634689331,-0.9631481170654297,1.301259994506836,0.13342365622520447,True,-3.1842236518859863,0.984375,-3.2007290786964884,0.06899092346429825,-5.0,-3.1554019451141357,-4.117771148681641,-3.077418804168701,0.0
1663,ACH-000725,-0.13789033889770508,-1.6573950052261353,1.389919638633728,0.12958505749702454,True,-3.2615549564361572,0.984375,-3.206811666470455,0.0599338635802269,-5.0,-3.2339608669281006,-4.758800029754639,-3.0914406776428223,0.0
1664,ACH-000755,-0.17783641815185547,-1.6750208139419556,1.3634893894195557,0.13369502127170563,True,-3.28666353225708,0.96875,-3.2147968530491173,0.07178144156932831,-5.0,-3.2313945293426514,-4.695886611938477,-3.085902690887451,0.0
1665,ACH-000759,0.712998628616333,-0.8074204921722412,1.392336368560791,0.12808281183242798,True,-3.185107469558716,0.96875,-3.2118279147000774,0.08126769214868546,-5.0,-3.1265623569488525,-3.4422271251678467,-3.0651822090148926,0.0
1666,ACH-000768,0.2715606689453125,-1.2283555269241333,1.3776720762252808,0.12224408984184265,True,-3.2239043712615967,0.96875,-3.2130355603562295,0.060864828526973724,-5.0,-3.1666109561920166,-4.258973598480225,-3.081125259399414,0.0
1667,ACH-000783,0.8967658281326294,-0.5813618898391724,1.350454330444336,0.12767335772514343,True,-3.2328686714172363,0.984375,-3.2150188714623305,0.09320078790187836,-5.0,-3.2048192024230957,-4.154467582702637,-3.0828285217285156,0.0
1668,ACH-000818,-0.6893349885940552,-2.0729026794433594,1.2556464672088623,0.1279212385416031,True,-2.782827377319336,0.953125,-3.171799722048031,0.06743614375591278,-5.0,-2.673785924911499,-3.1607789993286133,-2.609245538711548,0.0
1669,ACH-000828,-0.2415534257888794,-1.7774930000305176,1.4073106050491333,0.1286289393901825,True,-2.9658069610595703,0.9375,-3.151200445949185,0.055876389145851135,-5.0,-2.8301939964294434,-3.699043035507202,-2.7423272132873535,0.0
1670,ACH-000849,-3.672464370727539,-5.15192174911499,1.3539340496063232,0.12552344799041748,True,-3.2472891807556152,0.9375,-3.160809319429828,0.03221823275089264,-5.0,-3.130441904067993,-4.1193389892578125,-3.03851318359375,0.0
1671,ACH-000856,-0.29228949546813965,-1.8125920295715332,1.3887161016464233,0.13158643245697021,True,-3.2690963745117188,0.96875,-3.171638024938017,0.07872530817985535,-5.0,-3.2132606506347656,-4.961150646209717,-3.0504865646362305,0.0
1672,ACH-000857,0.5457798838615417,-0.8816140294075012,1.2988473176956177,0.1285466104745865,True,-3.211421489715576,0.984375,-3.1756163714157735,0.07301923632621765,-5.0,-3.1830315589904785,-4.365315914154053,-3.046297550201416,0.0
1673,ACH-000859,0.6273747682571411,-0.8162868022918701,1.3122175931930542,0.13144396245479584,True,-3.2453911304473877,0.984375,-3.182593847318935,0.07647009938955307,-5.0,-3.2175400257110596,-4.68732213973999,-3.0910890102386475,0.0
1674,ACH-000876,-0.10640788078308105,-1.5765933990478516,1.3420751094818115,0.12811046838760376,True,-3.2927193641662598,0.953125,-3.1936063990036674,0.0776456743478775,-5.0,-3.208754777908325,-4.654486179351807,-3.081920862197876,0.0
1675,ACH-000902,0.9455594420433044,-0.572040855884552,1.38447904586792,0.13312119245529175,True,-3.1809146404266357,0.984375,-3.192337223145964,0.07162012904882431,-5.0,-3.152040719985962,-3.9680094718933105,-3.04325270652771,0.0
1676,ACH-000910,0.9196788668632507,-0.5894984602928162,1.3820605278015137,0.12711681425571442,True,-3.1672136783599854,0.984375,-3.1898248686673663,0.08450546860694885,-5.0,-3.1381218433380127,-3.8459794521331787,-3.056258201599121,0.0
1677,ACH-000927,0.9298566579818726,-0.5231657028198242,1.3266597986221313,0.12636259198188782,True,-3.1910572052001953,0.984375,-3.1899481023206495,0.07730451226234436,-5.0,-3.162343978881836,-4.2744646072387695,-3.0732269287109375,0.0
1678,ACH-000930,0.3257652521133423,-1.1528555154800415,1.3491449356079102,0.12947580218315125,True,-3.184680223464966,1.0,-3.189421314435081,0.053287945687770844,-5.0,-3.184680223464966,-4.69752836227417,-3.063331127166748,0.0
1679,ACH-000934,0.5915157198905945,-0.844809353351593,1.307328701019287,0.12899631261825562,True,-3.139744281768799,0.984375,-3.1844536111684527,0.05529370903968811,-5.0,-3.1102166175842285,-3.748105525970459,-3.064746618270874,0.0
1680,ACH-001390,0.8716133832931519,-0.48952746391296387,1.253318428993225,0.10782240331172943,True,-3.1808934211730957,1.0,-3.184097592168917,0.06588473916053772,-5.0,-3.1808934211730957,-4.572820663452148,-3.0866734981536865,0.0
1681,ACH-001819,-0.7454965114593506,-2.2060532569885254,1.3305779695510864,0.12997877597808838,True,-3.2131693363189697,0.953125,-3.1870047665839225,0.062337398529052734,-5.0,-3.1252923011779785,-4.169575214385986,-3.0324697494506836,0.0
1682,ACH-001820,-0.9713213443756104,-2.486292600631714,1.386547327041626,0.12842389941215515,True,-3.27359676361084,0.953125,-3.1956639662866144,0.07272124290466309,-5.0,-3.1886918544769287,-4.18796443939209,-3.089878797531128,0.0
1683,ACH-000017,0.8251514434814453,-0.581271767616272,1.2801189422607422,0.1263042390346527,True,-3.1730778217315674,0.984375,-3.1934053518311094,0.07112108170986176,-5.0,-3.1440792083740234,-4.206141471862793,-3.0577774047851562,0.0
1684,ACH-000019,0.08061110973358154,-1.3920495510101318,1.3503506183624268,0.12230999022722244,True,-3.2907614707946777,0.953125,-3.2031409637274666,0.08149740844964981,-5.0,-3.206700325012207,-4.924431800842285,-3.0661206245422363,0.0
1685,ACH-000044,0.9801660776138306,-0.40921106934547424,1.263668179512024,0.12570889294147491,True,-2.958953619003296,0.96875,-3.1787222292550497,0.10439202934503555,-5.0,-2.893113613128662,-3.789468765258789,-2.840099334716797,0.0
1686,ACH-000097,0.3429677486419678,-1.1361174583435059,1.3641681671142578,0.11491701006889343,True,-3.2575292587280273,0.984375,-3.186602932202347,0.07074250280857086,-5.0,-3.2298712730407715,-4.272953033447266,-3.0879204273223877,0.0
1687,ACH-000111,0.13302862644195557,-1.3885847330093384,1.3921312093734741,0.1294822096824646,True,-3.1702327728271484,0.984375,-3.184965916264827,0.04533838480710983,-5.0,-3.1411893367767334,-4.3284149169921875,-3.052527904510498,0.0
1688,ACH-000117,-0.4439125061035156,-1.9398584365844727,1.3692607879638672,0.12668511271476746,True,-3.2790584564208984,0.9375,-3.194375170280434,0.07804258167743683,-5.0,-3.1643292903900146,-4.525825500488281,-3.0866007804870605,0.0
1689,ACH-000147,-0.7669461965560913,-2.3347980976104736,1.4419032335281372,0.12594866752624512,True,-3.2193164825439453,0.96875,-3.1968693015067853,0.053918130695819855,-5.0,-3.161874771118164,-4.080207824707031,-3.077127456665039,0.0
1690,ACH-000148,-0.3937174081802368,-1.9345648288726807,1.4132601022720337,0.12758731842041016,True,-3.237154960632324,0.96875,-3.200897867419339,0.05058431625366211,-5.0,-3.1802890300750732,-4.9352874755859375,-3.0887203216552734,0.0
1691,ACH-000196,0.42399370670318604,-1.1124845743179321,1.4058036804199219,0.1306745857000351,True,-3.2225089073181152,0.953125,-3.2030589714092166,0.06322136521339417,-5.0,-3.1350910663604736,-4.24064826965332,-2.9092628955841064,0.0
1692,ACH-000212,-0.206817626953125,-1.685895562171936,1.3491770029067993,0.12990093231201172,True,-3.260294198989868,0.984375,-3.208782494167282,0.044898875057697296,-5.0,-3.232680082321167,-4.535058975219727,-3.091063976287842,0.0
1693,ACH-000223,-1.001006841659546,-2.459655523300171,1.3317831754684448,0.12686553597450256,True,-3.322617769241333,0.953125,-3.2201660216746872,0.06336849927902222,-5.0,-3.2401230335235596,-4.695733547210693,-3.0884602069854736,0.0
1694,ACH-000248,1.1494576930999756,-0.3472941517829895,1.3705872297286987,0.12616464495658875,True,-3.1445083618164062,1.0,-3.212600255688859,0.06238655745983124,-5.0,-3.1445083618164062,-3.9361448287963867,-3.0454328060150146,0.0
1695,ACH-000258,-1.4302637577056885,-2.879662036895752,1.3183579444885254,0.13104036450386047,True,-3.3630125522613525,0.9375,-3.2276414853461084,0.057231537997722626,-5.0,-3.253880262374878,-4.03884744644165,-3.1694111824035645,0.0
1696,ACH-000276,-0.39180421829223633,-1.8608263731002808,1.341018795967102,0.1280033439397812,True,-3.228602409362793,0.96875,-3.227737577747777,0.05248923599720001,-5.0,-3.1714603900909424,-3.8650693893432617,-3.0746803283691406,0.0
1697,ACH-000277,0.7705110907554626,-0.6876636147499084,1.3310209512710571,0.12715372443199158,True,-3.1741538047790527,0.984375,-3.2223792004509044,0.08772628009319305,-5.0,-3.145172119140625,-4.168529510498047,-3.0552375316619873,0.0
1698,ACH-000288,-1.999999761581421,-3.6174001693725586,1.4853028059005737,0.13209758698940277,True,-3.270012378692627,0.953125,-3.227142518275077,0.03151456266641617,-5.0,-3.1849308013916016,-4.11045503616333,-3.088369369506836,0.0
1699,ACH-000330,0.060048818588256836,-1.4129284620285034,1.3432639837265015,0.1297132968902588,True,-3.25639009475708,0.96875,-3.230067275923277,0.05497845262289047,-5.0,-3.2001442909240723,-4.687503337860107,-3.0717861652374268,0.0
1700,ACH-000349,1.398935317993164,-0.0676679015159607,1.3375266790390015,0.1290764957666397,True,-3.149061679840088,1.0,-3.221966716314958,0.1013161838054657,-5.0,-3.149061679840088,-3.8427231311798096,-3.086015224456787,0.0
1701,ACH-000352,1.1660888195037842,-0.2917230427265167,1.3292372226715088,0.12857456505298615,True,-3.0660791397094727,1.0,-3.20637795865441,0.08204320073127747,-5.0,-3.0660791397094727,-4.3076491355896,-2.98195481300354,0.0
1702,ACH-000374,-0.0408245325088501,-1.5590589046478271,1.3874794244766235,0.13075491786003113,True,-3.3005261421203613,0.984375,-3.2157927770010053,0.06462021917104721,-5.0,-3.273550510406494,-4.7200517654418945,-3.0827136039733887,0.0
1703,ACH-000536,1.1298984289169312,-0.3463740348815918,1.3477404117584229,0.12853208184242249,True,-3.2000651359558105,1.0,-3.2142200128964857,0.09657503664493561,-5.0,-3.2000651359558105,-4.362900733947754,-3.090961456298828,0.0
1704,ACH-000554,-2.497779607772827,-3.990933418273926,1.3651620149612427,0.12799185514450073,True,-3.2193028926849365,0.96875,-3.214728300875331,0.028447935357689857,-5.0,-3.161860942840576,-4.338943958282471,-3.091114044189453,0.0
1705,ACH-000568,0.6171861290931702,-0.7806641459465027,1.2720390558242798,0.12581121921539307,True,-3.050182342529297,0.984375,-3.1982737050407275,0.06784142553806305,-5.0,-3.019232988357544,-3.57521915435791,-2.9864139556884766,0.0
1706,ACH-000573,0.27332937717437744,-1.1546908617019653,1.3030976057052612,0.12492267042398453,True,-3.167097568511963,0.984375,-3.195156091387851,0.055658008903265,-5.0,-3.1380043029785156,-4.423678398132324,-3.042104482650757,0.0
1707,ACH-000621,-1.9611254930496216,-3.3894455432891846,1.3026330471038818,0.12568704783916473,True,-3.3211193084716797,0.921875,-3.207752413096234,0.04770341515541077,-5.0,-3.1788413524627686,-4.306863784790039,-3.087908983230591,0.0
1708,ACH-000624,-2.5745534896850586,-4.014631271362305,1.3141909837722778,0.12588676810264587,True,-3.238081455230713,0.9375,-3.210785317309682,0.0702652633190155,-5.0,-3.1206204891204834,-4.346004486083984,-3.0383682250976562,0.0
1709,ACH-000643,-0.783791184425354,-2.2443368434906006,1.3374125957489014,0.12313305586576462,True,-3.3045105934143066,0.953125,-3.2201578449201445,0.055141448974609375,-5.0,-3.221125602722168,-4.709194183349609,-3.0898070335388184,0.0
1710,ACH-000668,0.5030747056007385,-0.9778895974159241,1.3560864925384521,0.12487780302762985,True,-3.176886558532715,0.984375,-3.2158307162814017,0.051455818116664886,-5.0,-3.1479485034942627,-3.8488619327545166,-3.067981243133545,0.0
1711,ACH-000691,-0.898320198059082,-2.3408336639404297,1.3147410154342651,0.1277724951505661,True,-3.190979480743408,0.96875,-3.2133455927276025,0.0358785018324852,-5.0,-3.1326241493225098,-4.091226577758789,-3.0459327697753906,0.0
1712,ACH-000699,0.5250774621963501,-0.9430676698684692,1.346121907234192,0.12202318012714386,True,-3.213181734085083,0.984375,-3.2133292068633503,0.09886139631271362,-5.0,-3.1848199367523193,-4.4560418128967285,-3.0897867679595947,0.0
1713,ACH-000711,-0.5998703241348267,-2.082073926925659,1.3559890985488892,0.12621447443962097,True,-3.3154354095458984,0.96875,-3.223539827131605,0.07396139204502106,-5.0,-3.261094570159912,-4.980955600738525,-3.077418804168701,0.0
1714,ACH-000725,-2.429811477661133,-3.961355447769165,1.4053183794021606,0.1262255609035492,True,-3.2869935035705566,0.9375,-3.2298851947755005,0.038267895579338074,-5.0,-3.172793388366699,-3.9950344562530518,-3.0914406776428223,0.0
1715,ACH-000755,1.2815200090408325,-0.17478038370609283,1.3324748277664185,0.12382557988166809,True,-3.154698371887207,1.0,-3.2223665124866714,0.06496165692806244,-5.0,-3.154698371887207,-4.291116714477539,-3.0859029293060303,0.0
1716,ACH-000759,1.115802526473999,-0.38067251443862915,1.374100923538208,0.12237410247325897,True,-3.1694343090057373,0.984375,-3.217073292138578,0.06612475216388702,-5.0,-3.140377998352051,-3.861630439758301,-3.0651822090148926,0.0
1717,ACH-000768,-1.0667983293533325,-2.582679271697998,1.3876688480377197,0.1282121241092682,True,-3.293591260910034,0.9375,-3.224725089015723,0.09177084267139435,-5.0,-3.17983078956604,-3.7353196144104004,-3.081125259399414,0.0
1718,ACH-000783,0.017930030822753906,-1.4849616289138794,1.3791152238845825,0.12377642095088959,True,-3.258197546005249,0.953125,-3.2280723347146756,0.042617928236722946,-5.0,-3.172534942626953,-4.134041786193848,-3.0828285217285156,0.0
1719,ACH-000818,0.9580563306808472,-0.48759403824806213,1.3187541961669922,0.12689615786075592,True,-2.8269505500793457,0.9375,-3.1879601562511426,0.08392417430877686,-5.0,-2.6820807456970215,-3.0800440311431885,-2.609245538711548,0.0
1720,ACH-000828,-1.0012677907943726,-2.470198392868042,1.348074197769165,0.12085644155740738,True,-2.868238925933838,0.96875,-3.155988033219412,0.04671509936451912,-5.0,-2.7994723320007324,-3.3537333011627197,-2.7423272132873535,0.0
1721,ACH-000849,-3.714587926864624,-5.162379264831543,1.330076813697815,0.11771456897258759,True,-3.1902260780334473,0.96875,-3.159411837700816,0.04552118480205536,-5.0,-3.1318461894989014,-4.5009284019470215,-3.03851318359375,0.0
1722,ACH-000856,-0.024636507034301758,-1.5027246475219727,1.3558613061904907,0.12222686409950256,True,-3.2332763671875,0.96875,-3.1667982906494845,0.07247762382030487,-5.0,-3.1762852668762207,-4.598440170288086,-3.0504865646362305,0.0
1723,ACH-000857,-0.39738571643829346,-1.9110983610153198,1.3912237882614136,0.1224888414144516,True,-3.2354352474212646,0.96875,-3.1736619863266626,0.050340790301561356,-5.0,-3.178514003753662,-5.290345191955566,-3.046297550201416,0.016129031777381897
1724,ACH-000859,1.3115936517715454,-0.08136062324047089,1.2667146921157837,0.12623953819274902,True,-3.130023956298828,1.0,-3.169298183323879,0.05577443540096283,-5.0,-3.130023956298828,-3.841102123260498,-3.0910890102386475,0.0
1725,ACH-000876,-1.6450941562652588,-3.1194968223571777,1.3503721952438354,0.12403050065040588,True,-3.2493505477905273,0.953125,-3.1773034197705443,0.04386591166257858,-5.0,-3.163252830505371,-3.795139789581299,-3.081920862197876,0.0
1726,ACH-000902,0.6192052364349365,-0.8472325801849365,1.3447322845458984,0.1217055544257164,True,-3.172360420227051,0.984375,-3.176809119816195,0.06561562418937683,-5.0,-3.14335036277771,-4.300066947937012,-3.04325270652771,0.0
1727,ACH-000910,-0.385827898979187,-1.8952401876449585,1.3837820291519165,0.1256302446126938,True,-3.300421714782715,0.953125,-3.189170379312847,0.0831855982542038,-5.0,-3.2168357372283936,-4.6775617599487305,-3.056258201599121,0.0
1728,ACH-000927,1.2961344718933105,-0.0753897875547409,1.252349615097046,0.11917461454868317,True,-3.1397812366485596,1.0,-3.1842314650464183,0.09814628958702087,-5.0,-3.1397812366485596,-3.821176052093506,-3.0732271671295166,0.0
1729,ACH-000930,0.8199364542961121,-0.6429075598716736,1.3378571271896362,0.12498683482408524,True,-3.2092018127441406,1.0,-3.1867284998161907,0.065327949821949,-5.0,-3.2092018127441406,-4.248605251312256,-3.063331127166748,0.0
1730,ACH-000934,0.2933516502380371,-1.1524184942245483,1.3260630369186401,0.11970706284046173,True,-3.227558135986328,0.96875,-3.1908114634332043,0.09366822242736816,-5.0,-3.1703827381134033,-4.371191501617432,-3.064746618270874,0.0
1731,ACH-001390,-0.5932947397232056,-1.9364835023880005,1.2371042966842651,0.10608448088169098,True,-3.2346997261047363,1.0,-3.1952002897003577,0.04187457263469696,-5.0,-3.2346997261047363,-5.402740478515625,-3.0866734981536865,0.015625
1732,ACH-001819,0.08247613906860352,-1.386437177658081,1.3474390506744385,0.12147431075572968,True,-3.165156364440918,0.953125,-3.1921958971744138,0.07938441634178162,-5.0,-3.074918031692505,-3.8603498935699463,-3.0324697494506836,0.0
1733,ACH-001820,0.9479586482048035,-0.532715380191803,1.3575096130371094,0.12316444516181946,True,-3.1918392181396484,1.0,-3.1921602292709372,0.06300833821296692,-5.0,-3.1918392181396484,-4.413418769836426,-3.089878797531128,0.0
1734,ACH-000017,0.9271458983421326,-0.45847266912460327,1.2668397426605225,0.1187787875533104,True,-3.17980694770813,1.0,-3.1909249011146565,0.07244367897510529,-5.0,-3.17980694770813,-4.143159866333008,-3.0577774047851562,0.0
1735,ACH-000019,-0.7854220867156982,-2.335805654525757,1.4290831089019775,0.12130039930343628,True,-3.3022282123565674,0.953125,-3.202055232238848,0.051786720752716064,-5.0,-3.218731164932251,-4.646883964538574,-3.0661206245422363,0.0
1736,ACH-000044,0.38418442010879517,-0.9867461323738098,1.2499576807022095,0.12097284942865372,True,-2.9476256370544434,0.984375,-3.1766122727204076,0.08881407231092453,-5.0,-2.915048599243164,-4.357180118560791,-2.840099334716797,0.0
1737,ACH-000097,0.8650145530700684,-0.5177593231201172,1.269613265991211,0.11316056549549103,True,-3.2245864868164062,0.984375,-3.1814096941300076,0.09496922791004181,-5.0,-3.1964054107666016,-3.9873030185699463,-3.0879204273223877,0.0
1738,ACH-000111,0.992394745349884,-0.4977591633796692,1.3689849376678467,0.12116893380880356,True,-3.1796417236328125,0.984375,-3.1812328970802883,0.08287538588047028,-5.0,-3.150747299194336,-4.415736198425293,-3.052527904510498,0.0
1739,ACH-000117,-0.6197580099105835,-2.10288143157959,1.3615784645080566,0.12154490500688553,True,-3.254258632659912,0.953125,-3.188535470638251,0.06981869041919708,-5.0,-3.1684024333953857,-4.6200971603393555,-3.0866007804870605,0.0
1740,ACH-000147,-2.557380437850952,-4.116242408752441,1.4421645402908325,0.11669740825891495,True,-3.332015037536621,0.9375,-3.202883427328088,0.04697874188423157,-5.0,-3.220816135406494,-4.597894191741943,-3.077127456665039,0.0
1741,ACH-000148,1.249239206314087,-0.2508108913898468,1.381817102432251,0.11823295801877975,True,-3.2032275199890137,1.0,-3.2029178365941804,0.08832120150327682,-5.0,-3.2032275199890137,-4.5146164894104,-3.0887205600738525,0.0
1742,ACH-000196,0.41961240768432617,-0.9982191324234009,1.2979449033737183,0.11988668888807297,True,-3.1710989475250244,0.984375,-3.199735947687265,0.04917214810848236,-5.0,-3.14206862449646,-4.122910022735596,-3.058457851409912,0.0
1743,ACH-000212,-2.1940762996673584,-3.6647887229919434,1.3467098474502563,0.12400253862142563,True,-3.291236400604248,0.96875,-3.2088859929789635,0.066275455057621,-5.0,-3.236114978790283,-4.951751232147217,-3.091063976287842,0.0
1744,ACH-000223,0.9928790330886841,-0.4164283275604248,1.2913516759872437,0.11795566231012344,True,-3.188020706176758,1.0,-3.2067994642987427,0.05738462507724762,-5.0,-3.188020706176758,-4.291100025177002,-3.0884602069854736,0.0
1745,ACH-000248,0.5501413941383362,-0.8796990513801575,1.3103853464126587,0.11945512145757675,True,-3.1870152950286865,0.984375,-3.204821047371737,0.0836457908153534,-5.0,-3.1582376956939697,-4.806870937347412,-3.0454328060150146,0.0
1746,ACH-000258,-1.6795836687088013,-3.1457109451293945,1.3481314182281494,0.11799580603837967,True,-3.3122377395629883,0.953125,-3.215562716590862,0.058306287974119186,-5.0,-3.2292327880859375,-4.011486530303955,-3.020577907562256,0.0
1747,ACH-000276,1.3614320755004883,-0.12102378159761429,1.3669722080230713,0.11548362672328949,True,-3.148575782775879,1.0,-3.208864023209364,0.06848321855068207,-5.0,-3.148575782775879,-3.75007963180542,-3.0746803283691406,0.0
1748,ACH-000277,-1.032323956489563,-2.4625730514526367,1.310418725013733,0.11983037739992142,True,-3.196335792541504,0.953125,-3.207611200142578,0.04892198368906975,-5.0,-3.107630968093872,-3.675564765930176,-3.0552375316619873,0.0
1749,ACH-000288,0.07915592193603516,-1.4709049463272095,1.4284372329711914,0.12162365019321442,True,-3.2176990509033203,0.984375,-3.208619985218652,0.061756979674100876,-5.0,-3.189408779144287,-4.62746524810791,-3.088369369506836,0.0
1750,ACH-000330,0.175079345703125,-1.3023897409439087,1.3582268953323364,0.11924214661121368,True,-3.218491315841675,0.96875,-3.2096071182809545,0.04323834925889969,-5.0,-3.161022901535034,-3.8458540439605713,-3.0717861652374268,0.0
1751,ACH-000349,-0.9455853700637817,-2.3333826065063477,1.2746646404266357,0.1131325513124466,True,-3.2849388122558594,0.953125,-3.2171402876784447,0.05436863750219345,-5.0,-3.2005913257598877,-4.38439416885376,-3.086015224456787,0.0
1752,ACH-000352,0.2838937044143677,-1.1905953884124756,1.3538933992385864,0.12059572339057922,True,-3.139254093170166,0.984375,-3.2093516682276166,0.07371451705694199,-5.0,-3.1097185611724854,-4.682201862335205,-2.981955051422119,0.0
1753,ACH-000374,-0.009213447570800781,-1.5004925727844238,1.370184063911438,0.12109508365392685,True,-3.2682483196258545,0.953125,-3.21524133336744,0.0572001114487648,-5.0,-3.183079719543457,-3.6383557319641113,-3.0827136039733887,0.0
1754,ACH-000536,0.846398115158081,-0.6009721755981445,1.3279227018356323,0.11944764852523804,True,-3.1919126510620117,0.984375,-3.212908465136897,0.09085653722286224,-5.0,-3.163213014602661,-4.294797420501709,-3.090961456298828,0.0
1755,ACH-000554,0.11892831325531006,-1.3531334400177002,1.352537989616394,0.11952380836009979,True,-3.2652106285095215,0.9375,-3.2181386814741595,0.07377804815769196,-5.0,-3.1495578289031982,-3.7962820529937744,-3.091114044189453,0.0
1756,ACH-000568,1.1122523546218872,-0.32713767886161804,1.318495512008667,0.12089453637599945,True,-3.0831756591796875,0.984375,-3.2046423792447123,0.07253454625606537,-5.0,-3.0527501106262207,-3.9273569583892822,-2.9864139556884766,0.0
1757,ACH-000573,0.691448450088501,-0.7871127128601074,1.357201337814331,0.12135978788137436,True,-3.19657039642334,0.984375,-3.2038351809625754,0.0749107301235199,-5.0,-3.1679446697235107,-4.132187843322754,-3.042104482650757,0.0
1758,ACH-000621,0.3838537931442261,-1.0670955181121826,1.3299757242202759,0.12097355723381042,True,-3.1657216548919678,0.984375,-3.2000238283555147,0.051139820367097855,-5.0,-3.136606454849243,-3.8412914276123047,-3.087908983230591,0.0
1759,ACH-000624,-2.1939830780029297,-3.6679623126983643,1.3486807346343994,0.12529852986335754,True,-3.2005980014801025,0.984375,-3.2000812456679735,0.03309951722621918,-5.0,-3.1720361709594727,-4.6024489402771,-3.0383682250976562,0.0
1760,ACH-000643,0.32988858222961426,-1.1763229370117188,1.3869969844818115,0.11921451985836029,True,-3.2645347118377686,0.96875,-3.206526592284953,0.050302162766456604,-5.0,-3.2085518836975098,-4.372196197509766,-3.0898070335388184,0.0
1761,ACH-000668,-0.7944866418838501,-2.2436630725860596,1.3290777206420898,0.12009871006011963,True,-3.1539297103881836,0.984375,-3.201266904095276,0.02797459438443184,-5.0,-3.124626874923706,-3.7475192546844482,-3.067981243133545,0.0
1762,ACH-000691,-0.07228457927703857,-1.4901349544525146,1.2955974340438843,0.12225289642810822,True,-3.2175402641296387,0.984375,-3.202894240098712,0.0736522525548935,-5.0,-3.1892473697662354,-4.856865882873535,-3.0459327697753906,0.0
1763,ACH-000699,1.0468634366989136,-0.38763323426246643,1.3147398233413696,0.11975684762001038,True,-3.204758405685425,1.0,-3.2030806566573835,0.06931386888027191,-5.0,-3.204758405685425,-4.323007106781006,-3.0897867679595947,0.0
1764,ACH-000711,0.19443047046661377,-1.2610746622085571,1.331040859222412,0.12446431815624237,True,-3.188140392303467,1.0,-3.2015866302219917,0.039111848920583725,-5.0,-3.188140392303467,-4.83635139465332,-3.077418804168701,0.0
1765,ACH-000725,0.6530720591545105,-0.7757682204246521,1.3079913854599,0.12084885686635971,True,-3.2302513122558594,0.984375,-3.2044530984253785,0.10723937302827835,-5.0,-3.202160358428955,-4.298099040985107,-3.0914406776428223,0.0
1766,ACH-000755,0.12954771518707275,-1.3281019926071167,1.3380987644195557,0.11955100297927856,True,-3.1951370239257812,0.96875,-3.203521490975419,0.036177054047584534,-5.0,-3.136915445327759,-3.918140172958374,-3.085902690887451,0.0
1767,ACH-000759,1.203678846359253,-0.26209744811058044,1.3453923463821411,0.12038393318653107,True,-3.136659622192383,1.0,-3.1968353040971156,0.09013970196247101,-5.0,-3.136659622192383,-4.273536682128906,-3.0651819705963135,0.0
1768,ACH-000768,0.4901348352432251,-1.0550669431686401,1.4276429414749146,0.11755886673927307,True,-3.228731155395508,0.96875,-3.2000248892269547,0.07549909502267838,-5.0,-3.171593427658081,-4.163649559020996,-3.081125259399414,0.0
1769,ACH-000783,0.21996283531188965,-1.196881651878357,1.295551061630249,0.12129341065883636,True,-3.238499164581299,0.96875,-3.2038723167623893,0.08560964465141296,-5.0,-3.1816766262054443,-3.852044105529785,-3.0828285217285156,0.0
1770,ACH-000818,-1.4663200378417969,-2.8820996284484863,1.2937254905700684,0.12205415964126587,True,-2.8573849201202393,0.921875,-3.1692235770981743,0.08377208560705185,-5.0,-2.675806999206543,-3.2486422061920166,-2.5975732803344727,0.0
1771,ACH-000828,-1.1886858940124512,-2.68255615234375,1.371256947517395,0.1226133331656456,True,-2.8779115676879883,0.96875,-3.1400923761571558,0.05974382907152176,-5.0,-2.8094570636749268,-4.333078861236572,-2.7423272132873535,0.0
1772,ACH-000849,-1.220018744468689,-2.720489978790283,1.387121319770813,0.11334996670484543,True,-3.1915407180786133,0.96875,-3.1452372103493014,0.034070100635290146,-5.0,-3.1332032680511475,-3.7901248931884766,-3.03851318359375,0.0
1773,ACH-000856,-1.6315838098526,-3.0165512561798096,1.2676019668579102,0.11736549437046051,True,-3.244687080383301,0.953125,-3.1551821973527017,0.0528440997004509,-5.0,-3.158360004425049,-4.120146751403809,-3.0504865646362305,0.0
1774,ACH-000857,-0.14058709144592285,-1.5646556615829468,1.3040729761123657,0.11999554932117462,True,-3.2166340351104736,0.96875,-3.161327381128479,0.056498728692531586,-5.0,-3.1591062545776367,-4.074105262756348,-3.046297550201416,0.0
1775,ACH-000859,-0.16813433170318604,-1.5939480066299438,1.3088750839233398,0.11693859100341797,True,-3.1649184226989746,0.984375,-3.1616864852855286,0.029790369793772697,-5.0,-3.1357905864715576,-3.5406453609466553,-3.0910890102386475,0.0
1776,ACH-000876,-3.780879497528076,-5.224682807922363,1.3210270404815674,0.12277616560459137,True,-3.3071677684783936,0.9375,-3.176234613604815,0.04644341394305229,-5.0,-3.194312810897827,-4.8973236083984375,-3.081920862197876,0.0
1777,ACH-000902,0.1320887804031372,-1.3241947889328003,1.3368104696273804,0.11947305500507355,True,-3.2191755771636963,0.96875,-3.180528709960703,0.07279866188764572,-5.0,-3.161729574203491,-4.126373767852783,-3.04325270652771,0.0
1778,ACH-000910,-5.711808681488037,-7.181285858154297,1.3519985675811768,0.11747865378856659,True,-3.2739615440368652,0.9375,-3.1898719933683193,0.04710874706506729,-5.0,-3.1588923931121826,-4.5023674964904785,-3.056258201599121,0.0
1779,ACH-000927,-0.11158514022827148,-1.5169765949249268,1.2887601852416992,0.11663123965263367,True,-3.184662342071533,0.96875,-3.1893510282386406,0.04910406097769737,-5.0,-3.126102924346924,-3.7781929969787598,-3.0732269287109375,0.0
1780,ACH-000930,-1.3949321508407593,-2.826000452041626,1.3127670288085938,0.11830132454633713,True,-3.1635167598724365,0.984375,-3.1867676014020203,0.032233841717243195,-5.0,-3.134366512298584,-4.167355537414551,-3.063331127166748,0.0
1781,ACH-000934,-0.013799667358398438,-1.442041277885437,1.306549072265625,0.12169254571199417,True,-3.2384543418884277,0.953125,-3.191936275450661,0.07731561362743378,-5.0,-3.151820659637451,-4.638478755950928,-3.064746618270874,0.0
1782,ACH-001390,-1.5580353736877441,-2.88232684135437,1.2226197719573975,0.10167165845632553,True,-3.2610747814178467,0.953125,-3.19885012604738,0.042099468410015106,-5.0,-3.175554037094116,-4.508614540100098,-3.0866732597351074,0.0
1783,ACH-001819,0.20681548118591309,-1.263982892036438,1.3507558107376099,0.12004260718822479,True,-3.106865644454956,0.984375,-3.1896516778881376,0.04493829980492592,-5.0,-3.0768160820007324,-3.6421358585357666,-3.0324697494506836,0.0
1784,ACH-001820,-0.5693910121917725,-2.0670206546783447,1.3774981498718262,0.1201314702630043,True,-3.267204999923706,0.96875,-3.1974070100916943,0.055003389716148376,-5.0,-3.211308479309082,-4.588456153869629,-3.089878797531128,0.0
1785,ACH-000017,1.0031830072402954,-0.35107362270355225,1.2350852489471436,0.11917142570018768,True,-3.1836295127868652,1.0,-3.1960292603612115,0.10147005319595337,-5.0,-3.1836295127868652,-4.567014217376709,-3.0577774047851562,0.0
1786,ACH-000019,-2.483614683151245,-3.891270399093628,1.2941750288009644,0.11348068714141846,True,-3.2409205436706543,0.953125,-3.2005183886921555,0.0338229164481163,-5.0,-3.1544082164764404,-3.6446971893310547,-3.0661206245422363,0.0
1787,ACH-000044,-0.5098786354064941,-1.8796294927597046,1.25222909450531,0.11752181500196457,True,-3.0145211219787598,0.9375,-3.1819186620208164,0.09312007576227188,-5.0,-2.8821558952331543,-3.762977123260498,-2.840099334716797,0.0
1788,ACH-000097,0.46276986598968506,-0.9650969505310059,1.3188514709472656,0.10901536047458649,True,-3.276174306869507,0.953125,-3.1913442265056853,0.08832529187202454,-5.0,-3.1913957595825195,-4.574704647064209,-3.0879204273223877,0.0
1789,ACH-000111,-1.2325631380081177,-2.7031657695770264,1.3497833013534546,0.12081937491893768,True,-3.2430288791656494,0.953125,-3.196512691771682,0.050937481224536896,-5.0,-3.156620502471924,-4.555674076080322,-3.052527904510498,0.0
1790,ACH-000117,-0.9250583648681641,-2.3886561393737793,1.3426499366760254,0.12094787508249283,True,-3.277139186859131,0.953125,-3.2045753412804268,0.05186380445957184,-5.0,-3.1924080848693848,-3.806854486465454,-3.0866007804870605,0.0
1791,ACH-000147,0.08509552478790283,-1.3901774883270264,1.3590362071990967,0.11623682826757431,True,-3.2453510761260986,0.984375,-3.2086529147649943,0.07201237976551056,-5.0,-3.2174997329711914,-4.53969144821167,-3.077127456665039,0.0
1792,ACH-000148,-0.7000095844268799,-2.187357187271118,1.369691014289856,0.11765652894973755,True,-3.217468738555908,0.96875,-3.2095344971440856,0.037052713334560394,-5.0,-3.1599676609039307,-4.260575294494629,-3.0887203216552734,0.0
1793,ACH-000196,-0.03556168079376221,-1.5380072593688965,1.3783721923828125,0.12407343089580536,True,-3.258881092071533,0.96875,-3.21446915663683,0.062312494963407516,-5.0,-3.2027158737182617,-4.567025661468506,-3.058457851409912,0.0
1794,ACH-000212,0.05111885070800781,-1.417197346687317,1.3465418815612793,0.1217743530869484,True,-3.164677381515503,0.984375,-3.2094899791246974,0.03740090876817703,-5.0,-3.135545253753662,-3.512477397918701,-3.091063976287842,0.0
1795,ACH-000223,-0.33454346656799316,-1.738538146018982,1.2866548299789429,0.11733987927436829,True,-3.2769832611083984,0.96875,-3.2162393073230677,0.06897307187318802,-5.0,-3.221402168273926,-4.636120319366455,-3.0884602069854736,0.0
1796,ACH-000248,-1.8885269165039062,-3.334181785583496,1.3266817331314087,0.11897309869527817,True,-3.3466577529907227,0.890625,-3.2292811518898334,0.06792168319225311,-5.0,-3.14361572265625,-3.9209389686584473,-3.0454328060150146,0.0
1797,ACH-000258,1.2355128526687622,-0.2246018499135971,1.3336657285690308,0.12644901871681213,True,-3.2545909881591797,1.0,-3.231812135516768,0.09658301621675491,-5.0,-3.2545909881591797,-4.206945419311523,-3.1694111824035645,0.0
1798,ACH-000276,-0.30469512939453125,-1.7862682342529297,1.3568634986877441,0.12470962852239609,True,-3.3169023990631104,0.96875,-3.2403211618714023,0.07062983512878418,-5.0,-3.262608766555786,-4.667830944061279,-3.0746803283691406,0.0
1799,ACH-000277,1.0570120811462402,-0.3370386064052582,1.2699919939041138,0.12405873835086823,True,-3.1457152366638184,0.984375,-3.230860569350644,0.0599241703748703,-5.0,-3.1162824630737305,-3.7479870319366455,-3.0552375316619873,0.0
1800,ACH-000288,1.2152999639511108,-0.2913362681865692,1.3878813982009888,0.1187548115849495,True,-3.1500275135040283,1.0,-3.222777263765982,0.07206232845783234,-5.0,-3.1500275135040283,-4.092182159423828,-3.088369369506836,0.0
1801,ACH-000330,0.5053351521492004,-0.9606491923332214,1.3423995971679688,0.12358471006155014,True,-3.228208065032959,0.984375,-3.22332034389268,0.08038056641817093,-5.0,-3.200084686279297,-4.393102645874023,-3.0717861652374268,0.0
1802,ACH-000349,-1.218397617340088,-2.6572182178497314,1.319009780883789,0.11981081962585449,True,-3.2655413150787354,0.953125,-3.2275424410112854,0.04141726344823837,-5.0,-3.1802401542663574,-4.040055274963379,-3.086015224456787,0.0
1803,ACH-000352,-0.5623526573181152,-1.998761773109436,1.3181546926498413,0.11825445294380188,True,-3.1162495613098145,0.984375,-3.216413153041138,0.04570018872618675,-5.0,-3.0863490104675293,-4.539928913116455,-2.981955051422119,0.0
1804,ACH-000374,0.6442853212356567,-0.8225210905075073,1.3496959209442139,0.11711052060127258,True,-3.1907858848571777,0.984375,-3.2138504262227423,0.06987780332565308,-5.0,-3.1620683670043945,-4.229933738708496,-3.0827136039733887,0.0
1805,ACH-000536,-0.7295464277267456,-2.150468349456787,1.3025989532470703,0.1183229386806488,True,-3.2167463302612305,0.984375,-3.214140016626591,0.029303446412086487,-5.0,-3.1884407997131348,-4.1366801261901855,-3.090961456298828,0.0
1806,ACH-000554,0.4106225371360779,-0.9894097447395325,1.2791600227355957,0.12087222188711166,True,-3.1825881004333496,0.984375,-3.210984825007267,0.046782344579696655,-5.0,-3.153740406036377,-3.819436550140381,-3.091114044189453,0.0
1807,ACH-000568,0.5070733428001404,-0.9599394202232361,1.3469051122665405,0.12010769546031952,True,-3.163137197494507,0.953125,-3.206200062255991,0.08130726218223572,-5.0,-3.0727992057800293,-3.600565195083618,-2.9864139556884766,0.0
1808,ACH-000573,-0.42383110523223877,-1.832438349723816,1.292868971824646,0.11573830991983414,True,-3.2015790939331055,0.953125,-3.2057379654237024,0.058690715581178665,-5.0,-3.1131319999694824,-4.3881354331970215,-3.042104482650757,0.0
1809,ACH-000621,0.07434117794036865,-1.4088525772094727,1.3609776496887207,0.12221605330705643,True,-3.253143310546875,0.984375,-3.2104784999360194,0.05144651234149933,-5.0,-3.2254157066345215,-5.066891670227051,-3.087908983230591,0.01587301678955555
1810,ACH-000624,0.6051037907600403,-0.872845470905304,1.3591352701187134,0.11881396919488907,True,-3.210149049758911,0.984375,-3.2104455549183086,0.07207424193620682,-5.0,-3.18173885345459,-4.089565277099609,-3.0383682250976562,0.0
1811,ACH-000643,-2.778153419494629,-4.181358814239502,1.2824969291687012,0.1207084134221077,True,-3.2085084915161133,0.96875,-3.210251848578089,0.03130902349948883,-5.0,-3.1507186889648438,-4.091440677642822,-3.0898070335388184,0.0
1812,ACH-000668,0.7585280537605286,-0.6411442160606384,1.2808185815811157,0.11885374784469604,True,-3.1863155364990234,1.0,-3.2078582173701826,0.07116800546646118,-5.0,-3.1863155364990234,-4.765850067138672,-3.067981243133545,0.0
1813,ACH-000691,0.9896284937858582,-0.44718533754348755,1.320643663406372,0.11617010831832886,True,-3.1651220321655273,0.984375,-3.203584598849717,0.0609031617641449,-5.0,-3.1359970569610596,-4.031001091003418,-3.0459327697753906,0.0
1814,ACH-000699,-2.6506266593933105,-4.153012275695801,1.3789907693862915,0.12339496612548828,True,-3.2038869857788086,0.96875,-3.2036148375426263,0.029216472059488297,-5.0,-3.1459476947784424,-4.201708793640137,-3.0897867679595947,0.0
1815,ACH-000711,-0.26633286476135254,-1.6684644222259521,1.2787933349609375,0.12333826720714569,True,-3.2397828102111816,0.96875,-3.207231634809482,0.04387899488210678,-5.0,-3.1830012798309326,-3.8982627391815186,-3.077418804168701,0.0
1816,ACH-000725,-0.04951000213623047,-1.4624069929122925,1.2969993352890015,0.11589770019054413,True,-3.2451655864715576,0.96875,-3.2110250299756897,0.04750192165374756,-5.0,-3.1885576248168945,-4.900376796722412,-3.0914406776428223,0.0
1817,ACH-000755,-0.9389150142669678,-2.3595993518829346,1.301911473274231,0.11877280473709106,True,-3.278764009475708,0.9375,-3.2177989279256916,0.06988298892974854,-5.0,-3.1640148162841797,-3.6060945987701416,-3.085902690887451,0.0
1818,ACH-000759,0.28365492820739746,-1.0968447923660278,1.2633367776870728,0.11716292053461075,True,-3.1689252853393555,0.96875,-3.212911563667058,0.05744730681180954,-5.0,-3.109858274459839,-3.7645506858825684,-3.0651822090148926,0.0
1819,ACH-000768,-0.36413347721099854,-1.8429151773452759,1.3597921133041382,0.11898964643478394,True,-3.3031928539276123,0.953125,-3.2219396926931134,0.07757960259914398,-5.0,-3.219743251800537,-4.391078948974609,-3.081125259399414,0.0
1820,ACH-000783,0.8904238343238831,-0.54176265001297,1.3111984729766846,0.12098801136016846,True,-3.1831564903259277,1.0,-3.2180613724563947,0.06256511807441711,-5.0,-3.1831564903259277,-4.617117881774902,-3.0828287601470947,0.0
1821,ACH-000818,-0.1823505163192749,-1.517627477645874,1.2110471725463867,0.1242297887802124,True,-2.767672538757324,0.953125,-3.1730224890864878,0.0829351618885994,-5.0,-2.657885789871216,-3.2280499935150146,-2.5938472747802734,0.0
1822,ACH-000828,-0.2357327938079834,-1.706290364265442,1.3562644720077515,0.11429304629564285,True,-2.908116340637207,0.9375,-3.14653187424156,0.069772869348526,-5.0,-2.768657684326172,-3.229745626449585,-2.7423272132873535,0.0
1823,ACH-000849,-0.09664320945739746,-1.5933794975280762,1.3809455633163452,0.11579066514968872,True,-3.1572608947753906,0.984375,-3.147604776294943,0.03978355973958969,-5.0,-3.1280112266540527,-4.077024459838867,-3.03851318359375,0.0
1824,ACH-000856,1.0655847787857056,-0.3712690770626068,1.3194422721862793,0.1174115538597107,True,-3.145869255065918,0.984375,-3.14743122417204,0.06022195518016815,-5.0,-3.116438865661621,-3.7948412895202637,-3.0504865646362305,0.0
1825,ACH-000857,0.9504300355911255,-0.5124670267105103,1.342829942703247,0.12006707489490509,True,-3.1594152450561523,0.984375,-3.148629626260451,0.05908464640378952,-5.0,-3.130199909210205,-3.6886539459228516,-3.046297550201416,0.0
1826,ACH-000859,-0.04941058158874512,-1.4711222648620605,1.3008009195327759,0.12091071903705597,True,-3.233513832092285,0.984375,-3.157118046843635,0.05470563471317291,-5.0,-3.205474853515625,-4.925117492675781,-3.0910890102386475,0.0
1827,ACH-000876,0.27608251571655273,-1.1727195978164673,1.3259392976760864,0.1228628158569336,True,-3.170931339263916,0.984375,-3.158499376085663,0.04287908226251602,-5.0,-3.1418986320495605,-3.5964481830596924,-3.081920862197876,0.0
1828,ACH-000902,0.1650841236114502,-1.2375422716140747,1.2884221076965332,0.11420433968305588,True,-3.1427392959594727,0.96875,-3.156923368073044,0.05315636098384857,-5.0,-3.082827568054199,-3.267941474914551,-3.04325270652771,0.0
1829,ACH-000910,1.0423566102981567,-0.41104617714881897,1.334691047668457,0.11871175467967987,True,-3.1740212440490723,1.0,-3.158633155670647,0.06861859560012817,-5.0,-3.1740212440490723,-4.196534156799316,-3.0562586784362793,0.0
1830,ACH-000927,0.48915958404541016,-0.945644736289978,1.3181688785552979,0.11663541197776794,True,-3.180130958557129,1.0,-3.160782935959295,0.0524216927587986,-5.0,-3.180130958557129,-4.6535491943359375,-3.0732271671295166,0.0
1831,ACH-000930,0.34441494941711426,-1.0775285959243774,1.3048453330993652,0.11709824204444885,True,-3.2016429901123047,0.984375,-3.1648689413745963,0.06790368258953094,-5.0,-3.173097848892212,-4.659325122833252,-3.063331127166748,0.0
1832,ACH-000934,0.14311742782592773,-1.2683950662612915,1.2913566827774048,0.12015579640865326,True,-3.150451183319092,0.984375,-3.163427165569046,0.03923121839761734,-5.0,-3.121093511581421,-3.9256086349487305,-3.064746618270874,0.0
1833,ACH-001390,0.426815927028656,-0.8985584378242493,1.2253942489624023,0.0999801754951477,True,-3.1771841049194336,0.984375,-3.1648028595040847,0.03983533754944801,-5.0,-3.1482508182525635,-3.773571014404297,-3.0866732597351074,0.0
1834,ACH-001819,-0.24429690837860107,-1.6542415618896484,1.2906841039657593,0.11926053464412689,True,-3.199373722076416,0.96875,-3.1682599457613176,0.06267965584993362,-5.0,-3.141288995742798,-4.174639701843262,-3.0324697494506836,0.0
1835,ACH-001820,1.1280757188796997,-0.26227474212646484,1.2683125734329224,0.1220378503203392,True,-3.164449691772461,1.0,-3.167878920362432,0.05934492126107216,-5.0,-3.164449691772461,-3.954180955886841,-3.089878797531128,0.0
1836,ACH-000017,-2.584843873977661,-3.9399256706237793,1.240631341934204,0.11445042490959167,True,-3.2774577140808105,0.96875,-3.17883679973427,0.041219696402549744,-5.0,-3.221891403198242,-4.750638961791992,-3.0577774047851562,0.0
1837,ACH-000019,-1.6441723108291626,-3.1175687313079834,1.3577674627304077,0.11562897264957428,True,-3.1762003898620605,0.984375,-3.178573158747049,0.03899058327078819,-5.0,-3.1472513675689697,-3.926478862762451,-3.0661206245422363,0.0
1838,ACH-000044,0.28038454055786133,-1.1021673679351807,1.2650046348571777,0.11754722148180008,True,-2.929563045501709,0.984375,-3.1536721474225153,0.03917965292930603,-5.0,-2.8966991901397705,-3.789468765258789,-2.840099334716797,0.0
1839,ACH-000097,0.6813979148864746,-0.7782244682312012,1.354451060295105,0.1051713302731514,True,-3.1850881576538086,0.984375,-3.1568137484456447,0.0579514317214489,-5.0,-3.156280279159546,-3.714186668395996,-3.0879204273223877,0.0
1840,ACH-000111,0.29658079147338867,-1.2356244325637817,1.4136985540390015,0.11850665509700775,True,-3.1779322624206543,0.96875,-3.158925599843146,0.06018934026360512,-5.0,-3.1191561222076416,-3.853593349456787,-3.052527904510498,0.0
1841,ACH-000117,1.3810116052627563,-0.0768723264336586,1.3371020555496216,0.12078186124563217,True,-3.122279644012451,1.0,-3.1552610042600766,0.08533468842506409,-5.0,-3.122279644012451,-3.6115827560424805,-3.0866007804870605,0.0
1842,ACH-000147,-1.491946816444397,-3.026365280151367,1.413588285446167,0.1208302304148674,True,-3.1943674087524414,0.984375,-3.159171644709313,0.029916934669017792,-5.0,-3.1657073497772217,-4.544159889221191,-3.077127456665039,0.0
1843,ACH-000148,-0.6016950607299805,-2.1375160217285156,1.4164355993270874,0.11938530206680298,True,-3.252523422241211,0.953125,-3.168506822462503,0.07467442750930786,-5.0,-3.166581869125366,-3.7393152713775635,-3.0887203216552734,0.0
1844,ACH-000196,-2.0191586017608643,-3.453665018081665,1.3187679052352905,0.11573851108551025,True,-3.1320643424987793,0.984375,-3.1648625744661305,0.027297064661979675,-5.0,-3.102414846420288,-3.438338279724121,-3.058457851409912,0.0
1845,ACH-000212,0.5967925190925598,-0.7854408621788025,1.2647043466567993,0.11752899736166,True,-3.2064425945281982,0.984375,-3.169020576472337,0.05380675196647644,-5.0,-3.177973508834839,-4.361182689666748,-3.091063976287842,0.0
1846,ACH-000223,0.7881724238395691,-0.6076608300209045,1.2827961444854736,0.11303707957267761,True,-3.231743097305298,0.984375,-3.1752928285556337,0.06805247068405151,-5.0,-3.2036757469177246,-4.559540748596191,-3.0884602069854736,0.0
1847,ACH-000248,1.193184494972229,-0.21905921399593353,1.2958180904388428,0.11642566323280334,True,-3.1173291206359863,1.0,-3.169496457763669,0.07788904756307602,-5.0,-3.1173291206359863,-4.25510311126709,-3.0454328060150146,0.0
1848,ACH-000258,-3.233811378479004,-4.640634536743164,1.2899887561798096,0.11683426052331924,True,-3.382880687713623,0.90625,-3.1908348807586644,0.08108054101467133,-5.0,-3.215592384338379,-3.7666964530944824,-3.1694111824035645,0.0
1849,ACH-000276,0.7182508707046509,-0.7552011013031006,1.3566588163375854,0.1167932003736496,True,-3.19118070602417,0.984375,-3.190869463285215,0.08432047069072723,-5.0,-3.1624691486358643,-4.393017292022705,-3.0746803283691406,0.0
1850,ACH-000277,1.0466147661209106,-0.4119149446487427,1.3431100845336914,0.11541962623596191,True,-3.163752555847168,1.0,-3.1881577725414103,0.07036672532558441,-5.0,-3.163752555847168,-4.150765419006348,-3.055237293243408,0.0
1851,ACH-000288,0.2953763008117676,-1.1632460355758667,1.3467403650283813,0.11188194155693054,True,-3.2842578887939453,0.96875,-3.197767784166664,0.08068670332431793,-5.0,-3.2289111614227295,-4.720133304595947,-3.088369369506836,0.0
1852,ACH-000330,-0.9773138761520386,-2.4062352180480957,1.309930443763733,0.11899091303348541,True,-3.219851493835449,0.96875,-3.1999761551335424,0.061366964131593704,-5.0,-3.1624274253845215,-4.025683403015137,-3.0717861652374268,0.0
1853,ACH-000349,0.9052296876907349,-0.6120845079421997,1.3964824676513672,0.12083172798156738,True,-3.20426344871521,0.984375,-3.200404884491709,0.057927947491407394,-5.0,-3.175759792327881,-5.476139545440674,-3.086015224456787,0.01587301678955555
1854,ACH-000352,0.5315184593200684,-0.891709566116333,1.3048509359359741,0.11837711930274963,True,-3.0863213539123535,0.984375,-3.1889965314337734,0.06937861442565918,-5.0,-3.055945634841919,-4.190708637237549,-2.981955051422119,0.0
1855,ACH-000374,-2.0516133308410645,-3.4976627826690674,1.3290373086929321,0.11701219528913498,True,-3.262878894805908,0.9375,-3.196384767770987,0.03857126832008362,-5.0,-3.14707088470459,-3.9956583976745605,-3.0827136039733887,0.0
1856,ACH-000536,-2.939310073852539,-4.410358905792236,1.3556994199752808,0.11534953117370605,True,-3.4036755561828613,0.90625,-3.2171138466121745,0.06635887920856476,-5.0,-3.2385387420654297,-4.689953804016113,-3.090961456298828,0.0
1857,ACH-000554,0.9258086085319519,-0.4939754605293274,1.3035356998443604,0.11624830961227417,True,-3.1674861907958984,0.984375,-3.212151081030547,0.05815236642956734,-5.0,-3.1383988857269287,-3.658571243286133,-3.091114044189453,0.0
1858,ACH-000568,0.0032422542572021484,-1.472877860069275,1.3583409786224365,0.11777916550636292,True,-3.166653633117676,0.953125,-3.20760133623926,0.07822949439287186,-5.0,-3.076488971710205,-4.3207783699035645,-2.9864139556884766,0.0
1859,ACH-000573,-0.0007333755493164062,-1.4458566904067993,1.3298089504241943,0.11531439423561096,True,-3.148284435272217,0.96875,-3.2016696461425553,0.04006533697247505,-5.0,-3.0885515213012695,-3.7118418216705322,-3.042104482650757,0.0
1860,ACH-000621,0.9865103363990784,-0.44256335496902466,1.3109840154647827,0.11808963865041733,True,-3.207508087158203,1.0,-3.20225349024412,0.09075058996677399,-5.0,-3.207508087158203,-4.116100788116455,-3.0879087448120117,0.0
1861,ACH-000624,-0.44399988651275635,-1.9164212942123413,1.3564870357513428,0.11593443155288696,True,-3.301581382751465,0.9375,-3.212186279494855,0.09137415885925293,-5.0,-3.1883535385131836,-4.103124141693115,-3.0383682250976562,0.0
1862,ACH-000643,-0.3595837354660034,-1.8395181894302368,1.3650600910186768,0.11487431824207306,True,-3.1960346698760986,0.984375,-3.2105711185329793,0.05555255711078644,-5.0,-3.167400598526001,-5.101142883300781,-3.0898070335388184,0.01587301678955555
1863,ACH-000668,-2.1972148418426514,-3.667383909225464,1.3523670434951782,0.1178019642829895,True,-3.2295148372650146,0.953125,-3.2124654904061827,0.058008380234241486,-5.0,-3.1424412727355957,-4.0754804611206055,-3.067981243133545,0.0
1864,ACH-000691,0.12672197818756104,-1.348712682723999,1.358596920967102,0.1168377622961998,True,-3.195997476577759,0.96875,-3.2108186890233403,0.04089388996362686,-5.0,-3.137803554534912,-4.0776543617248535,-2.479003429412842,0.0
1865,ACH-000699,0.09567427635192871,-1.3253318071365356,1.3009974956512451,0.12000861763954163,True,-3.186311721801758,0.96875,-3.208367992301182,0.04920830577611923,-5.0,-3.127805471420288,-3.517634391784668,-3.0897867679595947,0.0
1866,ACH-000711,-1.8904520273208618,-3.2752623558044434,1.260713815689087,0.12409653514623642,True,-3.2230329513549805,0.96875,-3.209834488206562,0.038576867431402206,-5.0,-3.1657114028930664,-4.512232303619385,-3.077418804168701,0.0
1867,ACH-000725,0.07469367980957031,-1.3227940797805786,1.2833558320999146,0.1141318827867508,True,-3.259922742843628,0.96875,-3.2148433136702685,0.0664362981915474,-5.0,-3.2037911415100098,-3.9136359691619873,-3.0914406776428223,0.0
1868,ACH-000755,-0.611108660697937,-2.0030834674835205,1.276159644126892,0.11581512540578842,True,-3.227116823196411,0.96875,-3.216070664622883,0.04298371821641922,-5.0,-3.169926881790161,-3.8019440174102783,-3.085902690887451,0.0
1869,ACH-000759,-1.2177531719207764,-2.6296803951263428,1.2940583229064941,0.11786891520023346,True,-3.2754263877868652,0.953125,-3.2220062369392815,0.0781453400850296,-5.0,-3.190610885620117,-4.427133083343506,-3.0651822090148926,0.0
1870,ACH-000768,-0.5893452167510986,-2.0174808502197266,1.3149720430374146,0.1131635308265686,True,-3.1961984634399414,0.984375,-3.2194254595893472,0.03653302043676376,-5.0,-3.1675667762756348,-4.447255611419678,-3.081125259399414,0.0
1871,ACH-000783,-3.178476572036743,-4.587538719177246,1.2883416414260864,0.12072056531906128,True,-3.2774925231933594,0.921875,-3.2252321659497487,0.04929015785455704,-5.0,-3.1315174102783203,-3.852044105529785,-3.0828285217285156,0.0
1872,ACH-000818,-1.506089687347412,-2.881805181503296,1.2568318843841553,0.11888361722230911,True,-2.804777145385742,0.9375,-3.1831866638933484,0.07262906432151794,-5.0,-2.6584291458129883,-3.041503667831421,-2.609245538711548,0.0
1873,ACH-000828,-0.10142683982849121,-1.5736831426620483,1.3588188886642456,0.11343745142221451,True,-2.9220104217529297,0.96875,-3.1570690396793064,0.05397690087556839,-5.0,-2.854978322982788,-5.516350746154785,-2.7423272132873535,0.016129031777381897
1874,ACH-000849,-2.062133312225342,-3.4474360942840576,1.2790719270706177,0.10623081773519516,True,-3.193190813064575,0.953125,-3.1606812170178333,0.032810475677251816,-5.0,-3.1043312549591064,-3.5344398021698,-3.03851318359375,0.0
1875,ACH-000856,0.83540278673172,-0.6599991917610168,1.3769603967666626,0.11844155937433243,True,-3.1614885330200195,0.984375,-3.160761948618052,0.05596079304814339,-5.0,-3.1323060989379883,-4.428306579589844,-3.0504865646362305,0.0
1876,ACH-000857,-0.00473475456237793,-1.3718055486679077,1.246773362159729,0.12029747664928436,True,-3.225578784942627,0.953125,-3.1672436322505098,0.05976387858390808,-5.0,-3.1383121013641357,-4.396669864654541,-3.046297550201416,0.0
1877,ACH-000859,0.4030669927597046,-1.0312808752059937,1.3147270679473877,0.11962079256772995,True,-3.2075140476226807,0.984375,-3.171270673787727,0.06646297872066498,-5.0,-3.1790621280670166,-4.077901840209961,-3.0910890102386475,0.0
1878,ACH-000876,0.2900940179824829,-1.145862340927124,1.321037769317627,0.11491855978965759,True,-3.2053070068359375,0.96875,-3.1746743070925483,0.0568137988448143,-5.0,-3.147413730621338,-4.752312183380127,-3.081920862197876,0.0
1879,ACH-000902,0.8080655336380005,-0.6530989408493042,1.3460510969161987,0.11511337757110596,True,-3.149588108062744,0.984375,-3.172165687189568,0.05608782172203064,-5.0,-3.1202166080474854,-4.066198348999023,-3.04325270652771,0.0
1880,ACH-000910,-0.15675055980682373,-1.5496023893356323,1.2762770652770996,0.1165747120976448,True,-3.224820137023926,0.953125,-3.177431132173004,0.057026565074920654,-5.0,-3.1375160217285156,-3.9154934883117676,-3.056258201599121,0.0
1881,ACH-000927,1.1456080675125122,-0.26850616931915283,1.3007508516311646,0.11336338520050049,True,-3.1521401405334473,1.0,-3.1749020330090483,0.060978963971138,-5.0,-3.1521401405334473,-3.619206428527832,-3.0732271671295166,0.0
1882,ACH-000930,-0.859939694404602,-2.2366600036621094,1.2598726749420166,0.11684764921665192,True,-3.216547966003418,0.953125,-3.1790666263084852,0.04445800930261612,-5.0,-3.1288371086120605,-4.389405727386475,-3.063331127166748,0.0
1883,ACH-000934,0.8458263874053955,-0.5492551326751709,1.2802997827529907,0.1147816926240921,True,-3.152677536010742,0.984375,-3.1764277172787105,0.06453517079353333,-5.0,-3.1233551502227783,-3.8412044048309326,-3.064746618270874,0.0
1884,ACH-001390,0.17840147018432617,-1.1365654468536377,1.2191426753997803,0.09582418203353882,True,-3.209135055541992,0.984375,-3.179698451105039,0.0510806180536747,-5.0,-3.180708885192871,-3.9003543853759766,-3.0866732597351074,0.0
1885,ACH-001819,0.934989869594574,-0.5190090537071228,1.3391374349594116,0.11486153304576874,True,-3.141301393508911,1.0,-3.175858745345426,0.0677216500043869,-5.0,-3.141301393508911,-4.56599235534668,-3.0324697494506836,0.0
1886,ACH-001820,-0.5319861173629761,-1.945307970046997,1.2965844869613647,0.11673738062381744,True,-3.218276262283325,0.96875,-3.1801004970392164,0.04926564544439316,-5.0,-3.1608009338378906,-4.238792419433594,-3.089878797531128,0.0
1887,ACH-000017,0.7885347604751587,-0.6305190324783325,1.3090606927871704,0.109993115067482,True,-3.20365834236145,0.984375,-3.1824562815714397,0.061647944152355194,-5.0,-3.175145387649536,-4.094568729400635,-3.0577774047851562,0.0
1888,ACH-000019,0.6705736517906189,-0.8131888508796692,1.3624885082244873,0.12127400934696198,True,-3.2320141792297363,0.984375,-3.1874120713372696,0.07194748520851135,-5.0,-3.203951120376587,-4.592746734619141,-3.0661206245422363,0.0
1889,ACH-000044,-1.0375747680664062,-2.367356777191162,1.2171083688735962,0.11267367750406265,True,-3.0339014530181885,0.9375,-3.1720610095053616,0.06620725244283676,-5.0,-2.9028282165527344,-3.6689577102661133,-2.840099334716797,0.0
1890,ACH-000097,1.2642488479614258,-0.1773841828107834,1.3406749963760376,0.1009579449892044,True,-3.144010066986084,1.0,-3.169255915253434,0.08394458144903183,-5.0,-3.144010066986084,-3.848259925842285,-3.0879201889038086,0.0
1891,ACH-000111,0.6842617392539978,-0.739225447177887,1.3101346492767334,0.11335255205631256,True,-3.1509857177734375,0.984375,-3.1674288955054344,0.06629055738449097,-5.0,-3.1216366291046143,-3.9598793983459473,-3.052527904510498,0.0
1892,ACH-000117,0.7351837754249573,-0.7087299227714539,1.330382227897644,0.11353152990341187,True,-3.1871933937072754,0.984375,-3.169405345325618,0.06335645914077759,-5.0,-3.158418893814087,-3.9280362129211426,-3.0866007804870605,0.0
1893,ACH-000147,1.1365840435028076,-0.3136051893234253,1.3417032957077026,0.10848591476678848,True,-3.163809061050415,1.0,-3.168845716898098,0.08626680076122284,-5.0,-3.163809061050415,-4.00950813293457,-3.077127456665039,0.0
1894,ACH-000148,1.0529537200927734,-0.43453139066696167,1.372677206993103,0.11480792611837387,True,-3.183931589126587,0.984375,-3.1703543041209468,0.08732636272907257,-5.0,-3.1551053524017334,-3.9235057830810547,-3.0887203216552734,0.0
1895,ACH-000196,-1.2524547576904297,-2.6692049503326416,1.3009260892868042,0.11582405865192413,True,-3.2334446907043457,0.96875,-3.1766633427792867,0.04295084625482559,-5.0,-3.1764588356018066,-4.453948497772217,-3.058457851409912,0.0
1896,ACH-000212,0.6966471076011658,-0.7403709292411804,1.3216606378555298,0.1153574287891388,True,-3.170672655105591,0.984375,-3.1760642740119174,0.0452105775475502,-5.0,-3.1416356563568115,-3.542114019393921,-3.091063976287842,0.0
1897,ACH-000223,-0.2804056406021118,-1.7004958391189575,1.3078967332839966,0.11219344288110733,True,-3.206791400909424,0.953125,-3.1791369867016677,0.05174203962087631,-5.0,-3.118600606918335,-3.6255486011505127,-3.0884602069854736,0.0
1898,ACH-000248,0.11756491661071777,-1.3521058559417725,1.356341004371643,0.11332975327968597,True,-3.2002620697021484,0.96875,-3.181249495001716,0.05212613195180893,-5.0,-3.1422057151794434,-4.258581638336182,-3.0454328060150146,0.0
1899,ACH-000258,0.19956791400909424,-1.2063078880310059,1.2919509410858154,0.11392489820718765,True,-3.329110622406006,0.984375,-3.196035607742145,0.08713200688362122,-5.0,-3.302588701248169,-4.151362895965576,-3.1694111824035645,0.0
1900,ACH-000276,-0.4089745283126831,-1.838654637336731,1.3177177906036377,0.11196232587099075,True,-3.271378993988037,0.96875,-3.2035699463667338,0.07113027572631836,-5.0,-3.2156169414520264,-4.465232849121094,-3.0746803283691406,0.0
1901,ACH-000277,0.8085183501243591,-0.6303406357765198,1.3263295888900757,0.11252941191196442,True,-3.1775941848754883,0.984375,-3.200972370217609,0.07614387571811676,-5.0,-3.148667335510254,-4.406015396118164,-3.0552375316619873,0.0
1902,ACH-000288,-0.2640472650527954,-1.7917485237121582,1.4147560596466064,0.11294518411159515,True,-3.2466912269592285,0.984375,-3.205544255891771,0.03153616935014725,-5.0,-3.2188611030578613,-3.8691580295562744,-3.088369369506836,0.0
1903,ACH-000330,-0.284360408782959,-1.7110729217529297,1.3116484880447388,0.11506399512290955,True,-3.2405576705932617,0.953125,-3.20904559736192,0.06153625622391701,-5.0,-3.154027223587036,-3.975705623626709,-3.0717861652374268,0.0
1904,ACH-000349,1.087784767150879,-0.33453044295310974,1.3110263347625732,0.11128893494606018,True,-3.2082719802856445,1.0,-3.208968235654292,0.06490696221590042,-5.0,-3.2082719802856445,-3.8978068828582764,-3.086015224456787,0.0
1905,ACH-000352,0.30561256408691406,-1.0542608499526978,1.2528231143951416,0.1070503294467926,True,-3.1197686195373535,0.953125,-3.200048274042598,0.058709338307380676,-5.0,-3.0272979736328125,-3.733492612838745,-2.981955051422119,0.0
1906,ACH-000374,1.1206134557724,-0.3003878891468048,1.308040738105774,0.11296059191226959,True,-3.157203435897827,1.0,-3.195763790228121,0.09523159265518188,-5.0,-3.157203435897827,-4.370848178863525,-3.0827138423919678,0.0
1907,ACH-000536,-0.1745011806488037,-1.6122328042984009,1.3304489850997925,0.1072826236486435,True,-3.290245294570923,0.984375,-3.2052119406624016,0.07137579470872879,-5.0,-3.26310658454895,-4.537608623504639,-3.090961456298828,0.0
1908,ACH-000554,-2.2873454093933105,-3.698981761932373,1.2967817783355713,0.11485444754362106,True,-3.2352306842803955,0.96875,-3.2082138150242008,0.03889896720647812,-5.0,-3.178302764892578,-4.645321846008301,-3.091114044189453,0.0
1909,ACH-000568,-8.219915390014648,-9.63920783996582,1.310254693031311,0.10903793573379517,True,-3.2447266578674316,0.90625,-3.211865099308524,0.05081692337989807,-5.0,-3.0631465911865234,-3.838228940963745,-2.9864139556884766,0.0
1910,ACH-000573,-0.3441798686981201,-1.747851848602295,1.2942378520965576,0.10943412780761719,True,-3.1662168502807617,0.984375,-3.207300274405748,0.047966860234737396,-5.0,-3.1371092796325684,-4.102816581726074,-3.042104482650757,0.0
1911,ACH-000621,0.19101440906524658,-1.2096679210662842,1.2872514724731445,0.11343090981245041,True,-3.206456184387207,0.984375,-3.2072158654038936,0.053730566054582596,-5.0,-3.1779870986938477,-4.72273588180542,-3.087908983230591,0.0
1912,ACH-000624,0.7358178496360779,-0.7063109278678894,1.331173300743103,0.11095543205738068,True,-3.1218390464782715,1.0,-3.198678183511331,0.0696902871131897,-5.0,-3.1218390464782715,-4.575418472290039,-3.0383684635162354,0.0
1913,ACH-000643,0.6203911304473877,-0.8161078691482544,1.328485131263733,0.10801388323307037,True,-3.187236785888672,0.984375,-3.1975340437490654,0.06730534136295319,-5.0,-3.1584630012512207,-5.107430934906006,-3.0898070335388184,0.01587301678955555
1914,ACH-000668,-1.3035324811935425,-2.684980630874634,1.272085189819336,0.10936300456523895,True,-3.2386374473571777,0.953125,-3.2016443841098767,0.05082772299647331,-5.0,-3.152012586593628,-4.119654178619385,-3.067981243133545,0.0
1915,ACH-000691,-3.0157406330108643,-4.434607982635498,1.3106180429458618,0.10824933648109436,True,-3.2195568084716797,0.953125,-3.203435626546057,0.05220741033554077,-5.0,-3.1319937705993652,-3.9430108070373535,-3.0459327697753906,0.0
1916,ACH-000699,-1.5065034627914429,-2.909050226211548,1.2953119277954102,0.10723485052585602,True,-3.2066657543182373,0.96875,-3.203758639323275,0.03310678154230118,-5.0,-3.1488163471221924,-3.6400442123413086,-3.0897867679595947,0.0
1917,ACH-000711,-1.1671491861343384,-2.5262041091918945,1.2490752935409546,0.10997964441776276,True,-3.2805566787719727,0.921875,-3.2114384432681446,0.043573033064603806,-5.0,-3.134841203689575,-3.5689525604248047,-3.077418804168701,0.0
1918,ACH-000725,0.9164710640907288,-0.5067881941795349,1.3102917671203613,0.11296755075454712,True,-3.187633752822876,1.0,-3.209057974223618,0.08289442956447601,-5.0,-3.187633752822876,-4.583962440490723,-3.091440439224243,0.0
1919,ACH-000755,1.281847357749939,-0.15424300730228424,1.3243612051010132,0.11172918975353241,True,-3.1417996883392334,1.0,-3.2023321456351796,0.06280583143234253,-5.0,-3.1417996883392334,-3.8146884441375732,-3.0859029293060303,0.0
1920,ACH-000759,-0.25430500507354736,-1.6881941556930542,1.327680230140686,0.106208935379982,True,-3.178666114807129,0.96875,-3.1999655425523743,0.034998610615730286,-5.0,-3.119913101196289,-3.9692537784576416,-3.0651822090148926,0.0
1921,ACH-000768,-0.45388543605804443,-1.935808539390564,1.3727878332138062,0.10913532972335815,True,-3.2445244789123535,0.984375,-3.204421436188372,0.045105185359716415,-5.0,-3.2166600227355957,-5.013084411621094,-3.081125259399414,0.01587301678955555
1922,ACH-000783,-0.28001439571380615,-1.6760029792785645,1.2911508083343506,0.10483773052692413,True,-3.250683069229126,0.953125,-3.2090475994924472,0.04014480486512184,-5.0,-3.1646511554718018,-4.389140605926514,-3.0828285217285156,0.0
1923,ACH-000818,-6.106566429138184,-7.516641616821289,1.3067920207977295,0.10328292846679688,True,-2.847611904144287,0.921875,-3.1729040299576314,0.059421420097351074,-5.0,-2.66520619392395,-3.1773996353149414,-2.609245538711548,0.0
1924,ACH-000828,0.584942638874054,-0.825404942035675,1.3037687540054321,0.10657884925603867,True,-2.887385606765747,0.953125,-3.144352187638443,0.11662080883979797,-5.0,-2.7834866046905518,-3.4704885482788086,-2.7423272132873535,0.0
1925,ACH-000849,-3.2635207176208496,-4.597106456756592,1.2341192960739136,0.09946645796298981,True,-3.196007490158081,0.953125,-3.1495177178904066,0.030870625749230385,-5.0,-3.1072864532470703,-4.207229137420654,-3.03851318359375,0.0
1926,ACH-000856,-0.2923922538757324,-1.7409460544586182,1.3409204483032227,0.10763338208198547,True,-3.163637161254883,0.984375,-3.1509296622268543,0.051798850297927856,-5.0,-3.134488821029663,-4.683478355407715,-3.0504865646362305,0.0
1927,ACH-000857,0.18997812271118164,-1.244349479675293,1.323621153831482,0.11070645600557327,True,-3.249204158782959,0.96875,-3.160757111882465,0.05856084078550339,-5.0,-3.1927268505096436,-4.583139896392822,-3.046297550201416,0.0
1928,ACH-000859,-0.7967125177383423,-2.2081501483917236,1.3049542903900146,0.1064833402633667,True,-3.2848000526428223,0.96875,-3.1731614059585005,0.08243030309677124,-5.0,-3.22947096824646,-4.6428351402282715,-3.0910890102386475,0.0
1929,ACH-000876,1.1039810180664062,-0.3380950093269348,1.3354634046554565,0.10661250352859497,True,-3.1744062900543213,1.0,-3.1732858943680826,0.07864142954349518,-5.0,-3.1744062900543213,-4.677287578582764,-3.069608211517334,0.0
1930,ACH-000902,-0.24725568294525146,-1.6754482984542847,1.3197956085205078,0.10839695483446121,True,-3.256951332092285,0.953125,-3.181652438140503,0.07879607379436493,-5.0,-3.17122745513916,-4.465716361999512,-3.04325270652771,0.0
1931,ACH-000910,1.1559321880340576,-0.25835999846458435,1.3088836669921875,0.10540857911109924,True,-3.1290130615234375,1.0,-3.1763885004787964,0.05143339931964874,-5.0,-3.1290130615234375,-4.196534156799316,-3.0562586784362793,0.0
1932,ACH-000927,-4.303779125213623,-5.720738887786865,1.3094476461410522,0.10751228779554367,True,-3.299111843109131,0.921875,-3.1886608347418295,0.06302984803915024,-5.0,-3.154968738555908,-3.7913737297058105,-3.0732269287109375,0.0
1933,ACH-000930,0.612168550491333,-0.8079496622085571,1.3122084140777588,0.10790978372097015,True,-3.1677591800689697,0.984375,-3.1865706692745435,0.06555521488189697,-5.0,-3.1386759281158447,-4.305443286895752,-3.063331127166748,0.0
1934,ACH-000934,-1.1159847974777222,-2.498603582382202,1.276337742805481,0.10628099739551544,True,-3.2212162017822266,0.953125,-3.190035222525312,0.0356757789850235,-5.0,-3.133735179901123,-3.980767250061035,-3.064746618270874,0.0
1935,ACH-001390,0.5482096076011658,-0.7475382685661316,1.2067301273345947,0.08901777118444443,True,-3.1983163356781006,1.0,-3.190863333840591,0.07016527652740479,-5.0,-3.1983163356781006,-4.383078098297119,-3.0866734981536865,0.0
1936,ACH-001819,1.1817437410354614,-0.22776027023792267,1.2985678911209106,0.11093613505363464,True,-3.103956699371338,0.984375,-3.1821726703936655,0.07810920476913452,-5.0,-3.0738608837127686,-3.5475692749023438,-3.0324697494506836,0.0
1937,ACH-001820,1.2260632514953613,-0.1946483850479126,1.3153494596481323,0.1053621768951416,True,-3.1667356491088867,1.0,-3.1806289682651876,0.0603310763835907,-5.0,-3.1667356491088867,-3.845954656600952,-3.089878797531128,0.0
1938,ACH-000017,1.0813920497894287,-0.22854621708393097,1.2060668468475342,0.10387146472930908,True,-3.1402878761291504,1.0,-3.176594859051584,0.07625122368335724,-5.0,-3.1402878761291504,-3.987936496734619,-3.0577774047851562,0.0
1939,ACH-000019,1.2689958810806274,-0.1969643533229828,1.3618184328079224,0.10414187610149384,True,-3.140944719314575,1.0,-3.173029845077883,0.06047850102186203,-5.0,-3.140944719314575,-3.7477517127990723,-3.0661206245422363,0.0
1940,ACH-000044,0.3065962791442871,-1.0312609672546387,1.2301815748214722,0.10767561197280884,True,-2.957980155944824,0.96875,-3.1515248761645767,0.09173934161663055,-5.0,-2.89210844039917,-3.436899185180664,-2.840099334716797,0.0
1941,ACH-000097,1.0981584787368774,-0.30198046565055847,1.3037141561508179,0.09642478823661804,True,-3.1627750396728516,1.0,-3.152649892515404,0.07064969837665558,-5.0,-3.1627750396728516,-4.534937381744385,-3.0879201889038086,0.0
1942,ACH-000111,0.2778228521347046,-1.1449134349822998,1.3140511512756348,0.10868510603904724,True,-3.193603754043579,0.96875,-3.1567452786682217,0.06025325506925583,-5.0,-3.1353328227996826,-3.9193828105926514,-3.052527904510498,0.0
1943,ACH-000117,-1.8848522901535034,-3.3013055324554443,1.3093832731246948,0.10707001388072968,True,-3.2540478706359863,0.9375,-3.166475537864998,0.04164085537195206,-5.0,-3.137651205062866,-4.028729438781738,-3.0866007804870605,0.0
1944,ACH-000147,0.76712566614151,-0.7094992995262146,1.3673510551452637,0.10927396267652512,True,-3.1904401779174805,0.984375,-3.168872001870246,0.063179150223732,-5.0,-3.161717176437378,-4.0311737060546875,-3.077127456665039,0.0
1945,ACH-000148,0.2739466428756714,-1.2320274114608765,1.402408242225647,0.10356582701206207,True,-3.2102925777435303,0.984375,-3.173014059457574,0.06667088717222214,-5.0,-3.181884527206421,-4.717118740081787,-3.0887203216552734,0.0
1946,ACH-000196,0.4809681177139282,-0.8885025978088379,1.2616456747055054,0.10782508552074432,True,-3.1687800884246826,0.96875,-3.1725906623542848,0.03891509398818016,-5.0,-3.109708070755005,-3.671316623687744,-3.058457851409912,0.0
1947,ACH-000212,-0.44567036628723145,-1.8305820226669312,1.2770992517471313,0.10781245678663254,True,-3.2409729957580566,0.96875,-3.179428895694662,0.04697153717279434,-5.0,-3.184230089187622,-4.7475972175598145,-3.091063976287842,0.0
1948,ACH-000223,-1.5701067447662354,-2.9954566955566406,1.3184174299240112,0.10693254321813583,True,-3.2899200916290283,0.9375,-3.190478015288099,0.03741295263171196,-5.0,-3.175915241241455,-4.309966087341309,-3.0884602069854736,0.0
1949,ACH-000248,-0.10904538631439209,-1.49668288230896,1.2779011726379395,0.10973634570837021,True,-3.2295215129852295,0.984375,-3.194382365057812,0.05773609131574631,-5.0,-3.201418876647949,-4.840622901916504,-3.0454328060150146,0.0
1950,ACH-000258,-2.253465175628662,-3.6395275592803955,1.2803075313568115,0.10575492680072784,True,-3.347010612487793,0.984375,-3.2096451898008103,0.027479715645313263,-5.0,-3.320772886276245,-4.537919044494629,-3.1694111824035645,0.0
1951,ACH-000276,1.1610236167907715,-0.2966361343860626,1.356237530708313,0.10142213106155396,True,-3.174839735031128,1.0,-3.2061646443238416,0.06578230857849121,-5.0,-3.174839735031128,-4.233737945556641,-3.0746803283691406,0.0
1952,ACH-000277,-0.21896517276763916,-1.6011526584625244,1.2772667407989502,0.10492077469825745,True,-3.2055087089538574,0.96875,-3.206099050786843,0.0494082048535347,-5.0,-3.1476218700408936,-4.174914836883545,-3.0552375316619873,0.0
1953,ACH-000288,1.0336668491363525,-0.47381094098091125,1.4063538312911987,0.10112394392490387,True,-3.1738338470458984,1.0,-3.202872530412749,0.07021384686231613,-5.0,-3.1738338470458984,-4.800992488861084,-3.088369369506836,0.0
1954,ACH-000330,-0.24875104427337646,-1.6440168619155884,1.2919766902923584,0.10328909754753113,True,-3.2443928718566895,0.984375,-3.207024564557143,0.04933691397309303,-5.0,-3.2165262699127197,-4.587470054626465,-3.0717861652374268,0.0
1955,ACH-000349,-0.5140280723571777,-1.8952350616455078,1.2699501514434814,0.11125678569078445,True,-3.2572672367095947,0.96875,-3.212048831772388,0.0556940920650959,-5.0,-3.201050043106079,-4.441821098327637,-3.086015224456787,0.0
1956,ACH-000352,0.872245728969574,-0.4942163825035095,1.2648637294769287,0.1015983521938324,True,-3.0379281044006348,0.984375,-3.194636759035213,0.05481185019016266,-5.0,-3.006783962249756,-3.30844783782959,-2.981955051422119,0.0
1957,ACH-000374,0.7388186454772949,-0.6506630182266235,1.2819942235946655,0.10748746991157532,True,-3.2257862091064453,1.0,-3.1977517040423358,0.06244608014822006,-5.0,-3.2257862091064453,-4.742875099182129,-3.0827138423919678,0.0
1958,ACH-000536,1.2384247779846191,-0.09513773769140244,1.2290420532226562,0.10452042520046234,True,-3.1538920402526855,1.0,-3.193365737663371,0.05949048697948456,-5.0,-3.1538920402526855,-4.102386951446533,-3.090961456298828,0.0
1959,ACH-000554,-2.1551058292388916,-3.509136438369751,1.2502667903900146,0.10376386344432831,True,-3.2357306480407715,0.953125,-3.197602228701111,0.026336323469877243,-5.0,-3.148963212966919,-3.52761173248291,-3.091114044189453,0.0
1960,ACH-000568,-0.06094682216644287,-1.4268802404403687,1.258666753768921,0.10726670175790787,True,-3.107410430908203,0.96875,-3.1885830489218208,0.055971309542655945,-5.0,-3.046359062194824,-4.329048156738281,-2.9864139556884766,0.0
1961,ACH-000573,0.4360700249671936,-0.9135625958442688,1.2460124492645264,0.10362017154693604,True,-3.1103644371032715,0.984375,-3.180761187739966,0.04458339139819145,-5.0,-3.0803701877593994,-3.454164743423462,-3.042104482650757,0.0
1962,ACH-000621,-1.008561372756958,-2.4415371417999268,1.3256332874298096,0.10734245181083679,True,-3.3449602127075195,0.953125,-3.1971810902367217,0.05339653044939041,-5.0,-3.2635645866394043,-4.756097316741943,-3.087908983230591,0.0
1963,ACH-000624,-1.1891143321990967,-2.5646843910217285,1.272544264793396,0.10302584618330002,True,-3.22576904296875,0.953125,-3.2000398855099244,0.029631327837705612,-5.0,-3.1385114192962646,-4.556081295013428,-3.0383682250976562,0.0
1964,ACH-000643,0.696282148361206,-0.6991634368896484,1.286896824836731,0.10854876041412354,True,-3.207273483276367,0.984375,-3.2007632452865686,0.08868923783302307,-5.0,-3.1788177490234375,-4.372196197509766,-3.0898070335388184,0.0
1965,ACH-000668,-2.6269612312316895,-4.064291477203369,1.3338392972946167,0.10349080711603165,True,-3.2171192169189453,0.953125,-3.2023988424498064,0.0297372005879879,-5.0,-3.129436492919922,-3.8999040126800537,-3.067981243133545,0.0
1966,ACH-000691,-1.1431174278259277,-2.5381476879119873,1.2901499271392822,0.10488037765026093,True,-3.2657110691070557,0.953125,-3.2087300651155313,0.06794662773609161,-5.0,-3.180418014526367,-4.127862930297852,-3.0459327697753906,0.0
1967,ACH-000699,-1.8531807661056519,-3.242237091064453,1.2859925031661987,0.10306379944086075,True,-3.295750379562378,0.953125,-3.217432096560216,0.04362839460372925,-5.0,-3.2119343280792236,-4.408404350280762,-3.0897867679595947,0.0
1968,ACH-000711,-3.1940290927886963,-4.594324588775635,1.2917490005493164,0.10854647308588028,True,-3.2372145652770996,0.96875,-3.219410343431904,0.047541625797748566,-5.0,-3.1803505420684814,-4.359226226806641,-3.077418804168701,0.0
1969,ACH-000725,-0.2386258840560913,-1.653130292892456,1.3084124326705933,0.10609200596809387,True,-3.200871229171753,0.984375,-3.217556432005889,0.030148157849907875,-5.0,-3.172314167022705,-3.9136359691619873,-2.861823081970215,0.0
1970,ACH-000755,-0.6346238851547241,-2.041454792022705,1.3014112710952759,0.10541966557502747,True,-3.217874765396118,0.96875,-3.217588265344912,0.039109356701374054,-5.0,-3.160386800765991,-4.72802209854126,-3.085902690887451,0.0
1971,ACH-000759,-0.5239331722259521,-1.9598639011383057,1.3323719501495361,0.10355882346630096,True,-3.1745054721832275,0.96875,-3.2132799860287435,0.041199393570423126,-5.0,-3.1156187057495117,-3.524904727935791,-3.0651822090148926,0.0
1972,ACH-000768,0.19363892078399658,-1.2593364715576172,1.3475966453552246,0.10537876188755035,True,-3.168409824371338,0.984375,-3.208792969863003,0.05006992444396019,-5.0,-3.1393368244171143,-4.241718769073486,-3.081125259399414,0.0
1973,ACH-000783,0.9855670928955078,-0.432748407125473,1.3117425441741943,0.10657298564910889,True,-3.1711418628692627,0.984375,-3.2050278591636294,0.07027535140514374,-5.0,-3.1421124935150146,-3.9949817657470703,-3.0828285217285156,0.0
1974,ACH-000818,0.9163007140159607,-0.4523128867149353,1.2596906423568726,0.10892298817634583,True,-2.781433343887329,0.953125,-3.162668407635999,0.09082560241222382,-5.0,-2.672323703765869,-3.1607789993286133,-2.609245538711548,0.0
1975,ACH-000828,-1.3903489112854004,-2.783219814300537,1.288606882095337,0.10426401346921921,True,-2.9126839637756348,0.9375,-3.1376699632499627,0.06680795550346375,-5.0,-2.7735297679901123,-3.5473580360412598,-2.7423272132873535,0.0
1976,ACH-000849,1.3513919115066528,-0.04399153217673302,1.2920819520950317,0.10330156981945038,True,-3.084052801132202,1.0,-3.132308247038187,0.08788161724805832,-5.0,-3.084052801132202,-4.118467330932617,-2.1187126636505127,0.0
1977,ACH-000856,0.23914754390716553,-1.20233952999115,1.334660291671753,0.1068267822265625,True,-3.2320075035095215,0.984375,-3.1422781726853204,0.06916625052690506,-5.0,-3.203944206237793,-4.12857723236084,-3.0504865646362305,0.0
1978,ACH-000857,-2.9149303436279297,-4.327740669250488,1.3062684535980225,0.10654193162918091,True,-3.2993338108062744,0.9375,-3.157983736497416,0.04256783053278923,-5.0,-3.1859564781188965,-4.262505054473877,-3.046297550201416,0.0
1979,ACH-000859,-1.6499344110488892,-3.046262741088867,1.289818525314331,0.10650985687971115,True,-3.2309272289276123,0.96875,-3.165278085740436,0.03939082473516464,-5.0,-3.1738603115081787,-4.262256622314453,-3.0910890102386475,0.0
1980,ACH-000876,1.235668659210205,-0.19317756593227386,1.3237979412078857,0.10504832863807678,True,-3.1566457748413086,1.0,-3.164414854650523,0.07584920525550842,-5.0,-3.1566457748413086,-3.8202953338623047,-3.081920862197876,0.0
1981,ACH-000902,-0.5705621242523193,-2.014846086502075,1.33620285987854,0.10808110237121582,True,-3.2268197536468506,0.953125,-3.1706553445501555,0.039055660367012024,-5.0,-3.1396141052246094,-4.496483325958252,-3.04325270652771,0.0
1982,ACH-000910,0.6785911321640015,-0.7190791368484497,1.2894928455352783,0.10817746818065643,True,-3.1956586837768555,0.96875,-3.173155678472826,0.061888471245765686,-5.0,-3.137454032897949,-3.664285659790039,-3.056258201599121,0.0
1983,ACH-000927,0.49955737590789795,-0.9398680925369263,1.3310978412628174,0.10832756757736206,True,-3.1821813583374023,0.984375,-3.1740582464592837,0.0378066711127758,-5.0,-3.153327226638794,-4.652597904205322,-3.0732269287109375,0.0
1984,ACH-000930,-1.314459204673767,-2.7751588821411133,1.3478411436080933,0.11285848915576935,True,-3.186976909637451,0.96875,-3.1753501127771004,0.026851624250411987,-5.0,-3.1284921169281006,-3.83115291595459,-3.063331127166748,0.0
1985,ACH-000934,1.2325159311294556,-0.17083275318145752,1.294286847114563,0.10906186699867249,True,-3.1424882411956787,1.0,-3.1720639256189584,0.05446845665574074,-5.0,-3.1424882411956787,-3.8412044048309326,-3.064746618270874,0.0
1986,ACH-001390,1.0332744121551514,-0.24547602236270905,1.1909328699111938,0.08781757950782776,True,-3.1503000259399414,1.0,-3.1698875356510565,0.057334739714860916,-5.0,-3.1503000259399414,-3.9909868240356445,-3.0866734981536865,0.0
1987,ACH-001819,1.237471580505371,-0.17268921434879303,1.3012266159057617,0.1089342013001442,True,-3.1066086292266846,0.984375,-3.163559645008619,0.05576812103390694,-5.0,-3.0765552520751953,-3.376115083694458,-3.0324697494506836,0.0
1988,ACH-001820,0.8447633385658264,-0.5663778185844421,1.3071997165679932,0.10394144058227539,True,-3.213223695755005,0.984375,-3.1685260500832575,0.08174145221710205,-5.0,-3.1848621368408203,-4.091282844543457,-3.089878797531128,0.0
1989,ACH-000017,-1.2284648418426514,-2.565140724182129,1.2303588390350342,0.10631708800792694,True,-3.1912107467651367,0.96875,-3.1707945197514453,0.030696731060743332,-5.0,-3.1328628063201904,-4.1732378005981445,-3.0577774047851562,0.0
1990,ACH-000019,-0.7710210084915161,-2.183206081390381,1.3114629983901978,0.10072202980518341,True,-3.2079339027404785,0.96875,-3.1745084580503486,0.039808325469493866,-5.0,-3.15012526512146,-4.30210018157959,-3.0661206245422363,0.0
1991,ACH-000044,0.5357043147087097,-0.7879391312599182,1.21755051612854,0.1060929149389267,True,-2.9626688957214355,0.96875,-3.1533245018174574,0.07070931792259216,-5.0,-2.8969483375549316,-3.8959052562713623,-2.840099334716797,0.0
1992,ACH-000097,0.5420013666152954,-0.8498895168304443,1.2956881523132324,0.09620274603366852,True,-3.179532527923584,0.984375,-3.15594530442807,0.05293950065970421,-5.0,-3.1506361961364746,-4.010997772216797,-3.0879204273223877,0.0
1993,ACH-000111,0.15734446048736572,-1.2690112590789795,1.3177049160003662,0.1086508259177208,True,-3.1985247135162354,0.984375,-3.1602032453368865,0.05051508545875549,-5.0,-3.1699302196502686,-4.380262851715088,-3.052527904510498,0.0
1994,ACH-000117,-0.5873936414718628,-1.9432605504989624,1.2482497692108154,0.10761713981628418,True,-3.1968441009521484,0.96875,-3.1638673308984124,0.024623528122901917,-5.0,-3.1386773586273193,-3.942965507507324,-3.0866007804870605,0.0
1995,ACH-000147,-0.6445908546447754,-2.104640483856201,1.3565231561660767,0.10352642089128494,True,-3.275834798812866,0.9375,-3.1750640776898575,0.07194057106971741,-5.0,-3.160890579223633,-4.209560394287109,-3.077127456665039,0.0
1996,ACH-000148,-0.7510393857955933,-2.2982096672058105,1.4409070014953613,0.10626325756311417,True,-3.3003954887390137,0.953125,-3.187597218794773,0.052681975066661835,-5.0,-3.216808319091797,-4.449226379394531,-3.0887203216552734,0.0
1997,ACH-000196,-2.2430882453918457,-3.5554511547088623,1.2044023275375366,0.10796061158180237,True,-3.2024550437927246,0.96875,-3.1890830012945686,0.0334591269493103,-5.0,-3.144469738006592,-4.005532741546631,-3.058457851409912,0.0
1998,ACH-000212,-1.05988609790802,-2.499513864517212,1.3290935754776,0.11053422838449478,True,-3.270681381225586,0.96875,-3.19724283928767,0.051333263516426086,-5.0,-3.2148969173431396,-4.292356967926025,-3.091063976287842,0.0
1999,ACH-000223,1.0842171907424927,-0.30789172649383545,1.2845345735549927,0.10757434368133545,True,-3.1565680503845215,0.984375,-3.193175360397355,0.08443523198366165,-5.0,-3.127307415008545,-3.640043258666992,-3.0884602069854736,0.0
2000,ACH-000248,-0.7160518169403076,-2.1594269275665283,1.336103916168213,0.10727125406265259,True,-3.1691789627075195,0.984375,-3.1907757206283716,0.03505470231175423,-5.0,-3.1401185989379883,-4.060547351837158,-3.0454328060150146,0.0
