epoch,ach_id,loss,rl_loss,vae_recon_loss,vae_kl_loss,used_encoder,mean_reward,mean_reward_penalized,lambda_div,batch_uniqueness,validity,baseline,entropy,invalid_penalty,mean_reward_valid,min_reward_valid,max_reward_valid,frac_valid_below_penalty
1,ACH-000019,-986.2400512695312,-992.8026123046875,6.013729095458984,0.5488321781158447,True,-4.943277359008789,-4.952652931213379,0.1,0.7142857142857143,0.109375,-0.49526529312133777,1.6631983518600464,-5.0,-4.481395721435547,-5.2233381271362305,-4.197456359863281,0.1428571492433548
2,ACH-000044,-1147.6260986328125,-1154.5206298828125,6.335821151733398,0.5587241649627686,True,-4.8205647468566895,-4.833065032958984,0.1,0.625,0.125,-0.9290452671051024,2.1458840370178223,-5.0,-3.5645179748535156,-3.7894699573516846,-3.2612500190734863,0.0
3,ACH-000097,-680.57666015625,-687.111328125,5.981207847595215,0.5534636378288269,True,-4.991137504577637,-4.991137504577637,0.1,1.0,0.0625,-1.3352544908523558,1.4114701747894287,-5.0,-4.8581953048706055,-5.209224700927734,-4.4828715324401855,0.5
4,ACH-000111,-628.9739379882812,-635.3954467773438,5.869487762451172,0.5520496368408203,True,-4.962162017822266,-4.962162017822266,0.1,1.0,0.0625,-1.6979452435493467,1.4416958093643188,-5.0,-4.394596576690674,-4.745954513549805,-4.1566691398620605,0.0
5,ACH-000117,-545.6528930664062,-551.737060546875,5.545312404632568,0.5388613343238831,True,-4.948473930358887,-4.95159912109375,0.1,0.8333333333333334,0.09375,-2.023310631303787,1.4109370708465576,-5.0,-4.450390815734863,-4.641740322113037,-4.010507106781006,0.0
6,ACH-000147,-680.4000854492188,-687.1119384765625,6.135253429412842,0.5765699148178101,True,-4.987607955932617,-4.9907331466674805,0.1,0.6666666666666666,0.046875,-2.320052882840156,1.9651000499725342,-5.0,-4.735633850097656,-4.89527702331543,-4.416347503662109,0.0
7,ACH-000148,-675.2918090820312,-681.64501953125,5.812007427215576,0.5412312746047974,True,-4.945067405700684,-4.948192596435547,0.1,0.8333333333333334,0.09375,-2.582866854199695,2.1265487670898438,-5.0,-4.414053440093994,-4.802177429199219,-3.7960166931152344,0.0
8,ACH-000196,-456.07586669921875,-462.48291015625,5.838293075561523,0.5687379837036133,True,-4.844074726104736,-4.8471999168396,0.1,0.8888888888888888,0.140625,-2.809300160463686,1.6067527532577515,-5.0,-3.89119815826416,-5.085062026977539,-3.4596805572509766,0.1111111119389534
9,ACH-000212,-438.1531982421875,-444.66571044921875,5.921977519989014,0.5905426740646362,True,-4.977791786193848,-4.977791786193848,0.1,1.0,0.09375,-3.026149323036702,1.691461443901062,-5.0,-4.763110160827637,-5.147714614868164,-4.283939838409424,0.1666666716337204
10,ACH-000223,-405.38800048828125,-411.7221374511719,5.771907329559326,0.5622159242630005,True,-4.937582015991211,-4.940707206726074,0.1,0.8888888888888888,0.140625,-3.217605111405639,1.7666370868682861,-5.0,-4.556138038635254,-4.97719669342041,-3.7810568809509277,0.0
11,ACH-000248,-274.8332824707031,-281.1412658691406,5.745544910430908,0.5624324083328247,True,-4.897079944610596,-4.918954849243164,0.1,0.6363636363636364,0.171875,-3.3877400851893915,1.3120534420013428,-5.0,-4.401191711425781,-5.0888872146606445,-4.067816257476807,0.09090909361839294
12,ACH-000258,-246.0144500732422,-252.20199584960938,5.6188225746154785,0.5687169432640076,True,-4.79995059967041,-4.803075790405273,0.1,0.875,0.125,-3.5292736557109796,1.3250623941421509,-5.0,-3.399603843688965,-4.365471839904785,-1.5138243436813354,0.0
13,ACH-000276,-304.49884033203125,-310.7246398925781,5.651741981506348,0.5740663409233093,True,-4.956472396850586,-4.956472396850586,0.1,1.0,0.078125,-3.67199352982494,1.7987972497940063,-5.0,-4.44285249710083,-4.872293949127197,-3.840078592300415,0.0
14,ACH-000277,-276.74554443359375,-282.9456481933594,5.658243656158447,0.5418695211410522,True,-4.90824031829834,-4.90824031829834,0.1,1.0,0.09375,-3.79561820867228,1.7931585311889648,-5.0,-4.0212297439575195,-4.527434349060059,-3.4257683753967285,0.0
15,ACH-000288,-220.2796630859375,-226.60818481445312,5.7668256759643555,0.5616909265518188,True,-4.954571723937988,-4.96394681930542,0.1,0.75,0.125,-3.912451069735594,1.5834964513778687,-5.0,-4.636574745178223,-5.205519199371338,-4.234431743621826,0.125
16,ACH-000330,-194.21206665039062,-200.3995361328125,5.605288028717041,0.5821890830993652,True,-4.953788757324219,-4.953788757324219,0.1,1.0,0.078125,-4.016584838494456,1.569887399673462,-5.0,-4.408497333526611,-5.123687744140625,-3.3732705116271973,0.20000000298023224
17,ACH-000349,-194.99484252929688,-200.97076416015625,5.4139533042907715,0.5619691610336304,True,-4.973954200744629,-4.973954200744629,0.1,1.0,0.0625,-4.112321774719473,1.6969616413116455,-5.0,-4.58326530456543,-4.8955078125,-4.24191427230835,0.0
18,ACH-000352,-180.2620086669922,-186.44888305664062,5.620811939239502,0.5660579800605774,True,-4.854866981506348,-4.857992172241211,0.1,0.8888888888888888,0.140625,-4.186888814471647,1.7547798156738281,-5.0,-3.967944622039795,-4.301857948303223,-3.515923023223877,0.0
19,ACH-000374,-137.58665466308594,-143.74020385742188,5.58220911026001,0.5713379979133606,True,-4.987274169921875,-4.987274169921875,0.1,1.0,0.0625,-4.26692735001667,1.4920415878295898,-5.0,-4.796387672424316,-5.074897289276123,-4.541036128997803,0.25
20,ACH-000536,-155.80776977539062,-161.99729919433594,5.634877681732178,0.5546534657478333,True,-4.971923351287842,-4.971923351287842,0.1,1.0,0.078125,-4.337426950143787,1.8691480159759521,-5.0,-4.64061975479126,-5.152101993560791,-4.124195575714111,0.4000000059604645
21,ACH-000554,-108.14755249023438,-114.04903411865234,5.335830211639404,0.5656513571739197,True,-4.95626974105835,-4.9687700271606445,0.1,0.7,0.15625,-4.400561257845474,1.4414477348327637,-5.0,-4.720126152038574,-5.022261142730713,-4.535921096801758,0.10000000149011612
22,ACH-000568,-116.07383728027344,-122.26571655273438,5.635403156280518,0.5564773082733154,True,-4.9511871337890625,-4.954311847686768,0.1,0.75,0.0625,-4.455936316829603,1.6974531412124634,-5.0,-4.218991756439209,-4.320643424987793,-3.9859957695007324,0.0
23,ACH-000573,-92.32428741455078,-98.33946228027344,5.4673309326171875,0.5478429794311523,True,-4.93269157409668,-4.935815811157227,0.1,0.8333333333333334,0.09375,-4.5039242662623655,1.5292091369628906,-5.0,-4.282038688659668,-4.559538841247559,-3.8515007495880127,0.0
24,ACH-000621,-90.27887725830078,-96.01123809814453,5.170871734619141,0.5614873170852661,True,-4.93528938293457,-4.93528938293457,0.1,1.0,0.140625,-4.547060777929586,1.6365892887115479,-5.0,-4.539835453033447,-5.209857940673828,-3.9938273429870605,0.2222222238779068
25,ACH-000624,-73.00152587890625,-78.9197998046875,5.367675304412842,0.5505964756011963,True,-4.877788066864014,-4.880913257598877,0.1,0.875,0.125,-4.5804460258965145,1.4786356687545776,-5.0,-4.022304534912109,-4.526785373687744,-3.278561592102051,0.0
26,ACH-000643,-44.912635803222656,-50.47781753540039,5.004203796386719,0.5609769821166992,True,-4.923213005065918,-4.926337718963623,0.1,0.875,0.125,-4.615035195203226,1.0224106311798096,-5.0,-4.385702610015869,-5.040208339691162,-3.3833086490631104,0.25
27,ACH-000668,-70.87975311279297,-76.88727569580078,5.426535129547119,0.5809881687164307,True,-4.979029178619385,-4.98215389251709,0.1,0.8,0.078125,-4.651747064934613,1.6898696422576904,-5.0,-4.731570720672607,-5.066215515136719,-4.203090190887451,0.20000000298023224
28,ACH-000691,-50.1270751953125,-55.88970947265625,5.1949782371521,0.5676581263542175,True,-4.9261474609375,-4.929272651672363,0.1,0.8,0.078125,-4.679499623608388,1.3697043657302856,-5.0,-4.054687023162842,-4.153421401977539,-3.817580223083496,0.0
29,ACH-000699,-47.31309127807617,-53.424774169921875,5.513345241546631,0.5983364582061768,True,-4.963696479797363,-4.963696479797363,0.1,1.0,0.125,-4.707919309227285,1.4000244140625,-5.0,-4.709568977355957,-5.346988677978516,-3.8509023189544678,0.125
30,ACH-000711,-43.05449676513672,-48.643646240234375,4.9885783195495605,0.6005719304084778,True,-4.942193031311035,-4.942193031311035,0.1,1.0,0.078125,-4.73134668143566,1.4037928581237793,-5.0,-4.26007080078125,-4.957945823669434,-3.6024491786956787,0.0
31,ACH-000725,-38.661251068115234,-44.29604721069336,5.086071014404297,0.5487260818481445,True,-4.9537153244018555,-4.9537153244018555,0.1,1.0,0.09375,-4.75358354573228,1.3952003717422485,-5.0,-4.506295204162598,-5.031373023986816,-4.0864081382751465,0.1666666716337204
32,ACH-000755,-37.715641021728516,-43.4775276184082,5.18963623046875,0.5722512006759644,True,-4.912293434143066,-4.91541862487793,0.1,0.8888888888888888,0.140625,-4.769767053646845,1.4853427410125732,-5.0,-4.3763108253479,-4.925708770751953,-3.4206900596618652,0.0
33,ACH-000759,-39.87485885620117,-45.54317092895508,5.101716995239258,0.566595733165741,True,-4.963016033172607,-4.9661407470703125,0.1,0.8,0.078125,-4.7894044229891914,1.6500685214996338,-5.0,-4.5266032218933105,-4.638066291809082,-4.32257080078125,0.0
34,ACH-000768,-31.54489517211914,-37.39946365356445,5.286870002746582,0.5676993131637573,True,-4.938744068145752,-4.948119163513184,0.1,0.8,0.15625,-4.805275897041591,1.4940838813781738,-5.0,-4.607961177825928,-5.209752559661865,-3.9630181789398193,0.10000000149011612
35,ACH-000783,-33.89756393432617,-39.333438873291016,4.869374752044678,0.5664992928504944,True,-4.946559429168701,-4.946559429168701,0.1,1.0,0.078125,-4.819404250254302,1.7105950117111206,-5.0,-4.3159613609313965,-4.6284356117248535,-3.9896562099456787,0.0
36,ACH-000818,-36.171024322509766,-42.25486373901367,5.490847587585449,0.5929914712905884,True,-4.882930755615234,-4.8860554695129395,0.1,0.75,0.0625,-4.826069372180166,1.9794790744781494,-5.0,-3.1268911361694336,-3.242713689804077,-2.9899470806121826,0.0
37,ACH-000828,-30.086883544921875,-35.717918395996094,5.059412002563477,0.5716231465339661,True,-4.892828464508057,-4.895953178405762,0.1,0.75,0.0625,-4.833057752802725,1.7592216730117798,-5.0,-3.285254716873169,-3.5176877975463867,-2.9765937328338623,0.0
38,ACH-000849,-21.538040161132812,-26.84267234802246,4.76358699798584,0.5410455465316772,True,-4.923409461975098,-4.923409461975098,0.1,1.0,0.109375,-4.842092923719962,1.3620198965072632,-5.0,-4.299742698669434,-4.740655422210693,-3.888751268386841,0.0
39,ACH-000856,-17.439062118530273,-22.791826248168945,4.767431259155273,0.5853328704833984,True,-4.879217147827148,-4.879217147827148,0.1,1.0,0.140625,-4.845805346130681,1.2296817302703857,-5.0,-4.1411004066467285,-5.143690586090088,-3.4514617919921875,0.1111111119389534
40,ACH-000857,-18.340545654296875,-23.796619415283203,4.86279821395874,0.5932745933532715,True,-4.8845744132995605,-4.8845744132995605,0.1,1.0,0.15625,-4.849682252847569,1.32880699634552,-5.0,-4.261277198791504,-4.763634204864502,-3.819258213043213,0.0
41,ACH-000859,-15.101566314697266,-20.599369049072266,4.915898323059082,0.5819045901298523,True,-4.904107093811035,-4.904107093811035,0.1,1.0,0.171875,-4.855124736943916,1.189573049545288,-5.0,-4.442078590393066,-4.995373725891113,-3.981842517852783,0.0
42,ACH-000876,-22.62103271484375,-27.80196762084961,4.600899696350098,0.5800344944000244,True,-4.950839042663574,-4.9539642333984375,0.1,0.875,0.125,-4.865008686589368,1.627027988433838,-5.0,-4.606715202331543,-4.903553009033203,-3.9418320655822754,0.0
43,ACH-000902,-14.774332046508789,-19.86631202697754,4.508598327636719,0.5833820700645447,True,-4.896411418914795,-4.896411418914795,0.1,1.0,0.140625,-4.868148959821911,1.271669626235962,-5.0,-4.263368606567383,-4.849865913391113,-3.758920669555664,0.0
44,ACH-000910,-14.142389297485352,-19.248149871826172,4.512927532196045,0.5928330421447754,True,-4.8747053146362305,-4.887205123901367,0.1,0.7692307692307693,0.203125,-4.870054576229856,1.261831521987915,-5.0,-4.383163928985596,-4.89912748336792,-3.8629016876220703,0.0
45,ACH-000927,-19.494123458862305,-25.05672264099121,4.94625997543335,0.6163393259048462,True,-4.893828392028809,-4.893828392028809,0.1,1.0,0.109375,-4.872431957809751,1.6628466844558716,-5.0,-4.029290676116943,-4.6535491943359375,-2.5491206645965576,0.0
46,ACH-000930,-10.172021865844727,-15.25650405883789,4.477211952209473,0.6072698831558228,True,-4.893671035766602,-4.896796226501465,0.1,0.9166666666666666,0.1875,-4.874868384678923,1.0258281230926514,-5.0,-4.432912826538086,-5.062946796417236,-3.3796792030334473,0.0833333358168602
47,ACH-000934,-10.815925598144531,-15.953240394592285,4.550751686096191,0.5865635871887207,True,-4.916518688201904,-4.919643878936768,0.1,0.875,0.125,-4.879345934104707,1.0926694869995117,-5.0,-4.332150459289551,-4.910057544708252,-3.8958423137664795,0.0
48,ACH-001390,-24.882854461669922,-31.550413131713867,6.008657455444336,0.6589018702507019,True,-5.0,-5.0,0.1,0.0,0.0,-4.891411340694237,2.1846628189086914,-5.0,nan,nan,nan,nan
49,ACH-001819,-12.787324905395508,-17.824262619018555,4.451608180999756,0.5853290557861328,True,-4.912769317626953,-4.912769317626953,0.1,1.0,0.109375,-4.893547138387509,1.3931626081466675,-5.0,-4.202459812164307,-4.519611358642578,-3.7747035026550293,0.0
50,ACH-001820,-10.860864639282227,-15.741146087646484,4.29601526260376,0.5842657685279846,True,-4.932127475738525,-4.932127475738525,0.1,1.0,0.109375,-4.897405172122611,1.271507740020752,-5.0,-4.379448890686035,-5.007518291473389,-2.74953031539917,0.1428571492433548
51,ACH-000017,-11.2413330078125,-15.925211906433105,4.121980667114258,0.5618975758552551,True,-4.879477500915527,-4.898227214813232,0.1,0.7,0.15625,-4.897487376391673,1.3313651084899902,-5.0,-4.228654384613037,-4.874607086181641,-3.8766226768493652,0.0
52,ACH-000019,-7.279038429260254,-12.596895217895508,4.756173610687256,0.5616832971572876,True,-4.89798641204834,-4.901111602783203,0.1,0.9166666666666666,0.1875,-4.897849799030826,1.080212116241455,-5.0,-4.455927848815918,-5.071116924285889,-2.9467709064483643,0.1666666716337204
53,ACH-000044,-16.715383529663086,-22.24982261657715,4.926451683044434,0.6079868674278259,True,-4.910515785217285,-4.910515785217285,0.1,1.0,0.0625,-4.899116397649472,1.8551313877105713,-5.0,-3.5682532787323,-3.9846391677856445,-3.135624647140503,0.0
54,ACH-000097,-2.8015284538269043,-7.940818786621094,4.571027755737305,0.5682624578475952,True,-4.912643909454346,-4.922019004821777,0.1,0.7272727272727273,0.171875,-4.901406658366702,0.7200624346733093,-5.0,-4.49174690246582,-5.209274768829346,-3.7426211833953857,0.27272728085517883
55,ACH-000111,-5.973059177398682,-10.709060668945312,4.130379676818848,0.6056216955184937,True,-4.883612632751465,-4.883612632751465,0.1,1.0,0.1875,-4.8996272558051785,0.9650817513465881,-5.0,-4.379266262054443,-5.524831771850586,-3.3922841548919678,0.0833333358168602
56,ACH-000117,-5.590021133422852,-9.906044006347656,3.727851390838623,0.5881717205047607,True,-4.866264343261719,-4.869389533996582,0.1,0.9166666666666666,0.1875,-4.896603483624319,0.8731380105018616,-5.0,-4.286744117736816,-5.2429399490356445,-3.3429131507873535,0.0833333358168602
57,ACH-000147,-13.261947631835938,-18.216808319091797,4.428830146789551,0.5260303020477295,True,-4.919053077697754,-4.937803268432617,0.1,0.6666666666666666,0.140625,-4.900723462105149,1.490180492401123,-5.0,-4.424378395080566,-5.181596279144287,-3.810662031173706,0.1111111119389534
58,ACH-000148,-10.905467987060547,-15.642014503479004,4.158541679382324,0.5780042409896851,True,-4.961861610412598,-4.964986324310303,0.1,0.8,0.078125,-4.907149748325664,1.3424503803253174,-5.0,-4.511826515197754,-4.587958812713623,-4.453885078430176,0.0
59,ACH-000196,-5.563762187957764,-10.144281387329102,3.9771459102630615,0.6033734083175659,True,-4.801263809204102,-4.804388999938965,0.1,0.9285714285714286,0.21875,-4.896873673486994,1.0079872608184814,-5.0,-4.09149169921875,-4.991672515869141,-3.3969244956970215,0.0
60,ACH-000212,-6.965531349182129,-11.48139476776123,3.9044508934020996,0.6114124655723572,True,-4.884746551513672,-4.884746551513672,0.1,1.0,0.1875,-4.895660961289662,0.9716193675994873,-5.0,-4.385316848754883,-5.147705078125,-3.3898754119873047,0.0833333358168602
61,ACH-000223,-6.65024995803833,-11.113774299621582,3.857609748840332,0.6059147715568542,True,-4.91243839263916,-4.91243839263916,0.1,1.0,0.140625,-4.897338704424612,0.9376261830329895,-5.0,-4.377340793609619,-4.97719669342041,-3.8532676696777344,0.0
62,ACH-000248,-7.3302836418151855,-11.852580070495605,3.9088659286499023,0.613430380821228,True,-4.914107799530029,-4.917232513427734,0.1,0.9,0.15625,-4.899328085324925,1.0098791122436523,-5.0,-4.450290203094482,-4.997113227844238,-3.9828102588653564,0.0
63,ACH-000258,-6.856634140014648,-11.441508293151855,3.976943254470825,0.6079307198524475,True,-4.868771553039551,-4.868771553039551,0.1,1.0,0.140625,-4.896272432096388,1.02863609790802,-5.0,-4.066817283630371,-4.697227478027344,-3.020577907562256,0.0
64,ACH-000276,-6.572029113769531,-10.945555686950684,3.757844924926758,0.615681529045105,True,-4.887846946716309,-4.890972137451172,0.1,0.9230769230769231,0.203125,-4.895742402631866,0.9649397730827332,-5.0,-4.4478631019592285,-5.0550312995910645,-3.7902379035949707,0.07692307978868484
65,ACH-000277,-7.194392681121826,-11.50143814086914,3.713906764984131,0.5931386947631836,True,-4.824732780456543,-4.846607208251953,0.1,0.7777777777777778,0.28125,-4.890828883193874,1.0132544040679932,-5.0,-4.376826286315918,-5.637670993804932,-3.5112836360931396,0.0555555559694767
66,ACH-000288,-16.832256317138672,-21.432558059692383,4.020301342010498,0.5799998641014099,True,-4.926153182983398,-4.926153182983398,0.1,1.0,0.125,-4.894361313172826,1.6644787788391113,-5.0,-4.4092254638671875,-4.982795715332031,-3.379532814025879,0.0
67,ACH-000330,-2.958939552307129,-7.248256683349609,3.6593949794769287,0.6299222707748413,True,-4.907253265380859,-4.910378456115723,0.1,0.9166666666666666,0.1875,-4.895963027467116,0.6206468939781189,-5.0,-4.505352020263672,-5.1236724853515625,-3.5893197059631348,0.1666666716337204
68,ACH-000349,-7.954738140106201,-11.90785026550293,3.36100697517395,0.5921051502227783,True,-4.965978622436523,-4.97222900390625,0.1,0.75,0.125,-4.903589625111029,0.961530327796936,-5.0,-4.727829933166504,-5.2180562019348145,-4.143798351287842,0.375
69,ACH-000352,-6.52956485748291,-10.588837623596191,3.451019525527954,0.6082531213760376,True,-4.771056175231934,-4.774181365966797,0.1,0.9285714285714286,0.21875,-4.890648799196606,1.0316494703292847,-5.0,-3.9534003734588623,-4.399343967437744,-3.3424715995788574,0.0
70,ACH-000374,-6.532187461853027,-10.635407447814941,3.481301784515381,0.6219180822372437,True,-4.871855735778809,-4.878106117248535,0.1,0.8666666666666667,0.234375,-4.889394531001799,0.8798434734344482,-5.0,-4.453251361846924,-5.215251445770264,-3.9073922634124756,0.13333334028720856
71,ACH-000536,-10.723705291748047,-14.861738204956055,3.556027412414551,0.5820052623748779,True,-4.926538944244385,-4.92966365814209,0.1,0.9090909090909091,0.171875,-4.8934214437158285,1.1424095630645752,-5.0,-4.572588920593262,-5.152092933654785,-3.8017845153808594,0.1818181872367859
72,ACH-000554,-5.948887348175049,-10.026968002319336,3.428083896636963,0.6499967575073242,True,-4.799737453460693,-4.821612358093262,0.1,0.8181818181818182,0.34375,-4.886240535153572,0.8715595006942749,-5.0,-4.417418956756592,-5.056384086608887,-3.5069851875305176,0.1818181872367859
73,ACH-000568,-8.071715354919434,-12.332097053527832,3.64139723777771,0.6189843416213989,True,-4.767790794372559,-4.770915985107422,0.1,0.9333333333333333,0.234375,-4.874708080148957,0.9828177690505981,-5.0,-4.009241104125977,-4.411128044128418,-3.5077052116394043,0.0
74,ACH-000573,-7.01884651184082,-10.762785911560059,3.1178786754608154,0.626060962677002,True,-4.832243919372559,-4.8509931564331055,0.1,0.8125,0.25,-4.872336587777371,0.7938825488090515,-5.0,-4.328973770141602,-4.843447685241699,-3.4401845932006836,0.0
75,ACH-000621,-6.412782669067383,-10.304773330688477,3.294485092163086,0.5975057482719421,True,-4.85093879699707,-4.860313415527344,0.1,0.8888888888888888,0.28125,-4.871134270552369,0.7349870204925537,-5.0,-4.470003604888916,-5.0176849365234375,-3.803312301635742,0.0555555559694767
76,ACH-000624,-2.3904266357421875,-6.199619293212891,3.2173385620117188,0.5918539762496948,True,-4.730745792388916,-4.730745792388916,0.1,1.0,0.34375,-4.857095422736023,0.5424604415893555,-5.0,-4.2167158126831055,-5.0644941329956055,-2.353055953979492,0.04545454680919647
77,ACH-000643,-9.337749481201172,-13.139090538024902,3.1730966567993164,0.6282446980476379,True,-4.879997253417969,-4.883121967315674,0.1,0.9285714285714286,0.21875,-4.859698077193989,0.8118793964385986,-5.0,-4.451415061950684,-5.186069488525391,-3.7981815338134766,0.1428571492433548
78,ACH-000668,-8.567182540893555,-12.377335548400879,3.213056802749634,0.5970960855484009,True,-4.880377292633057,-4.883502006530762,0.1,0.9166666666666666,0.1875,-4.862078470127666,0.7653305530548096,-5.0,-4.3620123863220215,-4.664300441741943,-3.9071431159973145,0.0
79,ACH-000691,-5.212687969207764,-9.085789680480957,3.2410471439361572,0.6320546865463257,True,-4.848020553588867,-4.848020553588867,0.1,1.0,0.234375,-4.860672678473786,0.5950976610183716,-5.0,-4.351554870605469,-4.985241889953613,-3.871692419052124,0.0
80,ACH-000699,-8.043968200683594,-11.848641395568848,3.1843740940093994,0.6202992796897888,True,-4.867247581481934,-4.870372772216797,0.1,0.9166666666666666,0.1875,-4.861642687848087,0.7578408718109131,-5.0,-4.291987419128418,-4.617852687835693,-3.5915908813476562,0.0
81,ACH-000711,-10.780991554260254,-14.542967796325684,3.1397018432617188,0.6222745180130005,True,-4.90146017074585,-4.90146017074585,0.1,1.0,0.21875,-4.865624436137863,0.9215418100357056,-5.0,-4.549531936645508,-5.183089733123779,-3.1258583068847656,0.2142857313156128
82,ACH-000725,-9.292661666870117,-12.936080932617188,3.01877760887146,0.6246417760848999,True,-4.761835098266602,-4.774334907531738,0.1,0.8095238095238095,0.328125,-4.856495483277251,0.923689603805542,-5.0,-4.274163246154785,-5.088705062866211,-3.6293601989746094,0.095238097012043
83,ACH-000755,-9.192378044128418,-12.93970012664795,3.137150287628174,0.6101715564727783,True,-4.865321159362793,-4.877821922302246,0.1,0.7857142857142857,0.21875,-4.858628127179751,0.7971357107162476,-5.0,-4.384326934814453,-4.865811347961426,-3.8392446041107178,0.0
84,ACH-000759,-8.52109146118164,-12.425785064697266,3.269162178039551,0.635532021522522,True,-4.814817428588867,-4.814817428588867,0.1,1.0,0.28125,-4.854247057320663,0.7989828586578369,-5.0,-4.341574192047119,-4.823952674865723,-3.8464853763580322,0.0
85,ACH-000768,-5.927004814147949,-9.747058868408203,3.223206043243408,0.5968483090400696,True,-4.819750785827637,-4.829126358032227,0.1,0.85,0.3125,-4.851734987391819,0.6097525358200073,-5.0,-4.423203945159912,-5.209752559661865,-3.5559544563293457,0.20000000298023224
86,ACH-000783,-2.064399480819702,-5.790361404418945,3.091855525970459,0.6341063976287842,True,-4.891529083251953,-4.891529083251953,0.1,1.0,0.265625,-4.855714396977833,0.3472326099872589,-5.0,-4.59163761138916,-5.968979835510254,-3.570584774017334,0.1764705926179886
87,ACH-000818,-14.44373607635498,-18.22426986694336,3.1426191329956055,0.6379144787788391,True,-4.765382289886475,-4.76850700378418,0.1,0.875,0.125,-4.846993657658468,1.1167922019958496,-5.0,-3.123058319091797,-3.641572952270508,-2.929140329360962,0.0
88,ACH-000828,-5.278631210327148,-9.09079360961914,3.189612627029419,0.6225497722625732,True,-4.6279072761535645,-4.634157180786133,0.1,0.8571428571428571,0.21875,-4.825710009971234,0.6038321256637573,-5.0,-3.2990050315856934,-3.6424481868743896,-2.9982941150665283,0.0
89,ACH-000849,-13.775196075439453,-17.557952880859375,3.19305157661438,0.5897058248519897,True,-4.794368743896484,-4.809993267059326,0.1,0.7647058823529411,0.265625,-4.8241383356800425,0.8827128410339355,-5.0,-4.225857734680176,-5.25098991394043,-3.729081869125366,0.05882352963089943
90,ACH-000856,-8.406679153442383,-11.970948219299316,2.9614524841308594,0.6028167605400085,True,-4.728821754455566,-4.728821754455566,0.1,1.0,0.328125,-4.814606677557595,0.6348907947540283,-5.0,-4.1735520362854,-4.854221820831299,-3.5688395500183105,0.0
91,ACH-000857,-5.218756198883057,-8.834883689880371,2.9686739444732666,0.6474534869194031,True,-4.756893157958984,-4.769393444061279,0.1,0.84,0.390625,-4.810085354207963,0.4468165934085846,-5.0,-4.3776469230651855,-5.030210971832275,-3.7877817153930664,0.03999999910593033
92,ACH-000859,-8.132184028625488,-12.047919273376465,3.2723798751831055,0.6433554887771606,True,-4.837990760803223,-4.837990760803223,0.1,1.0,0.296875,-4.8128758948674895,0.5782797336578369,-5.0,-4.454284191131592,-4.990062236785889,-3.915700912475586,0.0
93,ACH-000876,-11.203292846679688,-14.81125259399414,2.992432117462158,0.6155279874801636,True,-4.832034587860107,-4.835159778594971,0.1,0.9333333333333333,0.234375,-4.815104283240237,0.6948941349983215,-5.0,-4.2833476066589355,-4.829081058502197,-3.747523784637451,0.0
94,ACH-000902,-6.463115692138672,-9.999249458312988,2.8964664936065674,0.6396673917770386,True,-4.769291877746582,-4.769291877746582,0.1,1.0,0.34375,-4.810523042690872,0.49606096744537354,-5.0,-4.3288493156433105,-4.914620399475098,-3.4073710441589355,0.0
95,ACH-000910,-14.36070728302002,-18.012680053710938,3.0347487926483154,0.6172237396240234,True,-4.756105422973633,-4.756105422973633,0.1,1.0,0.328125,-4.805081280719148,0.8445162177085876,-5.0,-4.256702423095703,-5.2676100730896,-3.0024194717407227,0.095238097012043
96,ACH-000927,-6.443495750427246,-10.276496887207031,3.20692777633667,0.6260733604431152,True,-4.734148979187012,-4.734148979187012,0.1,1.0,0.3125,-4.797988050565935,0.5436993837356567,-5.0,-4.149276256561279,-4.718985557556152,-3.418199300765991,0.0
97,ACH-000930,-8.023037910461426,-11.42697811126709,2.7585437297821045,0.6453967094421387,True,-4.852856159210205,-4.862231254577637,0.1,0.8888888888888888,0.28125,-4.804412370967105,0.5110811591148376,-5.0,-4.476821422576904,-4.989434242248535,-3.724637985229492,0.0
98,ACH-000934,-7.778405666351318,-11.332963943481445,2.9046316146850586,0.6499265432357788,True,-4.858575820922852,-4.861701011657715,0.1,0.9473684210526315,0.296875,-4.810141235036166,0.5049948692321777,-5.0,-4.523624420166016,-5.072286605834961,-3.9720749855041504,0.05263157933950424
99,ACH-001390,-23.727493286132812,-28.115585327148438,3.7201225757598877,0.6679689884185791,True,-4.9410624504089355,-4.944187164306641,0.1,0.875,0.125,-4.823545827963214,1.2590423822402954,-5.0,-4.528497219085693,-5.024109840393066,-3.84452486038208,0.375
100,ACH-001819,-6.8519721031188965,-10.52910041809082,3.0462558269500732,0.6308724880218506,True,-4.755288124084473,-4.764662742614746,0.1,0.8333333333333334,0.28125,-4.817657519428367,0.5666311383247375,-5.0,-4.129912376403809,-4.763694763183594,-3.6292340755462646,0.0
101,ACH-001820,-3.5553808212280273,-7.057348728179932,2.8734374046325684,0.6285305023193359,True,-4.7214579582214355,-4.727707862854004,0.1,0.9310344827586207,0.453125,-4.80866255377093,0.4197877049446106,-5.0,-4.3852858543396,-5.1864824295043945,-3.7022340297698975,0.13793103396892548
102,ACH-000017,-5.4043474197387695,-9.145055770874023,3.105478048324585,0.6352304220199585,True,-4.8197736740112305,-4.8197736740112305,0.1,1.0,0.359375,-4.80977366579496,0.4689823389053345,-5.0,-4.498499870300293,-5.348888397216797,-3.876621723175049,0.1304347813129425
103,ACH-000019,-13.741772651672363,-17.291580200195312,2.9589290618896484,0.5908786058425903,True,-4.788120269775391,-4.791245460510254,0.1,0.95,0.3125,-4.80792084526649,0.8051698803901672,-5.0,-4.321985721588135,-4.942185878753662,-3.3772659301757812,0.0
104,ACH-000044,-19.210201263427734,-23.20064926147461,3.3689582347869873,0.6214889287948608,True,-4.705697536468506,-4.708822727203369,0.1,0.9230769230769231,0.203125,-4.7980110334601775,1.0826694965362549,-5.0,-3.5511281490325928,-4.073390007019043,-3.1371564865112305,0.0
105,ACH-000097,-4.5038580894470215,-8.46631908416748,3.3546946048736572,0.6077663898468018,True,-4.7887701988220215,-4.791894912719727,0.1,0.9565217391304348,0.359375,-4.797399421386133,0.41510796546936035,-5.0,-4.412230014801025,-5.209274768829346,-3.8541462421417236,0.08695652335882187
106,ACH-000111,-10.662473678588867,-14.210397720336914,2.9366390705108643,0.6112853288650513,True,-4.808978080749512,-4.812103271484375,0.1,0.9444444444444444,0.28125,-4.798869806395957,0.626064658164978,-5.0,-4.320810317993164,-4.834753513336182,-3.816951036453247,0.0
107,ACH-000117,-8.239849090576172,-11.368965148925781,2.498868465423584,0.6302470564842224,True,-4.720705032348633,-4.723830223083496,0.1,0.9629629629629629,0.421875,-4.791365848064711,0.5434730052947998,-5.0,-4.337967395782471,-4.886593818664551,-3.2492563724517822,0.0
108,ACH-000147,-10.734752655029297,-14.277273178100586,2.9742865562438965,0.5682339668273926,True,-4.800026893615723,-4.800026893615723,0.1,1.0,0.3125,-4.792231952619812,0.6335428357124329,-5.0,-4.360086441040039,-5.181596279144287,-3.3715829849243164,0.10000000149011612
109,ACH-000148,-6.736499786376953,-10.20777416229248,2.885517120361328,0.5857573747634888,True,-4.806586265563965,-4.815961837768555,0.1,0.8888888888888888,0.28125,-4.794604941134686,0.4406130313873291,-5.0,-4.312306880950928,-5.014583110809326,-3.52114200592041,0.0555555559694767
110,ACH-000196,-4.931318283081055,-8.20241641998291,2.646230697631836,0.6248676776885986,True,-4.648834228515625,-4.66133451461792,0.1,0.8461538461538461,0.40625,-4.781277898483009,0.4166604280471802,-5.0,-4.135592460632324,-4.991672515869141,-2.2845160961151123,0.0
111,ACH-000212,-5.498170852661133,-8.76507568359375,2.653139591217041,0.6137653589248657,True,-4.802547454833984,-4.824422836303711,0.1,0.84,0.390625,-4.7855923922650785,0.38273704051971436,-5.0,-4.4945220947265625,-4.995272159576416,-3.546637535095215,0.0
112,ACH-000223,-10.882790565490723,-14.222232818603516,2.7146992683410645,0.6247428059577942,True,-4.834932327270508,-4.838057041168213,0.1,0.95,0.3125,-4.790838857155392,0.6028543710708618,-5.0,-4.4717841148376465,-5.067060470581055,-3.937617301940918,0.05000000074505806
113,ACH-000248,-6.363935470581055,-9.606921195983887,2.6194448471069336,0.6235411763191223,True,-4.708123683929443,-4.723748207092285,0.1,0.8571428571428571,0.4375,-4.784129792149081,0.4464719891548157,-5.0,-4.332854270935059,-5.0888872146606445,-3.7507071495056152,0.0357142873108387
114,ACH-000258,-8.112344741821289,-11.50487232208252,2.7519421577453613,0.6405848264694214,True,-4.632714748382568,-4.642089366912842,0.1,0.8571428571428571,0.328125,-4.769925749625457,0.5007337331771851,-5.0,-3.8806538581848145,-4.988142967224121,-0.8672093152999878,0.0
115,ACH-000276,-2.394814968109131,-5.559364318847656,2.5426080226898193,0.6219414472579956,True,-4.721343517303467,-4.73071813583374,0.1,0.9032258064516129,0.484375,-4.766004988246285,0.28146880865097046,-5.0,-4.424707889556885,-5.157947540283203,-3.638315439224243,0.12903225421905518
116,ACH-000277,-11.333297729492188,-14.543583869934082,2.587503433227539,0.6227821111679077,True,-4.701849937438965,-4.714349746704102,0.1,0.88,0.390625,-4.760839464092067,0.5831881761550903,-5.0,-4.2367353439331055,-4.781344413757324,-3.4257659912109375,0.0
117,ACH-000288,-9.140670776367188,-12.470325469970703,2.7711474895477295,0.5585072040557861,True,-4.847219467163086,-4.853468894958496,0.1,0.8888888888888888,0.28125,-4.77010240717871,0.45828479528427124,-5.0,-4.456779479980469,-5.0151567459106445,-3.847912311553955,0.0555555559694767
118,ACH-000330,-2.0392582416534424,-5.419996738433838,2.7407915592193604,0.6399469971656799,True,-4.729554176330566,-4.73267936706543,0.1,0.9565217391304348,0.359375,-4.766360103167383,0.26356077194213867,-5.0,-4.247456073760986,-4.842428207397461,-3.74615478515625,0.0
119,ACH-000349,-2.7621498107910156,-5.805784225463867,2.408088445663452,0.635546088218689,True,-4.751817226409912,-4.7736921310424805,0.1,0.8,0.46875,-4.767093305954893,0.2629815340042114,-5.0,-4.47054386138916,-5.218055725097656,-3.793550491333008,0.1666666716337204
120,ACH-000352,-5.9422149658203125,-8.996517181396484,2.4243836402893066,0.6299188733100891,True,-4.69620943069458,-4.705584526062012,0.1,0.8636363636363636,0.34375,-4.760942427965604,0.3787689805030823,-5.0,-4.116245746612549,-4.547342300415039,-3.581859588623047,0.0
121,ACH-000374,-6.679772853851318,-9.859789848327637,2.5270371437072754,0.6529799699783325,True,-4.720998764038086,-4.724123954772949,0.1,0.9642857142857143,0.4375,-4.757260580646339,0.395450621843338,-5.0,-4.362283706665039,-5.067785739898682,-3.7644059658050537,0.0714285746216774
122,ACH-000536,-0.5068044662475586,-3.5083985328674316,2.3949568271636963,0.606637179851532,True,-4.627342224121094,-4.633592128753662,0.1,0.9428571428571428,0.546875,-4.744893735457071,0.1923602670431137,-5.0,-4.318568706512451,-5.152092933654785,-2.457820415496826,0.02857142873108387
123,ACH-000554,-6.8401665687561035,-9.893545150756836,2.425858974456787,0.6275197267532349,True,-4.784947395324707,-4.78807258605957,0.1,0.9565217391304348,0.359375,-4.749211620517321,0.3745928406715393,-5.0,-4.401593208312988,-4.943471431732178,-3.823730707168579,0.0
124,ACH-000568,-2.1594977378845215,-5.332536697387695,2.5476019382476807,0.6254370212554932,True,-4.486361026763916,-4.505110740661621,0.1,0.8064516129032258,0.484375,-4.7248015325317505,0.24997930228710175,-5.0,-3.9395840167999268,-4.804591178894043,-3.325298309326172,0.0
125,ACH-000573,-7.2119975090026855,-10.304703712463379,2.4625418186187744,0.630164384841919,True,-4.573988437652588,-4.589613437652588,0.1,0.8823529411764706,0.53125,-4.711282723043834,0.399678111076355,-5.0,-4.19809627532959,-4.955902099609375,-3.4267213344573975,0.0
126,ACH-000621,-4.672717571258545,-7.949676036834717,2.6577017307281494,0.6192567348480225,True,-4.792598724365234,-4.792598724365234,0.1,1.0,0.328125,-4.7194143231759735,0.26021894812583923,-5.0,-4.367919921875,-5.209857940673828,-3.649359703063965,0.0476190485060215
127,ACH-000624,-1.5252079963684082,-4.681476593017578,2.5236294269561768,0.6326392889022827,True,-4.646090507507324,-4.655465602874756,0.1,0.896551724137931,0.453125,-4.713019451145852,0.2064635157585144,-5.0,-4.218958377838135,-5.0644941329956055,-3.454181432723999,0.03448275849223137
128,ACH-000643,-6.345839023590088,-9.370604515075684,2.3926279544830322,0.6321374773979187,True,-4.768280506134033,-4.774530410766602,0.1,0.9259259259259259,0.421875,-4.719170547107927,0.3145415186882019,-5.0,-4.450738906860352,-5.186069488525391,-3.8059911727905273,0.07407407462596893
129,ACH-000668,-7.270156383514404,-10.332883834838867,2.4442923069000244,0.6184351444244385,True,-4.7607741355896,-4.770149230957031,0.1,0.8888888888888888,0.421875,-4.724268415492837,0.34144580364227295,-5.0,-4.432945728302002,-5.139862060546875,-3.370317220687866,0.14814814925193787
130,ACH-000691,1.5436445474624634,-1.5661271810531616,2.470841884613037,0.6389297246932983,True,-4.587152004241943,-4.612152099609375,0.1,0.8648648648648649,0.578125,-4.7130567839044915,0.11448170244693756,-5.0,-4.285884857177734,-5.109858989715576,-2.4288430213928223,0.054054055362939835
131,ACH-000699,-6.061842918395996,-9.119492530822754,2.3990018367767334,0.6586475372314453,True,-4.676396369934082,-4.685771465301514,0.1,0.8928571428571429,0.4375,-4.710328252044194,0.3320789635181427,-5.0,-4.2603349685668945,-4.7992753982543945,-3.5529160499572754,0.0
132,ACH-000711,-5.907293796539307,-8.92928409576416,2.393815040588379,0.6281753778457642,True,-4.615118980407715,-4.630743980407715,0.1,0.8823529411764706,0.53125,-4.702369824880546,0.3272821605205536,-5.0,-4.27551794052124,-5.183089256286621,-3.3715357780456543,0.029411764815449715
133,ACH-000725,-5.392695903778076,-8.354216575622559,2.351041078567505,0.610479474067688,True,-4.710572242736816,-4.723072528839111,0.1,0.896551724137931,0.453125,-4.704440095276403,0.2745772898197174,-5.0,-4.361263275146484,-5.088705062866211,-3.2569446563720703,0.10344827175140381
134,ACH-000755,-8.640853881835938,-11.660316467285156,2.3804211616516113,0.639041543006897,True,-4.717593193054199,-4.723843574523926,0.1,0.9259259259259259,0.421875,-4.706380443201155,0.3779585361480713,-5.0,-4.330591678619385,-4.865811347961426,-3.7989072799682617,0.0
135,ACH-000759,-0.24204802513122559,-3.327907085418701,2.4675493240356445,0.6183097958564758,True,-4.624542236328125,-4.646417617797852,0.1,0.84375,0.5,-4.700384160660825,0.1645331084728241,-5.0,-4.24908447265625,-4.9904046058654785,-3.5685224533081055,0.0
136,ACH-000768,-9.07855224609375,-12.216208457946777,2.550797939300537,0.586858868598938,True,-4.782657146453857,-4.788907051086426,0.1,0.92,0.390625,-4.7092364497033845,0.37654364109039307,-5.0,-4.443602085113525,-5.341105937957764,-3.8616206645965576,0.07999999821186066
137,ACH-000783,-0.9506008625030518,-4.021008014678955,2.446157217025757,0.6242499947547913,True,-4.7015156745910645,-4.707766056060791,0.1,0.9354838709677419,0.484375,-4.709089410339125,0.1687358021736145,-5.0,-4.383774757385254,-4.982807159423828,-3.597865343093872,0.0
138,ACH-000818,-3.790987253189087,-6.790785312652588,2.331871271133423,0.6679267287254333,True,-4.3958258628845215,-4.40207576751709,0.1,0.9047619047619048,0.328125,-4.678388046056921,0.2943105697631836,-5.0,-3.1587071418762207,-3.839928388595581,-2.7311112880706787,0.0
139,ACH-000828,-7.991180419921875,-11.085221290588379,2.4652633666992188,0.6287776231765747,True,-4.435148239135742,-4.441398620605469,0.1,0.9166666666666666,0.375,-4.654689103511776,0.37526193261146545,-5.0,-3.4937291145324707,-4.453146934509277,-2.9764912128448486,0.0
140,ACH-000849,-6.541373252868652,-9.620842933654785,2.5104005336761475,0.5690690875053406,True,-4.704479217529297,-4.704479217529297,0.1,1.0,0.359375,-4.659668114913529,0.2770741581916809,-5.0,-4.177681922912598,-4.841257095336914,-2.4317569732666016,0.0
141,ACH-000856,-3.861175537109375,-6.80841588973999,2.332068920135498,0.6151714324951172,True,-4.576954364776611,-4.592578887939453,0.1,0.8918918918918919,0.578125,-4.652959192216121,0.2262302190065384,-5.0,-4.268245697021484,-4.750304222106934,-3.579336404800415,0.0
142,ACH-000857,-7.901650428771973,-10.919486999511719,2.359081983566284,0.6587547063827515,True,-4.680437088012695,-4.696062088012695,0.1,0.8709677419354839,0.484375,-4.657269481795779,0.31177008152008057,-5.0,-4.340257167816162,-5.458559989929199,-3.8177716732025146,0.032258063554763794
143,ACH-000859,-4.755327224731445,-8.046438217163086,2.657052755355835,0.6340585350990295,True,-4.703419208526611,-4.712794303894043,0.1,0.8846153846153846,0.40625,-4.662821964005605,0.24195677042007446,-5.0,-4.269955635070801,-4.777556419372559,-3.5467684268951416,0.0
144,ACH-000876,-7.264804363250732,-10.304272651672363,2.419013738632202,0.6204544305801392,True,-4.6960649490356445,-4.7085652351379395,0.1,0.896551724137931,0.453125,-4.6673962911188385,0.2897743582725525,-5.0,-4.32924747467041,-4.997833728790283,-3.4258205890655518,0.0
145,ACH-000902,-5.122522830963135,-8.21970272064209,2.464383602142334,0.6327961683273315,True,-4.6897077560424805,-4.6897077560424805,0.1,1.0,0.484375,-4.669627437611203,0.24305053055286407,-5.0,-4.359396934509277,-5.087385654449463,-3.8029403686523438,0.032258063554763794
146,ACH-000910,-7.212262153625488,-10.218435287475586,2.411959648132324,0.5942134261131287,True,-4.73586368560791,-4.742114067077637,0.1,0.9259259259259259,0.421875,-4.6768761005578465,0.2978583872318268,-5.0,-4.373899936676025,-4.927915096282959,-3.6311917304992676,0.0
147,ACH-000927,-2.015359878540039,-5.04810905456543,2.4145185947418213,0.6182305812835693,True,-4.5702972412109375,-4.579671859741211,0.1,0.9090909090909091,0.515625,-4.667155676476183,0.19154667854309082,-5.0,-4.166637420654297,-4.860347270965576,-3.316678047180176,0.0
148,ACH-000930,-2.976001262664795,-5.969484806060791,2.382370710372925,0.6111128330230713,True,-4.5308027267456055,-4.549552917480469,0.1,0.8571428571428571,0.65625,-4.655395400576611,0.2166658192873001,-5.0,-4.285032749176025,-4.98943567276001,-3.3796792030334473,0.0
149,ACH-000934,-3.2589783668518066,-6.136291027069092,2.259263277053833,0.6180492639541626,True,-4.698456764221191,-4.726581573486328,0.1,0.7941176470588235,0.53125,-4.662514017867583,0.1835145652294159,-5.0,-4.432389259338379,-5.017978668212891,-3.847550868988037,0.05882352963089943
150,ACH-001390,-10.499128341674805,-13.743782043457031,2.606321334838867,0.6383323669433594,True,-4.847811698913574,-4.847811698913574,0.1,1.0,0.265625,-4.681043785972182,0.36727267503738403,-5.0,-4.427057266235352,-4.935688018798828,-3.9185924530029297,0.0
151,ACH-001819,-1.0002374649047852,-3.998274326324463,2.370211124420166,0.6278257369995117,True,-4.636794567108154,-4.639919757843018,0.1,0.9642857142857143,0.4375,-4.676931383159266,0.1588088870048523,-5.0,-4.169816493988037,-4.746579170227051,-3.183042049407959,0.0
152,ACH-001820,-2.8192453384399414,-5.78840446472168,2.3377978801727295,0.6313611268997192,True,-4.643456935882568,-4.65908145904541,0.1,0.8823529411764706,0.53125,-4.67514639074788,0.1938541829586029,-5.0,-4.328860282897949,-5.1864824295043945,-3.542646884918213,0.0882352963089943
153,ACH-000017,-3.0460681915283203,-6.060920715332031,2.3860204219818115,0.6288319826126099,True,-4.669373512268066,-4.681873321533203,0.1,0.9090909090909091,0.515625,-4.675819083826412,0.20084312558174133,-5.0,-4.358786106109619,-4.956994533538818,-3.7551681995391846,0.0
154,ACH-000019,-2.0192389488220215,-4.997501373291016,2.424081802368164,0.5541806817054749,True,-4.7752180099487305,-4.784592628479004,0.1,0.8846153846153846,0.40625,-4.686696438291671,0.15684810280799866,-5.0,-4.446690082550049,-5.071116924285889,-3.5152130126953125,0.07692307978868484
155,ACH-000044,-7.988278865814209,-11.086752891540527,2.4712841510772705,0.6271899938583374,True,-4.422096252441406,-4.4252214431762695,0.1,0.9629629629629629,0.421875,-4.66054893878013,0.37920451164245605,-5.0,-3.630154609680176,-4.1640448570251465,-3.1251707077026367,0.0
156,ACH-000097,-3.0940303802490234,-6.247485160827637,2.542285442352295,0.6111692786216736,True,-4.65880012512207,-4.665050029754639,0.1,0.9354838709677419,0.484375,-4.660999047877581,0.2036494016647339,-5.0,-4.295587062835693,-5.486243724822998,-3.814314842224121,0.06451612710952759
157,ACH-000111,2.5464367866516113,-0.38635289669036865,2.3367786407470703,0.5960110425949097,True,-4.578266143798828,-4.597016334533691,0.1,0.9166666666666666,0.5625,-4.654600776543192,0.2527395486831665,-5.0,-4.250250816345215,-4.83307409286499,-3.58308744430542,0.0
158,ACH-000117,-0.5925602912902832,-3.435770273208618,2.2205474376678467,0.6226625442504883,True,-4.529349327087402,-4.535599708557129,0.1,0.9523809523809523,0.65625,-4.642700669744586,0.14884702861309052,-5.0,-4.28281831741333,-4.886593818664551,-3.691483974456787,0.0
159,ACH-000147,-4.790449142456055,-7.697680950164795,2.376598834991455,0.5306328535079956,True,-4.681784152984619,-4.6880340576171875,0.1,0.9354838709677419,0.484375,-4.6472340085318455,0.24291028082370758,-5.0,-4.343038558959961,-5.181596279144287,-3.348931074142456,0.09677419066429138
160,ACH-000148,-1.5008902549743652,-4.387122631072998,2.326115608215332,0.5601166486740112,True,-4.602464199066162,-4.6243391036987305,0.1,0.8181818181818182,0.515625,-4.644944518048534,0.16040313243865967,-5.0,-4.229021072387695,-4.802168846130371,-3.3800134658813477,0.0
161,ACH-000196,0.24264240264892578,-2.5111405849456787,2.170551061630249,0.5832318663597107,True,-4.491755962371826,-4.535506248474121,0.1,0.7435897435897436,0.609375,-4.634000691091092,0.1074223741889,-5.0,-4.165958404541016,-4.850606918334961,-3.5496933460235596,0.0
162,ACH-000212,-2.596437931060791,-5.3619794845581055,2.1408190727233887,0.6247225403785706,True,-4.674074172973633,-4.683448791503906,0.1,0.90625,0.5,-4.638945501132374,0.15874838829040527,-5.0,-4.348148345947266,-5.032035827636719,-3.5312657356262207,0.03125
163,ACH-000223,-3.161245107650757,-5.99920129776001,2.2216577529907227,0.6162984371185303,True,-4.6442155838012695,-4.653590202331543,0.1,0.9354838709677419,0.484375,-4.640409971252291,0.18828782439231873,-5.0,-4.265477180480957,-4.921515464782715,-3.4793925285339355,0.0
164,ACH-000248,-3.5514419078826904,-6.366375923156738,2.203739881515503,0.6111941933631897,True,-4.532630920410156,-4.542006015777588,0.1,0.926829268292683,0.640625,-4.63056957570482,0.22512726485729218,-5.0,-4.270448207855225,-5.0888872146606445,-3.403451919555664,0.024390242993831635
165,ACH-000258,-2.6844780445098877,-5.619929790496826,2.339003801345825,0.5964479446411133,True,-4.4839982986450195,-4.49024772644043,0.1,0.9473684210526315,0.59375,-4.616537390778381,0.18867330253124237,-5.0,-4.13094425201416,-4.852181434631348,-3.2289605140686035,0.0
166,ACH-000276,-2.1186249256134033,-4.836482524871826,2.1484906673431396,0.5693669319152832,True,-4.68837833404541,-4.68837833404541,0.1,1.0,0.484375,-4.623721485105084,0.1392485797405243,-5.0,-4.356651782989502,-5.336662292480469,-3.666290044784546,0.06451612710952759
167,ACH-000277,-3.9888153076171875,-6.821764945983887,2.2188031673431396,0.6141465902328491,True,-4.439979553222656,-4.44935417175293,0.1,0.9302325581395349,0.671875,-4.606284753769868,0.22504650056362152,-5.0,-4.166481018066406,-5.0048298835754395,-3.518869400024414,0.023255813866853714
168,ACH-000288,-6.00766134262085,-8.930572509765625,2.365017890930176,0.5578931570053101,True,-4.730686187744141,-4.749435901641846,0.1,0.8235294117647058,0.53125,-4.620599868557067,0.22161605954170227,-5.0,-4.493056297302246,-5.483345985412598,-3.803459644317627,0.11764705926179886
169,ACH-000330,-2.871175765991211,-5.806642055511475,2.335986852645874,0.5994794368743896,True,-4.551813125610352,-4.570562839508057,0.1,0.8888888888888888,0.703125,-4.615596165652166,0.1938585638999939,-5.0,-4.36257791519165,-5.123673439025879,-3.5383594036102295,0.06666667014360428
170,ACH-000349,-1.929945468902588,-4.656966209411621,2.1064043045043945,0.6206165552139282,True,-4.589682579040527,-4.599057197570801,0.1,0.9210526315789473,0.59375,-4.6139422688440295,0.15578173100948334,-5.0,-4.308938503265381,-5.218055725097656,-3.592586040496826,0.07894736528396606
171,ACH-000352,-4.099740028381348,-6.76020622253418,2.04716157913208,0.6133043766021729,True,-4.276273250579834,-4.304398536682129,0.1,0.8222222222222222,0.703125,-4.58298789562784,0.23393267393112183,-5.0,-3.9706997871398926,-4.6428985595703125,-3.3833298683166504,0.0
172,ACH-000374,-7.707475662231445,-10.449177742004395,2.144294023513794,0.5974082946777344,True,-4.660139083862305,-4.6695146560668945,0.1,0.9142857142857143,0.546875,-4.5916405716717446,0.23681025207042694,-5.0,-4.378540515899658,-5.2152509689331055,-3.534947156906128,0.05714285746216774
173,ACH-000536,-4.891411304473877,-7.66204833984375,2.180098056793213,0.5905389785766602,True,-4.568229675292969,-4.590104579925537,0.1,0.8378378378378378,0.578125,-4.5914869724971235,0.2048836052417755,-5.0,-4.253154277801514,-5.292717933654785,-3.6300458908081055,0.054054055362939835
174,ACH-000554,-0.4541494846343994,-3.296928644180298,2.218886613845825,0.6238925457000732,True,-4.672873497009277,-4.688498497009277,0.1,0.8787878787878788,0.515625,-4.601188124948339,0.11063581705093384,-5.0,-4.365572929382324,-5.056384563446045,-3.7065412998199463,0.03030303120613098
175,ACH-000568,-5.236913681030273,-8.127707481384277,2.2967844009399414,0.5940094590187073,True,-4.376257419586182,-4.451257705688477,0.1,0.7105263157894737,0.59375,-4.5861950830223535,0.23668000102043152,-5.0,-3.949486255645752,-4.519320964813232,-3.469184398651123,0.0
176,ACH-000573,1.8339924812316895,-0.8520925045013428,2.104494571685791,0.5815904140472412,True,-4.489034175872803,-4.5015339851379395,0.1,0.8888888888888888,0.5625,-4.577728973233912,0.3133563697338104,-5.0,-4.091616153717041,-4.8920207023620605,-3.630627393722534,0.0
177,ACH-000621,-0.6332275867462158,-3.3317248821258545,2.130643606185913,0.567853569984436,True,-4.6446709632873535,-4.666545867919922,0.1,0.8717948717948718,0.609375,-4.586610662702513,0.10468664765357971,-5.0,-4.416895866394043,-5.2098588943481445,-3.8412914276123047,0.07692307978868484
178,ACH-000624,1.5597796440124512,-1.1772584915161133,2.1424665451049805,0.5945715308189392,True,-4.555656433105469,-4.586906433105469,0.1,0.825,0.625,-4.586640239742809,0.2812567949295044,-5.0,-4.289050102233887,-4.9035820960998535,-3.6568050384521484,0.0
179,ACH-000643,-6.13642692565918,-8.762563705444336,2.0465354919433594,0.5796012282371521,True,-4.677175521850586,-4.689675331115723,0.1,0.8918918918918919,0.578125,-4.5969437488801,0.2088947296142578,-5.0,-4.441600799560547,-5.723512172698975,-3.5437397956848145,0.0810810849070549
180,ACH-000668,-2.7948248386383057,-5.517396450042725,2.1224634647369385,0.6001081466674805,True,-4.603100776672363,-4.621850490570068,0.1,0.868421052631579,0.59375,-4.599434423049097,0.15475714206695557,-5.0,-4.33153772354126,-4.940398216247559,-2.0222420692443848,0.0
181,ACH-000691,-4.120311260223389,-6.923668384552002,2.183840274810791,0.619516909122467,True,-4.605056285858154,-4.614431381225586,0.1,0.9210526315789473,0.59375,-4.600934118866746,0.19703544676303864,-5.0,-4.334831714630127,-5.140629768371582,-3.4024834632873535,0.02631578966975212
182,ACH-000699,-1.8981261253356934,-4.61619758605957,2.117173194885254,0.6008983850479126,True,-4.55377721786499,-4.575652122497559,0.1,0.8421052631578947,0.59375,-4.598405919229828,0.14834195375442505,-5.0,-4.248466968536377,-4.991279602050781,-3.6838631629943848,0.0
183,ACH-000711,1.4934730529785156,-1.1814420223236084,2.091089963912964,0.5838251113891602,True,-4.631915092468262,-4.647540092468262,0.1,0.8947368421052632,0.59375,-4.603319336553671,0.29204368591308594,-5.0,-4.380068302154541,-5.216437339782715,-2.984375,0.05263157933950424
184,ACH-000725,-2.84208345413208,-5.5018720626831055,2.0654137134552,0.5943747758865356,True,-4.589358806610107,-4.608108997344971,0.1,0.8837209302325582,0.671875,-4.603798302632801,0.15847544372081757,-5.0,-4.388813018798828,-5.0991082191467285,-3.2769289016723633,0.11627906560897827
185,ACH-000755,-1.898813247680664,-4.578431129455566,2.106250524520874,0.5733672380447388,True,-4.52924919128418,-4.569873809814453,0.1,0.7906976744186046,0.671875,-4.600405853350966,0.1609657108783722,-5.0,-4.299347400665283,-4.865811347961426,-3.4206900596618652,0.0
186,ACH-000759,-0.6773700714111328,-3.4105045795440674,2.1543262004852295,0.5788082480430603,True,-4.566265106201172,-4.581889629364014,0.1,0.875,0.5,-4.598554230952272,0.111443430185318,-5.0,-4.1325297355651855,-5.0465569496154785,-3.430136203765869,0.03125
187,ACH-000768,-5.946780204772949,-8.57718563079834,2.13371205329895,0.4966934323310852,True,-4.752042293548584,-4.761417388916016,0.1,0.8846153846153846,0.40625,-4.6148405467486455,0.21459902822971344,-5.0,-4.389642715454102,-4.890970230102539,-3.5167479515075684,0.0
188,ACH-000783,1.924659013748169,-0.84360671043396,2.185617685317993,0.5826480388641357,True,-4.540782928466797,-4.575157165527344,0.1,0.8048780487804879,0.640625,-4.610872208626516,0.1497703641653061,-5.0,-4.283172607421875,-5.215609550476074,-3.7893106937408447,0.024390242993831635
189,ACH-000818,-8.306131362915039,-10.926380157470703,2.0527853965759277,0.5674638152122498,True,-4.068355083465576,-4.071479797363281,0.1,0.9705882352941176,0.53125,-4.556932967500192,0.3405766487121582,-5.0,-3.2463154792785645,-3.967485189437866,-2.7709991931915283,0.0
190,ACH-000828,-13.422175407409668,-16.093441009521484,2.1081814765930176,0.5630842447280884,True,-4.158878326416016,-4.171378135681152,0.1,0.9117647058823529,0.53125,-4.518377484318288,0.3754986524581909,-5.0,-3.4167113304138184,-4.290060997009277,-2.976491689682007,0.0
191,ACH-000849,-1.659656047821045,-4.498454570770264,2.3181300163269043,0.5206685066223145,True,-4.55103874206543,-4.572914123535156,0.1,0.8536585365853658,0.640625,-4.5238311482399745,0.11012867093086243,-5.0,-4.299182415008545,-5.372640132904053,-3.423229217529297,0.04878048598766327
192,ACH-000856,-1.4322497844696045,-4.125256538391113,2.104245185852051,0.588761568069458,True,-4.5453338623046875,-4.551584243774414,0.1,0.9459459459459459,0.578125,-4.526606457793418,0.11211619526147842,-5.0,-4.213550567626953,-5.0104217529296875,-2.386410713195801,0.027027027681469917
193,ACH-000857,2.0628037452697754,-0.602552056312561,2.0821728706359863,0.5831828117370605,True,-4.444141864776611,-4.453516960144043,0.1,0.9583333333333334,0.75,-4.5192975080284805,0.17400553822517395,-5.0,-4.258856296539307,-5.088814735412598,-3.2723939418792725,0.02083333395421505
194,ACH-000859,-4.402294635772705,-7.139900207519531,2.171820640563965,0.5657848715782166,True,-4.659517288208008,-4.681391716003418,0.1,0.8421052631578947,0.59375,-4.535506928825974,0.15035367012023926,-5.0,-4.426555633544922,-5.147833824157715,-3.3898608684539795,0.07894736528396606
195,ACH-000876,-5.3858137130737305,-8.109992980957031,2.1224422454833984,0.6017371416091919,True,-4.486289978027344,-4.498790264129639,0.1,0.925,0.625,-4.53183526235634,0.1915919929742813,-5.0,-4.178063869476318,-4.624674320220947,-3.4258205890655518,0.0
196,ACH-000902,-1.381035327911377,-4.005360126495361,2.035830497741699,0.5884941816329956,True,-4.489876747131348,-4.499251365661621,0.1,0.918918918918919,0.578125,-4.528576872686869,0.1177234947681427,-5.0,-4.117624759674072,-4.918704986572266,-2.3913657665252686,0.0
197,ACH-000910,-2.615605354309082,-5.16964054107666,1.9989361763000488,0.5550990700721741,True,-4.570487022399902,-4.579861640930176,0.1,0.918918918918919,0.578125,-4.533705349511199,0.14265449345111847,-5.0,-4.257058143615723,-4.840489387512207,-3.751059055328369,0.0
198,ACH-000927,2.0917294025421143,-0.5894500613212585,2.1040916442871094,0.577087938785553,True,-4.355337142944336,-4.389712810516357,0.1,0.8,0.78125,-4.519306095611715,0.17341256141662598,-5.0,-4.174831867218018,-4.909754276275635,-2.754768133163452,0.0
199,ACH-000930,-1.5263519287109375,-4.174116134643555,2.063767194747925,0.5839970111846924,True,-4.474802017211914,-4.487302303314209,0.1,0.926829268292683,0.640625,-4.516105716381965,0.12008640170097351,-5.0,-4.180179119110107,-5.512035846710205,-2.3088293075561523,0.024390242993831635
200,ACH-000934,-3.6846537590026855,-6.288132667541504,2.0311148166656494,0.5723642110824585,True,-4.503628253936768,-4.541128635406494,0.1,0.75,0.6875,-4.518608008284418,0.15561363101005554,-5.0,-4.278005123138428,-4.910367965698242,-3.7715301513671875,0.0
201,ACH-001390,-9.583236694335938,-12.324193954467773,2.1540586948394775,0.5868984460830688,True,-4.762216567993164,-4.762216567993164,0.1,1.0,0.3125,-4.542968864255292,0.25376957654953003,-5.0,-4.2390923500061035,-5.023819923400879,-3.776353359222412,0.05000000074505806
202,ACH-001819,-0.03234434127807617,-2.6882822513580322,2.072648286819458,0.5832895636558533,True,-4.496592044830322,-4.499716758728027,0.1,0.9736842105263158,0.59375,-4.538643653702566,0.10842061042785645,-5.0,-4.152154445648193,-4.577447891235352,-3.479132652282715,0.0
203,ACH-001820,-3.823794364929199,-6.388742923736572,2.023529052734375,0.5414193868637085,True,-4.4795308113098145,-4.492031097412109,0.1,0.9090909090909091,0.6875,-4.533982398073521,0.17809854447841644,-5.0,-4.242954254150391,-5.1864824295043945,-2.6173300743103027,0.06818182021379471
204,ACH-000017,0.5875208377838135,-2.001514196395874,2.0315654277801514,0.5574695467948914,True,-4.515970230102539,-4.522220611572266,0.1,0.95,0.625,-4.532806219423396,0.3041324019432068,-5.0,-4.225553035736084,-4.947755336761475,-2.7367610931396484,0.0
205,ACH-000019,-3.298034191131592,-5.965497970581055,2.142216920852661,0.5252469778060913,True,-4.58116340637207,-4.590538024902344,0.1,0.9210526315789473,0.59375,-4.53857939997129,0.15669670701026917,-5.0,-4.294590950012207,-5.322818279266357,-3.745542526245117,0.05263157933950424
206,ACH-000044,-1.5948195457458496,-4.292919158935547,2.1331534385681152,0.5649460554122925,True,-4.3107781410217285,-4.329527854919434,0.1,0.84375,0.5,-4.517674245466104,0.1491449922323227,-5.0,-3.621556043624878,-4.370081424713135,-3.137155771255493,0.0
207,ACH-000097,-0.8319740295410156,-3.3264074325561523,1.9493601322174072,0.545073390007019,True,-4.505718231201172,-4.536968231201172,0.1,0.8095238095238095,0.65625,-4.51960364403961,0.1117902547121048,-5.0,-4.246809005737305,-5.209274768829346,-3.4330661296844482,0.02380952425301075
208,ACH-000111,2.0421152114868164,-0.5873040556907654,2.0602030754089355,0.5692163109779358,True,-4.481149673461914,-4.499899864196777,0.1,0.9090909090909091,0.6875,-4.517633266055327,0.2638774514198303,-5.0,-4.245308876037598,-4.906465530395508,-2.2913601398468018,0.0
209,ACH-000117,-2.434685230255127,-4.932363510131836,1.9460493326187134,0.551628828048706,True,-4.625532150268555,-4.641157150268555,0.1,0.8571428571428571,0.546875,-4.52998565447665,0.11691795289516449,-5.0,-4.3152594566345215,-4.968593597412109,-3.650235652923584,0.0
210,ACH-000147,-2.207258939743042,-4.657827854156494,1.9520845413208008,0.4984842836856842,True,-4.6305670738220215,-4.67744255065918,0.1,0.7567567567567568,0.578125,-4.544731344094902,0.11560972034931183,-5.0,-4.360980987548828,-5.181596279144287,-3.5332229137420654,0.054054055362939835
211,ACH-000148,-1.2835142612457275,-3.7974705696105957,1.9822362661361694,0.5317200422286987,True,-4.583064556121826,-4.598689079284668,0.1,0.9090909090909091,0.6875,-4.550127117613879,0.12309789657592773,-5.0,-4.393548011779785,-5.701114654541016,-3.5417699813842773,0.09090909361839294
212,ACH-000196,-1.118037223815918,-3.7089016437530518,2.0219008922576904,0.5689634680747986,True,-4.354297637939453,-4.369922161102295,0.1,0.8913043478260869,0.71875,-4.532106621962721,0.11947271972894669,-5.0,-4.101630687713623,-5.3048996925354,-3.2243685722351074,0.021739130839705467
213,ACH-000212,1.3073612451553345,-1.208168864250183,1.9547003507614136,0.5608298778533936,True,-4.511654376983643,-4.514779567718506,0.1,0.975,0.625,-4.5303739165382995,0.2156427502632141,-5.0,-4.218647003173828,-5.147704601287842,-2.779884099960327,0.05000000074505806
214,ACH-000223,-1.011429786682129,-3.5446319580078125,1.9827667474746704,0.5504353046417236,True,-4.525394916534424,-4.537895202636719,0.1,0.9210526315789473,0.59375,-4.531126045148142,0.10885760188102722,-5.0,-4.20066499710083,-4.977197170257568,-3.54880690574646,0.0
215,ACH-000248,-0.2585642337799072,-2.8212850093841553,2.004167079925537,0.5585536360740662,True,-4.410350799560547,-4.422850608825684,0.1,0.9375,0.75,-4.520298501515896,0.11229105293750763,-5.0,-4.213801383972168,-5.1922502517700195,-2.7490031719207764,0.02083333395421505
216,ACH-000258,-1.5971784591674805,-4.200341701507568,2.041900634765625,0.5612627267837524,True,-4.4348249435424805,-4.450450420379639,0.1,0.8648648648648649,0.578125,-4.51331369340227,0.11240947991609573,-5.0,-4.022400379180908,-5.236369609832764,-3.0958642959594727,0.027027027681469917
217,ACH-000276,-5.225884437561035,-7.640289306640625,1.8929352760314941,0.5214697122573853,True,-4.54352331161499,-4.549773216247559,0.1,0.95,0.625,-4.516959645686799,0.17301799356937408,-5.0,-4.269637584686279,-5.157947540283203,-3.543386697769165,0.05000000074505806
218,ACH-000277,2.4180023670196533,-0.05959164723753929,1.9089723825454712,0.5686213970184326,True,-4.330452919006348,-4.346077919006348,0.1,0.8936170212765957,0.734375,-4.499871473018754,0.26154541969299316,-5.0,-4.088276386260986,-4.869492530822754,-3.5255494117736816,0.0
219,ACH-000288,1.2000782489776611,-1.3140990734100342,1.9925721883773804,0.5216051340103149,True,-4.507180213928223,-4.522805213928223,0.1,0.9024390243902439,0.640625,-4.502164847109701,0.1725395768880844,-5.0,-4.230720043182373,-5.205519199371338,-3.40700364112854,0.0731707289814949
220,ACH-000330,1.031253457069397,-1.4606770277023315,1.9455069303512573,0.5464234948158264,True,-4.517607688903809,-4.536357879638672,0.1,0.8958333333333334,0.75,-4.505584150362598,0.2161387801170349,-5.0,-4.356810569763184,-5.123673439025879,-3.3732709884643555,0.0416666679084301
221,ACH-000349,2.2346079349517822,-0.2509276270866394,1.9248664379119873,0.5606693029403687,True,-4.449248313903809,-4.452373504638672,0.1,0.9795918367346939,0.765625,-4.5002630857902055,0.3150418996810913,-5.0,-4.280651092529297,-6.192390441894531,-3.3389759063720703,0.06122449040412903
222,ACH-000352,3.064871072769165,0.5168702006340027,1.964102864265442,0.5838979482650757,True,-4.247217178344727,-4.26596736907959,0.1,0.8888888888888888,0.703125,-4.476833514119144,0.25695469975471497,-5.0,-3.9293758869171143,-4.462673664093018,-3.2250277996063232,0.0
223,ACH-000374,1.2653052806854248,-1.3608174324035645,2.0526034832000732,0.5735191702842712,True,-4.498291492462158,-4.535791397094727,0.1,0.7954545454545454,0.6875,-4.482729302416702,0.23734483122825623,-5.0,-4.270241737365723,-5.2152509689331055,-3.852381706237793,0.04545454680919647
224,ACH-000536,-2.947934627532959,-5.373441219329834,1.901816487312317,0.5236902236938477,True,-4.584329605102539,-4.596829414367676,0.1,0.9142857142857143,0.546875,-4.4941393136118,0.11843410134315491,-5.0,-4.239916801452637,-4.779744625091553,-3.546452283859253,0.0
225,ACH-000554,-3.0440545082092285,-5.548440456390381,1.958573579788208,0.5458122491836548,True,-4.548860549926758,-4.5582356452941895,0.1,0.9285714285714286,0.65625,-4.5005489467800395,0.13078266382217407,-5.0,-4.312550067901611,-4.970806121826172,-3.551349639892578,0.0
226,ACH-000568,2.9871695041656494,0.4704737067222595,1.9610705375671387,0.5556252002716064,True,-4.291655540466309,-4.304155349731445,0.1,0.925,0.625,-4.48090958707518,0.2491842806339264,-5.0,-3.8666484355926514,-4.741879463195801,-3.305574655532837,0.0
227,ACH-000573,-1.1567745208740234,-3.62290096282959,1.9166154861450195,0.5495110154151917,True,-4.406291961669922,-4.421916961669922,0.1,0.8809523809523809,0.65625,-4.475010324534654,0.10508193075656891,-5.0,-4.095301628112793,-4.9226908683776855,-3.632723331451416,0.0
228,ACH-000621,-1.6491045951843262,-4.1303486824035645,1.938220739364624,0.5430233478546143,True,-4.458126068115234,-4.476875305175781,0.1,0.8863636363636364,0.6875,-4.475196822598766,0.11244761198759079,-5.0,-4.211819648742676,-4.850381374359131,-3.540768623352051,0.0
229,ACH-000624,1.1268813610076904,-1.391441822052002,1.9775532484054565,0.5407699346542358,True,-4.4482340812683105,-4.463858604431152,0.1,0.9090909090909091,0.6875,-4.474063000782005,0.20114320516586304,-5.0,-4.197430610656738,-5.0644941329956055,-3.4092111587524414,0.022727273404598236
230,ACH-000643,1.1792628765106201,-1.3067758083343506,1.9513344764709473,0.5347042679786682,True,-4.470126628875732,-4.4732513427734375,0.1,0.9782608695652174,0.71875,-4.4739818349811475,0.11950545012950897,-5.0,-4.262784957885742,-5.186069488525391,-3.6419360637664795,0.021739130839705467
231,ACH-000668,1.0657724142074585,-1.4144526720046997,1.9423224925994873,0.5379025936126709,True,-4.505373954772949,-4.530374050140381,0.1,0.8333333333333334,0.65625,-4.479621056497072,0.1428811252117157,-5.0,-4.246284008026123,-5.068183422088623,-2.8015313148498535,0.0476190485060215
232,ACH-000691,-0.9873433113098145,-3.4730541706085205,1.9208158254623413,0.56489497423172,True,-4.504179000854492,-4.513553619384766,0.1,0.9333333333333333,0.703125,-4.483014312785841,0.09707123041152954,-5.0,-4.2948317527771,-5.751180171966553,-3.403747081756592,0.02222222276031971
233,ACH-000699,0.9526674747467041,-1.514026165008545,1.9234336614608765,0.5432600378990173,True,-4.575512886047363,-4.584888458251953,0.1,0.9210526315789473,0.59375,-4.493201727332451,0.25521695613861084,-5.0,-4.2850751876831055,-4.991279602050781,-3.6684179306030273,0.0
234,ACH-000711,0.7301983833312988,-1.7608256340026855,1.9570231437683105,0.5340007543563843,True,-4.582248210906982,-4.604123115539551,0.1,0.85,0.625,-4.504293866153161,0.32986781001091003,-5.0,-4.331597328186035,-5.566300392150879,-3.3529913425445557,0.05000000074505806
235,ACH-000725,0.8107186555862427,-1.598272681236267,1.8672903776168823,0.5417008399963379,True,-4.497445106506348,-4.519320487976074,0.1,0.8478260869565217,0.71875,-4.505796528335452,0.1954539269208908,-5.0,-4.300793170928955,-5.088705062866211,-3.398428201675415,0.021739130839705467
236,ACH-000755,-7.339280605316162,-9.845311164855957,1.9368053674697876,0.5692253112792969,True,-4.497018814086914,-4.5220184326171875,0.1,0.8604651162790697,0.671875,-4.507418718763626,0.22031110525131226,-5.0,-4.251376628875732,-4.974775314331055,-3.323366403579712,0.0
237,ACH-000759,0.027503252029418945,-2.3996267318725586,1.8671422004699707,0.5599877834320068,True,-4.337491989135742,-4.349991798400879,0.1,0.9069767441860465,0.671875,-4.491676026727352,0.11106893420219421,-5.0,-4.013941764831543,-4.823952674865723,-3.225923538208008,0.0
238,ACH-000768,-0.7259631156921387,-3.160606622695923,1.9335715770721436,0.5010719299316406,True,-4.589506149291992,-4.605131149291992,0.1,0.8611111111111112,0.5625,-4.503021538983816,0.17566630244255066,-5.0,-4.270233154296875,-5.209751129150391,-3.6793503761291504,0.0555555559694767
239,ACH-000783,-0.43314242362976074,-2.9283339977264404,1.9591917991638184,0.5359998345375061,True,-4.430789947509766,-4.449540138244629,0.1,0.8958333333333334,0.75,-4.497673398909897,0.10752298682928085,-5.0,-4.241053581237793,-5.215609550476074,-3.4319891929626465,0.02083333395421505
240,ACH-000818,0.8152800798416138,-1.6663111448287964,1.9195499420166016,0.5620412230491638,True,-3.8888370990753174,-3.901336908340454,0.1,0.8974358974358975,0.609375,-4.438039749852953,0.11522603034973145,-5.0,-3.176553249359131,-3.7902333736419678,-2.858431577682495,0.0
241,ACH-000828,-1.5437026023864746,-4.10427713394165,2.0232157707214355,0.5373586416244507,True,-4.234194755554199,-4.243569850921631,0.1,0.90625,0.5,-4.418592759959821,0.12367033958435059,-5.0,-3.4683897495269775,-4.039181232452393,-2.915083885192871,0.0
242,ACH-000849,-5.101325511932373,-7.533303737640381,1.9254248142242432,0.5065534710884094,True,-4.345241546630859,-4.385866165161133,0.1,0.7916666666666666,0.75,-4.415320100479952,0.15190070867538452,-5.0,-4.126988410949707,-4.8351054191589355,-3.213715076446533,0.0
243,ACH-000856,1.755820631980896,-0.7367736101150513,1.9509572982788086,0.5416370630264282,True,-4.335200309753418,-4.363325119018555,0.1,0.8333333333333334,0.75,-4.410120602333812,0.1539897918701172,-5.0,-4.113600730895996,-4.671389102935791,-3.5513882637023926,0.0
244,ACH-000857,0.9312869310379028,-1.4788316488265991,1.8749687671661377,0.5351499319076538,True,-4.436428070068359,-4.4551777839660645,0.1,0.8837209302325582,0.671875,-4.414626320497037,0.2541307210922241,-5.0,-4.161194801330566,-4.985848426818848,-1.7727837562561035,0.0
245,ACH-000859,-2.2126235961914062,-4.647345542907715,1.8911863565444946,0.5435355305671692,True,-4.491624355316162,-4.4978742599487305,0.1,0.9545454545454546,0.6875,-4.422951114442206,0.11450076103210449,-5.0,-4.260544776916504,-5.147832870483398,-3.752659320831299,0.06818182021379471
246,ACH-000876,-1.0169992446899414,-3.5599653720855713,1.999219536781311,0.5437465906143188,True,-4.333337783813477,-4.342712879180908,0.1,0.9375,0.75,-4.414927290916077,0.10619157552719116,-5.0,-4.111117362976074,-4.903552532196045,-2.751819133758545,0.0
247,ACH-000902,-0.016005754470825195,-2.3998944759368896,1.872633457183838,0.511255145072937,True,-4.382487773895264,-4.410613059997559,0.1,0.8604651162790697,0.671875,-4.4144958678242245,0.16947022080421448,-5.0,-4.080912113189697,-4.8498663902282715,-3.4578638076782227,0.0
248,ACH-000910,0.3149571418762207,-2.047635555267334,1.8606674671173096,0.5019252300262451,True,-4.5023908615112305,-4.514890670776367,0.1,0.9130434782608695,0.71875,-4.424535348119439,0.23264816403388977,-5.0,-4.307674407958984,-5.083021640777588,-3.633990526199341,0.043478261679410934
249,ACH-000927,0.2283027172088623,-2.3307735919952393,2.0203499794006348,0.5387262105941772,True,-4.522550582885742,-4.5256757736206055,0.1,0.9722222222222222,0.5625,-4.434649390669556,0.263871967792511,-5.0,-4.151200771331787,-5.003103256225586,-3.544200897216797,0.02777777798473835
250,ACH-000930,0.18592548370361328,-2.1985342502593994,1.8435108661651611,0.5409488677978516,True,-4.480336666107178,-4.489711761474609,0.1,0.9318181818181818,0.6875,-4.440155627750061,0.1800382137298584,-5.0,-4.244126319885254,-5.265809059143066,-3.4026403427124023,0.022727273404598236
251,ACH-000934,-0.3910658359527588,-2.8965084552764893,1.9701175689697266,0.5353250503540039,True,-4.512877941131592,-4.534753322601318,0.1,0.8571428571428571,0.65625,-4.449615397235187,0.14276885986328125,-5.0,-4.257719039916992,-5.017978668212891,-3.378310203552246,0.0476190485060215
252,ACH-001390,1.2465081214904785,-1.2219257354736328,1.9181264638900757,0.5503073334693909,True,-4.372446060180664,-4.384945869445801,0.1,0.9069767441860465,0.671875,-4.443148444456249,0.24999414384365082,-5.0,-4.065966606140137,-4.663071632385254,-3.2670845985412598,0.0
253,ACH-001819,3.218912363052368,0.8267185091972351,1.867653489112854,0.5245402455329895,True,-4.159813404083252,-4.206688404083252,0.1,0.8367346938775511,0.765625,-4.419502440418949,0.2813876271247864,-5.0,-3.902613401412964,-4.784773349761963,-2.7092125415802,0.0
254,ACH-001820,0.6594310998916626,-1.7643173933029175,1.890227198600769,0.533521294593811,True,-4.436896324157715,-4.455646514892578,0.1,0.8863636363636364,0.6875,-4.423116847866312,0.2878152132034302,-5.0,-4.180941104888916,-5.1864824295043945,-3.3190255165100098,0.022727273404598236
255,ACH-000017,1.3046497106552124,-1.0307854413986206,1.801206111907959,0.534229040145874,True,-4.410493850708008,-4.4229936599731445,0.1,0.9090909090909091,0.6875,-4.423104529076995,0.24437570571899414,-5.0,-4.142536163330078,-5.180688381195068,-3.2570126056671143,0.022727273404598236
256,ACH-000019,-2.4327392578125,-4.856452941894531,1.9533995389938354,0.4703141152858734,True,-4.5175018310546875,-4.526877403259277,0.1,0.9285714285714286,0.65625,-4.433481816495223,0.12168683111667633,-5.0,-4.26476526260376,-5.071116924285889,-3.249696969985962,0.0476190485060215
257,ACH-000044,-0.7492415904998779,-3.149407386779785,1.8789633512496948,0.5212023854255676,True,-4.066871643066406,-4.104371547698975,0.1,0.7804878048780488,0.640625,-4.400570789615598,0.12041682004928589,-5.0,-3.5434088706970215,-4.259276390075684,-3.045107126235962,0.0
258,ACH-000097,-3.054807186126709,-5.328817844390869,1.7570730447769165,0.5169376134872437,True,-4.4529924392700195,-4.502992630004883,0.1,0.7959183673469388,0.765625,-4.410812973654526,0.11095281690359116,-5.0,-4.28554105758667,-5.540897846221924,-3.7043256759643555,0.06122449040412903
259,ACH-000111,-2.5526251792907715,-5.002979278564453,1.9321058988571167,0.5182483196258545,True,-4.434525489807129,-4.4595255851745605,0.1,0.8372093023255814,0.671875,-4.4156842348065295,0.1089053601026535,-5.0,-4.158364295959473,-4.987675666809082,-3.052527904510498,0.0
260,ACH-000117,-4.3366618156433105,-6.82902717590332,1.9602255821228027,0.532139778137207,True,-4.356843948364258,-4.369344234466553,0.1,0.9183673469387755,0.765625,-4.4110502347725316,0.1512729972600937,-5.0,-4.15995979309082,-4.9692158699035645,-3.407804489135742,0.0
261,ACH-000147,-2.4290897846221924,-4.727045059204102,1.81495201587677,0.48300331830978394,True,-4.439591407775879,-4.455216884613037,0.1,0.9111111111111111,0.703125,-4.4154668997565825,0.11251964420080185,-5.0,-4.202975273132324,-5.181596279144287,-2.216071367263794,0.04444444552063942
262,ACH-000148,-3.3077197074890137,-5.688039779663086,1.9090882539749146,0.47123193740844727,True,-4.580260753631592,-4.599010944366455,0.1,0.8717948717948718,0.609375,-4.433821304217569,0.11422964185476303,-5.0,-4.311197280883789,-5.201488971710205,-3.6031222343444824,0.10256410390138626
263,ACH-000196,-0.5883743762969971,-3.0190722942352295,1.9063613414764404,0.524336576461792,True,-4.248207092285156,-4.2669572830200195,0.1,0.8979591836734694,0.765625,-4.417134902097814,0.09796244651079178,-5.0,-4.018066883087158,-4.732105731964111,-1.629189133644104,0.0
264,ACH-000212,0.3978602886199951,-2.000317335128784,1.8796836137771606,0.5184939503669739,True,-4.4548516273498535,-4.47672700881958,0.1,0.8666666666666667,0.703125,-4.4230941127699905,0.14065337181091309,-5.0,-4.2246785163879395,-5.147704601287842,-2.9861793518066406,0.06666667014360428
265,ACH-000223,2.03934645652771,-0.2743906080722809,1.7891751527786255,0.5245620012283325,True,-4.408299922943115,-4.423924446105957,0.1,0.9215686274509803,0.796875,-4.423177146103587,0.2735728621482849,-5.0,-4.257473945617676,-4.938186168670654,-3.390817165374756,0.0
266,ACH-000248,0.03727388381958008,-2.389573812484741,1.8955663442611694,0.5312812924385071,True,-4.361328601837158,-4.392578125,0.1,0.8,0.703125,-4.420117243993229,0.1494719684123993,-5.0,-4.091667175292969,-5.324267864227295,-2.7490031719207764,0.02222222276031971
267,ACH-000258,-0.16668486595153809,-2.5565950870513916,1.8721610307693481,0.5177491307258606,True,-4.323828220367432,-4.336328506469727,0.1,0.9183673469387755,0.765625,-4.411738370240879,0.11222128570079803,-5.0,-4.1168365478515625,-5.0487260818481445,-3.2289605140686035,0.020408162847161293
268,ACH-000276,-2.5652148723602295,-4.935572147369385,1.845111608505249,0.5252456665039062,True,-4.5060625076293945,-4.5216875076293945,0.1,0.9090909090909091,0.6875,-4.42273328397973,0.10928213596343994,-5.0,-4.281545639038086,-5.157947540283203,-3.386751413345337,0.09090909361839294
269,ACH-000277,2.448798656463623,0.060051046311855316,1.882898211479187,0.5058493614196777,True,-4.261557102203369,-4.289682388305664,0.1,0.88,0.78125,-4.409428194412324,0.27121978998184204,-5.0,-4.054793357849121,-4.8707475662231445,-3.2785115242004395,0.0
270,ACH-000288,0.15087532997131348,-2.126753091812134,1.8237173557281494,0.45391106605529785,True,-4.549283981323242,-4.586784362792969,0.1,0.8043478260869565,0.71875,-4.427163811250388,0.1965007334947586,-5.0,-4.372917175292969,-5.205519199371338,-2.591294288635254,0.10869565606117249
271,ACH-000330,-1.8763704299926758,-4.298323154449463,1.9065814018249512,0.5153713822364807,True,-4.438518524169922,-4.46039342880249,0.1,0.8723404255319149,0.734375,-4.430486773005598,0.1069355458021164,-5.0,-4.235429286956787,-4.8742146492004395,-3.7010042667388916,0.0
272,ACH-000349,0.4779064655303955,-1.8950212001800537,1.8839179277420044,0.48900970816612244,True,-4.528721809387207,-4.56309700012207,0.1,0.8372093023255814,0.671875,-4.443747795717245,0.27951323986053467,-5.0,-4.298563003540039,-5.218055725097656,-3.596810817718506,0.023255813866853714
273,ACH-000352,-0.6691713333129883,-3.069500684738159,1.8915168046951294,0.5088124871253967,True,-4.1066083908081055,-4.140983581542969,0.1,0.8235294117647058,0.796875,-4.413471374299817,0.10527145862579346,-5.0,-3.8788812160491943,-4.503518104553223,-3.151837110519409,0.0
274,ACH-000374,-2.6846749782562256,-5.081533432006836,1.8969948291778564,0.4998636245727539,True,-4.439642429351807,-4.452142238616943,0.1,0.9347826086956522,0.71875,-4.41733846073153,0.10824207961559296,-5.0,-4.220372200012207,-5.251486778259277,-3.5330917835235596,0.08695652335882187
275,ACH-000536,-1.093489170074463,-3.3423962593078613,1.782773494720459,0.46613365411758423,True,-4.559857368469238,-4.597357749938965,0.1,0.7777777777777778,0.5625,-4.435340389652273,0.18034064769744873,-5.0,-4.21752405166626,-5.089378356933594,-3.6524033546447754,0.02777777798473835
276,ACH-000554,-0.8078749179840088,-3.2013933658599854,1.8886479139328003,0.5048706531524658,True,-4.441198825836182,-4.459948539733887,0.1,0.8936170212765957,0.734375,-4.437801204660435,0.10674281418323517,-5.0,-4.239078998565674,-5.116321563720703,-3.1129679679870605,0.06382978707551956
277,ACH-000568,-1.1150636672973633,-3.516575813293457,1.9096273183822632,0.4918847978115082,True,-4.250889301300049,-4.285264015197754,0.1,0.8095238095238095,0.65625,-4.4225474857141664,0.10919025540351868,-5.0,-3.8584980964660645,-4.448099613189697,-3.3266687393188477,0.0
278,ACH-000573,3.2374417781829834,0.8544428944587708,1.871001958847046,0.5119971036911011,True,-4.17072057723999,-4.214470863342285,0.1,0.8518518518518519,0.84375,-4.401739823476978,0.24627366662025452,-5.0,-4.017150402069092,-4.946139812469482,-3.3176257610321045,0.0
279,ACH-000621,1.8006017208099365,-0.5489657521247864,1.8458448648452759,0.5037224888801575,True,-4.374637603759766,-4.396512985229492,0.1,0.8888888888888888,0.84375,-4.40121713965223,0.29377296566963196,-5.0,-4.258830547332764,-5.495150566101074,-3.226836919784546,0.07407407462596893
280,ACH-000624,1.9239447116851807,-0.4137556850910187,1.8556491136550903,0.48205122351646423,True,-4.295141220092773,-4.310766220092773,0.1,0.9148936170212766,0.734375,-4.392172047696285,0.27899450063705444,-5.0,-4.040191650390625,-4.850035667419434,-1.9701343774795532,0.0
281,ACH-000643,-2.29608154296875,-4.606878280639648,1.8071391582489014,0.5036575198173523,True,-4.480006217956543,-4.498756408691406,0.1,0.8863636363636364,0.6875,-4.402830483795797,0.10029174387454987,-5.0,-4.243645668029785,-5.186069488525391,-3.6419360637664795,0.06818182021379471
282,ACH-000668,-1.0167908668518066,-3.4058704376220703,1.8912551403045654,0.49782437086105347,True,-4.350218772888184,-4.381469249725342,0.1,0.8518518518518519,0.84375,-4.400694360388751,0.09719449281692505,-5.0,-4.229888916015625,-5.066219329833984,-3.375889778137207,0.018518518656492233
283,ACH-000691,0.4222428798675537,-1.8955929279327393,1.8199546337127686,0.4978812336921692,True,-4.435733795166016,-4.454483509063721,0.1,0.875,0.75,-4.406073275256248,0.18496467173099518,-5.0,-4.247645378112793,-4.924864292144775,-2.7649827003479004,0.0
284,ACH-000699,1.4291179180145264,-0.8776234984397888,1.8001371622085571,0.5066043138504028,True,-4.389405727386475,-4.40815544128418,0.1,0.9,0.78125,-4.406281491859041,0.2758057117462158,-5.0,-4.218439102172852,-5.123886585235596,-3.454235553741455,0.019999999552965164
285,ACH-000711,1.5631728172302246,-0.7598642706871033,1.804996371269226,0.5180408358573914,True,-4.383965492248535,-4.40271520614624,0.1,0.9,0.78125,-4.405924863287762,0.33519572019577026,-5.0,-4.211475849151611,-4.927795886993408,-3.603851795196533,0.0
286,ACH-000725,-2.241366386413574,-4.539754867553711,1.8190724849700928,0.4793160557746887,True,-4.430721282958984,-4.446346282958984,0.1,0.9130434782608695,0.71875,-4.4099670052548845,0.10048701614141464,-5.0,-4.207960605621338,-5.110230445861816,-3.2569446563720703,0.043478261679410934
287,ACH-000755,2.002286434173584,-0.3811175525188446,1.8918986320495605,0.49150532484054565,True,-4.349020004272461,-4.374019622802734,0.1,0.8627450980392157,0.796875,-4.40637226700967,0.38348159193992615,-5.0,-4.183084011077881,-5.277438640594482,-3.5309553146362305,0.03921568766236305
288,ACH-000759,1.7518508434295654,-0.6605793833732605,1.9194468259811401,0.49298354983329773,True,-4.3166890144348145,-4.360439300537109,0.1,0.78,0.78125,-4.401778970362414,0.301157683134079,-5.0,-4.125361919403076,-4.851363658905029,-3.5122528076171875,0.0
289,ACH-000768,0.3952915668487549,-1.9227864742279053,1.8536653518676758,0.4644128084182739,True,-4.4510650634765625,-4.4823150634765625,0.1,0.875,0.75,-4.409832579673829,0.27514755725860596,-5.0,-4.268086910247803,-6.1858601570129395,-3.371900796890259,0.02083333395421505
290,ACH-000783,1.2868626117706299,-0.9742036461830139,1.7662125825881958,0.4948536455631256,True,-4.389203071594238,-4.417327880859375,0.1,0.8541666666666666,0.75,-4.410582109792383,0.25406670570373535,-5.0,-4.185604095458984,-5.215609550476074,-3.6532487869262695,0.0416666679084301
291,ACH-000818,2.098433494567871,-0.22167356312274933,1.8221296072006226,0.4979773759841919,True,-3.9022958278656006,-3.9210457801818848,0.1,0.8421052631578947,0.59375,-4.361628476831333,0.17939727008342743,-5.0,-3.1512348651885986,-3.646355390548706,-2.7422618865966797,0.0
292,ACH-000828,-3.2780263423919678,-5.653909683227539,1.9097431898117065,0.4661402404308319,True,-3.9345450401306152,-3.943920135498047,0.1,0.925,0.625,-4.319857642698004,0.13900624215602875,-5.0,-3.2952721118927,-3.9028677940368652,-2.84208083152771,0.0
293,ACH-000849,-3.956188440322876,-6.170230865478516,1.7775695323944092,0.43647289276123047,True,-4.408236503601074,-4.436361312866211,0.1,0.8571428571428571,0.765625,-4.331508009714825,0.10904192179441452,-5.0,-4.227084159851074,-6.495670795440674,-3.652202606201172,0.08163265138864517
294,ACH-000856,0.7348350286483765,-1.5092271566390991,1.7735896110534668,0.4704725742340088,True,-4.30084228515625,-4.310216903686523,0.1,0.9444444444444444,0.84375,-4.329378899111995,0.2114391028881073,-5.0,-4.171367645263672,-5.0104217529296875,-3.5688400268554688,0.03703703731298447
295,ACH-000857,-3.9782228469848633,-6.288790702819824,1.8335003852844238,0.4770674705505371,True,-4.387081146240234,-4.412081241607666,0.1,0.8444444444444444,0.703125,-4.337649133361562,0.11548703908920288,-5.0,-4.128293514251709,-5.228479385375977,-3.6031785011291504,0.02222222276031971
296,ACH-000859,-3.123858690261841,-5.436607360839844,1.843519687652588,0.4692290425300598,True,-4.495212554931641,-4.526463031768799,0.1,0.8444444444444444,0.703125,-4.356530523202285,0.10069331526756287,-5.0,-4.28208065032959,-5.2845306396484375,-3.5467686653137207,0.04444444552063942
297,ACH-000876,-0.9216160774230957,-3.1795401573181152,1.7730424404144287,0.48488152027130127,True,-4.345273494720459,-4.357773303985596,0.1,0.9130434782608695,0.71875,-4.356654801280616,0.22176975011825562,-5.0,-4.089076042175293,-4.613919258117676,-2.751819133758545,0.0
298,ACH-000902,-0.042092323303222656,-2.385007381439209,1.860792875289917,0.48212215304374695,True,-4.368431091308594,-4.393431186676025,0.1,0.8444444444444444,0.703125,-4.360332439820157,0.23523256182670593,-5.0,-4.101768970489502,-5.0939741134643555,-2.3913652896881104,0.02222222276031971
299,ACH-000910,0.12749576568603516,-2.211160659790039,1.8654298782348633,0.4732264578342438,True,-4.368816375732422,-4.403191566467285,0.1,0.8163265306122449,0.765625,-4.36461835248487,0.18003565073013306,-5.0,-4.175596714019775,-5.313536643981934,-3.4972076416015625,0.040816325694322586
300,ACH-000927,-1.3700761795043945,-3.6663806438446045,1.8268736600875854,0.46943074464797974,True,-4.371505260467529,-4.415255546569824,0.1,0.7872340425531915,0.734375,-4.369682071893365,0.10586804151535034,-5.0,-4.144177436828613,-4.7189860343933105,-3.4088282585144043,0.0
301,ACH-000930,0.5488573312759399,-1.6330317258834839,1.707746148109436,0.47414302825927734,True,-4.443508148193359,-4.471632957458496,0.1,0.875,0.75,-4.379877160449878,0.2642897963523865,-5.0,-4.2580108642578125,-4.98943567276001,-3.612858295440674,0.0
302,ACH-000934,1.1767202615737915,-1.154476284980774,1.8494880199432373,0.48170846700668335,True,-4.3343048095703125,-4.3655548095703125,0.1,0.8301886792452831,0.828125,-4.378444925361921,0.2786846160888672,-5.0,-4.196141719818115,-5.14959716796875,-3.248281478881836,0.056603774428367615
303,ACH-001390,0.252727746963501,-2.0518441200256348,1.821089744567871,0.4834821820259094,True,-4.38509464263916,-4.391345024108887,0.1,0.9523809523809523,0.65625,-4.379734935236618,0.21987038850784302,-5.0,-4.063002109527588,-4.730879783630371,-3.3761799335479736,0.0
304,ACH-001819,-1.4189844131469727,-3.681504011154175,1.79595947265625,0.466560035943985,True,-4.238372802734375,-4.288372993469238,0.1,0.7755102040816326,0.765625,-4.370598741059879,0.09489232301712036,-5.0,-4.005221843719482,-4.959571361541748,-3.2906494140625,0.0
305,ACH-001820,1.6102666854858398,-0.74031662940979,1.8814159631729126,0.46916741132736206,True,-4.331566333770752,-4.347191333770752,0.1,0.9215686274509803,0.796875,-4.368258000330967,0.24715137481689453,-5.0,-4.161181449890137,-4.848264694213867,-3.2481722831726074,0.0
306,ACH-000017,-0.3735373020172119,-2.592648506164551,1.731585144996643,0.487525999546051,True,-4.454822540283203,-4.479822635650635,0.1,0.8571428571428571,0.765625,-4.379414463862934,0.22556796669960022,-5.0,-4.2879319190979,-5.081759452819824,-3.644183397293091,0.020408162847161293
307,ACH-000019,-3.3583571910858154,-5.504219055175781,1.7114930152893066,0.43436887860298157,True,-4.484520435333252,-4.493895530700684,0.1,0.9318181818181818,0.6875,-4.39086257054671,0.1130586639046669,-5.0,-4.250211715698242,-5.071116924285889,-3.523251533508301,0.06818182021379471
308,ACH-000044,2.8978271484375,0.6929147839546204,1.7383989095687866,0.46651357412338257,True,-3.9695723056793213,-3.982072353363037,0.1,0.9111111111111111,0.703125,-4.349983548828343,0.3576762080192566,-5.0,-3.5345025062561035,-4.166141033172607,-2.9663991928100586,0.0
309,ACH-000097,-2.7660727500915527,-4.971795558929443,1.7351112365722656,0.47061169147491455,True,-4.390529632568359,-4.456154823303223,0.1,0.74,0.78125,-4.360600676275831,0.10261939465999603,-5.0,-4.219878196716309,-4.978998184204102,-3.4240245819091797,0.0
310,ACH-000111,-1.179046869277954,-3.415729284286499,1.7727422714233398,0.4639401435852051,True,-4.381080627441406,-4.406081199645996,0.1,0.851063829787234,0.734375,-4.365148728612847,0.2107585370540619,-5.0,-4.157216548919678,-5.208767890930176,-3.729713201522827,0.021276595070958138
311,ACH-000117,-2.533095359802246,-4.740072727203369,1.7626277208328247,0.4443495273590088,True,-4.404708385467529,-4.464083671569824,0.1,0.7755102040816326,0.765625,-4.375042222908545,0.09571690112352371,-5.0,-4.222476482391357,-4.886593818664551,-3.3254146575927734,0.0
312,ACH-000147,-2.031949281692505,-4.159570217132568,1.7033634185791016,0.4242576062679291,True,-4.399857044219971,-4.437356948852539,0.1,0.82,0.78125,-4.381273695502944,0.1079631820321083,-5.0,-4.23181676864624,-5.050380229949951,-3.122023582458496,0.019999999552965164
313,ACH-000148,-2.7425403594970703,-5.052517414093018,1.8670495748519897,0.44292736053466797,True,-4.523568153381348,-4.5548176765441895,0.1,0.7954545454545454,0.6875,-4.398628093607068,0.10491817444562912,-5.0,-4.307008266448975,-5.201488971710205,-3.2965049743652344,0.09090909361839294
314,ACH-000196,1.3838694095611572,-0.9284418225288391,1.8281928300857544,0.48411825299263,True,-4.298749923706055,-4.314374923706055,0.1,0.9215686274509803,0.796875,-4.390202776616967,0.19594496488571167,-5.0,-4.119999408721924,-4.9491167068481445,-3.5496933460235596,0.0
315,ACH-000212,0.6993832588195801,-1.579286813735962,1.8093018531799316,0.4693682789802551,True,-4.410775184631348,-4.4670257568359375,0.1,0.7659574468085106,0.734375,-4.397885074638864,0.33775413036346436,-5.0,-4.1976518630981445,-5.147704601287842,-3.3429172039031982,0.042553190141916275
316,ACH-000223,1.3055177927017212,-0.9917160272598267,1.8299189805984497,0.46731483936309814,True,-4.331464767456055,-4.393964767456055,0.1,0.7962962962962963,0.84375,-4.397493043920583,0.15460044145584106,-5.0,-4.2076616287231445,-4.9668989181518555,-3.545011043548584,0.0
317,ACH-000248,-2.3271267414093018,-4.594738483428955,1.7918670177459717,0.47574472427368164,True,-4.406703948974609,-4.431704044342041,0.1,0.8695652173913043,0.71875,-4.400914143962728,0.10016783326864243,-5.0,-4.174544811248779,-5.556856632232666,-3.223327159881592,0.021739130839705467
318,ACH-000258,0.20902109146118164,-2.0154755115509033,1.7536652088165283,0.4708314836025238,True,-4.370101451873779,-4.398226737976074,0.1,0.8260869565217391,0.71875,-4.400645403364063,0.20579035580158234,-5.0,-4.12362003326416,-5.293735027313232,-3.0958642959594727,0.043478261679410934
319,ACH-000276,-2.0271873474121094,-4.26497745513916,1.7823362350463867,0.4554539918899536,True,-4.410981178283691,-4.445356369018555,0.1,0.8085106382978723,0.734375,-4.4051164999295125,0.11141079664230347,-5.0,-4.197932243347168,-5.157947540283203,-3.629574775695801,0.021276595070958138
320,ACH-000277,0.9361718893051147,-1.272288203239441,1.7521963119506836,0.4562637209892273,True,-4.356088638305664,-4.377963066101074,0.1,0.8666666666666667,0.703125,-4.402401156546668,0.2589954137802124,-5.0,-4.08421516418457,-4.952993392944336,-3.573228359222412,0.0
321,ACH-000288,-0.07922959327697754,-2.315565347671509,1.7880184650421143,0.44831734895706177,True,-4.489439487457275,-4.498814582824707,0.1,0.9347826086956522,0.71875,-4.412042499174472,0.11904986202716827,-5.0,-4.2896552085876465,-5.205519199371338,-3.3647334575653076,0.08695652335882187
322,ACH-000330,0.6760987043380737,-1.6221812963485718,1.8257029056549072,0.4725770354270935,True,-4.3194475173950195,-4.356947898864746,0.1,0.8301886792452831,0.828125,-4.4065330391435,0.1622631549835205,-5.0,-4.178201198577881,-5.36534309387207,-3.7010040283203125,0.01886792480945587
323,ACH-000349,-1.2082533836364746,-3.49676251411438,1.8051490783691406,0.4833599627017975,True,-4.288455963134766,-4.316580772399902,0.1,0.8518518518518519,0.84375,-4.39753781246914,0.10728983581066132,-5.0,-4.156688690185547,-4.798346519470215,-3.3167312145233154,0.0
324,ACH-000352,-0.668060302734375,-2.915600538253784,1.776503324508667,0.47103697061538696,True,-4.118960380554199,-4.1533355712890625,0.1,0.8431372549019608,0.796875,-4.373117588351132,0.10334170609712601,-5.0,-3.8943824768066406,-4.503518104553223,-3.213744878768921,0.0
325,ACH-000374,0.5894166231155396,-1.667517066001892,1.7972146272659302,0.45971906185150146,True,-4.397486686706543,-4.447486400604248,0.1,0.7551020408163265,0.765625,-4.380554469576444,0.19289474189281464,-5.0,-4.213043212890625,-4.942230224609375,-3.5096206665039062,0.0
326,ACH-000536,0.7083851099014282,-1.5235317945480347,1.7723287343978882,0.45958805084228516,True,-4.355888843536377,-4.380888938903809,0.1,0.8571428571428571,0.765625,-4.38058791650918,0.2415478527545929,-5.0,-4.158712387084961,-5.152092933654785,-3.343055248260498,0.08163265138864517
327,ACH-000554,1.13485848903656,-1.105732798576355,1.7798757553100586,0.4607155919075012,True,-4.363369464874268,-4.400869369506836,0.1,0.803921568627451,0.796875,-4.382616061808945,0.2825705111026764,-5.0,-4.201091766357422,-4.971987724304199,-3.7065417766571045,0.0
328,ACH-000568,0.8916009664535522,-1.2946325540542603,1.7449162006378174,0.4413173794746399,True,-4.191112995147705,-4.212987899780273,0.1,0.875,0.75,-4.365653245606078,0.17794400453567505,-5.0,-3.9214837551116943,-4.71309232711792,-3.348574638366699,0.0
329,ACH-000573,-2.4170076847076416,-4.643332004547119,1.790277361869812,0.4360470175743103,True,-4.293236255645752,-4.311985969543457,0.1,0.8913043478260869,0.71875,-4.360286517999816,0.1095917820930481,-5.0,-4.016676425933838,-5.040013790130615,-3.3176257610321045,0.021739130839705467
330,ACH-000621,0.34700095653533936,-1.9478214979171753,1.8454043865203857,0.44941800832748413,True,-4.39080286026001,-4.403303146362305,0.1,0.9230769230769231,0.8125,-4.364588180836065,0.13094490766525269,-5.0,-4.250218868255615,-5.2098588943481445,-3.714143753051758,0.01923076994717121
331,ACH-000624,-1.2646973133087158,-3.433537006378174,1.7363179922103882,0.43252164125442505,True,-4.157059669494629,-4.175809860229492,0.1,0.8867924528301887,0.828125,-4.345710348775407,0.10047932714223862,-5.0,-3.982109785079956,-4.993654251098633,-1.932869553565979,0.0
332,ACH-000643,0.9063280820846558,-1.325868010520935,1.7827669382095337,0.44942915439605713,True,-4.3395538330078125,-4.380178451538086,0.1,0.8627450980392157,0.796875,-4.349157159051675,0.2601451277732849,-5.0,-4.171204566955566,-5.0667877197265625,-3.2992095947265625,0.03921568766236305
333,ACH-000668,0.726433515548706,-1.4836044311523438,1.7572402954101562,0.45279762148857117,True,-4.361754417419434,-4.386754512786865,0.1,0.8653846153846154,0.8125,-4.352916894425194,0.1827533096075058,-5.0,-4.2144670486450195,-5.007702827453613,-3.517855644226074,0.01923076994717121
334,ACH-000691,0.7256237268447876,-1.5454555749893188,1.8186506032943726,0.4524286389350891,True,-4.361289978027344,-4.376914978027344,0.1,0.8936170212765957,0.734375,-4.355316702785409,0.2758437693119049,-5.0,-4.130267143249512,-4.795554161071777,-2.4790031909942627,0.0
335,ACH-000699,1.6112136840820312,-0.645935595035553,1.7987078428268433,0.4584413170814514,True,-4.32109260559082,-4.3429670333862305,0.1,0.8823529411764706,0.796875,-4.354081735845491,0.22211690247058868,-5.0,-4.148037910461426,-4.991279125213623,-3.4193003177642822,0.0
336,ACH-000711,0.5199381113052368,-1.7224754095077515,1.7885125875473022,0.4539009630680084,True,-4.393898963928223,-4.403274059295654,0.1,0.9361702127659575,0.734375,-4.359000968190507,0.3017122149467468,-5.0,-4.174671173095703,-5.183089256286621,-3.5963094234466553,0.021276595070958138
337,ACH-000725,-5.585211753845215,-7.778871536254883,1.752177119255066,0.44148263335227966,True,-4.363944053649902,-4.392068862915039,0.1,0.84,0.78125,-4.36230775766296,0.1354910135269165,-5.0,-4.185847759246826,-5.088705062866211,-2.6852338314056396,0.019999999552965164
338,ACH-000755,-1.6434745788574219,-3.8653879165649414,1.7861385345458984,0.4357748031616211,True,-4.339119911193848,-4.357870101928711,0.1,0.8979591836734694,0.765625,-4.3618639920895355,0.09991943091154099,-5.0,-4.136809825897217,-4.974775314331055,-3.3337619304656982,0.0
339,ACH-000759,-1.2704167366027832,-3.5663645267486572,1.8350855112075806,0.46086233854293823,True,-4.3305511474609375,-4.368050575256348,0.1,0.8,0.703125,-4.362482650406217,0.09444686025381088,-5.0,-4.047894477844238,-4.696692943572998,-3.4101531505584717,0.0
340,ACH-000768,0.9005531072616577,-1.2793456315994263,1.7614809274673462,0.4184178113937378,True,-4.446918964385986,-4.459419250488281,0.1,0.9130434782608695,0.71875,-4.372176310414424,0.30971968173980713,-5.0,-4.230495929718018,-5.209752082824707,-3.6793501377105713,0.043478261679410934
341,ACH-000783,-2.294862747192383,-4.437387466430664,1.7037607431411743,0.4387640357017517,True,-4.357052803039551,-4.378928184509277,0.1,0.9038461538461539,0.8125,-4.372851497823909,0.10408695042133331,-5.0,-4.208680629730225,-5.9789042472839355,-2.325080633163452,0.01923076994717121
342,ACH-000818,-0.1673276424407959,-2.300529956817627,1.666414737701416,0.4667876660823822,True,-3.616117000579834,-3.647367000579834,0.1,0.8367346938775511,0.765625,-4.300303048099502,0.12315218150615692,-5.0,-3.192479372024536,-4.061583042144775,-2.8102686405181885,0.0
343,ACH-000828,-1.7310433387756348,-4.053351879119873,1.87755286693573,0.4447557330131531,True,-3.870145320892334,-3.9107704162597656,0.1,0.7954545454545454,0.6875,-4.261349784915528,0.10400444269180298,-5.0,-3.3565750122070312,-3.945249319076538,-3.0335161685943604,0.0
344,ACH-000849,-3.6889092922210693,-5.797143459320068,1.7012431621551514,0.4069909155368805,True,-4.242444038391113,-4.279943466186523,0.1,0.8163265306122449,0.765625,-4.263209153042627,0.11355806887149811,-5.0,-4.010538578033447,-4.786332130432129,-3.421217441558838,0.0
345,ACH-000856,-2.4861788749694824,-4.688254356384277,1.7537592649459839,0.44831621646881104,True,-4.223970413208008,-4.239595413208008,0.1,0.9245283018867925,0.828125,-4.260847779059166,0.09710240364074707,-5.0,-4.062908172607422,-4.753267765045166,-3.2186882495880127,0.0
346,ACH-000857,0.557293176651001,-1.642296552658081,1.767592430114746,0.4319971799850464,True,-4.3470540046691895,-4.390803337097168,0.1,0.7959183673469388,0.765625,-4.273843334862966,0.30413129925727844,-5.0,-4.147172451019287,-4.89497709274292,-3.274810791015625,0.0
347,ACH-000859,-0.09552550315856934,-2.2892813682556152,1.7484606504440308,0.44529515504837036,True,-4.407301902770996,-4.457302093505859,0.1,0.7755102040816326,0.765625,-4.292189210727256,0.20574618875980377,-5.0,-4.225863456726074,-5.147832870483398,-3.3429114818573,0.020408162847161293
348,ACH-000876,0.29282498359680176,-1.9982764720916748,1.8348957300186157,0.4562056064605713,True,-4.3390398025512695,-4.373414039611816,0.1,0.84,0.78125,-4.300311693615712,0.2364431917667389,-5.0,-4.153970241546631,-4.829081058502197,-3.2482147216796875,0.0
349,ACH-000902,1.273688793182373,-0.9412357807159424,1.7745134830474854,0.4404110312461853,True,-4.333863735198975,-4.365114212036133,0.1,0.8653846153846154,0.8125,-4.306791945457754,0.2780771255493164,-5.0,-4.180140495300293,-5.1404571533203125,-3.599834442138672,0.03846153989434242
350,ACH-000910,-3.9324755668640137,-6.08560848236084,1.716069221496582,0.4370638132095337,True,-4.441862106323242,-4.479361534118652,0.1,0.8,0.703125,-4.324048904323844,0.10440526902675629,-5.0,-4.206203460693359,-4.927915573120117,-2.0152621269226074,0.0
351,ACH-000927,1.2311427593231201,-0.9216697812080383,1.6876327991485596,0.46517959237098694,True,-4.32649564743042,-4.345245361328125,0.1,0.8936170212765957,0.734375,-4.3261685500242715,0.2991827726364136,-5.0,-4.082887172698975,-5.198073863983154,-3.316678047180176,0.021276595070958138
352,ACH-000930,1.9807488918304443,-0.2000635266304016,1.733765959739685,0.44704651832580566,True,-4.225852012634277,-4.272726535797119,0.1,0.8421052631578947,0.890625,-4.3208243486015565,0.2759498357772827,-5.0,-4.130781173706055,-5.165964126586914,-3.2236084938049316,0.035087719559669495
353,ACH-000934,0.6392804384231567,-1.5957742929458618,1.7718186378479004,0.4632360339164734,True,-4.333889484405518,-4.352639675140381,0.1,0.9019607843137255,0.796875,-4.324005881255439,0.3254135549068451,-5.0,-4.164096832275391,-5.132667541503906,-3.642289638519287,0.03921568766236305
354,ACH-001390,-1.5112531185150146,-3.7502613067626953,1.7928894758224487,0.4461188018321991,True,-4.34099006652832,-4.375365257263184,0.1,0.8048780487804879,0.640625,-4.329141818856214,0.14913535118103027,-5.0,-3.971301794052124,-4.730879783630371,-3.55564546585083,0.0
355,ACH-001819,-0.1188504695892334,-2.2637760639190674,1.7175016403198242,0.427423894405365,True,-4.199725151062012,-4.2465996742248535,0.1,0.8297872340425532,0.734375,-4.320887604393078,0.1090598925948143,-5.0,-3.910264015197754,-4.535752296447754,-3.1335020065307617,0.0
356,ACH-001820,-0.5709426403045654,-2.75738525390625,1.749480128288269,0.43696239590644836,True,-4.395934581756592,-4.439684867858887,0.1,0.8541666666666666,0.75,-4.332767330739658,0.15613295137882233,-5.0,-4.194579601287842,-5.1864824295043945,-3.5438337326049805,0.0625
357,ACH-000017,-0.17529058456420898,-2.2929813861846924,1.6707631349563599,0.4469277560710907,True,-4.416877746582031,-4.4512529373168945,0.1,0.82,0.78125,-4.344615891397382,0.17331364750862122,-5.0,-4.253602981567383,-4.874605655670166,-3.5690555572509766,0.0
358,ACH-000019,1.193981409072876,-0.9168580174446106,1.7095263004302979,0.4013131856918335,True,-4.3789472579956055,-4.400822639465332,0.1,0.8958333333333334,0.75,-4.350236566204177,0.2386205941438675,-5.0,-4.171930313110352,-5.071116924285889,-2.7697858810424805,0.02083333395421505
359,ACH-000044,-0.12936830520629883,-2.231090784072876,1.6620980501174927,0.43962445855140686,True,-4.023124694824219,-4.035625457763672,0.1,0.9090909090909091,0.6875,-4.318775455360126,0.11313995718955994,-5.0,-3.5790913105010986,-4.311493873596191,-3.137155771255493,0.0
360,ACH-000097,0.10370266437530518,-1.9878264665603638,1.6502100229263306,0.441319078207016,True,-4.312978744506836,-4.381728649139404,0.1,0.82,0.78125,-4.325070774738054,0.2555936574935913,-5.0,-4.120612621307373,-5.209274768829346,-3.2935636043548584,0.019999999552965164
361,ACH-000111,1.1529520750045776,-1.065040946006775,1.7918413877487183,0.4261515736579895,True,-4.278972625732422,-4.328972816467285,0.1,0.8301886792452831,0.828125,-4.325460978910978,0.2286270558834076,-5.0,-4.1293253898620605,-4.939310073852539,-3.5655758380889893,0.0
362,ACH-000117,0.9015055894851685,-1.2323051691055298,1.7023789882659912,0.43143168091773987,True,-4.293890953063965,-4.303266525268555,0.1,0.9411764705882353,0.796875,-4.323241533546735,0.2800302803516388,-5.0,-4.113903045654297,-4.952988624572754,-2.7409636974334717,0.0
363,ACH-000147,-3.8010923862457275,-6.054494380950928,1.8301622867584229,0.42323967814445496,True,-4.402098655700684,-4.420848846435547,0.1,0.8775510204081632,0.765625,-4.333002264835616,0.11406957358121872,-5.0,-4.219067573547363,-5.181596279144287,-3.077127456665039,0.020408162847161293
364,ACH-000148,0.8380265235900879,-1.3336739540100098,1.7588196992874146,0.41288065910339355,True,-4.3492584228515625,-4.368008136749268,0.1,0.9038461538461539,0.8125,-4.336502852026981,0.18837451934814453,-5.0,-4.199086666107178,-5.292191982269287,-2.6547329425811768,0.03846153989434242
365,ACH-000196,1.024727463722229,-1.172012209892273,1.754012107849121,0.44272756576538086,True,-4.25669002532959,-4.297314643859863,0.1,0.82,0.78125,-4.332584031210269,0.23790258169174194,-5.0,-4.048563003540039,-5.31027364730835,-3.2243683338165283,0.019999999552965164
366,ACH-000212,-1.4453976154327393,-3.638545274734497,1.7658313512802124,0.4273163676261902,True,-4.242938041687012,-4.296063423156738,0.1,0.7962962962962963,0.84375,-4.328931970404916,0.09465693682432175,-5.0,-4.1027421951293945,-5.041378498077393,-2.651106357574463,0.018518518656492233
367,ACH-000223,0.6023019552230835,-1.5447026491165161,1.7103404998779297,0.43666401505470276,True,-4.37644100189209,-4.4326910972595215,0.1,0.74,0.78125,-4.339307883090377,0.1915091872215271,-5.0,-4.201844692230225,-5.125138759613037,-3.4793925285339355,0.019999999552965164
368,ACH-000248,1.4385082721710205,-0.6644403338432312,1.6798940896987915,0.423054575920105,True,-4.303462028503418,-4.347211837768555,0.1,0.8,0.78125,-4.3400982785581945,0.28403347730636597,-5.0,-4.108431339263916,-5.022426605224609,-1.7169547080993652,0.019999999552965164
369,ACH-000258,1.8815890550613403,-0.2840520441532135,1.7441232204437256,0.421517938375473,True,-4.150112628936768,-4.2251129150390625,0.1,0.7719298245614035,0.890625,-4.328599742206281,0.22194138169288635,-5.0,-4.045740604400635,-4.952960014343262,-3.2289605140686035,0.0
370,ACH-000276,0.7913023233413696,-1.376980185508728,1.7375823259353638,0.43070024251937866,True,-4.361044883728027,-4.395419597625732,0.1,0.8571428571428571,0.765625,-4.335281727748226,0.28688666224479675,-5.0,-4.165445804595947,-5.157947540283203,-3.3001174926757812,0.040816325694322586
371,ACH-000277,-2.2467498779296875,-4.422641754150391,1.7345768213272095,0.4413149356842041,True,-4.28183650970459,-4.3068366050720215,0.1,0.86,0.78125,-4.332437215480606,0.10321802645921707,-5.0,-4.080750465393066,-4.760616779327393,-3.2681798934936523,0.0
372,ACH-000288,0.3941044807434082,-1.7320959568023682,1.7493071556091309,0.37689319252967834,True,-4.4127092361450195,-4.437709331512451,0.1,0.8627450980392157,0.796875,-4.342964427083791,0.2835909426212311,-5.0,-4.263007640838623,-5.992225646972656,-3.379532814025879,0.03921568766236305
373,ACH-000330,0.9799796342849731,-1.216267466545105,1.7860488891601562,0.4101981520652771,True,-4.348415374755859,-4.392165184020996,0.1,0.8269230769230769,0.8125,-4.347884502777511,0.2599834203720093,-5.0,-4.198050022125244,-5.060800552368164,-3.2427873611450195,0.01923076994717121
374,ACH-000349,-2.4615912437438965,-4.686378002166748,1.792510747909546,0.4322761297225952,True,-4.373082160949707,-4.404332160949707,0.1,0.8627450980392157,0.796875,-4.35352926859473,0.10169152915477753,-5.0,-4.213280200958252,-5.218055725097656,-3.2875990867614746,0.03921568766236305
375,ACH-000352,-1.7871930599212646,-3.9127583503723145,1.7029285430908203,0.4226366877555847,True,-4.137205123901367,-4.1872053146362305,0.1,0.8163265306122449,0.765625,-4.336896873198881,0.10140453279018402,-5.0,-3.873084545135498,-4.639120578765869,-3.3189687728881836,0.0
376,ACH-000374,1.5346941947937012,-0.5846538543701172,1.7227522134780884,0.39659583568573,True,-4.246487140655518,-4.287112236022949,0.1,0.8148148148148148,0.84375,-4.331918409481288,0.2694663405418396,-5.0,-4.106947898864746,-4.741122722625732,-2.5098462104797363,0.0
377,ACH-000536,-6.969715595245361,-9.008134841918945,1.6368423700332642,0.40157681703567505,True,-4.419646263122559,-4.4383955001831055,0.1,0.8723404255319149,0.734375,-4.34256611855147,0.14320112764835358,-5.0,-4.20973014831543,-5.152092933654785,-3.407945156097412,0.021276595070958138
378,ACH-000554,1.073614239692688,-1.0805116891860962,1.7251348495483398,0.4289909899234772,True,-4.309011936187744,-4.374637126922607,0.1,0.7592592592592593,0.84375,-4.345773219388583,0.26349955797195435,-5.0,-4.181050777435303,-5.209205627441406,-3.40220046043396,0.0555555559694767
379,ACH-000568,-3.7951228618621826,-5.985087871551514,1.769985318183899,0.4199797809123993,True,-4.2083892822265625,-4.233389854431152,0.1,0.8888888888888888,0.703125,-4.33453488289284,0.11931154131889343,-5.0,-3.8741540908813477,-4.587320327758789,-3.3714518547058105,0.0
380,ACH-000573,1.7523572444915771,-0.41616493463516235,1.7410345077514648,0.4274875223636627,True,-4.218019485473633,-4.236769676208496,0.1,0.9,0.78125,-4.324758362224406,0.2559102177619934,-5.0,-3.9990649223327637,-4.559545040130615,-3.3176257610321045,0.0
381,ACH-000621,1.0802571773529053,-1.0642049312591553,1.7151556015014648,0.42930659651756287,True,-4.287261009216309,-4.387260913848877,0.1,0.7169811320754716,0.828125,-4.331008617386853,0.23989084362983704,-5.0,-4.139334201812744,-5.2098588943481445,-3.283026695251465,0.03773584961891174
382,ACH-000624,-1.9808313846588135,-4.130248069763184,1.7379957437515259,0.4114210307598114,True,-4.171062469482422,-4.221062660217285,0.1,0.8035714285714286,0.875,-4.320014021669897,0.09162681549787521,-5.0,-4.052642822265625,-5.0644941329956055,-3.2660021781921387,0.01785714365541935
383,ACH-000643,1.194089412689209,-0.949741542339325,1.7329310178756714,0.4108999967575073,True,-4.351625442504883,-4.3797502517700195,0.1,0.8846153846153846,0.8125,-4.325987644679909,0.17052654922008514,-5.0,-4.202001094818115,-5.186069488525391,-2.616577625274658,0.05769231170415878
384,ACH-000668,1.2190359830856323,-0.9886523485183716,1.7656546831130981,0.4420337677001953,True,-4.278064727783203,-4.303064346313477,0.1,0.8727272727272727,0.859375,-4.323695314843266,0.1672770082950592,-5.0,-4.159929275512695,-5.066219329833984,-3.375889778137207,0.0181818176060915
385,ACH-000691,1.1604605913162231,-0.9663420915603638,1.711258053779602,0.4155445694923401,True,-4.272334098815918,-4.316083908081055,0.1,0.8518518518518519,0.84375,-4.322934174167045,0.29952046275138855,-5.0,-4.1375813484191895,-4.898913383483887,-3.545194149017334,0.0
386,ACH-000699,0.9903029203414917,-1.1493202447891235,1.711276888847351,0.42834630608558655,True,-4.361125946044922,-4.376750946044922,0.1,0.9019607843137255,0.796875,-4.328315851354833,0.14127583801746368,-5.0,-4.198276519775391,-5.006050109863281,-3.3348100185394287,0.019607843831181526
387,ACH-000711,0.35541093349456787,-1.8303452730178833,1.7458909749984741,0.4398653507232666,True,-4.311526298522949,-4.342775821685791,0.1,0.86,0.78125,-4.329761848387928,0.24851086735725403,-5.0,-4.118753433227539,-5.183089256286621,-2.44978928565979,0.019999999552965164
388,ACH-000725,0.4967169761657715,-1.5698246955871582,1.670424222946167,0.3961174488067627,True,-4.427879333496094,-4.44975471496582,0.1,0.8695652173913043,0.71875,-4.341761135045718,0.27751004695892334,-5.0,-4.204006671905518,-5.110230445861816,-3.597174882888794,0.021739130839705467
389,ACH-000755,0.20018017292022705,-1.916666865348816,1.713051438331604,0.4037954807281494,True,-4.374509811401367,-4.393259525299072,0.1,0.8775510204081632,0.765625,-4.3469109740710525,0.16006797552108765,-5.0,-4.183032989501953,-4.925709247589111,-3.5690813064575195,0.0
390,ACH-000759,1.368281602859497,-0.7182328701019287,1.6680651903152466,0.4184492826461792,True,-4.27163553237915,-4.290385723114014,0.1,0.9038461538461539,0.8125,-4.341258448975349,0.1844315230846405,-5.0,-4.103552341461182,-4.823952674865723,-3.430136203765869,0.0
391,ACH-000768,-7.800856590270996,-9.955042839050293,1.7684900760650635,0.3856963515281677,True,-4.391178131103516,-4.441178321838379,0.1,0.7959183673469388,0.765625,-4.351250436261652,0.16346564888954163,-5.0,-4.204803943634033,-5.504691123962402,-3.332688331604004,0.020408162847161293
392,ACH-000783,-1.2324802875518799,-3.332174777984619,1.6973605155944824,0.4023340046405792,True,-4.2241926193237305,-4.246068000793457,0.1,0.8947368421052632,0.890625,-4.340732192714833,0.09360884130001068,-5.0,-4.128918647766113,-5.215609550476074,-3.279279947280884,0.017543859779834747
393,ACH-000818,0.1066521406173706,-1.9975157976150513,1.6914231777191162,0.4127447307109833,True,-3.703242301940918,-3.706367015838623,0.1,0.9782608695652174,0.71875,-4.2772956750272115,0.13526226580142975,-5.0,-3.195815086364746,-4.114858150482178,-2.203221321105957,0.0
394,ACH-000828,1.6105976104736328,-0.5793017745018005,1.7717392444610596,0.41816025972366333,True,-3.8524084091186523,-3.908658266067505,0.1,0.8222222222222222,0.703125,-4.240431934131241,0.3327566981315613,-5.0,-3.3678698539733887,-4.36834716796875,-2.9708809852600098,0.0
395,ACH-000849,0.19377541542053223,-1.9087016582489014,1.7006843090057373,0.40179282426834106,True,-4.275055408477783,-4.306305408477783,0.1,0.86,0.78125,-4.247019281565895,0.23403547704219818,-5.0,-4.072070598602295,-4.698346138000488,-1.9709265232086182,0.0
396,ACH-000856,-3.4285409450531006,-5.578686714172363,1.733559489250183,0.41658633947372437,True,-4.248968124389648,-4.277092933654785,0.1,0.8846153846153846,0.8125,-4.250026646774784,0.1023656502366066,-5.0,-4.075654029846191,-5.02256441116333,-3.2186882495880127,0.01923076994717121
397,ACH-000857,0.3384230136871338,-1.8038594722747803,1.7393821477890015,0.402900367975235,True,-4.268254280090332,-4.299504280090332,0.1,0.8333333333333334,0.75,-4.254974410106339,0.22699448466300964,-5.0,-4.024339199066162,-4.650619029998779,-2.1305360794067383,0.0
398,ACH-000859,-4.48948860168457,-6.584085941314697,1.6786904335021973,0.4159066081047058,True,-4.340638160705566,-4.4062628746032715,0.1,0.7884615384615384,0.8125,-4.270103256556032,0.10466165840625763,-5.0,-4.188477993011475,-5.090173721313477,-3.4529213905334473,0.01923076994717121
399,ACH-000876,0.9520907402038574,-1.1776089668273926,1.7200058698654175,0.4096939265727997,True,-4.275895118713379,-4.354020118713379,0.1,0.7222222222222222,0.84375,-4.278494942771767,0.2227391004562378,-5.0,-4.141801834106445,-4.829081058502197,-3.555068016052246,0.0
400,ACH-000902,-2.2729313373565674,-4.4544596672058105,1.773939847946167,0.4075884521007538,True,-4.207555770874023,-4.245055675506592,0.1,0.8545454545454545,0.859375,-4.275151016045249,0.08947156369686127,-5.0,-4.077882766723633,-4.806440353393555,-3.4578638076782227,0.0
401,ACH-000910,-0.5756409168243408,-2.733346462249756,1.7488783597946167,0.40882718563079834,True,-4.301848888397217,-4.35809850692749,0.1,0.78,0.78125,-4.2834457651334725,0.2098582535982132,-5.0,-4.106366157531738,-4.840490341186523,-3.5959699153900146,0.0
402,ACH-000927,1.3973371982574463,-0.703921377658844,1.685378909111023,0.41587960720062256,True,-4.237168312072754,-4.2902936935424805,0.1,0.8214285714285714,0.875,-4.284130557974374,0.3188962936401367,-5.0,-4.12819242477417,-5.081421852111816,-3.3479466438293457,0.0357142873108387
403,ACH-000930,0.15572857856750488,-1.9032115936279297,1.650546669960022,0.4083935022354126,True,-4.320940971374512,-4.424066066741943,0.1,0.7307692307692307,0.8125,-4.29812410885113,0.2780829668045044,-5.0,-4.164235591888428,-4.98943567276001,-3.3796792030334473,0.0
404,ACH-000934,1.9346379041671753,-0.13759739696979523,1.6603912115097046,0.4118441939353943,True,-4.21739387512207,-4.245518684387207,0.1,0.8620689655172413,0.90625,-4.292863566404738,0.35116735100746155,-5.0,-4.136434555053711,-4.826903820037842,-3.5963802337646484,0.0
405,ACH-001390,1.49357271194458,-0.6304811835289001,1.7214534282684326,0.4026005268096924,True,-4.204410076141357,-4.235660552978516,0.1,0.84,0.78125,-4.287143265062116,0.3730091452598572,-5.0,-3.981644868850708,-4.611577987670898,-3.3761799335479736,0.0
406,ACH-001819,-2.084224224090576,-4.224940776824951,1.7341938018798828,0.40652263164520264,True,-4.045445442199707,-4.0704450607299805,0.1,0.8703703703703703,0.84375,-4.265473444628902,0.10265011340379715,-5.0,-3.868675708770752,-4.445982933044434,-3.2925710678100586,0.0
407,ACH-001820,-0.8670694828033447,-2.980748176574707,1.7097264528274536,0.4039522707462311,True,-4.430784702301025,-4.483909606933594,0.1,0.8333333333333334,0.75,-4.287317060859371,0.23960164189338684,-5.0,-4.24104642868042,-5.1864824295043945,-3.5550007820129395,0.02083333395421505
408,ACH-000017,1.3441976308822632,-0.5560601949691772,1.51298987865448,0.3872678875923157,True,-4.258373260498047,-4.342748165130615,0.1,0.8103448275862069,0.90625,-4.292860171286495,0.2831626236438751,-5.0,-4.181653022766113,-4.823680877685547,-3.5587716102600098,0.0
409,ACH-000019,-0.43361949920654297,-2.461670160293579,1.6645166873931885,0.36353397369384766,True,-4.442864894866943,-4.483489990234375,0.1,0.7916666666666666,0.75,-4.311923153181283,0.24859727919101715,-5.0,-4.257153034210205,-5.071116924285889,-3.5192055702209473,0.0416666679084301
410,ACH-000044,2.1300272941589355,0.11803556978702545,1.6195963621139526,0.3923953175544739,True,-3.927187204360962,-3.9521872997283936,0.1,0.8936170212765957,0.734375,-4.275949567835994,0.23737435042858124,-5.0,-3.5391483306884766,-4.245278835296631,-3.040518283843994,0.0
411,ACH-000097,0.025973081588745117,-2.001260995864868,1.626069188117981,0.40116485953330994,True,-4.358030796051025,-4.40178108215332,0.1,0.8269230769230769,0.8125,-4.288532719267726,0.28579381108283997,-5.0,-4.209884166717529,-5.209274768829346,-3.2935636043548584,0.03846153989434242
412,ACH-000111,0.9210840463638306,-1.103322148323059,1.6335481405258179,0.390857994556427,True,-4.308526515960693,-4.336651802062988,0.1,0.8727272727272727,0.859375,-4.293344627547253,0.24888885021209717,-5.0,-4.195376396179199,-5.086426734924316,-3.219818115234375,0.0181818176060915
413,ACH-000117,-0.4485607147216797,-2.5610647201538086,1.7112038135528564,0.4013001322746277,True,-4.409954071044922,-4.450578689575195,0.1,0.8163265306122449,0.765625,-4.309068033750047,0.13129612803459167,-5.0,-4.229327201843262,-4.930613040924072,-3.6223976612091064,0.0
414,ACH-000147,-6.2825164794921875,-8.28627872467041,1.6324106454849243,0.3713518977165222,True,-4.402154922485352,-4.43340539932251,0.1,0.8095238095238095,0.65625,-4.321501770307293,0.12923306226730347,-5.0,-4.088998794555664,-5.181596279144287,-2.4465513229370117,0.02380952425301075
415,ACH-000148,-3.9253296852111816,-5.9238457679748535,1.6305540800094604,0.3679618835449219,True,-4.4187517166137695,-4.443751335144043,0.1,0.851063829787234,0.734375,-4.333726726790968,0.1128445491194725,-5.0,-4.208512783050537,-5.330911636352539,-3.586056709289551,0.042553190141916275
416,ACH-000196,0.3823429346084595,-1.748752236366272,1.7253227233886719,0.40577250719070435,True,-4.219182968139648,-4.262932777404785,0.1,0.8301886792452831,0.828125,-4.3266473318523495,0.22643321752548218,-5.0,-4.057126045227051,-4.773107051849365,-1.7138439416885376,0.0
417,ACH-000212,-0.20432233810424805,-2.3422935009002686,1.7421191930770874,0.3958519697189331,True,-4.312984466552734,-4.378609657287598,0.1,0.7446808510638298,0.734375,-4.331843564395874,0.1903333067893982,-5.0,-4.064489364624023,-4.990213871002197,-3.091063976287842,0.0
418,ACH-000223,1.3257452249526978,-0.7027148008346558,1.6331965923309326,0.39526331424713135,True,-4.2910356521606445,-4.35666036605835,0.1,0.8301886792452831,0.828125,-4.334325244562121,0.28866350650787354,-5.0,-4.14389181137085,-4.949385643005371,-3.5817527770996094,0.0
419,ACH-000248,1.8280247449874878,-0.27109822630882263,1.7050365209579468,0.3940865993499756,True,-4.200089454650879,-4.253214359283447,0.1,0.7857142857142857,0.875,-4.326214156034254,0.22655153274536133,-5.0,-4.085816860198975,-4.923036098480225,-3.2727532386779785,0.0
420,ACH-000258,-0.2684338092803955,-2.3130035400390625,1.6576783657073975,0.38689136505126953,True,-4.369986534118652,-4.382486343383789,0.1,0.9166666666666666,0.75,-4.3318413747692075,0.36024078726768494,-5.0,-4.159981727600098,-5.308709621429443,-3.0958642959594727,0.02083333395421505
421,ACH-000276,0.9691846370697021,-1.141636848449707,1.724745750427246,0.3860756754875183,True,-4.344914436340332,-4.391789436340332,0.1,0.8235294117647058,0.796875,-4.3378361809263195,0.2696194052696228,-5.0,-4.177931785583496,-5.157947540283203,-3.1181671619415283,0.03921568766236305
422,ACH-000277,1.357203722000122,-0.7718574404716492,1.7200368642807007,0.40902426838874817,True,-4.179628372192383,-4.245253562927246,0.1,0.7843137254901961,0.796875,-4.328577919126412,0.2669532299041748,-5.0,-3.9705145359039307,-5.870052814483643,-3.4998414516448975,0.019607843831181526
423,ACH-000288,-1.2092387676239014,-3.264765501022339,1.6969901323318481,0.3585365116596222,True,-4.411442756652832,-4.44269323348999,0.1,0.8333333333333334,0.75,-4.33998945056277,0.2648256719112396,-5.0,-4.21525764465332,-5.205519199371338,-3.3060615062713623,0.0416666679084301
424,ACH-000330,1.0543718338012695,-1.0403954982757568,1.6932638883590698,0.4015033543109894,True,-4.352088928222656,-4.380213737487793,0.1,0.86,0.78125,-4.344011879255272,0.18660913407802582,-5.0,-4.17067289352417,-5.123673439025879,-3.536365032196045,0.019999999552965164
425,ACH-000349,1.7167255878448486,-0.3987295627593994,1.7253011465072632,0.3901539444923401,True,-4.294555187225342,-4.328929901123047,0.1,0.8421052631578947,0.890625,-4.34250368144205,0.26311856508255005,-5.0,-4.207921981811523,-5.218055725097656,-3.220301389694214,0.05263157933950424
426,ACH-000352,-2.040506362915039,-4.075937747955322,1.6468321084976196,0.38859933614730835,True,-4.115618705749512,-4.128118515014648,0.1,0.9183673469387755,0.765625,-4.32106516479931,0.1101132184267044,-5.0,-3.8448903560638428,-4.688663005828857,-3.342472553253174,0.0
427,ACH-000374,1.255780577659607,-0.8374875783920288,1.6982331275939941,0.39503511786460876,True,-4.218519687652588,-4.3528947830200195,0.1,0.7543859649122807,0.890625,-4.324248126621381,0.1270938664674759,-5.0,-4.1225481033325195,-5.2152509689331055,-3.5607872009277344,0.05263157933950424
428,ACH-000536,-3.688840389251709,-5.694965362548828,1.6352421045303345,0.3708828091621399,True,-4.444511413574219,-4.475761413574219,0.1,0.875,0.75,-4.339399455316665,0.10436557978391647,-5.0,-4.2593488693237305,-5.152092933654785,-3.3894360065460205,0.0416666679084301
429,ACH-000554,-1.4090237617492676,-3.439385414123535,1.648822546005249,0.3815392255783081,True,-4.479732990264893,-4.498482704162598,0.1,0.875,0.75,-4.355307780201258,0.1609579622745514,-5.0,-4.306310653686523,-5.08043098449707,-3.6053872108459473,0.1041666716337204
430,ACH-000568,-5.965888023376465,-7.990838050842285,1.6361581087112427,0.3887919783592224,True,-4.157107353210449,-4.1914825439453125,0.1,0.8260869565217391,0.71875,-4.3389252565756635,0.15525762736797333,-5.0,-3.827279806137085,-4.386346340179443,-3.3201310634613037,0.0
431,ACH-000573,1.3426792621612549,-0.7042863368988037,1.6636059284210205,0.3833596408367157,True,-4.150187969207764,-4.187687873840332,0.1,0.8269230769230769,0.8125,-4.3238015183021306,0.17955777049064636,-5.0,-3.95407772064209,-4.876309871673584,-3.0263335704803467,0.0
432,ACH-000621,0.8004753589630127,-1.274266242980957,1.687223196029663,0.3875184953212738,True,-4.281889915466309,-4.313139915466309,0.1,0.8431372549019608,0.796875,-4.322735358018548,0.17576006054878235,-5.0,-4.098842620849609,-5.109531879425049,-3.4048519134521484,0.019607843831181526
433,ACH-000624,0.7639157772064209,-1.310723066329956,1.688954472541809,0.3856843113899231,True,-4.271450996398926,-4.2995758056640625,0.1,0.8333333333333334,0.84375,-4.3204194027830995,0.1409054398536682,-5.0,-4.136534690856934,-5.227373123168945,-2.7800076007843018,0.018518518656492233
434,ACH-000643,1.7070741653442383,-0.442395955324173,1.7529106140136719,0.3965594172477722,True,-4.172347545623779,-4.241097450256348,0.1,0.7758620689655172,0.90625,-4.312487207530425,0.2704121172428131,-5.0,-4.086728096008301,-5.186069488525391,-3.2479169368743896,0.03448275849223137
435,ACH-000668,1.1480413675308228,-0.912007212638855,1.6566927433013916,0.4033557176589966,True,-4.303395748138428,-4.3783955574035645,0.1,0.7592592592592593,0.84375,-4.319078042517739,0.18371059000492096,-5.0,-4.1743950843811035,-5.289532661437988,-3.427093029022217,0.018518518656492233
436,ACH-000691,1.10277259349823,-1.0353821516036987,1.7481082677841187,0.39004647731781006,True,-4.188931465148926,-4.213931560516357,0.1,0.8653846153846154,0.8125,-4.3085633943176,0.18139053881168365,-5.0,-4.0017619132995605,-5.186602592468262,-2.1260159015655518,0.01923076994717121
437,ACH-000699,0.4180392026901245,-1.6636897325515747,1.7021132707595825,0.37961578369140625,True,-4.390561103820801,-4.418685436248779,0.1,0.8571428571428571,0.765625,-4.319575598510718,0.17680121958255768,-5.0,-4.203997611999512,-4.984953880310059,-3.5363569259643555,0.0
438,ACH-000711,1.028177261352539,-1.0205581188201904,1.6544079780578613,0.39432746171951294,True,-4.307042121887207,-4.328916549682617,0.1,0.88,0.78125,-4.3205096936279075,0.24961307644844055,-5.0,-4.11301326751709,-5.483148574829102,-3.5111618041992188,0.03999999910593033
439,ACH-000725,1.1188902854919434,-0.9159500002861023,1.6528233289718628,0.38201695680618286,True,-4.261451244354248,-4.29270076751709,0.1,0.8235294117647058,0.796875,-4.317728801016826,0.27655020356178284,-5.0,-4.0731940269470215,-5.088705062866211,-3.2105026245117188,0.019607843831181526
440,ACH-000755,1.7747759819030762,-0.336864173412323,1.7124019861221313,0.3992382287979126,True,-4.234502792358398,-4.262627601623535,0.1,0.8727272727272727,0.859375,-4.312218681077496,0.27685433626174927,-5.0,-4.109239101409912,-4.882129669189453,-3.323366403579712,0.0
441,ACH-000759,1.5811415910720825,-0.49708473682403564,1.6787084341049194,0.3995179831981659,True,-4.194052696228027,-4.222177982330322,0.1,0.8679245283018868,0.828125,-4.303214611202779,0.24341201782226562,-5.0,-4.026780605316162,-4.774535655975342,-3.3635189533233643,0.0
442,ACH-000768,0.5866725444793701,-1.4782826900482178,1.6869890689849854,0.37796616554260254,True,-4.299562454223633,-4.333937644958496,0.1,0.8431372549019608,0.796875,-4.306286914578351,0.23413796722888947,-5.0,-4.1210198402404785,-4.986019611358643,-3.332688331604004,0.0
443,ACH-000783,0.9542549848556519,-1.1116997003555298,1.6688884496688843,0.3970663547515869,True,-4.2475996017456055,-4.285099029541016,0.1,0.8269230769230769,0.8125,-4.304168126074617,0.24870625138282776,-5.0,-4.073968410491943,-5.215609550476074,-3.0828285217285156,0.05769231170415878
444,ACH-000818,1.7457189559936523,-0.2760319113731384,1.6283206939697266,0.393430233001709,True,-3.9239683151245117,-3.9333434104919434,0.1,0.9210526315789473,0.59375,-4.26708565451635,0.26486873626708984,-5.0,-3.1877360343933105,-3.9363057613372803,-2.817474126815796,0.0
445,ACH-000828,1.9328969717025757,-0.1183367595076561,1.661696195602417,0.3895375728607178,True,-3.9021780490875244,-3.927178144454956,0.1,0.8809523809523809,0.65625,-4.233094903510211,0.31255048513412476,-5.0,-3.3271284103393555,-4.208269119262695,-2.808438777923584,0.0
446,ACH-000849,0.07571399211883545,-1.8569186925888062,1.5761098861694336,0.3565228283405304,True,-4.2574663162231445,-4.307466506958008,0.1,0.7924528301886793,0.828125,-4.240532063854991,0.21002335846424103,-5.0,-4.103355884552002,-4.8351054191589355,-3.652202606201172,0.0
447,ACH-000856,-0.4001951217651367,-2.464179277420044,1.6638506650924683,0.40013349056243896,True,-4.302785873413086,-4.330910682678223,0.1,0.8363636363636363,0.859375,-4.249569925737314,0.25421786308288574,-5.0,-4.18869686126709,-4.952948093414307,-3.6747782230377197,0.0
448,ACH-000857,0.36551952362060547,-1.6819555759429932,1.6654645204544067,0.38201063871383667,True,-4.325600624084473,-4.334975719451904,0.1,0.9444444444444444,0.84375,-4.258110505108773,0.19967912137508392,-5.0,-4.200711727142334,-4.883874893188477,-3.603468179702759,0.0
449,ACH-000859,1.0928446054458618,-0.8995155096054077,1.6183879375457764,0.37397217750549316,True,-4.215018272399902,-4.280643463134766,0.1,0.7962962962962963,0.84375,-4.260363800911372,0.3652716279029846,-5.0,-4.069651126861572,-4.990062236785889,-3.477365493774414,0.0
450,ACH-000876,0.6199381351470947,-1.452622890472412,1.6730785369873047,0.3994824290275574,True,-4.285133361816406,-4.328883647918701,0.1,0.7647058823529411,0.796875,-4.2672157856121045,0.22548943758010864,-5.0,-4.102912425994873,-5.112469673156738,-3.327254295349121,0.019607843831181526
451,ACH-000902,-0.15023159980773926,-2.2649691104888916,1.7247228622436523,0.3900146484375,True,-4.31364107131958,-4.366765975952148,0.1,0.74,0.78125,-4.277170804646109,0.27763208746910095,-5.0,-4.1214599609375,-4.881226062774658,-3.2207577228546143,0.0
452,ACH-000910,0.7187381982803345,-1.3371950387954712,1.6880543231964111,0.36787888407707214,True,-4.238948822021484,-4.323324203491211,0.1,0.7962962962962963,0.84375,-4.281786144530619,0.29642772674560547,-5.0,-4.098013401031494,-4.927915573120117,-2.24007511138916,0.0
453,ACH-000927,0.40851330757141113,-1.562809705734253,1.5945461988449097,0.37677687406539917,True,-4.279837608337402,-4.317337989807129,0.1,0.8125,0.75,-4.28534132905827,0.26459801197052,-5.0,-4.039783954620361,-5.081421852111816,-3.5320911407470703,0.02083333395421505
454,ACH-000930,0.8823642730712891,-1.1435396671295166,1.6461032629013062,0.3798007369041443,True,-4.244577407836914,-4.2695770263671875,0.1,0.8727272727272727,0.859375,-4.283764898789162,0.18837454915046692,-5.0,-4.120962619781494,-4.98943567276001,-3.5108120441436768,0.0
455,ACH-000934,1.4414390325546265,-0.6739083528518677,1.7296258211135864,0.38572150468826294,True,-4.190670490264893,-4.259420394897461,0.1,0.7678571428571429,0.875,-4.281330448399991,0.2372923195362091,-5.0,-4.075052261352539,-4.831345081329346,-3.4009103775024414,0.0
456,ACH-001390,0.905208945274353,-1.1407159566879272,1.6632472276687622,0.38267773389816284,True,-4.229279518127441,-4.235529899597168,0.1,0.9574468085106383,0.734375,-4.276750393519709,0.23930546641349792,-5.0,-3.9505088329315186,-4.689822673797607,-3.3693199157714844,0.0
457,ACH-001819,2.4878172874450684,0.3898516595363617,1.7174404859542847,0.380525141954422,True,-4.06118631362915,-4.1111860275268555,0.1,0.7857142857142857,0.875,-4.260193956920424,0.18642427027225494,-5.0,-3.927069902420044,-4.689474582672119,-3.210580587387085,0.0
458,ACH-001820,0.23221886157989502,-1.7546255588531494,1.6006580591201782,0.3861863911151886,True,-4.289349555969238,-4.311223983764648,0.1,0.8909090909090909,0.859375,-4.2652969596048464,0.26673829555511475,-5.0,-4.173060417175293,-5.211542129516602,-3.4866809844970703,0.036363635212183
459,ACH-000017,1.0937564373016357,-0.8059232831001282,1.5230122804641724,0.3766675293445587,True,-4.192979335784912,-4.283604145050049,0.1,0.7894736842105263,0.890625,-4.267127678149366,0.25709429383277893,-5.0,-4.093871116638184,-4.874605655670166,-3.2853026390075684,0.0
460,ACH-000019,-0.8195013999938965,-2.767458438873291,1.583099365234375,0.36485767364501953,True,-4.38299560546875,-4.407995223999023,0.1,0.8775510204081632,0.765625,-4.281214432734332,0.17631834745407104,-5.0,-4.194116115570068,-4.891940593719482,-3.249696969985962,0.0
461,ACH-000044,-0.035462379455566406,-1.9511524438858032,1.5336757898330688,0.3820142447948456,True,-3.7524168491363525,-3.7961668968200684,0.1,0.8490566037735849,0.828125,-4.232709679142906,0.11141230165958405,-5.0,-3.4934842586517334,-3.992581605911255,-2.9663991928100586,0.0
462,ACH-000097,1.3874993324279785,-0.6439775824546814,1.6402138471603394,0.39126303791999817,True,-4.146303176879883,-4.211928367614746,0.1,0.7719298245614035,0.890625,-4.2306315479900904,0.32236412167549133,-5.0,-4.041463375091553,-5.117448329925537,-3.1967971324920654,0.017543859779834747
463,ACH-000111,-2.8234381675720215,-4.911251068115234,1.6997846364974976,0.38802817463874817,True,-4.278410911560059,-4.300285816192627,0.1,0.9122807017543859,0.890625,-4.237596974810344,0.09106668084859848,-5.0,-4.189794540405273,-4.977515697479248,-3.355092763900757,0.0
464,ACH-000117,1.5207699537277222,-0.5461975336074829,1.6828867197036743,0.38408076763153076,True,-4.134224891662598,-4.190474510192871,0.1,0.8113207547169812,0.828125,-4.232884728348597,0.23539027571678162,-5.0,-3.954535722732544,-4.7369914054870605,-3.286195993423462,0.0
465,ACH-000147,-7.1601152420043945,-9.232063293457031,1.7136809825897217,0.35826724767684937,True,-4.208841323852539,-4.274466514587402,0.1,0.7962962962962963,0.84375,-4.237042906972477,0.13859228789806366,-5.0,-4.062330722808838,-5.038849830627441,-3.26749849319458,0.018518518656492233
466,ACH-000148,-1.3470776081085205,-3.482473373413086,1.7766152620315552,0.35878047347068787,True,-4.333122730255127,-4.379997253417969,0.1,0.8301886792452831,0.828125,-4.251338341617027,0.2509234845638275,-5.0,-4.194714069366455,-5.1249566078186035,-3.0887203216552734,0.01886792480945587
467,ACH-000196,-2.064054250717163,-4.130725383758545,1.6851727962493896,0.38149839639663696,True,-4.3341217041015625,-4.3497467041015625,0.1,0.8888888888888888,0.703125,-4.26117917786548,0.2309621274471283,-5.0,-4.052973747253418,-4.970587730407715,-3.239077091217041,0.0
468,ACH-000212,0.6300188302993774,-1.4385780096054077,1.6879463195800781,0.3806505501270294,True,-4.269473075866699,-4.3194732666015625,0.1,0.8148148148148148,0.84375,-4.267008586739088,0.22753527760505676,-5.0,-4.134190559387207,-5.2292399406433105,-3.5312652587890625,0.03703703731298447
469,ACH-000223,0.3490777015686035,-1.66115140914917,1.634865164756775,0.37536391615867615,True,-4.264731407165527,-4.339731216430664,0.1,0.7346938775510204,0.765625,-4.274280849708246,0.17625130712985992,-5.0,-4.039648532867432,-4.938186168670654,-2.731595516204834,0.0
470,ACH-000248,0.23889732360839844,-1.7585505247116089,1.6170423030853271,0.3804055452346802,True,-4.296730041503906,-4.309229850769043,0.1,0.9230769230769231,0.8125,-4.277775749814325,0.1874689906835556,-5.0,-4.13443660736084,-5.010450839996338,-2.118623733520508,0.01923076994717121
471,ACH-000258,0.5644562244415283,-1.4773941040039062,1.6660268306732178,0.3758235573768616,True,-4.207034111022949,-4.269534111022949,0.1,0.72,0.78125,-4.276951585935188,0.20079189538955688,-5.0,-3.9850034713745117,-4.927246570587158,-1.4337536096572876,0.0
472,ACH-000276,-3.2378640174865723,-5.245178699493408,1.6342850923538208,0.373029500246048,True,-4.311234951019287,-4.3362345695495605,0.1,0.84,0.78125,-4.282879884296625,0.09889733791351318,-5.0,-4.118380546569824,-5.022864818572998,-3.6950864791870117,0.019999999552965164
473,ACH-000277,0.8115123510360718,-1.2257014513015747,1.659704327583313,0.37750938534736633,True,-4.186834335327148,-4.2212090492248535,0.1,0.8431372549019608,0.796875,-4.276712800789448,0.26106032729148865,-5.0,-3.9795570373535156,-4.558126449584961,-3.4739489555358887,0.0
474,ACH-000288,0.04420590400695801,-2.010554075241089,1.7055203914642334,0.349239706993103,True,-4.3221025466918945,-4.334602355957031,0.1,0.9215686274509803,0.796875,-4.282501756306206,0.2476583570241928,-5.0,-4.14930534362793,-5.047780513763428,-3.2257790565490723,0.03921568766236305
475,ACH-000330,0.6877259016036987,-1.3367136716842651,1.6483864784240723,0.37605318427085876,True,-4.263591289520264,-4.313591003417969,0.1,0.7719298245614035,0.890625,-4.285610681017382,0.21319560706615448,-5.0,-4.173154830932617,-5.123673439025879,-3.3922102451324463,0.017543859779834747
476,ACH-000349,1.4191477298736572,-0.6425140500068665,1.6895188093185425,0.37214288115501404,True,-4.265176773071289,-4.3214263916015625,0.1,0.7857142857142857,0.875,-4.2891922520758,0.1817910224199295,-5.0,-4.160201549530029,-5.019837379455566,-3.2480697631835938,0.01785714365541935
477,ACH-000352,0.8289318084716797,-1.2065091133117676,1.6733319759368896,0.36210888624191284,True,-4.102848052978516,-4.140348434448242,0.1,0.8367346938775511,0.765625,-4.274307870313044,0.1751309335231781,-5.0,-3.8282103538513184,-4.682201862335205,-3.420241594314575,0.0
478,ACH-000374,0.3023982048034668,-1.824070930480957,1.7560222148895264,0.3704468011856079,True,-4.341193199157715,-4.375568389892578,0.1,0.8301886792452831,0.828125,-4.284433922270997,0.2608577609062195,-5.0,-4.2044596672058105,-4.989715099334717,-3.711897850036621,0.0
479,ACH-000536,1.7189475297927856,-0.21090732514858246,1.5715645551681519,0.35829028487205505,True,-4.218779563903809,-4.296904563903809,0.1,0.7758620689655172,0.90625,-4.285680986434278,0.22385412454605103,-5.0,-4.137964248657227,-5.152092933654785,-3.2151873111724854,0.017241379246115685
480,ACH-000554,-2.730530261993408,-4.7655744552612305,1.6627388000488281,0.37230539321899414,True,-4.3019537925720215,-4.389453887939453,0.1,0.7647058823529411,0.796875,-4.296058276584795,0.09257589280605316,-5.0,-4.124020576477051,-5.022261142730713,-3.40220046043396,0.019607843831181526
481,ACH-000568,-0.7319934368133545,-2.746933937072754,1.6479312181472778,0.36700931191444397,True,-3.969939708709717,-3.9980645179748535,0.1,0.8771929824561403,0.890625,-4.266258900723801,0.0965164378285408,-5.0,-3.8434410095214844,-4.700855255126953,-3.1237781047821045,0.0
482,ACH-000573,1.8238568305969238,-0.13885237276554108,1.595631718635559,0.367077499628067,True,-4.046121597290039,-4.083621978759766,0.1,0.8421052631578947,0.890625,-4.2479952085273975,0.17236191034317017,-5.0,-3.9289791584014893,-5.574216365814209,-3.2925000190734863,0.017543859779834747
483,ACH-000621,-0.25923407077789307,-2.2260289192199707,1.6014119386672974,0.36538293957710266,True,-4.258449554443359,-4.289699554443359,0.1,0.8113207547169812,0.828125,-4.252165643118993,0.11701801419258118,-5.0,-4.1045427322387695,-5.2098588943481445,-2.5829596519470215,0.03773584961891174
484,ACH-000624,-3.2167747020721436,-5.244328498840332,1.6582553386688232,0.36929851770401,True,-4.221428871154785,-4.24017858505249,0.1,0.8909090909090909,0.859375,-4.250966937312343,0.10621801763772964,-5.0,-4.0940260887146,-4.850035667419434,-3.427873373031616,0.0
485,ACH-000643,0.8565841913223267,-1.1721488237380981,1.6492414474487305,0.37949153780937195,True,-4.245175361633301,-4.2889251708984375,0.1,0.8181818181818182,0.859375,-4.254762760670953,0.3233267664909363,-5.0,-4.1216583251953125,-5.186069488525391,-3.360534906387329,0.05454545468091965
486,ACH-000668,0.7971385717391968,-1.289793848991394,1.7084369659423828,0.378495454788208,True,-4.269837379455566,-4.338587284088135,0.1,0.7962962962962963,0.84375,-4.263145213012671,0.2872231602668762,-5.0,-4.134621620178223,-5.068183422088623,-3.381136894226074,0.03703703731298447
487,ACH-000691,0.8374576568603516,-1.2399120330810547,1.7107574939727783,0.36661210656166077,True,-4.185155868530273,-4.2195305824279785,0.1,0.8545454545454545,0.859375,-4.258783749954202,0.3174743354320526,-5.0,-4.051817417144775,-4.940340995788574,-3.2241077423095703,0.0
488,ACH-000699,0.901069164276123,-1.1615772247314453,1.6908234357833862,0.37182295322418213,True,-4.320611953735352,-4.395611763000488,0.1,0.76,0.78125,-4.272466551258831,0.3068543076515198,-5.0,-4.130383014678955,-4.991279125213623,-3.334810256958008,0.0
489,ACH-000711,0.7646181583404541,-1.268233060836792,1.6446638107299805,0.3881872892379761,True,-4.179542541503906,-4.238917350769043,0.1,0.7818181818181819,0.859375,-4.269111631209852,0.11605048924684525,-5.0,-4.045285701751709,-4.897223949432373,-3.6261515617370605,0.0
490,ACH-000725,1.788419485092163,-0.28975367546081543,1.7155179977416992,0.3626551628112793,True,-4.139074325561523,-4.176574230194092,0.1,0.8421052631578947,0.890625,-4.259857891108276,0.20522063970565796,-5.0,-4.033346176147461,-4.98059606552124,-3.298520565032959,0.0
491,ACH-000755,0.47080934047698975,-1.505334496498108,1.6177101135253906,0.35843366384506226,True,-4.29354190826416,-4.306041717529297,0.1,0.94,0.78125,-4.264476273750378,0.19896000623703003,-5.0,-4.095733642578125,-5.121951580047607,-3.3439977169036865,0.019999999552965164
492,ACH-000759,2.1910643577575684,0.21726131439208984,1.6162663698196411,0.357536643743515,True,-4.125916481018066,-4.141541481018066,0.1,0.9107142857142857,0.875,-4.252182794477147,0.24665425717830658,-5.0,-4.001047611236572,-5.048219203948975,-3.225923776626587,0.01785714365541935
493,ACH-000768,0.15838372707366943,-1.9082483053207397,1.7228975296020508,0.3437345027923584,True,-4.285799503326416,-4.320174694061279,0.1,0.8490566037735849,0.828125,-4.25898198443556,0.15153026580810547,-5.0,-4.137569427490234,-4.969772815704346,-3.37935733795166,0.0
494,ACH-000783,1.8172837495803833,-0.16438938677310944,1.6077191829681396,0.3739539384841919,True,-4.1440653800964355,-4.209690093994141,0.1,0.7719298245614035,0.890625,-4.254052795391418,0.1843106895685196,-5.0,-4.038950443267822,-4.704531669616699,-3.2793140411376953,0.0
495,ACH-000818,-0.2708214521408081,-2.2411906719207764,1.6016727685928345,0.3686964213848114,True,-3.808124542236328,-3.839374542236328,0.1,0.8372093023255814,0.671875,-4.212584970075909,0.1699579805135727,-5.0,-3.226045846939087,-3.9245293140411377,-2.8102686405181885,0.0
496,ACH-000828,2.3945274353027344,0.36694270372390747,1.6666219234466553,0.3609629273414612,True,-3.8110556602478027,-3.8266806602478027,0.1,0.8958333333333334,0.75,-4.173994539093099,0.25468719005584717,-5.0,-3.414741039276123,-4.59861946105957,-2.9764914512634277,0.0
497,ACH-000849,-0.2774031162261963,-2.1465089321136475,1.547744870185852,0.3213609755039215,True,-4.288971900939941,-4.370222091674805,0.1,0.7592592592592593,0.84375,-4.193617294351269,0.2638354003429413,-5.0,-4.157299995422363,-5.446216583251953,-3.652202606201172,0.03703703731298447
498,ACH-000856,1.146687626838684,-0.8295656442642212,1.5964012145996094,0.3798519968986511,True,-4.155218124389648,-4.186468124389648,0.1,0.8596491228070176,0.890625,-4.192902377355107,0.25694310665130615,-5.0,-4.0514726638793945,-4.617423057556152,-3.5688397884368896,0.0
499,ACH-000857,0.1430584192276001,-1.8390613794326782,1.623572826385498,0.3585469126701355,True,-4.230923175811768,-4.262172698974609,0.1,0.8301886792452831,0.828125,-4.199829409517058,0.21516984701156616,-5.0,-4.071303367614746,-4.834206581115723,-3.224550247192383,0.0
500,ACH-000859,0.5314555168151855,-1.4527943134307861,1.6212729215621948,0.36297690868377686,True,-4.212741851806641,-4.256491661071777,0.1,0.8245614035087719,0.890625,-4.20549563467253,0.16324003040790558,-5.0,-4.116061210632324,-5.301319122314453,-3.3104238510131836,0.035087719559669495
501,ACH-000876,0.4676394462585449,-1.5167680978775024,1.619202971458435,0.3652045726776123,True,-4.317019462585449,-4.335769176483154,0.1,0.9038461538461539,0.8125,-4.218522988853592,0.29400449991226196,-5.0,-4.1594085693359375,-5.112469673156738,-3.5527472496032715,0.03846153989434242
502,ACH-000902,0.964950442314148,-1.005142092704773,1.6272274255752563,0.34286513924598694,True,-4.216778755187988,-4.244903564453125,0.1,0.8703703703703703,0.84375,-4.221161046413545,0.26454293727874756,-5.0,-4.071737289428711,-5.215090751647949,-3.4457688331604004,0.018518518656492233
503,ACH-000910,0.12631702423095703,-1.8524630069732666,1.6267013549804688,0.3520786464214325,True,-4.304019927978516,-4.338395118713379,0.1,0.8181818181818182,0.859375,-4.232884453643528,0.30716627836227417,-5.0,-4.1901326179504395,-5.274520397186279,-3.4972076416015625,0.036363635212183
504,ACH-000927,1.9548065662384033,-0.02951621636748314,1.623063564300537,0.36125925183296204,True,-4.09286642074585,-4.127241134643555,0.1,0.8305084745762712,0.921875,-4.222320121743531,0.25004351139068604,-5.0,-4.015990734100342,-5.2514142990112305,-3.335048198699951,0.016949152573943138
505,ACH-000930,1.5357866287231445,-0.4775505065917969,1.6595596075057983,0.3537776470184326,True,-4.1956706047058105,-4.230045318603516,0.1,0.8793103448275862,0.90625,-4.223092641429529,0.3522355556488037,-5.0,-4.112463474273682,-5.010741233825684,-2.3088293075561523,0.03448275849223137
506,ACH-000934,0.637886643409729,-1.4692221879959106,1.7345287799835205,0.3725801110267639,True,-4.281057357788086,-4.3185577392578125,0.1,0.8148148148148148,0.84375,-4.232639151212358,0.2609027028083801,-5.0,-4.147919654846191,-5.218817710876465,-3.6382699012756348,0.03703703731298447
507,ACH-001390,1.2460145950317383,-0.7603135108947754,1.6650199890136719,0.341308057308197,True,-4.173547267913818,-4.204797267913818,0.1,0.8867924528301887,0.828125,-4.229854962882504,0.318373441696167,-5.0,-4.00201940536499,-4.538393974304199,-3.3693199157714844,0.0
508,ACH-001819,1.6249074935913086,-0.3830237090587616,1.6433782577514648,0.3645528554916382,True,-4.018058776855469,-4.0430588722229,0.1,0.8703703703703703,0.84375,-4.211175353816544,0.22063621878623962,-5.0,-3.8362178802490234,-4.5196123123168945,-3.032471179962158,0.0
509,ACH-001820,0.7563275098800659,-1.1958471536636353,1.5961741209030151,0.3560006022453308,True,-4.1923828125,-4.289258003234863,0.1,0.7719298245614035,0.890625,-4.218983618758376,0.2500876188278198,-5.0,-4.093201637268066,-5.040591239929199,-3.4707818031311035,0.017543859779834747
510,ACH-000017,0.05657756328582764,-1.7426501512527466,1.4552764892578125,0.3439512252807617,True,-4.221395015716553,-4.2526445388793945,0.1,0.8928571428571429,0.875,-4.2223497107704775,0.2123095989227295,-5.0,-4.110166072845459,-4.849900245666504,-3.5004661083221436,0.0
511,ACH-000019,0.7450084686279297,-1.1737195253372192,1.605125904083252,0.3136020600795746,True,-4.203111171722412,-4.274986267089844,0.1,0.7924528301886793,0.828125,-4.227613366402414,0.25933998823165894,-5.0,-4.037718772888184,-4.7393670082092285,-2.334874153137207,0.0
512,ACH-000044,1.1787184476852417,-0.6715291738510132,1.5081143379211426,0.3421332836151123,True,-3.9407284259796143,-3.965728282928467,0.1,0.8297872340425532,0.734375,-4.201424858055019,0.2418108582496643,-5.0,-3.5575878620147705,-4.211137771606445,-3.137155771255493,0.0
513,ACH-000097,1.246668815612793,-0.6086211800575256,1.5087674856185913,0.3465224504470825,True,-4.190520286560059,-4.256145000457764,0.1,0.7931034482758621,0.90625,-4.206896872295294,0.2212335616350174,-5.0,-4.106780529022217,-5.095989227294922,-3.227151870727539,0.017241379246115685
514,ACH-000111,-0.4179832935333252,-2.313995838165283,1.5494526624679565,0.34655988216400146,True,-4.295252799987793,-4.326502799987793,0.1,0.8518518518518519,0.84375,-4.218857465064544,0.22348318994045258,-5.0,-4.1647443771362305,-5.11606502532959,-3.600151538848877,0.03703703731298447
515,ACH-000117,1.0917872190475464,-0.8929208517074585,1.6422312259674072,0.34247687458992004,True,-4.221737384796143,-4.287362098693848,0.1,0.7735849056603774,0.828125,-4.225707928427474,0.2891923189163208,-5.0,-4.060211181640625,-4.886593818664551,-3.33182954788208,0.0
516,ACH-000147,0.3914213180541992,-1.5719112157821655,1.6428440809249878,0.32048845291137695,True,-4.322371006011963,-4.341120719909668,0.1,0.8823529411764706,0.796875,-4.237249207575694,0.3583306074142456,-5.0,-4.149641990661621,-5.057852745056152,-3.32698917388916,0.019607843831181526
517,ACH-000148,-0.2521815299987793,-2.2032644748687744,1.619492530822754,0.331590473651886,True,-4.25490665435791,-4.276782035827637,0.1,0.9230769230769231,0.8125,-4.241202490400888,0.23469173908233643,-5.0,-4.0829620361328125,-4.854915618896484,-3.2256453037261963,0.0
518,ACH-000196,-0.5011005401611328,-2.4554991722106934,1.6040009260177612,0.35039764642715454,True,-4.217994213104248,-4.24924373626709,0.1,0.8679245283018868,0.828125,-4.242006614987508,0.1966094672679901,-5.0,-4.055691242218018,-5.79158878326416,-3.300323486328125,0.03773584961891174
519,ACH-000212,-3.923837423324585,-5.900298118591309,1.6177213191986084,0.35873931646347046,True,-4.269406795501709,-4.303781509399414,0.1,0.84,0.78125,-4.248184104428699,0.10734064877033234,-5.0,-4.064840793609619,-5.147704601287842,-3.3429172039031982,0.019999999552965164
520,ACH-000223,-0.49418604373931885,-2.4560534954071045,1.6042495965957642,0.35761788487434387,True,-4.363440990447998,-4.375940799713135,0.1,0.9387755102040817,0.765625,-4.2609597739571425,0.3067302107810974,-5.0,-4.168575763702393,-6.0827555656433105,-3.545011043548584,0.040816325694322586
521,ACH-000248,-3.3342583179473877,-5.372777938842773,1.6870850324630737,0.351434588432312,True,-4.205022811889648,-4.223773002624512,0.1,0.9019607843137255,0.796875,-4.257241096823879,0.10578357428312302,-5.0,-4.002382278442383,-5.050506591796875,-3.0681347846984863,0.019607843831181526
522,ACH-000258,-0.34827756881713867,-2.3266890048980713,1.6386898756027222,0.3397215008735657,True,-4.259025573730469,-4.268400192260742,0.1,0.9375,0.75,-4.258357006367565,0.18351271748542786,-5.0,-4.0120344161987305,-4.758016109466553,-3.020577907562256,0.0
523,ACH-000276,1.0529025793075562,-0.8960541486740112,1.6057761907577515,0.34318047761917114,True,-4.276968479156494,-4.336343288421631,0.1,0.8333333333333334,0.84375,-4.266155634572972,0.36391201615333557,-5.0,-4.143073558807373,-5.0550312995910645,-2.4217145442962646,0.03703703731298447
524,ACH-000277,1.5394302606582642,-0.4168910086154938,1.6122602224349976,0.344061017036438,True,-4.148829936981201,-4.173830032348633,0.1,0.8679245283018868,0.828125,-4.256923074350539,0.24482376873493195,-5.0,-3.9721720218658447,-4.608165740966797,-3.4998414516448975,0.0
525,ACH-000288,0.7426211833953857,-1.182236909866333,1.6124719381332397,0.31238609552383423,True,-4.264232158660889,-4.329856872558594,0.1,0.7592592592592593,0.84375,-4.264216454171344,0.2532466650009155,-5.0,-4.127978801727295,-5.034789562225342,-3.295902729034424,0.03703703731298447
526,ACH-000330,-0.7146384716033936,-2.7213709354400635,1.6519452333450317,0.35478734970092773,True,-4.328463077545166,-4.353463172912598,0.1,0.8653846153846154,0.8125,-4.27314112604547,0.12862785160541534,-5.0,-4.173493385314941,-5.274822235107422,-3.2584774494171143,0.01923076994717121
527,ACH-000349,-0.6893343925476074,-2.573870897293091,1.5569437742233276,0.32759273052215576,True,-4.3851399421691895,-4.407014846801758,0.1,0.88,0.78125,-4.286528498121099,0.26319804787635803,-5.0,-4.212978839874268,-5.077554702758789,-3.039371967315674,0.03999999910593033
528,ACH-000352,-1.398085594177246,-3.394482374191284,1.655525803565979,0.3408709168434143,True,-4.062841892242432,-4.081591606140137,0.1,0.88,0.78125,-4.266034808923003,0.10297197848558426,-5.0,-3.8004374504089355,-4.34071683883667,-3.189213514328003,0.0
529,ACH-000374,-0.03545403480529785,-2.0207366943359375,1.6358165740966797,0.34946608543395996,True,-4.317266464233398,-4.3516411781311035,0.1,0.803921568627451,0.796875,-4.274595445843813,0.3407377600669861,-5.0,-4.14323616027832,-4.997127056121826,-3.0827136039733887,0.0
530,ACH-000536,-1.1000782251358032,-2.9977753162384033,1.5590299367904663,0.3386671543121338,True,-4.323866844177246,-4.3769917488098145,0.1,0.86,0.78125,-4.284835076140413,0.15167391300201416,-5.0,-4.134549617767334,-5.213994979858398,-3.343055248260498,0.03999999910593033
531,ACH-000554,-7.51832389831543,-9.476201057434082,1.6062932014465332,0.35158395767211914,True,-4.39243221282959,-4.42368221282959,0.1,0.8409090909090909,0.6875,-4.298719789809331,0.14059072732925415,-5.0,-4.116264820098877,-4.633273601531982,-3.339245080947876,0.0
532,ACH-000568,-2.0749621391296387,-4.040584564208984,1.619116187095642,0.3465062379837036,True,-4.066560745239258,-4.094686031341553,0.1,0.86,0.78125,-4.278316413962553,0.10981698334217072,-5.0,-3.8051977157592773,-4.599367141723633,-3.0512993335723877,0.0
533,ACH-000573,0.0007147789001464844,-1.9658761024475098,1.625714898109436,0.34087592363357544,True,-4.181266784667969,-4.203142166137695,0.1,0.88,0.78125,-4.270798989180068,0.238923117518425,-5.0,-3.952021360397339,-4.706953048706055,-3.3776097297668457,0.0
534,ACH-000621,-2.497727394104004,-4.474801063537598,1.6103465557098389,0.3667270541191101,True,-4.233551025390625,-4.267926216125488,0.1,0.8333333333333334,0.84375,-4.27051171187461,0.09759291261434555,-5.0,-4.091616153717041,-5.2098588943481445,-3.087908983230591,0.018518518656492233
535,ACH-000624,2.3488271236419678,0.41187411546707153,1.591809630393982,0.34514331817626953,True,-4.0618896484375,-4.074389934539795,0.1,0.9310344827586207,0.90625,-4.250899534141128,0.26100069284439087,-5.0,-3.964844226837158,-5.0644941329956055,-2.0375325679779053,0.017241379246115685
536,ACH-000643,0.7790625095367432,-1.1287918090820312,1.5743331909179688,0.33352115750312805,True,-4.309662342071533,-4.369037628173828,0.1,0.7719298245614035,0.890625,-4.262713343544398,0.2815350890159607,-5.0,-4.224884033203125,-5.356168746948242,-3.4866528511047363,0.035087719559669495
537,ACH-000668,0.9655218124389648,-0.9923330545425415,1.6167633533477783,0.341091513633728,True,-4.191089630126953,-4.253589630126953,0.1,0.7719298245614035,0.890625,-4.2618009722026535,0.15335579216480255,-5.0,-4.091749668121338,-5.066219329833984,-3.2523279190063477,0.035087719559669495
538,ACH-000691,1.5854706764221191,-0.3740348219871521,1.617767572402954,0.34173783659935,True,-4.201913356781006,-4.2425384521484375,0.1,0.8135593220338984,0.921875,-4.259874720197232,0.29240453243255615,-5.0,-4.134278774261475,-4.79038667678833,-3.4703593254089355,0.0
539,ACH-000699,-0.7869954109191895,-2.7503750324249268,1.6079413890838623,0.355438232421875,True,-4.213875770568848,-4.245125770568848,0.1,0.8627450980392157,0.796875,-4.2583998252343935,0.16936185956001282,-5.0,-4.013491153717041,-4.8224897384643555,-3.339231491088867,0.0
540,ACH-000711,0.6375559568405151,-1.29548978805542,1.5890077352523804,0.3440380096435547,True,-4.219729423522949,-4.263479232788086,0.1,0.8490566037735849,0.828125,-4.258907765989763,0.2997724115848541,-5.0,-4.057786464691162,-5.183089256286621,-3.267993211746216,0.01886792480945587
541,ACH-000725,0.9900668859481812,-1.0035173892974854,1.6440898180007935,0.34949445724487305,True,-4.170310974121094,-4.2296857833862305,0.1,0.8363636363636363,0.859375,-4.25598556772941,0.2318442016839981,-5.0,-4.034543037414551,-4.98059606552124,-2.997061252593994,0.0
542,ACH-000755,1.7969541549682617,-0.15753315389156342,1.6024675369262695,0.352019727230072,True,-4.132474899291992,-4.169975280761719,0.1,0.8421052631578947,0.890625,-4.247384539032641,0.2834511697292328,-5.0,-4.025937080383301,-4.882129669189453,-3.323366403579712,0.0
543,ACH-000759,1.8899869918823242,-0.1541106104850769,1.7046853303909302,0.3394123613834381,True,-4.058816909790039,-4.1150665283203125,0.1,0.7894736842105263,0.890625,-4.234152737961408,0.22203436493873596,-5.0,-3.943232774734497,-4.79280948638916,-3.0651822090148926,0.0
544,ACH-000768,0.005296587944030762,-1.897404670715332,1.600170612335205,0.3025306761264801,True,-4.294477462768555,-4.319477081298828,0.1,0.8653846153846154,0.8125,-4.24268517229515,0.23857787251472473,-5.0,-4.131664276123047,-5.040654182434082,-3.235990285873413,0.01923076994717121
545,ACH-000783,1.4007525444030762,-0.5288064479827881,1.5861090421676636,0.3434499502182007,True,-4.174827575683594,-4.243577480316162,0.1,0.7321428571428571,0.875,-4.242774403097251,0.27550777792930603,-5.0,-4.05694580078125,-5.215609550476074,-3.3726038932800293,0.01785714365541935
546,ACH-000818,5.226226329803467,3.2978515625,1.5890320539474487,0.3393425941467285,True,-3.45827317237854,-3.4832730293273926,0.1,0.8703703703703703,0.84375,-4.166824265720265,0.2397296130657196,-5.0,-3.1727681159973145,-4.208392143249512,-2.8102686405181885,0.0
547,ACH-000828,1.6687097549438477,-0.3307911157608032,1.6590192317962646,0.34048160910606384,True,-3.755293369293213,-3.7802934646606445,0.1,0.8775510204081632,0.765625,-4.1281711856143035,0.21460005640983582,-5.0,-3.374260663986206,-4.0097856521606445,-2.8390870094299316,0.0
548,ACH-000849,-0.4187321662902832,-2.239079475402832,1.5179762840270996,0.30237096548080444,True,-4.19174861907959,-4.216748237609863,0.1,0.8771929824561403,0.890625,-4.137028890813859,0.19617867469787598,-5.0,-4.092489242553711,-4.868798732757568,-3.2137622833251953,0.0
549,ACH-000856,0.023162007331848145,-1.9661847352981567,1.6395248174667358,0.34982186555862427,True,-4.177621841430664,-4.205746650695801,0.1,0.8545454545454545,0.859375,-4.143900666802053,0.18325112760066986,-5.0,-4.043050289154053,-5.029400825500488,-3.0504865646362305,0.0181818176060915
550,ACH-000857,-1.442713975906372,-3.377674102783203,1.597387433052063,0.3375726342201233,True,-4.253173828125,-4.29067325592041,0.1,0.8461538461538461,0.8125,-4.158577925713889,0.19454939663410187,-5.0,-4.080829620361328,-5.150701999664307,-2.7287750244140625,0.01923076994717121
551,ACH-000859,0.7605782747268677,-1.1417114734649658,1.5659455060958862,0.33634424209594727,True,-4.148855209350586,-4.167605400085449,0.1,0.8928571428571429,0.875,-4.1594806731510445,0.2529345750808716,-5.0,-4.027263164520264,-4.928997039794922,-3.298898220062256,0.0
552,ACH-000876,-3.51456356048584,-5.454890251159668,1.6007846593856812,0.33954209089279175,True,-4.190192699432373,-4.215192794799805,0.1,0.9122807017543859,0.890625,-4.16505188531592,0.09647762775421143,-5.0,-4.090742588043213,-5.11250638961792,-3.177004814147949,0.017543859779834747
553,ACH-000902,1.8525233268737793,-0.127119243144989,1.6405177116394043,0.339124858379364,True,-4.077256202697754,-4.124131202697754,0.1,0.8135593220338984,0.921875,-4.160959817054104,0.23546211421489716,-5.0,-3.9990575313568115,-4.729794025421143,-3.1660866737365723,0.0
554,ACH-000910,0.740084171295166,-1.143796682357788,1.549833059310913,0.33404773473739624,True,-4.198584079742432,-4.239209175109863,0.1,0.8392857142857143,0.875,-4.16878475285968,0.22488246858119965,-5.0,-4.084096431732178,-4.660040378570557,-3.056258201599121,0.0
555,ACH-000927,0.09848606586456299,-1.8416080474853516,1.6066124439239502,0.33348163962364197,True,-4.26745080947876,-4.29870080947876,0.1,0.8627450980392157,0.796875,-4.181776358521588,0.25753387808799744,-5.0,-4.080722808837891,-5.081421852111816,-3.2361271381378174,0.019607843831181526
556,ACH-000930,-0.48052144050598145,-2.5216968059539795,1.7009586095809937,0.3402167558670044,True,-4.304203033447266,-4.332327842712402,0.1,0.8775510204081632,0.765625,-4.196831506940669,0.3221132755279541,-5.0,-4.091203689575195,-4.750031471252441,-3.300685405731201,0.0
557,ACH-000934,-0.9941771030426025,-2.8834316730499268,1.5636649131774902,0.325589656829834,True,-4.3275346755981445,-4.371284484863281,0.1,0.78,0.78125,-4.214276804732931,0.29223084449768066,-5.0,-4.139244079589844,-5.019000053405762,-3.7481064796447754,0.019999999552965164
558,ACH-001390,0.3074685335159302,-1.668005347251892,1.6523504257202148,0.3231235146522522,True,-4.159433364868164,-4.193808555603027,0.1,0.8235294117647058,0.796875,-4.2122299798199405,0.16403697431087494,-5.0,-3.945171356201172,-4.6633477210998535,-3.289170503616333,0.0
559,ACH-001819,2.0577940940856934,0.0944582149386406,1.6095927953720093,0.3537432551383972,True,-4.016688823699951,-4.0698137283325195,0.1,0.8135593220338984,0.921875,-4.197988354671198,0.25784027576446533,-5.0,-3.933357000350952,-4.8299689292907715,-3.2947380542755127,0.0
560,ACH-001820,1.6388742923736572,-0.3227333426475525,1.6159051656723022,0.3457024097442627,True,-4.103175163269043,-4.131300449371338,0.1,0.9137931034482759,0.90625,-4.191319564141212,0.31994882225990295,-5.0,-4.010400295257568,-4.829266548156738,-3.3019700050354004,0.0
561,ACH-000017,0.49902820587158203,-1.3992290496826172,1.5462692975997925,0.3519880175590515,True,-4.157068252563477,-4.20081901550293,0.1,0.8148148148148148,0.84375,-4.192269509277384,0.15863855183124542,-5.0,-4.000970363616943,-4.925935745239258,-3.0311803817749023,0.0
562,ACH-000019,-1.2518775463104248,-3.0938267707824707,1.537176251411438,0.30477291345596313,True,-4.318482398986816,-4.343482971191406,0.1,0.86,0.78125,-4.207390855468787,0.19105124473571777,-5.0,-4.127657890319824,-4.83765983581543,-3.3004865646362305,0.0
563,ACH-000044,0.9313434958457947,-0.8972041010856628,1.4981703758239746,0.3303772509098053,True,-3.913600444793701,-3.926100730895996,0.1,0.9166666666666666,0.75,-4.179261843011507,0.2935454249382019,-5.0,-3.5514676570892334,-4.155728816986084,-3.045107126235962,0.0
564,ACH-000097,1.4604856967926025,-0.40109461545944214,1.5242596864700317,0.3373206853866577,True,-4.102080345153809,-4.186455249786377,0.1,0.7288135593220338,0.921875,-4.179981183688994,0.26992589235305786,-5.0,-4.025985240936279,-5.040040493011475,-3.340986728668213,0.016949152573943138
565,ACH-000111,0.19841909408569336,-1.8202731609344482,1.6773626804351807,0.34132951498031616,True,-4.261815547943115,-4.283690452575684,0.1,0.8627450980392157,0.796875,-4.190352110577663,0.33326154947280884,-5.0,-4.07365083694458,-4.612797737121582,-3.1724190711975098,0.0
566,ACH-000117,0.7275391817092896,-1.2730942964553833,1.658416986465454,0.342216432094574,True,-4.183382034301758,-4.211507320404053,0.1,0.8461538461538461,0.8125,-4.192467631560302,0.2773888111114502,-5.0,-3.994932174682617,-5.012398719787598,-3.1869843006134033,0.01923076994717121
567,ACH-000147,-0.3569146394729614,-2.2734951972961426,1.6079487800598145,0.3086317777633667,True,-4.2379865646362305,-4.291111469268799,0.1,0.7446808510638298,0.734375,-4.202332015331152,0.2783483564853668,-5.0,-3.962364673614502,-4.771785259246826,-3.246124505996704,0.0
568,ACH-000148,0.32649755477905273,-1.6002922058105469,1.6058391332626343,0.32095059752464294,True,-4.255913734436035,-4.29028844833374,0.1,0.8301886792452831,0.828125,-4.21112765863141,0.23533913493156433,-5.0,-4.101480007171631,-5.201488971710205,-3.2993664741516113,0.07547169923782349
569,ACH-000196,1.598492980003357,-0.3496047258377075,1.6207367181777954,0.32736101746559143,True,-4.004238128662109,-4.097988128662109,0.1,0.7333333333333333,0.9375,-4.19981370563448,0.2150580883026123,-5.0,-3.937854290008545,-4.954067707061768,-3.239077091217041,0.0
570,ACH-000212,1.2141950130462646,-0.798891007900238,1.671678066253662,0.34140801429748535,True,-4.119533061981201,-4.135158061981201,0.1,0.9310344827586207,0.90625,-4.193348141269152,0.22105295956134796,-5.0,-4.0284504890441895,-5.058979511260986,-3.091063976287842,0.03448275849223137
571,ACH-000223,1.2715718746185303,-0.6178733706474304,1.5557951927185059,0.33364999294281006,True,-4.103092193603516,-4.118717193603516,0.1,0.9310344827586207,0.90625,-4.185885046502588,0.18852858245372772,-5.0,-4.010308742523193,-4.806580543518066,-3.0884602069854736,0.0
572,ACH-000248,0.9000927805900574,-0.9256383776664734,1.5150913000106812,0.3106398284435272,True,-4.117557525634766,-4.195681571960449,0.1,0.8275862068965517,0.90625,-4.186864699048375,0.14498606324195862,-5.0,-4.026269912719727,-4.860469818115234,-3.045433282852173,0.0
573,ACH-000258,0.24940431118011475,-1.694406509399414,1.5848209857940674,0.35898980498313904,True,-4.2080278396606445,-4.264277458190918,0.1,0.8035714285714286,0.875,-4.194605974962629,0.2872656583786011,-5.0,-4.094889163970947,-4.783047199249268,-3.1662209033966064,0.0
574,ACH-000276,1.8634107112884521,-0.07469755411148071,1.609371542930603,0.3287367820739746,True,-4.063283920288086,-4.110158920288086,0.1,0.8103448275862069,0.90625,-4.186161269495175,0.3124058246612549,-5.0,-3.9663822650909424,-4.959474563598633,-2.8162152767181396,0.0
575,ACH-000277,0.7396665811538696,-1.195168375968933,1.5856750011444092,0.3491598963737488,True,-3.999795436859131,-4.021670341491699,0.1,0.8888888888888888,0.84375,-4.169712176694827,0.16756750643253326,-5.0,-3.814572334289551,-4.598467826843262,-3.0552377700805664,0.0
576,ACH-000288,-0.40501081943511963,-2.401071071624756,1.6894938945770264,0.30656635761260986,True,-4.2451910972595215,-4.301441192626953,0.1,0.7692307692307693,0.8125,-4.18288507828804,0.23331591486930847,-5.0,-4.071004390716553,-4.765559673309326,-3.088369369506836,0.0
577,ACH-000330,1.0233023166656494,-0.9138059020042419,1.5923566818237305,0.3447515070438385,True,-4.152858734130859,-4.215358734130859,0.1,0.7678571428571429,0.875,-4.186132443872322,0.23321786522865295,-5.0,-4.031838893890381,-5.093245506286621,-3.0453667640686035,0.0357142873108387
578,ACH-000349,0.21551477909088135,-1.7388806343078613,1.6216213703155518,0.3327740430831909,True,-4.258291244506836,-4.308290958404541,0.1,0.803921568627451,0.796875,-4.198348295325544,0.2665599584579468,-5.0,-4.069228172302246,-4.757120132446289,-3.299740791320801,0.0
579,ACH-000352,1.8309296369552612,-0.05769697576761246,1.556290864944458,0.3323357105255127,True,-4.0196967124938965,-4.054071426391602,0.1,0.8679245283018868,0.828125,-4.18392060843215,0.38667458295822144,-5.0,-3.816237688064575,-4.582243919372559,-3.238499879837036,0.0
580,ACH-000374,0.41274917125701904,-1.521859049797058,1.6080931425094604,0.3265150189399719,True,-4.168210983276367,-4.196335792541504,0.1,0.8928571428571429,0.875,-4.185162126843085,0.1785338819026947,-5.0,-4.049384117126465,-4.926082611083984,-3.299899101257324,0.0
581,ACH-000536,-1.115189552307129,-2.9702017307281494,1.532000184059143,0.32301193475723267,True,-4.281159400939941,-4.353034496307373,0.1,0.8297872340425532,0.734375,-4.201949363789514,0.23997138440608978,-5.0,-4.021152973175049,-4.99565315246582,-3.299010753631592,0.0
582,ACH-000554,-0.6101113557815552,-2.5536813735961914,1.5999308824539185,0.3436391353607178,True,-4.23867130279541,-4.282421112060547,0.1,0.8301886792452831,0.828125,-4.209996538616617,0.21216991543769836,-5.0,-4.080659866333008,-5.215566158294678,-3.324582099914551,0.03773584961891174
583,ACH-000568,2.116856336593628,0.1763949692249298,1.603869080543518,0.3365921676158905,True,-3.962705135345459,-3.981454849243164,0.1,0.9038461538461539,0.8125,-4.187142369679272,0.2494387924671173,-5.0,-3.723329544067383,-4.3207783699035645,-2.9864139556884766,0.0
584,ACH-000573,1.4167602062225342,-0.44854283332824707,1.5412096977233887,0.32409340143203735,True,-4.022953987121582,-4.091704368591309,0.1,0.8103448275862069,0.90625,-4.177598569570476,0.21764430403709412,-5.0,-3.9218804836273193,-5.043268203735352,-3.14216947555542,0.017241379246115685
585,ACH-000621,-0.38790130615234375,-2.3200340270996094,1.5864266157150269,0.34570610523223877,True,-4.2272539138793945,-4.249128818511963,0.1,0.8846153846153846,0.8125,-4.1847515944646245,0.20396773517131805,-5.0,-4.0489277839660645,-4.914792060852051,-3.3150177001953125,0.0
586,ACH-000624,0.382965087890625,-1.5977566242218018,1.6413507461547852,0.3393710255622864,True,-4.169800758361816,-4.2041754722595215,0.1,0.8301886792452831,0.828125,-4.1866939822441145,0.2299450784921646,-5.0,-3.99749493598938,-4.626711368560791,-3.2463414669036865,0.0
587,ACH-000643,0.5675257444381714,-1.4430819749832153,1.6637639999389648,0.3468436002731323,True,-4.2191362380981445,-4.2503862380981445,0.1,0.8392857142857143,0.875,-4.193063207829518,0.24131731688976288,-5.0,-4.107583999633789,-5.0955986976623535,-3.3352339267730713,0.0357142873108387
588,ACH-000668,1.2127712965011597,-0.7638169527053833,1.6392226219177246,0.33736562728881836,True,-4.081945419311523,-4.122570037841797,0.1,0.8333333333333334,0.9375,-4.186013890830746,0.17455551028251648,-5.0,-4.020741939544678,-5.089414119720459,-3.245164632797241,0.01666666753590107
589,ACH-000691,2.0101873874664307,0.0798180103302002,1.6061426401138306,0.3242267966270447,True,-4.086772441864014,-4.14614725112915,0.1,0.7580645161290323,0.96875,-4.182027226860587,0.2714129686355591,-5.0,-4.057312965393066,-4.924864292144775,-3.0459327697753906,0.0
590,ACH-000699,1.189321756362915,-0.6795788407325745,1.5317028760910034,0.33719760179519653,True,-4.103614330291748,-4.122364521026611,0.1,0.8909090909090909,0.859375,-4.1760609562771895,0.2620433568954468,-5.0,-3.956932306289673,-5.264233589172363,-3.2007040977478027,0.0181818176060915
591,ACH-000711,1.5319730043411255,-0.3981602191925049,1.5872931480407715,0.3428400754928589,True,-4.048742294311523,-4.136241912841797,0.1,0.7966101694915254,0.921875,-4.17207905193365,0.1721731722354889,-5.0,-3.9681267738342285,-4.897223949432373,-3.1906988620758057,0.0
592,ACH-000725,1.505152940750122,-0.48276665806770325,1.6464457511901855,0.34147387742996216,True,-4.087131977081299,-4.140256881713867,0.1,0.847457627118644,0.921875,-4.168896834911672,0.21235379576683044,-5.0,-4.009770393371582,-4.652710914611816,-3.319181442260742,0.0
593,ACH-000755,0.10331892967224121,-1.8414332866668701,1.609106183052063,0.3356460928916931,True,-4.181488990783691,-4.218989372253418,0.1,0.8235294117647058,0.796875,-4.173906088645847,0.15495356917381287,-5.0,-3.9728493690490723,-4.915121555328369,-3.1900887489318848,0.0
594,ACH-000759,0.73112952709198,-1.2444144487380981,1.632346749305725,0.34319719672203064,True,-4.033635139465332,-4.061760425567627,0.1,0.8490566037735849,0.828125,-4.162691522338025,0.13031134009361267,-5.0,-3.833069086074829,-4.4950032234191895,-2.7494773864746094,0.0
595,ACH-000768,-0.695643424987793,-2.6128220558166504,1.6060295104980469,0.31114912033081055,True,-4.261460304260254,-4.305210113525391,0.1,0.8490566037735849,0.828125,-4.176943381456762,0.2419654130935669,-5.0,-4.108178615570068,-5.149228572845459,-3.275526762008667,0.03773584961891174
596,ACH-000783,0.5410484075546265,-1.3809272050857544,1.596207857131958,0.32576775550842285,True,-4.139455318450928,-4.158205509185791,0.1,0.9074074074074074,0.84375,-4.175069594229665,0.230143740773201,-5.0,-3.980095863342285,-4.943434238433838,-3.0828287601470947,0.0
597,ACH-000818,3.053838014602661,1.1563935279846191,1.5700336694717407,0.3274107575416565,True,-3.6276469230651855,-3.637021780014038,0.1,0.9361702127659575,0.734375,-4.121264812808103,0.29659533500671387,-5.0,-3.1312637329101562,-3.676729679107666,-2.787059783935547,0.0
598,ACH-000828,0.43332040309906006,-1.5143355131149292,1.6266125440597534,0.32104337215423584,True,-3.819810628890991,-3.829185724258423,0.1,0.9347826086956522,0.71875,-4.092056903953135,0.24881309270858765,-5.0,-3.357997417449951,-4.415512561798096,-2.808439016342163,0.0
599,ACH-000849,-1.1032817363739014,-2.9550130367279053,1.5570873022079468,0.29464393854141235,True,-4.2324137687683105,-4.254288673400879,0.1,0.8846153846153846,0.8125,-4.108280080897909,0.3578932285308838,-5.0,-4.0552778244018555,-5.072850704193115,-3.2509024143218994,0.01923076994717121
600,ACH-000856,0.11292409896850586,-1.738729476928711,1.5307351350784302,0.32091841101646423,True,-4.197320938110352,-4.228570938110352,0.1,0.847457627118644,0.921875,-4.120309166619154,0.2757316827774048,-5.0,-4.129297256469727,-4.959817409515381,-3.2186882495880127,0.0
601,ACH-000857,-0.9599366188049316,-2.89284348487854,1.6120339632034302,0.320872962474823,True,-4.203963279724121,-4.235213279724121,0.1,0.8627450980392157,0.796875,-4.131799577929651,0.14198961853981018,-5.0,-4.001052379608154,-4.807351589202881,-3.046297550201416,0.0
602,ACH-000859,-1.109334945678711,-2.9644241333007812,1.5312941074371338,0.3237950801849365,True,-4.265389919281006,-4.290389537811279,0.1,0.8867924528301887,0.828125,-4.147658573917814,0.14655165374279022,-5.0,-4.112923622131348,-5.147832870483398,-3.354550361633301,0.01886792480945587
603,ACH-000876,-0.39029788970947266,-2.334261655807495,1.621158480644226,0.32280534505844116,True,-4.133167266845703,-4.1550421714782715,0.1,0.8653846153846154,0.8125,-4.148396933673859,0.2646498680114746,-5.0,-3.933129072189331,-4.78183650970459,-3.081920862197876,0.0
604,ACH-000902,0.04930901527404785,-1.8547797203063965,1.5869320631027222,0.31715670228004456,True,-4.21155309677124,-4.239678382873535,0.1,0.8490566037735849,0.828125,-4.157525078593826,0.20679806172847748,-5.0,-4.047913551330566,-4.831578254699707,-3.428919792175293,0.0
605,ACH-000910,1.4556066989898682,-0.449079304933548,1.590430498123169,0.3142555356025696,True,-4.113371849060059,-4.150872230529785,0.1,0.8596491228070176,0.890625,-4.156859793787422,0.31307780742645264,-5.0,-4.00448751449585,-4.927915573120117,-3.056258201599121,0.0
606,ACH-000927,0.17393255233764648,-1.7400248050689697,1.586244821548462,0.3277125954627991,True,-4.210951328277588,-4.239076614379883,0.1,0.84,0.78125,-4.1650814758466685,0.3163052797317505,-5.0,-3.9900176525115967,-4.979185581207275,-3.213916778564453,0.0
607,ACH-000930,1.0339159965515137,-0.8887446522712708,1.604133129119873,0.3185274302959442,True,-4.152271747589111,-4.177271842956543,0.1,0.8596491228070176,0.890625,-4.166300512557656,0.28413742780685425,-5.0,-4.0481648445129395,-4.74502420425415,-3.3059325218200684,0.0
608,ACH-000934,0.30191874504089355,-1.5968308448791504,1.558737874031067,0.3400117754936218,True,-4.20552396774292,-4.233648300170898,0.1,0.8627450980392157,0.796875,-4.173035291318981,0.27218395471572876,-5.0,-4.003009796142578,-5.104167938232422,-3.248318672180176,0.019607843831181526
609,ACH-001390,2.033393383026123,0.1172018051147461,1.612950086593628,0.3032415211200714,True,-3.935326099395752,-4.000951290130615,0.1,0.7719298245614035,0.890625,-4.155826891200144,0.21436534821987152,-5.0,-3.8045766353607178,-4.637302875518799,-3.0866732597351074,0.0
610,ACH-001819,2.0492141246795654,0.12976227700710297,1.5909101963043213,0.32854169607162476,True,-3.9243075847625732,-3.9586825370788574,0.1,0.8421052631578947,0.890625,-4.136112455788015,0.3671606183052063,-5.0,-3.792205333709717,-4.433881759643555,-3.1351799964904785,0.0
611,ACH-001820,-0.24708819389343262,-2.1633331775665283,1.6007784605026245,0.31546658277511597,True,-4.154521942138672,-4.167021751403809,0.1,0.9454545454545454,0.859375,-4.139203385349594,0.27549099922180176,-5.0,-4.016170978546143,-4.679981231689453,-3.089878797531128,0.0
612,ACH-000017,1.083654522895813,-0.7857524156570435,1.5372810363769531,0.3321259021759033,True,-4.071383476257324,-4.118258476257324,0.1,0.8596491228070176,0.890625,-4.137108894440368,0.30274856090545654,-5.0,-3.9573428630828857,-4.652107238769531,-3.176306962966919,0.0
613,ACH-000019,-0.25916075706481934,-2.2031993865966797,1.637033224105835,0.307005375623703,True,-4.232542514801025,-4.254417419433594,0.1,0.8867924528301887,0.828125,-4.14883974693969,0.2897854149341583,-5.0,-4.073258876800537,-5.457681655883789,-3.182610511779785,0.01886792480945587
614,ACH-000044,0.45964622497558594,-1.3598203659057617,1.5015947818756104,0.31787174940109253,True,-3.791395425796509,-3.8288955688476562,0.1,0.8333333333333334,0.75,-4.116845329130487,0.21500340104103088,-5.0,-3.3885273933410645,-4.036090850830078,-2.840099334716797,0.0
615,ACH-000097,0.26136553287506104,-1.6185246706008911,1.5533180236816406,0.32657212018966675,True,-4.1027984619140625,-4.174674034118652,0.1,0.7407407407407407,0.84375,-4.122628199629304,0.16931863129138947,-5.0,-3.936650276184082,-5.034664630889893,-3.227151870727539,0.018518518656492233
616,ACH-000111,0.19131851196289062,-1.7559858560562134,1.6219645738601685,0.32533976435661316,True,-4.125746250152588,-4.178871154785156,0.1,0.7857142857142857,0.875,-4.128252495144889,0.2682512402534485,-5.0,-4.000853061676025,-4.783751487731934,-2.2723820209503174,0.0
617,ACH-000117,1.7738336324691772,-0.14258193969726562,1.5853772163391113,0.33103838562965393,True,-3.9887945652008057,-4.051294326782227,0.1,0.7833333333333333,0.9375,-4.120556678308623,0.22208355367183685,-5.0,-3.9213812351226807,-4.730311393737793,-3.0866007804870605,0.0
618,ACH-000147,0.0013178586959838867,-1.9961484670639038,1.7004274129867554,0.2970389723777771,True,-4.236227035522461,-4.254976749420166,0.1,0.8909090909090909,0.859375,-4.133998685419778,0.3100827634334564,-5.0,-4.111245155334473,-5.181596279144287,-3.23940372467041,0.036363635212183
619,ACH-000148,-3.3495256900787354,-5.321721076965332,1.6712719202041626,0.3009234070777893,True,-4.1007256507873535,-4.128850936889648,0.1,0.8596491228070176,0.890625,-4.133483910566765,0.10075581073760986,-5.0,-3.990288257598877,-4.738646507263184,-3.0887203216552734,0.0
620,ACH-000196,1.2273025512695312,-0.6324257254600525,1.535327672958374,0.3244006335735321,True,-3.9731369018554688,-4.007511615753174,0.1,0.8275862068965517,0.90625,-4.120886681085406,0.2412489354610443,-5.0,-3.8669095039367676,-4.618773937225342,-1.885217308998108,0.0
621,ACH-000212,1.1290850639343262,-0.8324390053749084,1.6378910541534424,0.3236328959465027,True,-4.018228530883789,-4.071353435516357,0.1,0.7931034482758621,0.90625,-4.115933356528501,0.21739575266838074,-5.0,-3.91666579246521,-4.883072376251221,-3.091063976287842,0.0
622,ACH-000223,0.9924681782722473,-0.9719104170799255,1.635910153388977,0.328468382358551,True,-4.071754455566406,-4.09675407409668,0.1,0.8793103448275862,0.90625,-4.114015428285319,0.23872226476669312,-5.0,-3.975728988647461,-4.806580543518066,-3.1875078678131104,0.0
623,ACH-000248,-0.17245268821716309,-2.137425661087036,1.6458297967910767,0.3191431164741516,True,-4.147006988525391,-4.190756797790527,0.1,0.8076923076923077,0.8125,-4.12168956523584,0.19617372751235962,-5.0,-3.950162649154663,-4.997844696044922,-3.1675939559936523,0.0
624,ACH-000258,0.12273550033569336,-1.7685730457305908,1.5703387260437012,0.32096976041793823,True,-4.144734859466553,-4.1728596687316895,0.1,0.8771929824561403,0.890625,-4.126806575585426,0.16284000873565674,-5.0,-4.03970193862915,-5.0593695640563965,-3.020577907562256,0.017543859779834747
625,ACH-000276,-0.33889877796173096,-2.237070322036743,1.5859791040420532,0.312192440032959,True,-4.185681343078613,-4.232556343078613,0.1,0.7777777777777778,0.84375,-4.137381552334745,0.28295958042144775,-5.0,-4.034881114959717,-5.3144330978393555,-3.2410459518432617,0.018518518656492233
626,ACH-000277,0.5760537385940552,-1.3405498266220093,1.5876001119613647,0.3290034830570221,True,-3.978379011154175,-4.009629249572754,0.1,0.8363636363636363,0.859375,-4.124606322058545,0.17834949493408203,-5.0,-3.811204433441162,-4.512504577636719,-3.1404807567596436,0.0
627,ACH-000288,-0.361846923828125,-2.3505444526672363,1.6570124626159668,0.3316850960254669,True,-4.235798358917236,-4.257673263549805,0.1,0.88,0.78125,-4.137913016207671,0.3171255588531494,-5.0,-4.021821975708008,-4.856380462646484,-3.3647334575653076,0.0
628,ACH-000330,0.3259298801422119,-1.5787614583969116,1.5900871753692627,0.31460413336753845,True,-4.141524314880371,-4.166524410247803,0.1,0.8727272727272727,0.859375,-4.140774155611684,0.19603116810321808,-5.0,-4.001046180725098,-4.874168395996094,-3.0717861652374268,0.0
629,ACH-000349,-3.305811643600464,-5.217321872711182,1.5858396291732788,0.32567059993743896,True,-4.08869743347168,-4.123072624206543,0.1,0.847457627118644,0.921875,-4.13900400247117,0.10021380335092545,-5.0,-4.011468410491943,-5.218055725097656,-3.2875990867614746,0.033898305147886276
630,ACH-000352,4.05399227142334,2.1624233722686768,1.5671101808547974,0.32445842027664185,True,-3.6796159744262695,-3.717115879058838,0.1,0.8548387096774194,0.96875,-4.096815190129937,0.2962725758552551,-5.0,-3.6370227336883545,-4.358170509338379,-2.981955051422119,0.0
631,ACH-000374,0.2538412809371948,-1.634809970855713,1.5730180740356445,0.3156331777572632,True,-4.183392524719238,-4.22401762008667,0.1,0.8070175438596491,0.890625,-4.10953543312561,0.2581930160522461,-5.0,-4.083107948303223,-5.056615829467773,-3.2789218425750732,0.017543859779834747
632,ACH-000536,-0.17707347869873047,-2.013631582260132,1.5305815935134888,0.3059765100479126,True,-4.133761405944824,-4.174386024475098,0.1,0.8148148148148148,0.84375,-4.116020492260559,0.19962060451507568,-5.0,-3.97334623336792,-5.152092933654785,-3.2172675132751465,0.018518518656492233
633,ACH-000554,1.0368740558624268,-0.8718540072441101,1.588703989982605,0.32002413272857666,True,-4.104107856750488,-4.132232666015625,0.1,0.8620689655172413,0.90625,-4.117641709636065,0.2246846705675125,-5.0,-4.011429309844971,-5.116321563720703,-3.091114044189453,0.017241379246115685
634,ACH-000568,0.6756840944290161,-1.2926305532455444,1.6443101167678833,0.32400453090667725,True,-3.862323760986328,-3.906073570251465,0.1,0.8,0.859375,-4.096484895697605,0.14849361777305603,-5.0,-3.6761584281921387,-4.660660743713379,-3.0512993335723877,0.0
635,ACH-000573,1.1587071418762207,-0.7208502292633057,1.5645416975021362,0.31501567363739014,True,-3.8864407539367676,-3.9614405632019043,0.1,0.7407407407407407,0.84375,-4.082980462448035,0.18745866417884827,-5.0,-3.6802260875701904,-4.559545040130615,-3.042104482650757,0.0
636,ACH-000621,0.8944488763809204,-0.9996961355209351,1.5843738317489624,0.30977118015289307,True,-4.144919395446777,-4.169919013977051,0.1,0.8771929824561403,0.890625,-4.091674317600936,0.29048243165016174,-5.0,-4.039909362792969,-4.9799909591674805,-3.196650981903076,0.0
637,ACH-000624,0.9880687594413757,-0.9646593928337097,1.624650478363037,0.32807767391204834,True,-4.037785530090332,-4.084660530090332,0.1,0.8103448275862069,0.90625,-4.090972938849876,0.23856008052825928,-5.0,-3.938246011734009,-4.687657833099365,-3.1650609970092773,0.0
638,ACH-000643,1.0726350545883179,-0.8044039011001587,1.5608264207839966,0.3162124752998352,True,-4.036378860473633,-4.102004051208496,0.1,0.7413793103448276,0.90625,-4.092076050085738,0.32999610900878906,-5.0,-3.9366941452026367,-4.8357744216918945,-3.0898070335388184,0.0
639,ACH-000668,0.28021061420440674,-1.643687129020691,1.6014552116394043,0.32244253158569336,True,-4.095726013183594,-4.13322639465332,0.1,0.8,0.859375,-4.096191084542496,0.2609539031982422,-5.0,-3.947753667831421,-4.737913131713867,-3.067981243133545,0.0
640,ACH-000691,0.3628629446029663,-1.5506283044815063,1.6037768125534058,0.3097144365310669,True,-4.054015159606934,-4.091515064239502,0.1,0.8421052631578947,0.890625,-4.095723482512197,0.2167385220527649,-5.0,-3.9378416538238525,-4.797821521759033,-3.0459327697753906,0.0
641,ACH-000699,1.3965227603912354,-0.5028498768806458,1.57710599899292,0.322266548871994,True,-3.9546961784362793,-4.004695892333984,0.1,0.8135593220338984,0.921875,-4.086620723494375,0.22844013571739197,-5.0,-3.8661110401153564,-5.123886585235596,-3.089787006378174,0.016949152573943138
642,ACH-000711,1.6730233430862427,-0.19188213348388672,1.542229175567627,0.32267630100250244,True,-3.9693562984466553,-4.075606346130371,0.1,0.75,0.9375,-4.085519285757975,0.21206074953079224,-5.0,-3.900646686553955,-4.897223949432373,-3.077418804168701,0.0
643,ACH-000725,0.6107003688812256,-1.308073878288269,1.5937219858169556,0.32505229115486145,True,-4.101836204528809,-4.167460918426514,0.1,0.8103448275862069,0.90625,-4.093713449024829,0.2529500126838684,-5.0,-4.008922576904297,-5.1027069091796875,-3.1948304176330566,0.06896551698446274
644,ACH-000755,0.2310250997543335,-1.6711336374282837,1.5705528259277344,0.3316059112548828,True,-4.145387172698975,-4.170387268066406,0.1,0.8679245283018868,0.828125,-4.101380830928987,0.279017835855484,-5.0,-3.968014717102051,-5.121914386749268,-3.085902690887451,0.01886792480945587
645,ACH-000759,-0.34504711627960205,-2.200845956802368,1.5455118417739868,0.3102870285511017,True,-4.021179676055908,-4.039929389953613,0.1,0.9038461538461539,0.8125,-4.095235686831449,0.2187890261411667,-5.0,-3.795297861099243,-4.505687236785889,-3.153618574142456,0.0
646,ACH-000768,-1.2018119096755981,-3.1513564586639404,1.6528159379959106,0.29672861099243164,True,-4.127496719360352,-4.161871433258057,0.1,0.84,0.78125,-4.10189926147411,0.19775791466236115,-5.0,-3.883195400238037,-5.332003116607666,-3.081125259399414,0.019999999552965164
647,ACH-000783,1.1043133735656738,-0.8086929321289062,1.5931577682495117,0.3198484778404236,True,-4.017906188964844,-4.067906379699707,0.1,0.7719298245614035,0.890625,-4.09849997329667,0.23204368352890015,-5.0,-3.8972980976104736,-4.727637767791748,-3.0828287601470947,0.0
648,ACH-000818,4.182029724121094,2.325509786605835,1.52952241897583,0.3269973397254944,True,-3.4736952781677246,-3.4861953258514404,0.1,0.9259259259259259,0.84375,-4.037269508552147,0.28643256425857544,-5.0,-3.1910462379455566,-3.8399288654327393,-2.609245538711548,0.0
649,ACH-000828,2.552353620529175,0.6512735486030579,1.5916482210159302,0.309431791305542,True,-3.645153045654297,-3.6701531410217285,0.1,0.8653846153846154,0.8125,-4.0005578717991055,0.23649176955223083,-5.0,-3.332496166229248,-4.180556774139404,-2.7423272132873535,0.0
650,ACH-000849,0.7566236257553101,-1.0610105991363525,1.5313687324523926,0.2862655222415924,True,-3.907907009124756,-4.032907009124756,0.1,0.6610169491525424,0.921875,-4.003792785531671,0.2162921130657196,-5.0,-3.815356731414795,-4.555561065673828,-1.7901540994644165,0.0
651,ACH-000856,0.7226430177688599,-1.2235804796218872,1.6317692995071411,0.31445419788360596,True,-3.953787326812744,-4.003787040710449,0.1,0.7931034482758621,0.90625,-4.003792211049548,0.27480265498161316,-5.0,-3.8455584049224854,-4.593045234680176,-1.711172103881836,0.0
652,ACH-000857,1.00310218334198,-0.9925991296768188,1.673844575881958,0.3218567967414856,True,-4.014774322509766,-4.052274703979492,0.1,0.819672131147541,0.953125,-4.0086404603425425,0.31280964612960815,-5.0,-3.966320276260376,-4.661778450012207,-3.046297550201416,0.0
653,ACH-000859,-0.9500001668930054,-2.891603469848633,1.6331470012664795,0.30845630168914795,True,-4.099410533905029,-4.136910915374756,0.1,0.8269230769230769,0.8125,-4.021467505845764,0.2347521185874939,-5.0,-3.891582727432251,-4.829713344573975,-3.196608781814575,0.0
654,ACH-000876,-0.04301011562347412,-1.933729887008667,1.5689852237701416,0.32173454761505127,True,-4.048471450805664,-4.067221641540527,0.1,0.8888888888888888,0.84375,-4.02604291941524,0.20889082551002502,-5.0,-3.872262954711914,-5.112469673156738,-3.1579551696777344,0.018518518656492233
655,ACH-000902,-1.7647669315338135,-3.7118401527404785,1.6360496282577515,0.31102365255355835,True,-4.180488109588623,-4.236738204956055,0.1,0.7777777777777778,0.84375,-4.0471124479693215,0.25294312834739685,-5.0,-4.028726577758789,-5.027334213256836,-3.04325270652771,0.018518518656492233
656,ACH-000910,-1.993405818939209,-3.910550594329834,1.6134003400802612,0.30374443531036377,True,-4.139188766479492,-4.186063289642334,0.1,0.7678571428571429,0.875,-4.061007532136623,0.1804426908493042,-5.0,-4.016215801239014,-4.827432155609131,-3.21932315826416,0.0
657,ACH-000927,-0.603469967842102,-2.490898847579956,1.5776317119598389,0.30979716777801514,True,-4.16458797454834,-4.183338165283203,0.1,0.9019607843137255,0.796875,-4.073240595451281,0.1970057189464569,-5.0,-3.9516398906707764,-4.686346054077148,-3.170626640319824,0.0
658,ACH-000930,1.1184139251708984,-0.8414432406425476,1.635464072227478,0.3243931829929352,True,-4.006869316101074,-4.050619125366211,0.1,0.8275862068965517,0.90625,-4.070978448442775,0.3003401756286621,-5.0,-3.9041316509246826,-4.915963649749756,-3.063331127166748,0.0
659,ACH-000934,-0.25128042697906494,-2.0900113582611084,1.5331523418426514,0.3055786192417145,True,-4.08546781539917,-4.1229681968688965,0.1,0.8181818181818182,0.859375,-4.076177423285387,0.13956625759601593,-5.0,-3.935817003250122,-4.8919854164123535,-3.064746618270874,0.0
660,ACH-001390,1.222691297531128,-0.6755312085151672,1.6095346212387085,0.2886878252029419,True,-3.9183220863342285,-4.00582218170166,0.1,0.7142857142857143,0.875,-4.069141899127014,0.2192457914352417,-5.0,-3.763796806335449,-4.552685737609863,-3.0866732597351074,0.0
661,ACH-001819,1.9897425174713135,0.035320885479450226,1.638197898864746,0.31622371077537537,True,-3.839348793029785,-3.8799734115600586,0.1,0.8225806451612904,0.96875,-4.050225050370319,0.21434786915779114,-5.0,-3.801908016204834,-4.5196123123168945,-3.0324697494506836,0.0
662,ACH-001820,0.5451904535293579,-1.342089056968689,1.5823477506637573,0.30493175983428955,True,-4.058237075805664,-4.098862171173096,0.1,0.8181818181818182,0.859375,-4.0550887624505965,0.2592892050743103,-5.0,-3.904130220413208,-5.06724739074707,-3.089878797531128,0.0181818176060915
663,ACH-000017,0.6215089559555054,-1.150363564491272,1.4497543573379517,0.3221181035041809,True,-4.019164085388184,-4.097289562225342,0.1,0.7758620689655172,0.90625,-4.059308842428071,0.24025171995162964,-5.0,-3.917698860168457,-4.976395606994629,-3.0577774047851562,0.0
664,ACH-000019,0.7712353467941284,-1.0920976400375366,1.5737665891647339,0.2895663380622864,True,-4.0384039878845215,-4.079029083251953,0.1,0.8301886792452831,0.828125,-4.061280866510459,0.31953147053718567,-5.0,-3.8388280868530273,-4.4850006103515625,-3.0661206245422363,0.0
665,ACH-000044,-0.1756455898284912,-1.9910523891448975,1.5051177740097046,0.31028908491134644,True,-3.8459558486938477,-3.8584556579589844,0.1,0.9166666666666666,0.75,-4.040998345655312,0.20016315579414368,-5.0,-3.4612746238708496,-4.3787970542907715,-2.8655409812927246,0.0
666,ACH-000097,0.7881640195846558,-1.0603352785110474,1.5448787212371826,0.3036206364631653,True,-3.908611297607422,-4.089860916137695,0.1,0.6440677966101694,0.921875,-4.04588460270355,0.24911268055438995,-5.0,-3.8161206245422363,-4.919011116027832,-3.0879204273223877,0.0
667,ACH-000111,1.1217236518859863,-0.7464337944984436,1.557510256767273,0.31064707040786743,True,-3.96707820892334,-4.04520320892334,0.1,0.7413793103448276,0.90625,-4.045816463325529,0.1874386966228485,-5.0,-3.860224485397339,-4.784106731414795,-3.052527904510498,0.0
668,ACH-000117,1.2719310522079468,-0.6759577989578247,1.625998854637146,0.3218899369239807,True,-3.978346586227417,-4.0314717292785645,0.1,0.8305084745762712,0.921875,-4.044381989920833,0.2684113085269928,-5.0,-3.891765832901001,-5.201118469238281,-3.0866007804870605,0.016949152573943138
669,ACH-000147,-0.41411280632019043,-2.256924629211426,1.5714603662490845,0.2713514566421509,True,-4.064267158508301,-4.170517444610596,0.1,0.7758620689655172,0.90625,-4.0569955353898095,0.28011858463287354,-5.0,-3.9674675464630127,-4.828938961029053,-3.077127695083618,0.0
670,ACH-000148,-1.333647608757019,-3.143019437789917,1.5308457612991333,0.27852606773376465,True,-4.067012786865234,-4.142012596130371,0.1,0.7547169811320755,0.828125,-4.0654972414638655,0.23133769631385803,-5.0,-3.8733739852905273,-4.408117294311523,-3.0887203216552734,0.0
671,ACH-000196,0.957655668258667,-0.939909815788269,1.5937938690185547,0.30377161502838135,True,-4.029519081115723,-4.067018508911133,0.1,0.8545454545454545,0.859375,-4.065649368208592,0.30411195755004883,-5.0,-3.8707125186920166,-4.835338115692139,-2.284515380859375,0.0
672,ACH-000212,0.7831122875213623,-1.0657328367233276,1.5441662073135376,0.30467888712882996,True,-4.050354480743408,-4.094104290008545,0.1,0.8363636363636363,0.859375,-4.068494860388587,0.25673532485961914,-5.0,-3.8949575424194336,-5.148073196411133,-3.091063976287842,0.0181818176060915
673,ACH-000223,-3.177941083908081,-5.119138240814209,1.6204488277435303,0.32074838876724243,True,-3.9543681144714355,-4.032493591308594,0.1,0.6785714285714286,0.875,-4.064894733480588,0.08525513112545013,-5.0,-3.804992198944092,-4.631380081176758,-3.0884602069854736,0.0
674,ACH-000248,0.7865833044052124,-1.1215442419052124,1.5979441404342651,0.3101833462715149,True,-4.083268165588379,-4.111393451690674,0.1,0.8727272727272727,0.859375,-4.069544605301597,0.3092844486236572,-5.0,-3.933257579803467,-4.831879615783691,-3.0454328060150146,0.0
675,ACH-000258,-0.3735344409942627,-2.236111640930176,1.54205322265625,0.3205239176750183,True,-4.068690299987793,-4.09681510925293,0.1,0.8867924528301887,0.828125,-4.07227165569673,0.2660352885723114,-5.0,-3.875399112701416,-4.661287307739258,-3.0958642959594727,0.0
676,ACH-000276,-1.6345648765563965,-3.4640390872955322,1.5351420640945435,0.2943320870399475,True,-4.066200256347656,-4.128699779510498,0.1,0.7636363636363637,0.859375,-4.077914468078108,0.14281684160232544,-5.0,-3.9133963584899902,-4.895005702972412,-3.0746803283691406,0.0
677,ACH-000277,2.692657947540283,0.7908434867858887,1.595003366470337,0.30681121349334717,True,-3.840451717376709,-3.8623268604278564,0.1,0.8870967741935484,0.96875,-4.056355707313083,0.2938193082809448,-5.0,-3.803046703338623,-5.004796504974365,-3.0552375316619873,0.016129031777381897
678,ACH-000288,-1.4968857765197754,-3.3755297660827637,1.5965404510498047,0.2821035087108612,True,-4.226325511932373,-4.248200416564941,0.1,0.8653846153846154,0.8125,-4.075540178238269,0.152618408203125,-5.0,-4.04778528213501,-5.2725605964660645,-3.196758985519409,0.01923076994717121
679,ACH-000330,1.5208245515823364,-0.4168926179409027,1.6363317966461182,0.30138543248176575,True,-3.936431884765625,-4.002057075500488,0.1,0.8166666666666667,0.9375,-4.068191867964491,0.2622055411338806,-5.0,-3.865527629852295,-5.086253643035889,-3.0717861652374268,0.01666666753590107
680,ACH-000349,-1.7438403367996216,-3.663891077041626,1.6176202297210693,0.30243051052093506,True,-4.152059555053711,-4.205183982849121,0.1,0.7450980392156863,0.796875,-4.081891079452954,0.1496226191520691,-5.0,-3.935917377471924,-5.218055725097656,-3.086015224456787,0.019607843831181526
681,ACH-000352,2.9326939582824707,1.0022367238998413,1.6180192232131958,0.312438040971756,True,-3.671027421951294,-3.721027374267578,0.1,0.8,0.9375,-4.0458047089344165,0.296347439289093,-5.0,-3.5824291706085205,-4.65334939956665,-2.981955051422119,0.0
682,ACH-000374,-0.5001406669616699,-2.420600414276123,1.6071439981460571,0.3133156895637512,True,-4.099945068359375,-4.143694877624512,0.1,0.8245614035087719,0.890625,-4.055593725803426,0.24315017461776733,-5.0,-3.9894120693206787,-5.2677717208862305,-3.0827136039733887,0.05263157933950424
683,ACH-000536,1.720049262046814,-0.11889883130788803,1.5329816341400146,0.30596646666526794,True,-3.916180372238159,-3.9849302768707275,0.1,0.7333333333333333,0.9375,-4.048527380910157,0.2695990800857544,-5.0,-3.843925714492798,-4.830743312835693,-3.090961456298828,0.0
684,ACH-000554,-0.23979055881500244,-2.125685453414917,1.5871832370758057,0.2987116873264313,True,-4.017751693725586,-4.074002265930176,0.1,0.7758620689655172,0.90625,-4.051074869412159,0.17256370186805725,-5.0,-3.916139841079712,-4.8574724197387695,-3.193490982055664,0.0
685,ACH-000568,1.8951444625854492,0.05157817155122757,1.5533000230789185,0.2902662754058838,True,-3.8202741146087646,-3.8983991146087646,0.1,0.75,0.875,-4.0358072939318195,0.26145535707473755,-5.0,-3.6517419815063477,-4.638718605041504,-3.0512993335723877,0.0
686,ACH-000573,1.0382121801376343,-0.8312901258468628,1.573111653327942,0.2963906526565552,True,-3.9428162574768066,-3.964691162109375,0.1,0.875,0.875,-4.028695680749575,0.2045818716287613,-5.0,-3.791790246963501,-4.59780740737915,-3.042104482650757,0.0
687,ACH-000621,0.826056718826294,-1.0565121173858643,1.5842664241790771,0.29830247163772583,True,-4.004884719848633,-4.048635005950928,0.1,0.8103448275862069,0.90625,-4.03068961326971,0.28369006514549255,-5.0,-3.901942253112793,-4.747257709503174,-3.087908983230591,0.0
688,ACH-000624,1.1209700107574463,-0.6944431066513062,1.5119291543960571,0.3034839630126953,True,-3.8859951496124268,-4.023495674133301,0.1,0.6885245901639344,0.953125,-4.029970219356069,0.27075016498565674,-5.0,-3.831207752227783,-4.692532062530518,-3.0383682250976562,0.0
689,ACH-000643,-0.521236777305603,-2.3912768363952637,1.563582420349121,0.30645763874053955,True,-4.079587936401367,-4.163963317871094,0.1,0.7636363636363637,0.859375,-4.043369529207571,0.20319783687591553,-5.0,-3.9289751052856445,-5.186069488525391,-3.0898070335388184,0.0181818176060915
690,ACH-000668,1.7921910285949707,-0.09647370129823685,1.5833486318588257,0.30531615018844604,True,-3.873399257659912,-3.9390244483947754,0.1,0.7903225806451613,0.96875,-4.032935021126292,0.23194661736488342,-5.0,-3.83705735206604,-4.690095901489258,-3.067981243133545,0.0
691,ACH-000691,0.3626784086227417,-1.5226022005081177,1.594789743423462,0.2904908061027527,True,-4.046971321105957,-4.068845748901367,0.1,0.8928571428571429,0.875,-4.0365260939038,0.22112798690795898,-5.0,-3.9108245372772217,-5.050721645355225,-2.1260156631469727,0.01785714365541935
692,ACH-000699,-0.0197676420211792,-1.8905856609344482,1.5666025876998901,0.3042154312133789,True,-3.980654716491699,-4.052529811859131,0.1,0.7321428571428571,0.875,-4.0381264656993325,0.1486777663230896,-5.0,-3.835034132003784,-4.950381755828857,-3.0897867679595947,0.0
693,ACH-000711,1.2253315448760986,-0.6504294276237488,1.569521188735962,0.3062397837638855,True,-3.963482618331909,-4.000982284545898,0.1,0.8305084745762712,0.921875,-4.03441204758399,0.32511037588119507,-5.0,-3.8756418228149414,-4.897223949432373,-3.1906988620758057,0.0
694,ACH-000725,1.2964565753936768,-0.6281127333641052,1.6194156408309937,0.3051537871360779,True,-3.8753292560577393,-3.9409542083740234,0.1,0.7868852459016393,0.953125,-4.025066263662993,0.240202397108078,-5.0,-3.8200173377990723,-4.744190216064453,-3.0914406776428223,0.0
695,ACH-000755,0.612905740737915,-1.2755595445632935,1.5844484567642212,0.3040168285369873,True,-4.051360130310059,-4.082610130310059,0.1,0.8392857142857143,0.875,-4.0308206503276995,0.27781617641448975,-5.0,-3.9158406257629395,-4.915121555328369,-3.2969777584075928,0.0
696,ACH-000759,0.9449635744094849,-0.9621366262435913,1.6049604415893555,0.3021396994590759,True,-3.9164915084838867,-3.9602415561676025,0.1,0.8,0.859375,-4.02376274091169,0.15573084354400635,-5.0,-3.739190101623535,-4.802366256713867,-3.153618574142456,0.0
697,ACH-000768,-0.08262896537780762,-2.023531198501587,1.6555718183517456,0.2853304147720337,True,-4.032012939453125,-4.08201265335083,0.1,0.8214285714285714,0.875,-4.029587732155604,0.19500009715557098,-5.0,-3.8937292098999023,-5.044661998748779,-3.081125259399414,0.01785714365541935
698,ACH-000783,0.5046147108078003,-1.3387035131454468,1.5484483242034912,0.29486989974975586,True,-4.026815891265869,-4.070566177368164,0.1,0.8305084745762712,0.921875,-4.03368557667686,0.2745129466056824,-5.0,-3.944342613220215,-4.727637767791748,-3.0828287601470947,0.0
699,ACH-000818,3.2693564891815186,1.4601428508758545,1.5056326389312744,0.3035810589790344,True,-3.4874184131622314,-3.5030434131622314,0.1,0.9038461538461539,0.8125,-3.9806213603253977,0.3138461410999298,-5.0,-3.1383612155914307,-3.739126205444336,-2.6247658729553223,0.0
700,ACH-000828,-0.05904674530029297,-1.9528486728668213,1.5921320915222168,0.3016698956489563,True,-3.641341209411621,-3.672591209411621,0.1,0.8367346938775511,0.765625,-3.94981834523402,0.2169056236743927,-5.0,-3.2254254817962646,-4.286308765411377,-2.7423272132873535,0.0
701,ACH-000849,1.2113189697265625,-0.5939216613769531,1.5250393152236938,0.28020137548446655,True,-3.9047791957855225,-3.9516541957855225,0.1,0.8,0.9375,-3.9500019302891705,0.2834767699241638,-5.0,-3.8317646980285645,-4.473352432250977,-3.03851318359375,0.0
702,ACH-000856,0.5614558458328247,-1.3609287738800049,1.6258586645126343,0.2965259850025177,True,-3.9627819061279297,-4.00965690612793,0.1,0.8225806451612904,0.96875,-3.9559674278730466,0.3442974388599396,-5.0,-3.9293229579925537,-5.07402229309082,-3.0504865646362305,0.032258063554763794
703,ACH-000857,-0.8140136003494263,-2.717806100845337,1.6054493188858032,0.2983431816101074,True,-3.989408493041992,-4.039408206939697,0.1,0.8035714285714286,0.875,-3.964311505779712,0.15296567976474762,-5.0,-3.845038414001465,-5.161409378051758,-3.046297550201416,0.01785714365541935
704,ACH-000859,-0.017885804176330566,-1.8835893869400024,1.5768753290176392,0.2888283133506775,True,-3.9720711708068848,-4.056446075439453,0.1,0.7636363636363637,0.859375,-3.9735249627456857,0.2787371873855591,-5.0,-3.8038642406463623,-4.7457122802734375,-3.0910890102386475,0.0
705,ACH-000876,0.17649853229522705,-1.7125486135482788,1.588938593864441,0.30010855197906494,True,-3.9381048679351807,-4.056854724884033,0.1,0.6181818181818182,0.859375,-3.98185793895952,0.3295723795890808,-5.0,-3.7643399238586426,-5.119496822357178,-3.081920862197876,0.0181818176060915
706,ACH-000902,0.6194500923156738,-1.3060057163238525,1.623221755027771,0.3022339940071106,True,-3.919755458831787,-4.013505458831787,0.1,0.7627118644067796,0.921875,-3.9850226909467468,0.24719437956809998,-5.0,-3.828209400177002,-4.877781867980957,-3.04325270652771,0.0
707,ACH-000910,0.013139128684997559,-1.876589298248291,1.5925074815750122,0.29722094535827637,True,-4.017722129821777,-4.070847511291504,0.1,0.7857142857142857,0.875,-3.9936051729812223,0.19976690411567688,-5.0,-3.877396821975708,-4.837567329406738,-3.056258201599121,0.0
708,ACH-000927,0.5025348663330078,-1.2899527549743652,1.4879378080368042,0.3045497536659241,True,-3.8674278259277344,-3.939302682876587,0.1,0.7413793103448276,0.90625,-3.9881749239707585,0.21356667578220367,-5.0,-3.750265121459961,-4.545009136199951,-3.0732269287109375,0.0
709,ACH-000930,0.17670905590057373,-1.77169930934906,1.6448801755905151,0.30352818965911865,True,-4.033685684204102,-4.061810493469238,0.1,0.864406779661017,0.921875,-3.9955384809206063,0.23582085967063904,-5.0,-3.9517946243286133,-5.074636459350586,-3.063331127166748,0.016949152573943138
710,ACH-000934,0.7341454029083252,-1.0606094598770142,1.4990599155426025,0.29569491744041443,True,-3.9299440383911133,-4.00494384765625,0.1,0.711864406779661,0.921875,-3.9964790175941705,0.24189545214176178,-5.0,-3.839261293411255,-4.774682521820068,-3.064746618270874,0.0
711,ACH-001390,0.6057300567626953,-1.2588660717010498,1.578640341758728,0.2859557569026947,True,-3.86069917678833,-3.9481992721557617,0.1,0.7627118644067796,0.921875,-3.9916510430503296,0.1916063129901886,-5.0,-3.764148473739624,-4.76616907119751,-3.0866732597351074,0.0
712,ACH-001819,2.273430585861206,0.39122575521469116,1.5843199491500854,0.2978847622871399,True,-3.7422566413879395,-3.7891314029693604,0.1,0.8225806451612904,0.96875,-3.9713990790422327,0.26262712478637695,-5.0,-3.7016842365264893,-4.5196123123168945,-3.0324697494506836,0.0
713,ACH-001820,0.20730173587799072,-1.660168170928955,1.5662564039230347,0.30121347308158875,True,-3.9820094108581543,-4.050759315490723,0.1,0.7966101694915254,0.921875,-3.979335102687082,0.2813631296157837,-5.0,-3.8957390785217285,-4.797128200531006,-3.1971442699432373,0.0
714,ACH-000017,-0.373898983001709,-2.266918659210205,1.589329481124878,0.30369025468826294,True,-4.06527853012085,-4.12777853012085,0.1,0.7818181818181819,0.859375,-3.994179445430458,0.151652991771698,-5.0,-3.9123239517211914,-5.367463111877441,-3.249302387237549,0.0181818176060915
715,ACH-000019,-0.5462919473648071,-2.351781129837036,1.5320990085601807,0.27339017391204834,True,-4.008518218994141,-4.127268314361572,0.1,0.6981132075471698,0.828125,-4.00748833232357,0.21428507566452026,-5.0,-3.802739381790161,-4.845003128051758,-3.0661206245422363,0.0
716,ACH-000044,1.8710826635360718,0.10260525345802307,1.4766669273376465,0.2918105125427246,True,-3.5670700073242188,-3.6264448165893555,0.1,0.7818181818181819,0.859375,-3.9693839807501483,0.22551719844341278,-5.0,-3.332590341567993,-4.394278049468994,-2.840099334716797,0.0
717,ACH-000097,-0.2526181936264038,-2.071040153503418,1.5274931192398071,0.29092884063720703,True,-3.9866013526916504,-4.133476257324219,0.1,0.6551724137931034,0.90625,-3.9857932084075554,0.24896088242530823,-5.0,-3.8817670345306396,-4.980380535125732,-3.0879204273223877,0.0
718,ACH-000111,-0.10313701629638672,-2.007398843765259,1.609713077545166,0.29454880952835083,True,-3.9885029792785645,-4.0978779792785645,0.1,0.7068965517241379,0.90625,-3.997001685494656,0.20340687036514282,-5.0,-3.8838651180267334,-5.416099548339844,-3.052527904510498,0.017241379246115685
719,ACH-000117,1.6329810619354248,-0.276027649641037,1.6191462278366089,0.2898625135421753,True,-3.9073638916015625,-3.9667389392852783,0.1,0.7704918032786885,0.953125,-3.9939754108737184,0.2679451107978821,-5.0,-3.8536274433135986,-4.568455219268799,-3.0866007804870605,0.0
720,ACH-000147,-0.44238555431365967,-2.2893097400665283,1.568967342376709,0.27795684337615967,True,-4.0126848220825195,-4.0751848220825195,0.1,0.8070175438596491,0.890625,-4.002096351994599,0.2801837921142578,-5.0,-3.891435384750366,-5.226297855377197,-3.077127456665039,0.017543859779834747
721,ACH-000148,0.7956111431121826,-1.2298252582550049,1.7520595788955688,0.2733769416809082,True,-3.9156322479248047,-4.000007152557373,0.1,0.7735849056603774,0.828125,-4.001887432050876,0.3233306407928467,-5.0,-3.690574884414673,-4.514616966247559,-3.0887203216552734,0.0
722,ACH-000196,0.0012205839157104492,-1.8183616399765015,1.5273494720458984,0.29223281145095825,True,-3.8929691314697266,-3.98984432220459,0.1,0.711864406779661,0.921875,-4.000683121066247,0.13581976294517517,-5.0,-3.7991528511047363,-4.738953113555908,-3.058457851409912,0.0
723,ACH-000212,1.3382207155227661,-0.5645536184310913,1.6143927574157715,0.28838151693344116,True,-3.8204402923583984,-3.967315435409546,0.1,0.7049180327868853,0.953125,-3.997346352500577,0.222680926322937,-5.0,-3.7624289989471436,-5.148073196411133,-3.091063976287842,0.016393441706895828
724,ACH-000223,2.0213265419006348,0.22416000068187714,1.511752724647522,0.285413920879364,True,-3.7639057636260986,-3.863905906677246,0.1,0.7377049180327869,0.953125,-3.984002307918244,0.3121388554573059,-5.0,-3.7031137943267822,-4.625180244445801,-3.0884602069854736,0.0
725,ACH-000248,0.23433947563171387,-1.6882085800170898,1.6269679069519043,0.2955801486968994,True,-4.046212196350098,-4.099337100982666,0.1,0.7894736842105263,0.890625,-3.995535787224686,0.23301678895950317,-5.0,-3.929080009460449,-4.567749977111816,-3.0454328060150146,0.0
726,ACH-000258,-1.8602904081344604,-3.7480409145355225,1.5905416011810303,0.29720890522003174,True,-3.8734309673309326,-4.057806015014648,0.1,0.5689655172413793,0.90625,-4.001762810003682,0.10841948539018631,-5.0,-3.756889581680298,-4.923886299133301,-3.1694111824035645,0.0
727,ACH-000276,0.03625774383544922,-1.8606317043304443,1.5978617668151855,0.29902762174606323,True,-3.992548704147339,-4.086298942565918,0.1,0.7288135593220338,0.921875,-4.010216423259906,0.2182711511850357,-5.0,-3.9071717262268066,-5.089164733886719,-3.1887423992156982,0.050847455859184265
728,ACH-000277,2.21730899810791,0.24739010632038116,1.6619592905044556,0.30795952677726746,True,-3.77402925491333,-3.82090425491333,0.1,0.8032786885245902,0.953125,-3.9912852064252484,0.2502861022949219,-5.0,-3.713735580444336,-4.697695255279541,-3.0552375316619873,0.0
729,ACH-000288,0.4143221378326416,-1.483385443687439,1.615140676498413,0.2825669050216675,True,-4.034983158111572,-4.069357872009277,0.1,0.8490566037735849,0.828125,-3.9990924729836514,0.21321025490760803,-5.0,-3.8346965312957764,-4.786689281463623,-3.088369369506836,0.0
730,ACH-000330,0.6587350368499756,-1.232943058013916,1.5940848588943481,0.29759326577186584,True,-3.896923065185547,-4.006298065185547,0.1,0.6885245901639344,0.953125,-3.999813032203841,0.2624131143093109,-5.0,-3.842672824859619,-5.215345859527588,-3.0717861652374268,0.016393441706895828
731,ACH-000349,1.032731294631958,-0.9069671034812927,1.6401371955871582,0.29956117272377014,True,-3.8690543174743652,-3.987804412841797,0.1,0.7049180327868853,0.953125,-3.998612170267637,0.21482622623443604,-5.0,-3.813433885574341,-4.9670634269714355,-3.086015224456787,0.0
732,ACH-000352,1.2557889223098755,-0.6283549070358276,1.581831932067871,0.3023119270801544,True,-3.802323818206787,-3.8429486751556396,0.1,0.8148148148148148,0.84375,-3.983045820756437,0.16565224528312683,-5.0,-3.5805320739746094,-4.682201862335205,-2.981955051422119,0.0
733,ACH-000374,0.24399280548095703,-1.6898971796035767,1.630203127861023,0.30368685722351074,True,-3.964613914489746,-4.027113914489746,0.1,0.7222222222222222,0.84375,-3.987452630129768,0.17325016856193542,-5.0,-3.7728757858276367,-4.695298194885254,-3.0827136039733887,0.0
734,ACH-000536,-0.31058526039123535,-2.1499361991882324,1.555740475654602,0.28361040353775024,True,-3.895103931427002,-4.029479026794434,0.1,0.6724137931034483,0.90625,-3.991655269796235,0.21380159258842468,-5.0,-3.780804395675659,-5.009822845458984,-3.090961456298828,0.017241379246115685
735,ACH-000554,1.016052484512329,-0.8580823540687561,1.5712727308273315,0.30286216735839844,True,-3.8637399673461914,-3.9793648719787598,0.1,0.6724137931034483,0.90625,-3.9904262300144873,0.23792636394500732,-5.0,-3.7461957931518555,-5.044048309326172,-3.091114044189453,0.017241379246115685
736,ACH-000568,-3.7624094486236572,-5.5691328048706055,1.5215988159179688,0.2851245105266571,True,-3.633573293685913,-3.739823341369629,0.1,0.6551724137931034,0.90625,-3.9653659411500013,0.09768737852573395,-5.0,-3.4922187328338623,-4.3354411125183105,-2.9864139556884766,0.0
737,ACH-000573,1.4665805101394653,-0.4630776643753052,1.6342917680740356,0.29536643624305725,True,-3.800865650177002,-3.8852410316467285,0.1,0.7068965517241379,0.90625,-3.957353450199674,0.16058924794197083,-5.0,-3.6768171787261963,-4.675774097442627,-3.042104482650757,0.0
738,ACH-000621,0.23382902145385742,-1.646456003189087,1.5911502838134766,0.289134681224823,True,-3.899528980255127,-3.9995288848876953,0.1,0.7580645161290323,0.96875,-3.961570993668476,0.16666275262832642,-5.0,-3.864029884338379,-5.2098588943481445,-3.087908983230591,0.032258063554763794
739,ACH-000624,0.48278677463531494,-1.3979616165161133,1.5804259777069092,0.30032241344451904,True,-3.8694748878479004,-3.9850997924804688,0.1,0.7241379310344828,0.90625,-3.963923873549675,0.2530519664287567,-5.0,-3.752523899078369,-4.783029556274414,-3.0383682250976562,0.0
740,ACH-000643,0.4425501823425293,-1.396012544631958,1.5554426908493042,0.2831200957298279,True,-3.9357385635375977,-4.035738468170166,0.1,0.7333333333333333,0.9375,-3.9711053330117245,0.1830000877380371,-5.0,-3.864788055419922,-4.709194183349609,-3.2992095947265625,0.0
741,ACH-000668,0.8533272743225098,-1.062522053718567,1.6291694641113281,0.28667986392974854,True,-3.966765880584717,-4.029265880584717,0.1,0.7796610169491526,0.921875,-3.976921387769024,0.26853281259536743,-5.0,-3.8792035579681396,-4.947394847869873,-3.067981243133545,0.0
742,ACH-000691,0.5924862623214722,-1.3180683851242065,1.60431969165802,0.30623501539230347,True,-3.9737133979797363,-4.061213493347168,0.1,0.7288135593220338,0.921875,-3.9853505983268387,0.1744953989982605,-5.0,-3.886740207672119,-4.654494762420654,-3.0459327697753906,0.0
743,ACH-000699,1.4543031454086304,-0.4472299814224243,1.606920838356018,0.29461222887039185,True,-3.739147663116455,-3.8828976154327393,0.1,0.7457627118644068,0.921875,-3.9751053000374283,0.19564509391784668,-5.0,-3.632295846939087,-4.448964595794678,-3.0897867679595947,0.0
744,ACH-000711,-0.27544283866882324,-2.174917459487915,1.6049054861068726,0.29456913471221924,True,-3.971959114074707,-4.056334018707275,0.1,0.7192982456140351,0.890625,-3.983228171904413,0.17330439388751984,-5.0,-3.8457086086273193,-4.680919170379639,-3.077418804168701,0.0
745,ACH-000725,0.4950474500656128,-1.3938677310943604,1.5932587385177612,0.2956564426422119,True,-3.8441836833953857,-3.9785585403442383,0.1,0.6551724137931034,0.90625,-3.9827612087483955,0.17825466394424438,-5.0,-3.724616289138794,-5.110230445861816,-3.0914406776428223,0.03448275849223137
746,ACH-000755,1.485059380531311,-0.33226993680000305,1.53427255153656,0.28305673599243164,True,-3.7479805946350098,-3.891730546951294,0.1,0.671875,1.0,-3.973658142568685,0.20170697569847107,-5.0,-3.7479805946350098,-4.702614784240723,-3.0859029293060303,0.0
747,ACH-000759,1.2699105739593506,-0.6031913161277771,1.582298755645752,0.2908031642436981,True,-3.795542001724243,-3.936166763305664,0.1,0.6101694915254238,0.921875,-3.9699090046423833,0.20791611075401306,-5.0,-3.6934690475463867,-4.850584506988525,-3.0651822090148926,0.0
748,ACH-000768,0.21207022666931152,-1.6163666248321533,1.5410499572753906,0.2873868942260742,True,-3.874116897583008,-4.067866802215576,0.1,0.6440677966101694,0.921875,-3.9797047843997024,0.2390424758195877,-5.0,-3.778702974319458,-4.725942134857178,-3.081125259399414,0.0
749,ACH-000783,0.4618990421295166,-1.4007340669631958,1.5716313123703003,0.2910018265247345,True,-3.854341983795166,-3.9762167930603027,0.1,0.711864406779661,0.921875,-3.9793559852657623,0.2883186638355255,-5.0,-3.7572522163391113,-4.975816249847412,-3.0828285217285156,0.0
750,ACH-000818,-0.09728550910949707,-1.9848480224609375,1.5826303958892822,0.3049321472644806,True,-3.4606034755706787,-3.5668535232543945,0.1,0.6938775510204082,0.765625,-3.9381057390646252,0.1823374330997467,-5.0,-2.9893596172332764,-3.754964590072632,-2.609245538711548,0.0
751,ACH-000828,1.4325428009033203,-0.47347256541252136,1.6131420135498047,0.29287344217300415,True,-3.5255284309387207,-3.5849034786224365,0.1,0.7307692307692307,0.8125,-3.9027855130204063,0.2688325345516205,-5.0,-3.1852657794952393,-4.173910140991211,-2.7423272132873535,0.0
752,ACH-000849,-0.6642512083053589,-2.4505727291107178,1.5199973583221436,0.26632413268089294,True,-3.9489121437072754,-4.052037239074707,0.1,0.7241379310344828,0.90625,-3.9177106856258366,0.2227257490158081,-5.0,-3.840178966522217,-5.213018417358398,-3.03851318359375,0.017241379246115685
753,ACH-000856,-2.0951590538024902,-3.896994113922119,1.5040513277053833,0.2977837920188904,True,-3.9612536430358887,-4.073753356933594,0.1,0.6727272727272727,0.859375,-3.9333149527566125,0.1597473919391632,-5.0,-3.7912769317626953,-4.672619819641113,-3.0504865646362305,0.0
754,ACH-000857,0.47657251358032227,-1.3546149730682373,1.5456554889678955,0.28553199768066406,True,-3.8172011375427246,-3.979700803756714,0.1,0.6440677966101694,0.921875,-3.9379535378566226,0.25399670004844666,-5.0,-3.716963768005371,-4.640327453613281,-3.046297550201416,0.0
755,ACH-000859,0.28565871715545654,-1.571439504623413,1.574485421180725,0.28261280059814453,True,-3.9172844886779785,-4.017284393310547,0.1,0.6964285714285714,0.875,-3.945886623402015,0.2765233516693115,-5.0,-3.762610912322998,-5.086204528808594,-3.091078281402588,0.01785714365541935
756,ACH-000876,-0.054538726806640625,-1.9811021089553833,1.6368677616119385,0.2896956205368042,True,-3.8269386291503906,-3.8988137245178223,0.1,0.7931034482758621,0.90625,-3.941179333513596,0.1169554740190506,-5.0,-3.70558762550354,-4.903552532196045,-3.081920862197876,0.0
757,ACH-000902,0.896964430809021,-0.9845200777053833,1.599688172340393,0.28179627656936646,True,-3.8124899864196777,-3.940615177154541,0.1,0.6774193548387096,0.96875,-3.9411229178776903,0.23077762126922607,-5.0,-3.7741830348968506,-4.870181560516357,-3.04325270652771,0.0
758,ACH-000910,0.6425704956054688,-1.179940938949585,1.5325692892074585,0.28994208574295044,True,-3.9019293785095215,-4.039429187774658,0.1,0.6885245901639344,0.953125,-3.9509535448673874,0.24498385190963745,-5.0,-3.8479256629943848,-4.927915573120117,-3.056258201599121,0.0
759,ACH-000927,-0.10908424854278564,-1.9335812330245972,1.531868577003479,0.29262834787368774,True,-3.776639461517334,-4.148514747619629,0.1,0.5789473684210527,0.890625,-3.9707096651426115,0.1990496814250946,-5.0,-3.6264021396636963,-4.8154802322387695,-3.0732269287109375,0.0
760,ACH-000930,0.777900218963623,-1.0558974742889404,1.5471596717834473,0.286638081073761,True,-3.8202695846557617,-3.9390196800231934,0.1,0.6491228070175439,0.890625,-3.96754066663067,0.21151763200759888,-5.0,-3.6753904819488525,-4.523331642150879,-3.063331127166748,0.0
761,ACH-000934,1.2885363101959229,-0.5540962219238281,1.5601733922958374,0.2824590802192688,True,-3.749427556991577,-3.965052604675293,0.1,0.6129032258064516,0.96875,-3.967291860435132,0.20337331295013428,-5.0,-3.7090866565704346,-4.6518144607543945,-3.064746618270874,0.0
762,ACH-001390,0.1728072166442871,-1.694223165512085,1.5888020992279053,0.2782283425331116,True,-3.8452601432800293,-4.045260429382324,0.1,0.6964285714285714,0.875,-3.975088717329851,0.2185722291469574,-5.0,-3.680297374725342,-4.5332183837890625,-3.0866732597351074,0.0
763,ACH-001819,1.6149853467941284,-0.22201821208000183,1.5443195104599,0.2926841080188751,True,-3.6502485275268555,-3.803373336791992,0.1,0.6333333333333333,0.9375,-3.9579171792760652,0.18866127729415894,-5.0,-3.560265302658081,-4.492767333984375,-3.0324697494506836,0.0
764,ACH-001820,0.3673588037490845,-1.5167875289916992,1.598213791847229,0.2859325110912323,True,-3.800374746322632,-3.9378747940063477,0.1,0.6379310344827587,0.90625,-3.955912940749094,0.1962774693965912,-5.0,-3.6762757301330566,-4.700855255126953,-3.089878797531128,0.0
765,ACH-000017,0.12244844436645508,-1.6122539043426514,1.4449214935302734,0.2897809147834778,True,-3.802069902420044,-4.036444664001465,0.1,0.6206896551724138,0.90625,-3.963966113074331,0.1923682987689972,-5.0,-3.6781461238861084,-4.832756996154785,-3.0311803817749023,0.0
766,ACH-000019,0.9801486730575562,-0.8974382877349854,1.6025896072387695,0.274997353553772,True,-3.9030442237854004,-4.003044128417969,0.1,0.7833333333333333,0.9375,-3.967873914608695,0.12868213653564453,-5.0,-3.829913854598999,-4.924431800842285,-3.0661206245422363,0.0
767,ACH-000044,1.2471270561218262,-0.48539304733276367,1.447928786277771,0.28459131717681885,True,-3.564474582672119,-3.658224582672119,0.1,0.7090909090909091,0.859375,-3.9369089814150375,0.23452457785606384,-5.0,-3.3295700550079346,-4.146548271179199,-2.840099334716797,0.0
768,ACH-000097,-0.5104215145111084,-2.2734105587005615,1.4904173612594604,0.2725716829299927,True,-3.9092445373535156,-4.081119537353516,0.1,0.5925925925925926,0.84375,-3.9513300370088853,0.23100601136684418,-5.0,-3.7072527408599854,-4.432094573974609,-3.0879204273223877,0.0
769,ACH-000111,-0.5603764057159424,-2.4803359508514404,1.6288809776306152,0.2910785675048828,True,-3.918322801589966,-4.043323040008545,0.1,0.6842105263157895,0.890625,-3.9605293373088513,0.09526252001523972,-5.0,-3.7854855060577393,-4.837310314178467,-2.972897529602051,0.0
770,ACH-000117,0.8494080305099487,-1.046549916267395,1.5994412899017334,0.2965165972709656,True,-3.769885301589966,-4.044885635375977,0.1,0.603448275862069,0.90625,-3.968964967115564,0.25893086194992065,-5.0,-3.642632246017456,-4.411651134490967,-3.0866007804870605,0.0
771,ACH-000147,0.5148208141326904,-1.4513001441955566,1.6828433275222778,0.28327760100364685,True,-3.945056676864624,-4.073182106018066,0.1,0.7213114754098361,0.953125,-3.9793866810058143,0.2170984148979187,-5.0,-3.893174171447754,-4.834805011749268,-3.077127695083618,0.0
772,ACH-000148,-5.4419121742248535,-7.378875732421875,1.6626863479614258,0.2742772102355957,True,-3.865837574005127,-4.006463050842285,0.1,0.6379310344827587,0.90625,-3.9820943179894615,0.09834523499011993,-5.0,-3.7485105991363525,-4.839643955230713,-3.0887203216552734,0.0
773,ACH-000196,0.2011725902557373,-1.7269325256347656,1.6304017305374146,0.29770341515541077,True,-3.9030423164367676,-3.987417221069336,0.1,0.7017543859649122,0.890625,-3.982626608297449,0.17230001091957092,-5.0,-3.7683281898498535,-4.801947116851807,-3.058457851409912,0.0
774,ACH-000212,1.3821840286254883,-0.49114322662353516,1.5896575450897217,0.28366971015930176,True,-3.7904796600341797,-3.9248547554016113,0.1,0.6935483870967742,0.96875,-3.9768494230078653,0.19220954179763794,-5.0,-3.751462697982788,-5.09010124206543,-3.091063976287842,0.016129031777381897
775,ACH-000223,0.9018964171409607,-0.9909922480583191,1.606534719467163,0.2863539755344391,True,-3.775005340576172,-3.8437554836273193,0.1,0.7758620689655172,0.90625,-3.9635400290698106,0.1893947422504425,-5.0,-3.6482818126678467,-4.444217681884766,-3.0884602069854736,0.0
776,ACH-000248,1.025244951248169,-0.7939398288726807,1.5454418659210205,0.2737429141998291,True,-3.7191271781921387,-3.8753774166107178,0.1,0.6290322580645161,0.96875,-3.9547237678239013,0.21554020047187805,-5.0,-3.6778087615966797,-4.990822792053223,-2.851559638977051,0.0
777,ACH-000258,0.6862249374389648,-1.180301547050476,1.5850801467895508,0.28144633769989014,True,-3.830146312713623,-3.9676461219787598,0.1,0.6721311475409836,0.953125,-3.9560160032393874,0.2641739547252655,-5.0,-3.7726123332977295,-4.852873802185059,-3.1662209033966064,0.0
778,ACH-000276,1.073144555091858,-0.7155826091766357,1.5101302862167358,0.2785968780517578,True,-3.756716251373291,-3.900466203689575,0.1,0.6557377049180327,0.953125,-3.950461023284406,0.16348838806152344,-5.0,-3.695570945739746,-4.702801704406738,-3.0746803283691406,0.0
779,ACH-000277,1.3403319120407104,-0.4830358922481537,1.5405226945877075,0.2828451693058014,True,-3.6992111206054688,-3.811710834503174,0.1,0.7,0.9375,-3.936586004406283,0.1594512164592743,-5.0,-3.612492084503174,-4.5699310302734375,-3.0552375316619873,0.0
780,ACH-000288,-1.1961359977722168,-3.1352574825286865,1.655845046043396,0.28327640891075134,True,-3.990029811859131,-4.0619049072265625,0.1,0.7636363636363637,0.859375,-3.949117894688311,0.2231130301952362,-5.0,-3.8247618675231934,-4.822303771972656,-3.088369369506836,0.0
781,ACH-000330,0.4284501075744629,-1.3951523303985596,1.5397511720657349,0.2838513255119324,True,-3.7775025367736816,-3.9150023460388184,0.1,0.7241379310344828,0.90625,-3.945706339823362,0.14688359200954437,-5.0,-3.6510372161865234,-4.447319984436035,-3.0717861652374268,0.0
782,ACH-000349,1.916123628616333,0.04043147712945938,1.5882023572921753,0.28748977184295654,True,-3.753185749053955,-3.843810796737671,0.1,0.7096774193548387,0.96875,-3.9355167855147926,0.26457709074020386,-5.0,-3.712965965270996,-5.019837379455566,-3.086015224456787,0.016129031777381897
783,ACH-000352,1.6923315525054932,-0.1614270806312561,1.5664317607879639,0.2873268723487854,True,-3.562615394592285,-3.700115442276001,0.1,0.6610169491525424,0.921875,-3.9119766511909138,0.21658940613269806,-5.0,-3.440803050994873,-4.237834930419922,-2.981955051422119,0.0
784,ACH-000374,0.9097477793693542,-0.8968141674995422,1.529754400253296,0.2768075466156006,True,-3.778007745742798,-3.968632698059082,0.1,0.6229508196721312,0.953125,-3.9176422558777304,0.20632092654705048,-5.0,-3.717909812927246,-4.727736473083496,-3.0827136039733887,0.0
785,ACH-000536,-1.1482632160186768,-2.9357473850250244,1.514138102531433,0.2733461260795593,True,-3.93804931640625,-4.00054931640625,0.1,0.8103448275862069,0.90625,-3.9259329619305823,0.21747887134552002,-5.0,-3.8281922340393066,-5.0889692306518555,-2.8593499660491943,0.017241379246115685
786,ACH-000554,0.9714162349700928,-0.8306758403778076,1.5154751539230347,0.2866169214248657,True,-3.773037910461426,-3.869913101196289,0.1,0.7377049180327869,0.953125,-3.9203309758571527,0.23012664914131165,-5.0,-3.712695360183716,-4.837254524230957,-3.091114044189453,0.0
787,ACH-000568,1.2550885677337646,-0.6061379313468933,1.5853575468063354,0.2758690118789673,True,-3.6557817459106445,-3.712031841278076,0.1,0.7719298245614035,0.890625,-3.899501062399245,0.20667678117752075,-5.0,-3.4907023906707764,-5.143861293792725,-2.9864139556884766,0.017543859779834747
788,ACH-000573,0.6403670310974121,-1.160781741142273,1.5245441198349,0.27660465240478516,True,-3.751319169998169,-3.8419442176818848,0.1,0.7321428571428571,0.875,-3.893745377927509,0.18759626150131226,-5.0,-3.5729360580444336,-4.394880771636963,-3.042104482650757,0.0
789,ACH-000621,0.46112096309661865,-1.3354601860046387,1.531394124031067,0.2651870548725128,True,-3.811232566833496,-3.9424819946289062,0.1,0.6666666666666666,0.9375,-3.8986190395976483,0.16446447372436523,-5.0,-3.7319812774658203,-4.72273588180542,-3.087908983230591,0.0
790,ACH-000624,-0.15808379650115967,-2.0009279251098633,1.5729761123657227,0.26986801624298096,True,-3.853483200073242,-3.947233200073242,0.1,0.6842105263157895,0.890625,-3.903480455645208,0.22297528386116028,-5.0,-3.7126829624176025,-5.143956184387207,-3.0383682250976562,0.017543859779834747
791,ACH-000643,0.9691252112388611,-0.8914490342140198,1.586330533027649,0.27424368262290955,True,-3.805047035217285,-3.992546796798706,0.1,0.5737704918032787,0.953125,-3.912387089760558,0.24371924996376038,-5.0,-3.746278762817383,-5.186069488525391,-3.0898070335388184,0.016393441706895828
792,ACH-000668,0.8992066383361816,-0.9163117408752441,1.545799970626831,0.2697184681892395,True,-3.8170900344848633,-3.967090368270874,0.1,0.6935483870967742,0.96875,-3.9178574176115895,0.2835732698440552,-5.0,-3.7789318561553955,-4.632074356079102,-3.067981243133545,0.0
793,ACH-000691,1.5022722482681274,-0.38496312499046326,1.60043466091156,0.286800742149353,True,-3.7244937419891357,-3.9369935989379883,0.1,0.5645161290322581,0.96875,-3.9197710357442292,0.18680347502231598,-5.0,-3.6833479404449463,-4.568794250488281,-3.0459327697753906,0.0
794,ACH-000699,-5.3151164054870605,-7.1489434242248535,1.5572572946548462,0.2765696048736572,True,-3.8511579036712646,-3.916782855987549,0.1,0.7457627118644068,0.921875,-3.919472217768561,0.09781157970428467,-5.0,-3.753798246383667,-4.735193252563477,-3.0897867679595947,0.0
795,ACH-000711,0.8138816356658936,-1.0429030656814575,1.5712995529174805,0.285485178232193,True,-3.7956666946411133,-4.08316707611084,0.1,0.6129032258064516,0.96875,-3.935841703602789,0.21390727162361145,-5.0,-3.756817102432251,-5.183089256286621,-3.077418804168701,0.016129031777381897
796,ACH-000725,0.956163763999939,-0.8646198511123657,1.5447522401809692,0.27603140473365784,True,-3.809309959411621,-3.9436850547790527,0.1,0.6842105263157895,0.890625,-3.9366260387204153,0.2315264791250229,-5.0,-3.6630849838256836,-4.667734622955322,-3.0914406776428223,0.0
797,ACH-000755,1.0398943424224854,-0.7815657258033752,1.5485388040542603,0.2729213237762451,True,-3.7759034633636475,-3.913403272628784,0.1,0.6896551724137931,0.90625,-3.9343037621112518,0.20501050353050232,-5.0,-3.6492724418640137,-4.752654552459717,-3.085902690887451,0.0
798,ACH-000759,1.8876359462738037,0.025793205946683884,1.5820266008377075,0.2798161506652832,True,-3.7085704803466797,-3.8179454803466797,0.1,0.7049180327868853,0.953125,-3.9226679339347945,0.26020652055740356,-5.0,-3.645057439804077,-4.567963123321533,-3.0651822090148926,0.0
799,ACH-000768,-0.34207725524902344,-2.2313733100891113,1.6306017637252808,0.25869423151016235,True,-3.9613747596740723,-4.017624855041504,0.1,0.8103448275862069,0.90625,-3.9321636260454653,0.29047250747680664,-5.0,-3.853930711746216,-5.039022922515869,-2.49129581451416,0.017241379246115685
800,ACH-000783,1.2788199186325073,-0.508441686630249,1.5201152563095093,0.26714637875556946,True,-3.6687097549438477,-3.9312095642089844,0.1,0.5409836065573771,0.953125,-3.932068219861817,0.2546910345554352,-5.0,-3.603236198425293,-4.615704536437988,-3.0828285217285156,0.0
801,ACH-000818,2.202756881713867,0.4332946836948395,1.5098437070846558,0.25961852073669434,True,-3.436143636703491,-3.467393398284912,0.1,0.8461538461538461,0.8125,-3.8856007377041264,0.25348979234695435,-5.0,-3.075253486633301,-4.38507080078125,-2.609245538711548,0.0
802,ACH-000828,1.3087515830993652,-0.5491295456886292,1.5920318365097046,0.26584920287132263,True,-3.3689475059509277,-3.4470725059509277,0.1,0.7321428571428571,0.875,-3.8417479145288067,0.23813848197460175,-5.0,-3.1359400749206543,-4.265360355377197,-2.7423272132873535,0.0
803,ACH-000849,-0.696149468421936,-2.472883939743042,1.5387301445007324,0.23800429701805115,True,-3.8530263900756836,-3.9624013900756836,0.1,0.711864406779661,0.921875,-3.853813262083494,0.1618451178073883,-5.0,-3.7558252811431885,-4.816753387451172,-3.03851318359375,0.0
804,ACH-000856,0.10963273048400879,-1.6566145420074463,1.495377540588379,0.27086976170539856,True,-3.75174617767334,-3.9704959392547607,0.1,0.5666666666666667,0.9375,-3.8654815298006207,0.22446656227111816,-5.0,-3.668529510498047,-5.629213333129883,-3.0504865646362305,0.01666666753590107
805,ACH-000857,-1.4759056568145752,-3.306320905685425,1.5714598894119263,0.25895529985427856,True,-3.9285190105438232,-4.0441436767578125,0.1,0.7627118644067796,0.921875,-3.88334774449634,0.13790343701839447,-5.0,-3.8377158641815186,-4.847590446472168,-3.046297550201416,0.0
806,ACH-000859,0.08570492267608643,-1.6708678007125854,1.4828397035598755,0.2737330496311188,True,-3.8921775817871094,-3.9734277725219727,0.1,0.7543859649122807,0.890625,-3.8923557472989034,0.2607424855232239,-5.0,-3.756129264831543,-5.266777038574219,-3.0910890102386475,0.017543859779834747
807,ACH-000876,0.3498852252960205,-1.4382245540618896,1.525805950164795,0.26230379939079285,True,-3.7721142768859863,-3.8658642768859863,0.1,0.7192982456140351,0.890625,-3.889706600257612,0.2222680151462555,-5.0,-3.621321201324463,-5.112469673156738,-3.081920862197876,0.017543859779834747
808,ACH-000902,-1.1508817672729492,-2.9347167015075684,1.5235756635665894,0.260259211063385,True,-3.9306135177612305,-4.033738613128662,0.1,0.6842105263157895,0.890625,-3.904109801544717,0.14480362832546234,-5.0,-3.799285411834717,-5.365213871002197,-3.04325270652771,0.035087719559669495
809,ACH-000910,-0.8165066242218018,-2.64019513130188,1.5660922527313232,0.2575962543487549,True,-3.9789347648620605,-4.053934574127197,0.1,0.7272727272727273,0.859375,-3.919092278802965,0.2134191244840622,-5.0,-3.8118512630462646,-5.058082580566406,-3.056258201599121,0.0181818176060915
810,ACH-000927,-0.045653700828552246,-1.8098584413528442,1.5051617622375488,0.2590429186820984,True,-3.7574806213378906,-3.9262306690216064,0.1,0.6666666666666666,0.890625,-3.9198061178248294,0.20661661028862,-5.0,-3.6048905849456787,-4.830639839172363,-3.0732269287109375,0.0
811,ACH-000930,0.3408079147338867,-1.4944988489151,1.5640602111816406,0.2712465524673462,True,-3.814380645751953,-3.9300057888031006,0.1,0.6721311475409836,0.953125,-3.920826084922657,0.2009405791759491,-5.0,-3.7560713291168213,-4.889056205749512,-3.063331127166748,0.0
812,ACH-000934,-0.14915680885314941,-1.9468241930007935,1.5323069095611572,0.26536044478416443,True,-3.8229293823242188,-4.022929668426514,0.1,0.6271186440677966,0.921875,-3.9310364432730425,0.18160885572433472,-5.0,-3.723177671432495,-4.808773517608643,-3.064746618270874,0.0
813,ACH-001390,-0.6233322620391846,-2.394291400909424,1.5234671831130981,0.24749192595481873,True,-3.9158577919006348,-4.056483268737793,0.1,0.6545454545454545,0.859375,-3.9435811258195175,0.17680388689041138,-5.0,-3.738452911376953,-5.540803909301758,-3.0866732597351074,0.0181818176060915
814,ACH-001819,1.3701181411743164,-0.4239165782928467,1.5285264253616333,0.2655082941055298,True,-3.6427104473114014,-3.8208353519439697,0.1,0.6949152542372882,0.921875,-3.9313065484319627,0.22964778542518616,-5.0,-3.5276858806610107,-4.433712959289551,-2.7092132568359375,0.0
815,ACH-001820,-1.988588571548462,-3.7833824157714844,1.533813714981079,0.2609800696372986,True,-3.8978750705718994,-4.01662540435791,0.1,0.6666666666666666,0.84375,-3.939838434024557,0.1288110613822937,-5.0,-3.6937777996063232,-4.797128200531006,-3.089878797531128,0.0
816,ACH-000017,1.220692753791809,-0.465461403131485,1.4386379718780518,0.24751612544059753,True,-3.7187089920043945,-3.9187090396881104,0.1,0.6451612903225806,0.96875,-3.937725494590912,0.24901597201824188,-5.0,-3.6773769855499268,-5.367463111877441,-3.0577774047851562,0.016129031777381897
817,ACH-000019,-1.6328496932983398,-3.3871994018554688,1.5143085718154907,0.24004113674163818,True,-3.895615577697754,-4.0456156730651855,0.1,0.6545454545454545,0.859375,-3.948514512438339,0.1838064193725586,-5.0,-3.714898109436035,-4.688880443572998,-3.0661206245422363,0.0
818,ACH-000044,-0.6390490531921387,-2.309422016143799,1.4186135530471802,0.25175946950912476,True,-3.5605149269104004,-3.6542651653289795,0.1,0.7592592592592593,0.84375,-3.9190895777274033,0.21717043220996857,-5.0,-3.2939438819885254,-4.752919673919678,-2.840099334716797,0.0
819,ACH-000097,0.6808739900588989,-1.0708736181259155,1.4843345880508423,0.26741307973861694,True,-3.737873077392578,-3.9316229820251465,0.1,0.5932203389830508,0.921875,-3.9203429181571776,0.18793202936649323,-5.0,-3.630913257598877,-4.6449480056762695,-3.0879204273223877,0.0
820,ACH-000111,0.4056762456893921,-1.4086648225784302,1.5429002046585083,0.27144089341163635,True,-3.8315091133117676,-3.919009208679199,0.1,0.7288135593220338,0.921875,-3.92020954720938,0.1737465262413025,-5.0,-3.732484817504883,-5.323085784912109,-3.052527904510498,0.016949152573943138
821,ACH-000117,1.5778919458389282,-0.2571316957473755,1.5698034763336182,0.26522013545036316,True,-3.700835704803467,-3.860210657119751,0.1,0.6935483870967742,0.96875,-3.914209658200417,0.23649537563323975,-5.0,-3.6589269638061523,-4.886593818664551,-3.0866007804870605,0.0
822,ACH-000147,-0.34515607357025146,-2.1608471870422363,1.5751986503601074,0.24049246311187744,True,-3.8398659229278564,-4.049241065979004,0.1,0.5932203389830508,0.921875,-3.927712798978275,0.19524648785591125,-5.0,-3.741549491882324,-4.904661178588867,-3.077127456665039,0.0
823,ACH-000148,-0.04186832904815674,-1.8512294292449951,1.576306700706482,0.23305438458919525,True,-3.8831281661987305,-4.0237531661987305,0.1,0.7,0.9375,-3.937316835700321,0.16661524772644043,-5.0,-3.8086702823638916,-5.070106506347656,-3.0887203216552734,0.01666666753590107
824,ACH-000196,-0.3804100751876831,-2.1712276935577393,1.5236622095108032,0.26715540885925293,True,-3.8047797679901123,-3.976654529571533,0.1,0.6551724137931034,0.90625,-3.941250605087442,0.10698682069778442,-5.0,-3.681136131286621,-4.614544868469238,-3.034085750579834,0.0
825,ACH-000212,0.15589499473571777,-1.5928318500518799,1.5003111362457275,0.2484157681465149,True,-3.8479397296905518,-3.9885644912719727,0.1,0.6551724137931034,0.90625,-3.945981993705895,0.2205291986465454,-5.0,-3.7287614345550537,-5.147704601287842,-3.091063976287842,0.017241379246115685
826,ACH-000223,0.35454726219177246,-1.4853005409240723,1.5846813917160034,0.2551663815975189,True,-3.8314719200134277,-3.9689717292785645,0.1,0.625,0.875,-3.948280967263162,0.3277687430381775,-5.0,-3.6645398139953613,-5.007314682006836,-3.0884602069854736,0.01785714365541935
827,ACH-000248,-1.2400178909301758,-3.0979061126708984,1.5983200073242188,0.2595682144165039,True,-3.8229331970214844,-3.9916832447052,0.1,0.6140350877192983,0.890625,-3.9526211950073655,0.1428590714931488,-5.0,-3.6783812046051025,-5.031711578369141,-3.0454328060150146,0.035087719559669495
828,ACH-000258,-0.5513910055160522,-2.3391997814178467,1.5253512859344482,0.2624574899673462,True,-3.8904972076416016,-4.046747207641602,0.1,0.6379310344827587,0.90625,-3.9620337962707888,0.14699378609657288,-5.0,-3.7757210731506348,-4.7651448249816895,-3.1694111824035645,0.0
829,ACH-000276,0.7838572263717651,-1.0743006467819214,1.58319890499115,0.2749589681625366,True,-3.79630446434021,-3.918179512023926,0.1,0.6935483870967742,0.96875,-3.9576483678461023,0.13775521516799927,-5.0,-3.7574753761291504,-4.837388515472412,-3.0746803283691406,0.0
830,ACH-000277,1.30372953414917,-0.544961154460907,1.578887701034546,0.26980310678482056,True,-3.649033546447754,-3.8771584033966064,0.1,0.6379310344827587,0.90625,-3.9495993714011526,0.2582646906375885,-5.0,-3.5092782974243164,-5.530247211456299,-3.0552375316619873,0.017241379246115685
831,ACH-000288,0.6193654537200928,-1.2048543691635132,1.5772708654403687,0.24694892764091492,True,-3.850698947906494,-4.003824234008789,0.1,0.6842105263157895,0.890625,-3.955021857661916,0.2521302402019501,-5.0,-3.709556818008423,-4.982795238494873,-3.088369369506836,0.0
832,ACH-000330,0.20302355289459229,-1.6186106204986572,1.5586200952529907,0.2630140483379364,True,-3.9460806846618652,-4.02108097076416,0.1,0.7413793103448276,0.90625,-3.9616277689721406,0.20856888592243195,-5.0,-3.837054491043091,-5.123673439025879,-3.0717861652374268,0.017241379246115685
833,ACH-000349,0.5894548892974854,-1.2033352851867676,1.5350723266601562,0.2577178478240967,True,-3.909882068634033,-3.9786317348480225,0.1,0.7666666666666667,0.9375,-3.9633281655597288,0.21520166099071503,-5.0,-3.837207794189453,-4.9670634269714355,-3.086015224456787,0.0
834,ACH-000352,1.105290174484253,-0.6744228005409241,1.5271788835525513,0.2525341510772705,True,-3.6243557929992676,-3.7212305068969727,0.1,0.7321428571428571,0.875,-3.939118399693453,0.1672077476978302,-5.0,-3.427834987640381,-4.7027764320373535,-2.981955051422119,0.0
835,ACH-000374,-0.10434770584106445,-1.8938937187194824,1.533836007118225,0.2557099461555481,True,-3.899736166000366,-4.096611022949219,0.1,0.6833333333333333,0.9375,-3.9548676620190295,0.18149012327194214,-5.0,-3.826385259628296,-5.2677717208862305,-3.0827136039733887,0.01666666753590107
836,ACH-000536,0.5402570962905884,-1.204386830329895,1.492546796798706,0.25209707021713257,True,-3.798523426055908,-3.9328982830047607,0.1,0.7333333333333333,0.9375,-3.9526707241176027,0.22582653164863586,-5.0,-3.7184252738952637,-5.152092933654785,-3.090961456298828,0.03333333507180214
837,ACH-000554,0.1797325611114502,-1.620304822921753,1.5444804430007935,0.25555694103240967,True,-3.743891954421997,-4.003267288208008,0.1,0.5789473684210527,0.890625,-3.9577303805266433,0.13502468168735504,-5.0,-3.5896334648132324,-4.604242324829102,-3.091114044189453,0.0
838,ACH-000568,1.5942339897155762,-0.19968917965888977,1.5354819297790527,0.2584412097930908,True,-3.530816078186035,-3.7526912689208984,0.1,0.631578947368421,0.890625,-3.9372264693660686,0.1459772288799286,-5.0,-3.3503899574279785,-3.948955774307251,-2.9864139556884766,0.0
839,ACH-000573,0.8560312390327454,-0.9409250617027283,1.538875699043274,0.2580806016921997,True,-3.780427932739258,-3.833552837371826,0.1,0.7818181818181819,0.859375,-3.9268591061666442,0.16424871981143951,-5.0,-3.5808615684509277,-4.618687629699707,-2.7069993019104004,0.0
840,ACH-000621,0.6403491497039795,-1.2067464590072632,1.5854463577270508,0.2616492509841919,True,-3.787238836288452,-3.943488597869873,0.1,0.6206896551724138,0.90625,-3.928522055336967,0.21263758838176727,-5.0,-3.661780595779419,-4.503148555755615,-3.087908983230591,0.0
841,ACH-000624,-0.5886486768722534,-2.3429834842681885,1.5015989542007446,0.2527358829975128,True,-3.9398787021636963,-4.077378749847412,0.1,0.6666666666666666,0.84375,-3.9434077247880115,0.2063111662864685,-5.0,-3.743560314178467,-4.744806289672852,-3.0383682250976562,0.0
842,ACH-000643,1.7960258722305298,-0.06853184849023819,1.606896996498108,0.25766077637672424,True,-3.650090456008911,-3.8313405513763428,0.1,0.6031746031746031,0.984375,-3.9322010074468445,0.19232289493083954,-5.0,-3.6286635398864746,-4.562393665313721,-3.0898070335388184,0.0
843,ACH-000668,-0.5546324253082275,-2.3634192943573,1.5467267036437988,0.26206013560295105,True,-3.8836510181427,-3.9680259227752686,0.1,0.7192982456140351,0.890625,-3.9357834989796867,0.15937092900276184,-5.0,-3.7465555667877197,-4.7210259437561035,-3.067981243133545,0.0
844,ACH-000691,0.9916960000991821,-0.8504935503005981,1.585438847541809,0.25675076246261597,True,-3.7303009033203125,-3.9334259033203125,0.1,0.6885245901639344,0.953125,-3.9355477394137495,0.22217819094657898,-5.0,-3.667856454849243,-4.871533393859863,-3.0459327697753906,0.0
845,ACH-000699,1.3709498643875122,-0.4670807421207428,1.576561450958252,0.2614690959453583,True,-3.6818385124206543,-3.8412137031555176,0.1,0.6721311475409836,0.953125,-3.926114335787926,0.18093213438987732,-5.0,-3.6170108318328857,-4.860215187072754,-3.0897867679595947,0.0
846,ACH-000711,1.0281178951263428,-0.7478877902030945,1.523715853691101,0.25228992104530334,True,-3.8431687355041504,-3.993168592453003,0.1,0.6721311475409836,0.953125,-3.9328197614544336,0.25889259576797485,-5.0,-3.7862751483917236,-4.998231410980225,-3.077418804168701,0.0
847,ACH-000725,0.6254539489746094,-1.1526281833648682,1.5232789516448975,0.2548031806945801,True,-3.727799415588379,-3.930924415588379,0.1,0.576271186440678,0.921875,-3.932630226867828,0.19243638217449188,-5.0,-3.619985818862915,-4.7603373527526855,-3.0914406776428223,0.0
848,ACH-000755,0.29473960399627686,-1.5226279497146606,1.5578675270080566,0.25950008630752563,True,-3.753251075744629,-3.8907511234283447,0.1,0.6949152542372882,0.921875,-3.9284423165238795,0.22584602236747742,-5.0,-3.647594451904297,-4.861138820648193,-3.085902690887451,0.0
849,ACH-000759,1.3754537105560303,-0.41995224356651306,1.5320491790771484,0.2633568048477173,True,-3.7538795471191406,-3.8913793563842773,0.1,0.6949152542372882,0.921875,-3.9247360205099193,0.19567514955997467,-5.0,-3.6482760906219482,-4.638061046600342,-3.0651822090148926,0.0
850,ACH-000768,0.2807633876800537,-1.5519647598266602,1.5784611701965332,0.25426700711250305,True,-3.838744878768921,-4.0106201171875,0.1,0.65,0.9375,-3.9333244301776773,0.24125567078590393,-5.0,-3.7613279819488525,-5.361255168914795,-3.081125259399414,0.03333333507180214
851,ACH-000783,-0.5267816781997681,-2.347658634185791,1.5662258863449097,0.25465109944343567,True,-3.8741722106933594,-4.014796733856201,0.1,0.7142857142857143,0.875,-3.9414716605455293,0.10579443722963333,-5.0,-3.7133395671844482,-4.631632328033447,-3.0828285217285156,0.0
852,ACH-000818,1.767982006072998,-0.013433405198156834,1.518532633781433,0.2628828287124634,True,-3.3087096214294434,-3.427459239959717,0.1,0.6923076923076923,0.8125,-3.890070418486948,0.1819874495267868,-5.0,-2.91841197013855,-3.7133994102478027,-2.5975732803344727,0.0
853,ACH-000828,-0.07242190837860107,-1.871454119682312,1.535679578781128,0.26335257291793823,True,-3.475715398788452,-3.569465160369873,0.1,0.7358490566037735,0.828125,-3.8580098926752404,0.22302350401878357,-5.0,-3.1593544483184814,-4.200796127319336,-2.7423272132873535,0.0
854,ACH-000849,0.09973371028900146,-1.6418161392211914,1.5011811256408691,0.24036872386932373,True,-3.736907720565796,-3.89628267288208,0.1,0.6271186440677966,0.921875,-3.8618371706959245,0.1812029331922531,-5.0,-3.6298656463623047,-4.743911266326904,-3.03851318359375,0.0
855,ACH-000856,-1.3623764514923096,-3.19545316696167,1.5718146562576294,0.26126205921173096,True,-3.8206257820129395,-3.951875925064087,0.1,0.711864406779661,0.921875,-3.8708410461327407,0.12011512368917465,-5.0,-3.7206788063049316,-4.690350532531738,-3.0504865646362305,0.0
856,ACH-000857,0.8392887711524963,-0.9302141070365906,1.5091997385025024,0.2603031396865845,True,-3.742265462875366,-3.898515224456787,0.1,0.65,0.9375,-3.8736084639651454,0.25282034277915955,-5.0,-3.658416748046875,-4.771752834320068,-3.046297550201416,0.0
857,ACH-000859,0.008506178855895996,-1.7647863626480103,1.5072788000106812,0.2660136818885803,True,-3.728346586227417,-3.947096824645996,0.1,0.5517241379310345,0.90625,-3.8809573000332307,0.17113304138183594,-5.0,-3.5967965126037598,-4.689426898956299,-3.0910890102386475,0.0
858,ACH-000876,2.031846284866333,0.24894042313098907,1.5183817148208618,0.2645242512226105,True,-3.612605094909668,-3.784480094909668,0.1,0.6290322580645161,0.96875,-3.8713095795208745,0.22947412729263306,-5.0,-3.567850351333618,-4.389155864715576,-3.081920862197876,0.0
859,ACH-000902,0.4743225574493408,-1.309380054473877,1.5329581499099731,0.25074446201324463,True,-3.7167019844055176,-3.9198267459869385,0.1,0.5689655172413793,0.90625,-3.876161296167481,0.22340291738510132,-5.0,-3.583946943283081,-4.249177932739258,-3.04325270652771,0.0
860,ACH-000910,-0.16006100177764893,-1.922008752822876,1.5227364301681519,0.23921135067939758,True,-3.7388949394226074,-3.9920198917388916,0.1,0.603448275862069,0.90625,-3.887747155724622,0.1882317215204239,-5.0,-3.608435869216919,-4.795830726623535,-3.056258201599121,0.0
861,ACH-000927,-0.9269342422485352,-2.6641645431518555,1.4874894618988037,0.2497408092021942,True,-3.7233633995056152,-3.9358632564544678,0.1,0.5714285714285714,0.875,-3.8925587657976064,0.16601485013961792,-5.0,-3.540987014770508,-4.796474933624268,-3.0732269287109375,0.0
862,ACH-000930,0.10145854949951172,-1.6910591125488281,1.526989459991455,0.26552814245224,True,-3.8085556030273438,-3.9304304122924805,0.1,0.7213114754098361,0.953125,-3.8963459304470938,0.2035801112651825,-5.0,-3.749959707260132,-4.97412633895874,-3.063331127166748,0.0
863,ACH-000934,1.313361644744873,-0.4139307141304016,1.4760360717773438,0.2512563467025757,True,-3.711228370666504,-3.9206032752990723,0.1,0.6290322580645161,0.96875,-3.8987716649322914,0.21288609504699707,-5.0,-3.6696550846099854,-4.6518144607543945,-3.064746618270874,0.0
864,ACH-001390,-0.13194262981414795,-1.9105948209762573,1.534110426902771,0.24454179406166077,True,-3.676595687866211,-4.201595783233643,0.1,0.5,0.96875,-3.9290540767624265,0.14109376072883606,-5.0,-3.6339051723480225,-4.582399368286133,-3.0866732597351074,0.0
865,ACH-001819,0.5917681455612183,-1.2310709953308105,1.5495283603668213,0.2733108103275299,True,-3.6114749908447266,-3.8145999908447266,0.1,0.6557377049180327,0.953125,-3.9176086681706566,0.1412082314491272,-5.0,-3.543186664581299,-4.547893524169922,-3.0324697494506836,0.0
866,ACH-001820,0.603248119354248,-1.125080943107605,1.4734615087509155,0.2548675537109375,True,-3.7922136783599854,-4.0453386306762695,0.1,0.5833333333333334,0.9375,-3.9303816644212177,0.23677495121955872,-5.0,-3.7116947174072266,-5.1864824295043945,-3.089878797531128,0.01666666753590107
867,ACH-000017,0.9671568870544434,-0.712883472442627,1.4210435152053833,0.2589969038963318,True,-3.6981101036071777,-3.9887351989746094,0.1,0.6065573770491803,0.953125,-3.9362170178765568,0.15577596426010132,-5.0,-3.634082555770874,-4.659528732299805,-3.0577774047851562,0.0
868,ACH-000019,0.9734041094779968,-0.7724223732948303,1.509788155555725,0.23603838682174683,True,-3.7591094970703125,-3.937234401702881,0.1,0.6557377049180327,0.953125,-3.936318756259189,0.20776674151420593,-5.0,-3.6980819702148438,-4.5819783210754395,-3.0661206245422363,0.0
869,ACH-000044,2.8885419368743896,1.218826413154602,1.4164721965789795,0.2532433569431305,True,-3.3527002334594727,-3.5058252811431885,0.1,0.6949152542372882,0.921875,-3.8932694087475888,0.22560366988182068,-5.0,-3.2130985260009766,-4.0045485496521,-2.840099334716797,0.0
870,ACH-000097,0.05486023426055908,-1.6810263395309448,1.4879405498504639,0.24794599413871765,True,-3.7683491706848145,-4.027723789215088,0.1,0.7,0.9375,-3.9067148467943387,0.19777435064315796,-5.0,-3.686239242553711,-4.749540328979492,-3.0879204273223877,0.0
871,ACH-000111,0.8978061079978943,-0.8898133635520935,1.5396082401275635,0.24801123142242432,True,-3.7337450981140137,-3.9649953842163086,0.1,0.65,0.9375,-3.9125429005365358,0.21247375011444092,-5.0,-3.6493282318115234,-4.5608367919921875,-3.052527904510498,0.0
872,ACH-000117,0.42511308193206787,-1.3602372407913208,1.5379319190979004,0.24741843342781067,True,-3.698155641555786,-3.9512805938720703,0.1,0.55,0.9375,-3.916416669870089,0.1753491759300232,-5.0,-3.6113662719726562,-5.117109298706055,-3.0866007804870605,0.01666666753590107
873,ACH-000147,0.22171270847320557,-1.5719269514083862,1.5537599325180054,0.23987966775894165,True,-3.7697014808654785,-4.094701766967773,0.1,0.6271186440677966,0.921875,-3.934245179579858,0.12777012586593628,-5.0,-3.6654391288757324,-4.730097770690918,-3.077127456665039,0.0
874,ACH-000148,0.20832014083862305,-1.5309101343154907,1.5023747682571411,0.23685553669929504,True,-3.7565438747406006,-3.9440441131591797,0.1,0.6610169491525424,0.921875,-3.93522507293779,0.16442863643169403,-5.0,-3.6511659622192383,-4.85099458694458,-3.0887203216552734,0.0
875,ACH-000196,0.569230318069458,-1.1983025074005127,1.5169535875320435,0.25057926774024963,True,-3.7147011756896973,-3.98970103263855,0.1,0.6779661016949152,0.921875,-3.940672668907866,0.19001448154449463,-5.0,-3.6057775020599365,-4.677735328674316,-3.058457851409912,0.0
876,ACH-000212,0.967527449131012,-0.7941140532493591,1.5188347101211548,0.24280676245689392,True,-3.688599109649658,-3.9292244911193848,0.1,0.6666666666666666,0.984375,-3.939527851129018,0.16660819947719574,-5.0,-3.667783737182617,-5.083993911743164,-3.091063976287842,0.01587301678955555
877,ACH-000223,0.49064159393310547,-1.2481422424316406,1.5044307708740234,0.23435312509536743,True,-3.763916015625,-3.920166254043579,0.1,0.603448275862069,0.90625,-3.937591691420474,0.15493828058242798,-5.0,-3.636045455932617,-4.736581802368164,-3.0884602069854736,0.0
878,ACH-000248,0.9932786822319031,-0.7871355414390564,1.5321402549743652,0.24827396869659424,True,-3.655212879180908,-3.9614627361297607,0.1,0.5333333333333333,0.9375,-3.939978795891403,0.18343204259872437,-5.0,-3.5655603408813477,-4.768212795257568,-3.0454328060150146,0.0
879,ACH-000258,0.25341832637786865,-1.5384334325790405,1.5364240407943726,0.2554277777671814,True,-3.888824939727783,-4.066949844360352,0.1,0.6379310344827587,0.90625,-3.952675900738298,0.22950762510299683,-5.0,-3.7738757133483887,-4.672730445861816,-3.1694111824035645,0.0
880,ACH-000276,-0.2091923952102661,-1.9562519788742065,1.5005106925964355,0.24654890596866608,True,-3.7894415855407715,-4.01444149017334,0.1,0.6229508196721312,0.953125,-3.9588524596818018,0.14230571687221527,-5.0,-3.729905605316162,-4.873661041259766,-3.0746803283691406,0.0
881,ACH-000277,1.3187801837921143,-0.4533078670501709,1.5246881246566772,0.24739989638328552,True,-3.714341163635254,-3.8299663066864014,0.1,0.7543859649122807,0.890625,-3.9459638443822613,0.2400132417678833,-5.0,-3.5564534664154053,-4.863874435424805,-3.0552375316619873,0.0
882,ACH-000288,-2.285250663757324,-4.1315178871154785,1.5987106561660767,0.2475566565990448,True,-3.9216182231903076,-4.037243366241455,0.1,0.7115384615384616,0.8125,-3.9550917965681807,0.1512833535671234,-5.0,-3.6727612018585205,-4.573375701904297,-3.088369369506836,0.0
883,ACH-000330,0.334092378616333,-1.4534680843353271,1.5402565002441406,0.24730396270751953,True,-3.8571510314941406,-3.954025983810425,0.1,0.75,0.9375,-3.954985215292405,0.2288399338722229,-5.0,-3.780961275100708,-4.687503337860107,-3.0717861652374268,0.0
884,ACH-000349,0.0065000057220458984,-1.7682383060455322,1.5253268480300903,0.2494114488363266,True,-3.732255220413208,-3.935379981994629,0.1,0.6551724137931034,0.90625,-3.9530246919626273,0.13333794474601746,-5.0,-3.601109027862549,-4.727781772613525,-3.086015224456787,0.0
885,ACH-000352,2.5129475593566895,0.7786399126052856,1.4915646314620972,0.24274304509162903,True,-3.493443012237549,-3.6278181076049805,0.1,0.6557377049180327,0.953125,-3.9205040335268624,0.22247834503650665,-5.0,-3.4193499088287354,-4.699903964996338,-2.8858556747436523,0.0
886,ACH-000374,1.5646064281463623,-0.25595247745513916,1.5732803344726562,0.24727855622768402,True,-3.7060015201568604,-3.874751329421997,0.1,0.5967741935483871,0.96875,-3.915928763116376,0.22319000959396362,-5.0,-3.664259433746338,-4.568865776062012,-3.0827136039733887,0.0
887,ACH-000536,0.6859049797058105,-1.0107048749923706,1.4589110612869263,0.2376987487077713,True,-3.7253217697143555,-3.9315717220306396,0.1,0.6229508196721312,0.953125,-3.917493059007802,0.18982797861099243,-5.0,-3.662632465362549,-4.7465972900390625,-3.090961456298828,0.0
888,ACH-000554,1.90840482711792,0.16982024908065796,1.496073842048645,0.24251072108745575,True,-3.697648525238037,-3.841398239135742,0.1,0.6666666666666666,0.984375,-3.909883577020596,0.20075777173042297,-5.0,-3.676976203918457,-4.651858329772949,-3.091114044189453,0.0
889,ACH-000568,1.6554096937179565,-0.10214803367853165,1.5091776847839355,0.24838007986545563,True,-3.560662269592285,-3.7075371742248535,0.1,0.6724137931034483,0.90625,-3.8896489367410214,0.2521298825740814,-5.0,-3.4117653369903564,-4.3207783699035645,-2.9864139556884766,0.0
890,ACH-000573,0.21191096305847168,-1.479486346244812,1.4634442329406738,0.22795310616493225,True,-3.6739935874938965,-3.7833685874938965,0.1,0.7627118644067796,0.921875,-3.879020901816309,0.13551437854766846,-5.0,-3.5616202354431152,-4.280019760131836,-3.042104482650757,0.0
891,ACH-000621,0.531265377998352,-1.196463704109192,1.4845192432403564,0.2432098686695099,True,-3.7012548446655273,-3.885629892349243,0.1,0.6065573770491803,0.953125,-3.879681800869602,0.2014513909816742,-5.0,-3.6373820304870605,-5.2098588943481445,-3.087908983230591,0.016393441706895828
892,ACH-000624,-0.21746063232421875,-1.9662333726882935,1.498265266418457,0.25050750374794006,True,-3.7921254634857178,-3.935875415802002,0.1,0.6610169491525424,0.921875,-3.8853011623628415,0.14576789736747742,-5.0,-3.689763307571411,-4.586921691894531,-3.0383682250976562,0.0
893,ACH-000643,-0.7255806922912598,-2.5068721771240234,1.5385879278182983,0.24270352721214294,True,-3.840317964553833,-3.9559431076049805,0.1,0.7192982456140351,0.890625,-3.8923653568870553,0.20603150129318237,-5.0,-3.6979010105133057,-5.208664894104004,-3.0898070335388184,0.017543859779834747
894,ACH-000668,0.5079798698425293,-1.2267485857009888,1.492248296737671,0.24248017370700836,True,-3.8071951866149902,-3.929069995880127,0.1,0.7068965517241379,0.90625,-3.896035820786363,0.21521614491939545,-5.0,-3.6838016510009766,-4.5693864822387695,-3.067981243133545,0.0
895,ACH-000691,0.1858888864517212,-1.6068105697631836,1.5570635795593262,0.2356358766555786,True,-3.6862964630126953,-3.9550466537475586,0.1,0.55,0.9375,-3.9019369040824823,0.14382651448249817,-5.0,-3.5987164974212646,-4.791164398193359,-3.0459327697753906,0.0
896,ACH-000699,1.2909260988235474,-0.4306180477142334,1.472511887550354,0.24903228878974915,True,-3.62943172454834,-3.8888065814971924,0.1,0.5645161290322581,0.96875,-3.900623871823953,0.21330127120018005,-5.0,-3.585219621658325,-4.73187780380249,-3.0897867679595947,0.0
897,ACH-000711,1.4914991855621338,-0.32351499795913696,1.5671837329864502,0.24783039093017578,True,-3.6732540130615234,-3.8732542991638184,0.1,0.6190476190476191,0.984375,-3.8978869145579393,0.23310653865337372,-5.0,-3.6521947383880615,-4.897223949432373,-3.077418804168701,0.0
898,ACH-000725,0.29215335845947266,-1.4657560586929321,1.5218262672424316,0.23608313500881195,True,-3.8048207759857178,-3.9298207759857178,0.1,0.6842105263157895,0.890625,-3.901080300700717,0.23289987444877625,-5.0,-3.6580443382263184,-4.7603373527526855,-3.0914406776428223,0.0
899,ACH-000755,1.3577532768249512,-0.39091256260871887,1.5074381828308105,0.2412276268005371,True,-3.6079020500183105,-3.798527240753174,0.1,0.6349206349206349,0.984375,-3.8908249947059628,0.22198493778705597,-5.0,-3.5858054161071777,-5.5818586349487305,-3.085902690887451,0.01587301678955555
900,ACH-000759,1.5636142492294312,-0.10206399857997894,1.4341444969177246,0.2315337210893631,True,-3.5508790016174316,-3.8258790969848633,0.1,0.5806451612903226,0.96875,-3.884330404933853,0.23211395740509033,-5.0,-3.5041329860687256,-4.567963123321533,-3.0651822090148926,0.0
901,ACH-000768,-1.1495834589004517,-2.9377150535583496,1.5632104873657227,0.2249210774898529,True,-3.8293919563293457,-3.9793918132781982,0.1,0.6551724137931034,0.90625,-3.8938365457682877,0.11287030577659607,-5.0,-3.708294630050659,-4.8232951164245605,-3.081125259399414,0.0
902,ACH-000783,1.6369843482971191,-0.13163498044013977,1.5256370306015015,0.24298225343227386,True,-3.64523983001709,-3.8421149253845215,0.1,0.625,1.0,-3.888664383729911,0.2000482827425003,-5.0,-3.64523983001709,-4.42186164855957,-3.0828287601470947,0.0
903,ACH-000818,1.071946382522583,-0.6189163327217102,1.4530088901519775,0.2378537654876709,True,-3.3457770347595215,-3.39890193939209,0.1,0.7547169811320755,0.828125,-3.8396881392961286,0.15323638916015625,-5.0,-3.0024478435516357,-3.724946975708008,-2.5458476543426514,0.0
904,ACH-000828,3.037149667739868,1.27081298828125,1.528843879699707,0.23749276995658875,True,-3.3118600845336914,-3.368110179901123,0.1,0.8103448275862069,0.90625,-3.7925303433566278,0.20833812654018402,-5.0,-3.1372251510620117,-3.9025673866271973,-2.7423272132873535,0.0
905,ACH-000849,-1.310679316520691,-3.015822410583496,1.4801346063613892,0.22500844299793243,True,-3.818626880645752,-3.915501832962036,0.1,0.7241379310344828,0.90625,-3.8048274923171688,0.13666336238384247,-5.0,-3.696415901184082,-4.555561065673828,-3.03851318359375,0.0
906,ACH-000856,-0.8721461296081543,-2.6465461254119873,1.5462197065353394,0.22818028926849365,True,-3.8159902095794678,-3.9316153526306152,0.1,0.6724137931034483,0.90625,-3.8175062783485134,0.18729683756828308,-5.0,-3.6935064792633057,-4.683097839355469,-3.0504865646362305,0.0
907,ACH-000857,0.6966432332992554,-0.9648468494415283,1.4346287250518799,0.22686132788658142,True,-3.661989212036133,-3.911989450454712,0.1,0.6290322580645161,0.96875,-3.826954595559133,0.240274116396904,-5.0,-3.6188275814056396,-4.520695686340332,-3.046297550201416,0.0
908,ACH-000859,-0.16284596920013428,-1.902572751045227,1.4997049570083618,0.24002179503440857,True,-3.806652784347534,-3.9222779273986816,0.1,0.75,0.9375,-3.8364869287430876,0.17009040713310242,-5.0,-3.7270967960357666,-5.148359298706055,-3.0910890102386475,0.01666666753590107
909,ACH-000876,1.3893547058105469,-0.40710511803627014,1.5452489852905273,0.2512108087539673,True,-3.7014145851135254,-3.7826642990112305,0.1,0.7419354838709677,0.96875,-3.831104665769902,0.24511262774467468,-5.0,-3.65952467918396,-4.5127668380737305,-3.081920862197876,0.0
910,ACH-000902,0.4213442802429199,-1.3088371753692627,1.4946396350860596,0.23554183542728424,True,-3.682626724243164,-3.9107513427734375,0.1,0.5666666666666667,0.9375,-3.8390693334702557,0.18280041217803955,-5.0,-3.594801425933838,-4.449317932128906,-3.04325270652771,0.0
911,ACH-000910,-0.744705080986023,-2.449846029281616,1.462347388267517,0.24279353022575378,True,-3.8566226959228516,-4.01912260055542,0.1,0.6071428571428571,0.875,-3.857074660178772,0.23515941202640533,-5.0,-3.6932833194732666,-4.783779621124268,-3.056258201599121,0.0
912,ACH-000927,-0.03750431537628174,-1.7415878772735596,1.4743021726608276,0.22978141903877258,True,-3.7667243480682373,-3.8760993480682373,0.1,0.6666666666666666,0.9375,-3.8589771289677186,0.1558590829372406,-5.0,-3.684506416320801,-5.121556282043457,-3.0732269287109375,0.03333333507180214
913,ACH-000930,0.025484323501586914,-1.7386232614517212,1.518200397491455,0.24590715765953064,True,-3.789820432662964,-3.9116954803466797,0.1,0.6885245901639344,0.953125,-3.864248964105615,0.19976362586021423,-5.0,-3.7303032875061035,-5.73595666885376,-3.063331127166748,0.016393441706895828
914,ACH-000934,0.16522741317749023,-1.5270962715148926,1.4629818201065063,0.22934192419052124,True,-3.7132694721221924,-3.9476444721221924,0.1,0.5901639344262295,0.953125,-3.8725885149072727,0.17593275010585785,-5.0,-3.6499874591827393,-4.6293230056762695,-3.064746618270874,0.0
915,ACH-001390,-0.38422369956970215,-2.1209187507629395,1.5161802768707275,0.22051477432250977,True,-3.797738552093506,-4.138363361358643,0.1,0.603448275862069,0.90625,-3.8991659995524097,0.12580753862857819,-5.0,-3.6733665466308594,-4.729671001434326,-3.0866732597351074,0.0
916,ACH-001819,0.5800900459289551,-1.170252799987793,1.5167713165283203,0.23357148468494415,True,-3.6120448112487793,-3.7057948112487793,0.1,0.7333333333333333,0.9375,-3.8798288807220467,0.12748244404792786,-5.0,-3.519514560699463,-4.393285274505615,-3.0324697494506836,0.0
917,ACH-001820,-0.8015108108520508,-2.5688841342926025,1.5405080318450928,0.2268652617931366,True,-3.845660924911499,-3.9331607818603516,0.1,0.7017543859649122,0.890625,-3.885162070835877,0.16173887252807617,-5.0,-3.7039003372192383,-4.726203918457031,-3.089878797531128,0.0
918,ACH-000017,-0.5749169588088989,-2.2359087467193604,1.4282094240188599,0.23278239369392395,True,-3.855924129486084,-4.027799606323242,0.1,0.631578947368421,0.890625,-3.8994258243846134,0.15778234601020813,-5.0,-3.715423583984375,-5.028683662414551,-3.0577774047851562,0.017543859779834747
919,ACH-000019,-0.7786270380020142,-2.4180543422698975,1.4219415187835693,0.21748575568199158,True,-3.6996257305145264,-4.002750873565674,0.1,0.4827586206896552,0.90625,-3.9097583293027194,0.14230741560459137,-5.0,-3.5651044845581055,-4.4813690185546875,-3.0661206245422363,0.0
920,ACH-000044,1.2826071977615356,-0.3511636555194855,1.4071341753005981,0.2266366183757782,True,-3.39992618560791,-3.61867618560791,0.1,0.6181818181818182,0.859375,-3.880650114933238,0.16830459237098694,-5.0,-3.1380958557128906,-3.9429304599761963,-2.840099334716797,0.0
921,ACH-000097,-0.219185471534729,-1.888549566268921,1.4333429336547852,0.23602113127708435,True,-3.7336182594299316,-3.9054934978485107,0.1,0.6491228070175439,0.890625,-3.8831344532247654,0.20996253192424774,-5.0,-3.5780978202819824,-4.333791732788086,-3.0879204273223877,0.0
922,ACH-000111,0.8988272547721863,-0.7889606356620789,1.4535471200942993,0.23424074053764343,True,-3.790398359298706,-3.884148120880127,0.1,0.7049180327868853,0.953125,-3.8832358199903014,0.23277252912521362,-5.0,-3.730909585952759,-4.5998640060424805,-3.052527904510498,0.0
923,ACH-000117,-0.662300705909729,-2.361212968826294,1.4546502828598022,0.2442619949579239,True,-3.692049503326416,-4.020174503326416,0.1,0.49122807017543857,0.890625,-3.896929688323913,0.17341923713684082,-5.0,-3.531424045562744,-4.439765453338623,-3.0866007804870605,0.0
924,ACH-000147,-0.20854878425598145,-2.065962076187134,1.6191099882125854,0.23830334842205048,True,-3.7957468032836914,-3.9988720417022705,0.1,0.6724137931034483,0.90625,-3.9071239236617488,0.15945428609848022,-5.0,-3.671168804168701,-5.032465934753418,-3.077127456665039,0.017241379246115685
925,ACH-000148,-0.5886492729187012,-2.407224416732788,1.586419939994812,0.2321552336215973,True,-3.7847983837127686,-3.9566731452941895,0.1,0.711864406779661,0.921875,-3.912078845824993,0.13892905414104462,-5.0,-3.6818151473999023,-4.664029121398926,-3.0887203216552734,0.0
926,ACH-000196,-0.03318357467651367,-1.7898149490356445,1.5231287479400635,0.23350262641906738,True,-3.7323691844940186,-3.9354939460754395,0.1,0.5862068965517241,0.90625,-3.9144203558500372,0.1965816617012024,-5.0,-3.6012349128723145,-4.898882865905762,-3.058457851409912,0.0
927,ACH-000212,1.1745998859405518,-0.4966166019439697,1.4332798719406128,0.2379366159439087,True,-3.6566710472106934,-3.8660457134246826,0.1,0.5833333333333334,0.9375,-3.909582891607502,0.18610641360282898,-5.0,-3.5671160221099854,-4.335653781890869,-3.091063976287842,0.0
928,ACH-000223,0.9706117510795593,-0.7812855839729309,1.5226054191589355,0.2292918860912323,True,-3.660128593444824,-3.95387864112854,0.1,0.559322033898305,0.921875,-3.914012466559606,0.22886359691619873,-5.0,-3.5465800762176514,-4.596816539764404,-3.0884602069854736,0.0
929,ACH-000248,0.4252357482910156,-1.289705753326416,1.4726543426513672,0.24228709936141968,True,-3.662132740020752,-3.8871328830718994,0.1,0.5833333333333334,0.9375,-3.911324508210835,0.17594848573207855,-5.0,-3.572941780090332,-4.414898872375488,-3.0454328060150146,0.0
930,ACH-000258,-0.3426218032836914,-2.052945613861084,1.4843082427978516,0.22601550817489624,True,-3.914368152618408,-4.045618057250977,0.1,0.7377049180327869,0.953125,-3.9247538631148493,0.24574711918830872,-5.0,-3.860976219177246,-5.263626575469971,-3.1662209033966064,0.016393441706895828
931,ACH-000276,0.4001537561416626,-1.3873640298843384,1.5518345832824707,0.23568323254585266,True,-3.8095614910125732,-4.006436347961426,0.1,0.6065573770491803,0.953125,-3.932922111599507,0.19268125295639038,-5.0,-3.7510149478912354,-4.583820819854736,-3.0746803283691406,0.0
932,ACH-000277,1.6931110620498657,-0.005448535084724426,1.469522476196289,0.22903716564178467,True,-3.564605236053467,-3.75523042678833,0.1,0.5833333333333334,0.9375,-3.915152943118389,0.17596811056137085,-5.0,-3.468912363052368,-4.447143077850342,-3.0552375316619873,0.0
933,ACH-000288,-2.26570463180542,-3.975355625152588,1.5003832578659058,0.2092677503824234,True,-3.831319570541382,-4.015694618225098,0.1,0.6071428571428571,0.875,-3.92520711062906,0.09839282929897308,-5.0,-3.664365768432617,-5.085894584655762,-3.088369369506836,0.01785714365541935
934,ACH-000330,0.8404932022094727,-0.872596263885498,1.4814088344573975,0.23168060183525085,True,-3.7380335330963135,-3.8817834854125977,0.1,0.7166666666666667,0.9375,-3.9208647481074137,0.24560384452342987,-5.0,-3.653902530670166,-4.534101963043213,-3.0717861652374268,0.0
935,ACH-000349,0.8628668785095215,-0.8212490081787109,1.4533501863479614,0.23076573014259338,True,-3.7176973819732666,-3.914572238922119,0.1,0.6229508196721312,0.953125,-3.920235497188884,0.19256021082401276,-5.0,-3.654632806777954,-4.727781772613525,-3.086015224456787,0.0
936,ACH-000352,1.0396718978881836,-0.6644649505615234,1.4637811183929443,0.2403557300567627,True,-3.505126714706421,-3.7301268577575684,0.1,0.6101694915254238,0.921875,-3.9012246332457527,0.12345007061958313,-5.0,-3.3784425258636475,-4.950118541717529,-2.981955051422119,0.0
937,ACH-000374,1.230502724647522,-0.5279624462127686,1.5178920030593872,0.24057313799858093,True,-3.7354793548583984,-3.904229164123535,0.1,0.6612903225806451,0.96875,-3.9015250863335313,0.24231769144535065,-5.0,-3.694688320159912,-4.7481818199157715,-3.0827136039733887,0.0
938,ACH-000536,0.30776727199554443,-1.3585060834884644,1.4428181648254395,0.22345522046089172,True,-3.681830883026123,-4.050580978393555,0.1,0.5254237288135594,0.921875,-3.9164306755395333,0.20176461338996887,-5.0,-3.5701215267181396,-4.580758571624756,-3.090961456298828,0.0
939,ACH-000554,0.9765584468841553,-0.6419013738632202,1.3910433053970337,0.2274165153503418,True,-3.613248109817505,-3.9226231575012207,0.1,0.5573770491803278,0.953125,-3.917049923735702,0.2003886103630066,-5.0,-3.545046806335449,-4.893186569213867,-3.091114044189453,0.0
940,ACH-000568,1.7101610898971558,-0.09617571532726288,1.5727006196975708,0.23363615572452545,True,-3.5331637859344482,-3.717538833618164,0.1,0.6271186440677966,0.921875,-3.897098814723948,0.2110745906829834,-5.0,-3.40885591506958,-4.3290486335754395,-2.9864139556884766,0.0
941,ACH-000573,-0.36557531356811523,-2.1055030822753906,1.5073621273040771,0.23256562650203705,True,-3.639604091644287,-3.8177289962768555,0.1,0.603448275862069,0.90625,-3.8891618328792386,0.12265310436487198,-5.0,-3.498873472213745,-4.708313465118408,-3.042104482650757,0.0
942,ACH-000621,-0.18810594081878662,-1.9594365358352661,1.533597707748413,0.23773294687271118,True,-3.8104867935180664,-3.9698619842529297,0.1,0.5862068965517241,0.90625,-3.8972318480166073,0.19653558731079102,-5.0,-3.6874337196350098,-5.048068523406982,-3.087908983230591,0.017241379246115685
943,ACH-000624,1.209885597229004,-0.5233016014099121,1.5081552267074585,0.2250320017337799,True,-3.5867252349853516,-3.8211004734039307,0.1,0.5396825396825397,0.984375,-3.8896187105553395,0.14483848214149475,-5.0,-3.5642924308776855,-4.677008628845215,-3.0383682250976562,0.0
944,ACH-000643,0.38719451427459717,-1.315482258796692,1.471909761428833,0.23076695203781128,True,-3.7153871059417725,-3.884136915206909,0.1,0.6166666666666667,0.9375,-3.8890705310204963,0.14282049238681793,-5.0,-3.629746437072754,-4.709194183349609,-3.0898070335388184,0.0
945,ACH-000668,0.24733567237854004,-1.5082931518554688,1.5203269720077515,0.2353018820285797,True,-3.716665744781494,-3.966665744781494,0.1,0.6610169491525424,0.921875,-3.896830052396596,0.1574186533689499,-5.0,-3.6079087257385254,-4.646127700805664,-3.067981243133545,0.0
946,ACH-000691,0.8082327842712402,-0.8696751594543457,1.453527808189392,0.22438019514083862,True,-3.522463321685791,-3.959963321685791,0.1,0.45161290322580644,0.96875,-3.9031433793255155,0.15551245212554932,-5.0,-3.4748008251190186,-4.79532527923584,-3.0459327697753906,0.0
947,ACH-000699,0.013819694519042969,-1.6971595287322998,1.4809937477111816,0.22998543083667755,True,-3.8270492553710938,-3.9457991123199463,0.1,0.6896551724137931,0.90625,-3.9074089526249587,0.1646174192428589,-5.0,-3.705709457397461,-4.991279125213623,-3.0897867679595947,0.0
948,ACH-000711,-0.5366414785385132,-2.2117972373962402,1.442718267440796,0.23243750631809235,True,-3.9141244888305664,-3.9953746795654297,0.1,0.7368421052631579,0.890625,-3.916205525319006,0.19388972222805023,-5.0,-3.780771493911743,-5.301170349121094,-3.077418804168701,0.035087719559669495
949,ACH-000725,0.7464820146560669,-1.039257526397705,1.5409024953842163,0.24483707547187805,True,-3.745593786239624,-3.8674685955047607,0.1,0.7166666666666667,0.9375,-3.9113318323375816,0.1398155391216278,-5.0,-3.661966562271118,-4.945022106170654,-3.0914406776428223,0.0
950,ACH-000755,-0.294391393661499,-1.9610460996627808,1.4292235374450684,0.2374311238527298,True,-3.6217572689056396,-3.9030072689056396,0.1,0.6271186440677966,0.921875,-3.910499375994388,0.19202478229999542,-5.0,-3.5049569606781006,-4.145069122314453,-3.085902690887451,0.0
951,ACH-000759,0.9693532586097717,-0.7209802269935608,1.4482966661453247,0.2420368194580078,True,-3.597754955291748,-3.8290047645568848,0.1,0.5932203389830508,0.921875,-3.9023499148506375,0.19682012498378754,-5.0,-3.4789204597473145,-4.26392936706543,-3.0651822090148926,0.0
952,ACH-000768,-1.7192533016204834,-3.464423894882202,1.534059762954712,0.2111108899116516,True,-3.7236149311065674,-3.995490074157715,0.1,0.5357142857142857,0.875,-3.911663930781345,0.22335611283779144,-5.0,-3.541274309158325,-4.709788799285889,-3.081125259399414,0.0
953,ACH-000783,0.4524449110031128,-1.33240807056427,1.5511832237243652,0.23366978764533997,True,-3.7111968994140625,-3.892446756362915,0.1,0.559322033898305,0.921875,-3.909742213339502,0.15418559312820435,-5.0,-3.601976156234741,-4.598855018615723,-3.0828285217285156,0.0
954,ACH-000818,3.947113037109375,2.275658369064331,1.4419549703598022,0.22949965298175812,True,-3.116516351699829,-3.272766351699829,0.1,0.6949152542372882,0.921875,-3.8460446271755346,0.18009421229362488,-5.0,-2.9568991661071777,-4.094287395477295,-2.609245538711548,0.0
955,ACH-000828,1.6438241004943848,-0.09347419440746307,1.5091322660446167,0.22816598415374756,True,-3.3836207389831543,-3.4929957389831543,0.1,0.6545454545454545,0.859375,-3.8107397383562964,0.28510335087776184,-5.0,-3.119122266769409,-4.209455490112305,-2.7423272132873535,0.0
956,ACH-000849,0.21187639236450195,-1.4898698329925537,1.4927340745925903,0.20901209115982056,True,-3.6911706924438477,-3.8474206924438477,0.1,0.6333333333333333,0.9375,-3.8144078337650513,0.18467040359973907,-5.0,-3.6039156913757324,-4.888418674468994,-3.03851318359375,0.0
957,ACH-000856,-0.08369910717010498,-1.8190524578094482,1.5027527809143066,0.23260052502155304,True,-3.7911458015441895,-3.9598958492279053,0.1,0.6181818181818182,0.859375,-3.8289566353113367,0.18439286947250366,-5.0,-3.5933330059051514,-4.541677951812744,-3.0504865646362305,0.0
958,ACH-000857,1.4820219278335571,-0.24334092438220978,1.4903146028518677,0.2350483238697052,True,-3.6085445880889893,-3.8585448265075684,0.1,0.5967741935483871,0.96875,-3.83191545443096,0.17489516735076904,-5.0,-3.5636589527130127,-4.443258285522461,-3.046297550201416,0.0
959,ACH-000859,-0.2050154209136963,-1.937105655670166,1.5243113040924072,0.20777899026870728,True,-3.682161808013916,-3.904036521911621,0.1,0.5535714285714286,0.875,-3.839127561179026,0.19940808415412903,-5.0,-3.49389910697937,-4.611232280731201,-3.0825116634368896,0.0
960,ACH-000876,0.2769268751144409,-1.4393302202224731,1.4823992252349854,0.23385781049728394,True,-3.704071044921875,-3.8571958541870117,0.1,0.6666666666666666,0.9375,-3.8409343904798243,0.15084882080554962,-5.0,-3.617676019668579,-4.829081058502197,-3.081920862197876,0.0
961,ACH-000902,0.3129732608795166,-1.3901503086090088,1.4866251945495605,0.21649840474128723,True,-3.7528016567230225,-3.949676752090454,0.1,0.559322033898305,0.921875,-3.8518086266408873,0.17396967113018036,-5.0,-3.6471071243286133,-4.7586822509765625,-3.04325270652771,0.0
962,ACH-000910,-0.5462918281555176,-2.2155861854553223,1.4506531953811646,0.2186412215232849,True,-3.835498571395874,-4.0292487144470215,0.1,0.5964912280701754,0.890625,-3.869552635421501,0.15493018925189972,-5.0,-3.6924898624420166,-4.549503326416016,-3.056258201599121,0.0
963,ACH-000927,1.7545368671417236,0.01832003891468048,1.5094221830368042,0.2267945557832718,True,-3.580820083618164,-3.7901949882507324,0.1,0.639344262295082,0.953125,-3.8616168707044243,0.21779802441596985,-5.0,-3.511024236679077,-4.326696872711182,-3.0732269287109375,0.0
964,ACH-000930,-1.4796561002731323,-3.1326231956481934,1.428544521331787,0.22442254424095154,True,-3.7882895469665527,-3.963289260864258,0.1,0.625,0.875,-3.8717841097204078,0.14368775486946106,-5.0,-3.615187883377075,-4.732895374298096,-3.063331127166748,0.0
965,ACH-000934,-6.018712520599365,-7.692521095275879,1.4517332315444946,0.22207528352737427,True,-3.723202705383301,-3.941952705383301,0.1,0.5689655172413793,0.90625,-3.8788009692866967,0.0860457569360733,-5.0,-3.591120481491089,-4.329596519470215,-3.064746618270874,0.0
966,ACH-001390,-2.442333698272705,-4.140283584594727,1.4918830394744873,0.20606693625450134,True,-3.819058895111084,-4.140933990478516,0.1,0.5471698113207547,0.828125,-3.9050142714058786,0.1199108213186264,-5.0,-3.573957920074463,-4.417412281036377,-3.0866732597351074,0.0
967,ACH-001819,1.1132614612579346,-0.5917693972587585,1.4764411449432373,0.2285897135734558,True,-3.577220916748047,-3.8209710121154785,0.1,0.5901639344262295,0.953125,-3.896609945476839,0.1898852288722992,-5.0,-3.5072479248046875,-5.411482334136963,-3.0324697494506836,0.016393441706895828
968,ACH-001820,0.06929254531860352,-1.721421718597412,1.559018850326538,0.23169541358947754,True,-3.6220946311950684,-3.9439697265625,0.1,0.5166666666666667,0.9375,-3.9013459235854047,0.13493545353412628,-5.0,-3.5302345752716064,-4.314049243927002,-3.089878797531128,0.0
969,ACH-000017,-5.080921173095703,-6.680757999420166,1.3750125169754028,0.22482430934906006,True,-3.702909469604492,-3.996659517288208,0.1,0.5535714285714286,0.875,-3.9108772829556853,0.0817033052444458,-5.0,-3.517611026763916,-4.908720970153809,-3.0577774047851562,0.0
970,ACH-000019,1.2430551052093506,-0.4652039408683777,1.4992635250091553,0.20899559557437897,True,-3.693899154663086,-3.8313989639282227,0.1,0.6557377049180327,0.953125,-3.902929451052939,0.15428775548934937,-5.0,-3.629664182662964,-4.829588413238525,-3.0661206245422363,0.0
971,ACH-000044,0.5341123342514038,-1.0798053741455078,1.3945982456207275,0.21931949257850647,True,-3.444744110107422,-3.5822436809539795,0.1,0.6545454545454545,0.859375,-3.8708608740430432,0.14956796169281006,-5.0,-3.1902472972869873,-4.536349773406982,-2.840099334716797,0.0
972,ACH-000097,-0.15116846561431885,-1.807107925415039,1.4379239082336426,0.21801558136940002,True,-3.6591010093688965,-3.993476152420044,0.1,0.5087719298245614,0.890625,-3.883122401880743,0.15050357580184937,-5.0,-3.494429111480713,-4.355155944824219,-3.0879204273223877,0.0
973,ACH-000111,1.3023451566696167,-0.4143359959125519,1.4856517314910889,0.23102936148643494,True,-3.59195613861084,-3.8982062339782715,0.1,0.5483870967741935,0.96875,-3.8846307850904958,0.21200832724571228,-5.0,-3.5465352535247803,-4.368773937225342,-3.052527904510498,0.0
974,ACH-000117,1.4314343929290771,-0.31454795598983765,1.5129928588867188,0.23298940062522888,True,-3.5942091941833496,-3.775458812713623,0.1,0.6,0.9375,-3.873713587852808,0.226923868060112,-5.0,-3.5004894733428955,-4.572357177734375,-3.0866007804870605,0.0
975,ACH-000147,-0.00962984561920166,-1.7808188199996948,1.5496172904968262,0.22157171368598938,True,-3.72744083404541,-3.977440595626831,0.1,0.6166666666666667,0.9375,-3.8840862886302103,0.1357184201478958,-5.0,-3.642603635787964,-4.8846211433410645,-3.077127456665039,0.0
976,ACH-000148,-2.173269271850586,-3.9116482734680176,1.523324728012085,0.21505415439605713,True,-3.9135520458221436,-4.022927284240723,0.1,0.6851851851851852,0.84375,-3.8979703881912617,0.1672467589378357,-5.0,-3.712357997894287,-4.802168846130371,-3.0887203216552734,0.0
977,ACH-000196,0.790621280670166,-0.9577065706253052,1.51783287525177,0.23049497604370117,True,-3.7092444896698,-3.8248696327209473,0.1,0.7049180327868853,0.953125,-3.89066031264423,0.136064350605011,-5.0,-3.6457648277282715,-4.4084792137146,-3.058457851409912,0.0
978,ACH-000212,1.2173408269882202,-0.472324013710022,1.4615938663482666,0.2280709147453308,True,-3.591855764389038,-3.951230525970459,0.1,0.5555555555555556,0.984375,-3.896717333976853,0.24760141968727112,-5.0,-3.569504499435425,-4.748824119567871,-3.091063976287842,0.0
979,ACH-000223,-0.5087871551513672,-2.229727029800415,1.5056931972503662,0.21524673700332642,True,-3.682785749435425,-3.8484106063842773,0.1,0.6721311475409836,0.953125,-3.8918866612175957,0.09586770087480545,-5.0,-3.618004322052002,-4.559540748596191,-3.0884602069854736,0.0
980,ACH-000248,1.1818652153015137,-0.5020270943641663,1.4569408893585205,0.22695142030715942,True,-3.675332546234131,-3.875332832336426,0.1,0.6290322580645161,0.96875,-3.890231278329479,0.22046668827533722,-5.0,-3.632601261138916,-4.613475799560547,-3.0454328060150146,0.0
981,ACH-000258,-0.6930806636810303,-2.3824830055236816,1.4686181545257568,0.22078418731689453,True,-3.7530274391174316,-3.9405272006988525,0.1,0.6065573770491803,0.953125,-3.8952608705664167,0.11378274112939835,-5.0,-3.6917004585266113,-4.706721305847168,-3.1694111824035645,0.0
982,ACH-000276,0.6499806642532349,-1.1334260702133179,1.5581637620925903,0.2252429723739624,True,-3.8117475509643555,-3.9054975509643555,0.1,0.7166666666666667,0.9375,-3.896284538606211,0.1891198456287384,-5.0,-3.7325310707092285,-4.826656818389893,-3.0746803283691406,0.0
983,ACH-000277,1.2214782238006592,-0.4783100187778473,1.4771462678909302,0.22264191508293152,True,-3.545074462890625,-3.7856993675231934,0.1,0.5967741935483871,0.96875,-3.885226021497909,0.18815776705741882,-5.0,-3.498141288757324,-4.60658597946167,-3.0552375316619873,0.0
984,ACH-000288,1.0540997982025146,-0.6575484871864319,1.4981234073638916,0.21352481842041016,True,-3.710916519165039,-3.9202914237976074,0.1,0.5806451612903226,0.96875,-3.888732561727879,0.17226633429527283,-5.0,-3.669332981109619,-4.708784580230713,-3.088369369506836,0.0
985,ACH-000330,0.5390489101409912,-1.131391167640686,1.4538447856903076,0.21659527719020844,True,-3.713404655456543,-3.947779655456543,0.1,0.5344827586206896,0.90625,-3.8946372711007453,0.16477414965629578,-5.0,-3.580308675765991,-4.846022129058838,-3.0717861652374268,0.0
986,ACH-000349,0.8936970233917236,-0.831305980682373,1.4958726167678833,0.22913044691085815,True,-3.629568099975586,-3.9326930046081543,0.1,0.6065573770491803,0.953125,-3.8984428444514863,0.19174614548683167,-5.0,-3.5621695518493652,-4.487368583679199,-3.086015224456787,0.0
987,ACH-000352,2.4756505489349365,0.8029373288154602,1.4481682777404785,0.22454486787319183,True,-3.380103349685669,-3.63010311126709,0.1,0.5873015873015873,0.984375,-3.8716088711330467,0.17496716976165771,-5.0,-3.354390859603882,-4.301859378814697,-2.981955051422119,0.0
988,ACH-000374,0.8043416738510132,-0.8896926641464233,1.4640339612960815,0.23000039160251617,True,-3.636195659637451,-3.870570659637451,0.1,0.5245901639344263,0.953125,-3.871505049983487,0.18832744657993317,-5.0,-3.5691230297088623,-4.62858772277832,-3.0827136039733887,0.0
989,ACH-000536,0.6450820565223694,-0.9888525605201721,1.4186640977859497,0.21527047455310822,True,-3.68782901763916,-3.872203826904297,0.1,0.5689655172413793,0.90625,-3.871574927675568,0.1878477931022644,-5.0,-3.55208683013916,-4.689953804016113,-3.090961456298828,0.0
990,ACH-000554,0.9662472605705261,-0.7520433068275452,1.490307092666626,0.22798341512680054,True,-3.6216959953308105,-3.8716959953308105,0.1,0.5737704918032787,0.953125,-3.8715870344410925,0.12876194715499878,-5.0,-3.553910255432129,-4.970806121826172,-3.091114044189453,0.0
991,ACH-000568,2.0249998569488525,0.3584102690219879,1.4485398530960083,0.2180497944355011,True,-3.4085655212402344,-3.699190616607666,0.1,0.5901639344262295,0.953125,-3.85434739265775,0.15335997939109802,-5.0,-3.3302979469299316,-3.9061574935913086,-2.9864139556884766,0.0
992,ACH-000573,0.5294409990310669,-1.1311699151992798,1.4374616146087646,0.22314931452274323,True,-3.5685064792633057,-3.71225643157959,0.1,0.6885245901639344,0.953125,-3.840138296549934,0.1622215360403061,-5.0,-3.49810528755188,-5.15306282043457,-3.042104482650757,0.016393441706895828
993,ACH-000621,0.48542535305023193,-1.205546498298645,1.4670383930206299,0.2239333987236023,True,-3.62567138671875,-3.9131712913513184,0.1,0.55,0.9375,-3.8474415960300723,0.20304301381111145,-5.0,-3.5340497493743896,-5.2098588943481445,-3.08790922164917,0.01666666753590107
994,ACH-000624,0.24220824241638184,-1.5648536682128906,1.5836318731307983,0.22343003749847412,True,-3.717904567718506,-3.92415452003479,0.1,0.6721311475409836,0.953125,-3.855112888430544,0.21111659705638885,-5.0,-3.654850482940674,-4.591439247131348,-3.0383682250976562,0.0
995,ACH-000643,0.7166965007781982,-1.014322280883789,1.507739543914795,0.2232792228460312,True,-3.723743438720703,-3.82999324798584,0.1,0.7213114754098361,0.953125,-3.8526009243860733,0.11861784756183624,-5.0,-3.6609761714935303,-4.614120960235596,-3.0898070335388184,0.0
996,ACH-000668,1.4581812620162964,-0.30869150161743164,1.536673903465271,0.23019884526729584,True,-3.6535513401031494,-3.8441762924194336,0.1,0.6031746031746031,0.984375,-3.8517584611894096,0.20843125879764557,-5.0,-3.6321792602539062,-4.482393741607666,-3.067981243133545,0.0
997,ACH-000691,0.3819732666015625,-1.3652458190917969,1.5116816759109497,0.2355373650789261,True,-3.706721305847168,-3.8817214965820312,0.1,0.6666666666666666,0.9375,-3.8547547647286717,0.1657671183347702,-5.0,-3.6205029487609863,-4.521583080291748,-3.0459327697753906,0.0
998,ACH-000699,-0.39653897285461426,-2.11454701423645,1.4934865236282349,0.22452156245708466,True,-3.732806444168091,-3.904681444168091,0.1,0.6896551724137931,0.90625,-3.8597474326726138,0.20020756125450134,-5.0,-3.601717233657837,-4.507390975952148,-3.0897867679595947,0.0
999,ACH-000711,0.821980893611908,-0.8729680180549622,1.471472978591919,0.22347590327262878,True,-3.535830020904541,-4.007704734802246,0.1,0.49206349206349204,0.984375,-3.874543162885577,0.13626420497894287,-5.0,-3.512589454650879,-4.9263811111450195,-3.077418804168701,0.0
1000,ACH-000725,0.733302652835846,-0.9819275736808777,1.4988081455230713,0.21642214059829712,True,-3.696190357208252,-3.8618154525756836,0.1,0.6551724137931034,0.90625,-3.8732703918545877,0.2060922384262085,-5.0,-3.5613133907318115,-4.652710914611816,-3.0914406776428223,0.0
1001,ACH-000755,1.1489744186401367,-0.5593581795692444,1.4798108339309692,0.2285217046737671,True,-3.654877185821533,-3.839252233505249,0.1,0.6333333333333333,0.9375,-3.8698685760196536,0.17520880699157715,-5.0,-3.565202474594116,-4.417595386505127,-3.085902690887451,0.0
1002,ACH-000759,1.381074070930481,-0.2857274115085602,1.453208088874817,0.21359339356422424,True,-3.6258058547973633,-3.7664308547973633,0.1,0.6666666666666666,0.9375,-3.8595248038974246,0.13493099808692932,-5.0,-3.5341930389404297,-4.9602227210998535,-3.0651822090148926,0.0
1003,ACH-000768,-2.3823039531707764,-4.041219711303711,1.4484033584594727,0.2105124443769455,True,-3.907040596008301,-4.0445404052734375,0.1,0.6851851851851852,0.84375,-3.878026364035026,0.16900813579559326,-5.0,-3.7046403884887695,-5.563806533813477,-3.081125259399414,0.018518518656492233
1004,ACH-000783,0.8772915601730347,-0.7747372388839722,1.4332706928253174,0.21875813603401184,True,-3.578329563140869,-3.9377048015594482,0.1,0.5483870967741935,0.96875,-3.883994207787468,0.14340105652809143,-5.0,-3.5324692726135254,-4.7549004554748535,-3.0828285217285156,0.0
1005,ACH-000818,0.3604862689971924,-1.3237055540084839,1.4633238315582275,0.22086799144744873,True,-3.304142475128174,-3.432267189025879,0.1,0.6538461538461539,0.8125,-3.838821505911309,0.16705194115638733,-5.0,-2.912790536880493,-3.654670476913452,-2.609245538711548,0.0
1006,ACH-000828,1.4699604511260986,-0.20132091641426086,1.4532548189163208,0.21802645921707153,True,-3.2865195274353027,-3.4271445274353027,0.1,0.6428571428571429,0.875,-3.7976538080637083,0.2228705734014511,-5.0,-3.041736364364624,-3.781743288040161,-2.7423272132873535,0.0
1007,ACH-000849,-2.9338808059692383,-4.665086269378662,1.5162923336029053,0.2149132788181305,True,-3.8504629135131836,-3.9473376274108887,0.1,0.7368421052631579,0.890625,-3.8126221899984265,0.13992077112197876,-5.0,-3.709291458129883,-4.57932186126709,-3.03851318359375,0.0
1008,ACH-000856,-0.8828673362731934,-2.5483238697052,1.4478543996810913,0.21760213375091553,True,-3.75992751121521,-3.9724278450012207,0.1,0.5862068965517241,0.90625,-3.828602755498706,0.20143772661685944,-5.0,-3.6316444873809814,-5.137546062469482,-3.0504865646362305,0.017241379246115685
1009,ACH-000857,-1.5714372396469116,-3.2685301303863525,1.4702450037002563,0.22684793174266815,True,-3.8304600715637207,-3.9648349285125732,0.1,0.711864406779661,0.921875,-3.8422259728000925,0.18411189317703247,-5.0,-3.731346607208252,-4.69146728515625,-3.046297550201416,0.0
1010,ACH-000859,-0.6453292369842529,-2.314049243927002,1.454039216041565,0.2146807610988617,True,-3.793006420135498,-3.8961315155029297,0.1,0.7586206896551724,0.90625,-3.847616527070376,0.14837974309921265,-5.0,-3.668144941329956,-4.720490455627441,-2.8593175411224365,0.0
1011,ACH-000876,0.5273216962814331,-1.19686758518219,1.5087271928787231,0.21546202898025513,True,-3.665114164352417,-3.786989212036133,0.1,0.7704918032786885,0.953125,-3.841553795566952,0.15122146904468536,-5.0,-3.599464178085327,-4.908746719360352,-3.081920862197876,0.0
1012,ACH-000902,0.3702293634414673,-1.2900166511535645,1.444459319114685,0.2157866656780243,True,-3.74869441986084,-3.96744441986084,0.1,0.5573770491803278,0.953125,-3.8541428579963406,0.22679896652698517,-5.0,-3.687154531478882,-4.8301005363464355,-3.04325270652771,0.0
1013,ACH-000910,-0.010875821113586426,-1.7126973867416382,1.4938135147094727,0.2080080509185791,True,-3.8182897567749023,-3.924539566040039,0.1,0.6896551724137931,0.90625,-3.8611825288007102,0.18379823863506317,-5.0,-3.6960434913635254,-4.635910987854004,-3.056258201599121,0.0
1014,ACH-000927,1.2260876893997192,-0.4431074857711792,1.457115888595581,0.21207928657531738,True,-3.6186017990112305,-3.865476608276367,0.1,0.6333333333333333,0.9375,-3.861611936748276,0.23134666681289673,-5.0,-3.5265088081359863,-4.6081223487854,-3.0732269287109375,0.0
1015,ACH-000930,0.7534847259521484,-0.938452959060669,1.4882301092147827,0.20370754599571228,True,-3.659425735473633,-3.8750505447387695,0.1,0.6290322580645161,0.96875,-3.8629557975473254,0.18285219371318817,-5.0,-3.6161813735961914,-4.690773010253906,-3.063331127166748,0.0
1016,ACH-000934,0.3426227569580078,-1.3264415264129639,1.445824384689331,0.2232399433851242,True,-3.673084259033203,-3.9762091636657715,0.1,0.5483870967741935,0.96875,-3.8742811341591703,0.17921003699302673,-5.0,-3.6302804946899414,-4.774682521820068,-3.064746618270874,0.0
1017,ACH-001390,-0.4396706819534302,-2.132284164428711,1.5003457069396973,0.1922677904367447,True,-3.7846009731292725,-3.997101068496704,0.1,0.625,0.875,-3.8865631275929235,0.16957657039165497,-5.0,-3.6109728813171387,-4.382319927215576,-3.0866732597351074,0.0
1018,ACH-001819,-0.4459632635116577,-2.0621960163116455,1.396802306175232,0.21943047642707825,True,-3.5515241622924805,-3.8796491622924805,0.1,0.4827586206896552,0.90625,-3.885871731062879,0.11508506536483765,-5.0,-3.401682138442993,-4.357232570648193,-3.0324697494506836,0.0
1019,ACH-001820,0.4460277557373047,-1.233694314956665,1.468907117843628,0.2108149230480194,True,-3.676541805267334,-4.007791996002197,0.1,0.55,0.9375,-3.8980637575568107,0.2180691361427307,-5.0,-3.5883116722106934,-4.554944038391113,-3.089878797531128,0.0
1020,ACH-000017,0.7262964248657227,-0.8981127738952637,1.4191944599151611,0.20521476864814758,True,-3.709052085876465,-3.912177085876465,0.1,0.6229508196721312,0.953125,-3.8994750903887763,0.1547102928161621,-5.0,-3.6455626487731934,-4.784103870391846,-3.0577774047851562,0.0
1021,ACH-000019,0.031961798667907715,-1.588860273361206,1.418114185333252,0.20270788669586182,True,-3.8112006187438965,-3.958075523376465,0.1,0.6721311475409836,0.953125,-3.905335133687545,0.10891329497098923,-5.0,-3.752734899520874,-5.054006099700928,-3.0661206245422363,0.016393441706895828
1022,ACH-000044,2.401714563369751,0.8298298120498657,1.3587815761566162,0.21310320496559143,True,-3.3171281814575195,-3.5046281814575195,0.1,0.6440677966101694,0.921875,-3.8652644384645423,0.14754772186279297,-5.0,-3.174511671066284,-4.4563751220703125,-2.214010715484619,0.0
1023,ACH-000097,-0.6989877223968506,-2.3971385955810547,1.4955203533172607,0.20263049006462097,True,-3.767620086669922,-3.958244800567627,0.1,0.631578947368421,0.890625,-3.8745624746748506,0.1723407506942749,-5.0,-3.616274833679199,-4.691706657409668,-3.0879204273223877,0.0
1024,ACH-000111,0.11976480484008789,-1.5751261711120605,1.4826399087905884,0.21225112676620483,True,-3.7097740173339844,-3.9441490173339844,0.1,0.6101694915254238,0.921875,-3.881521128940764,0.16733203828334808,-5.0,-3.600433111190796,-4.924792289733887,-3.052527904510498,0.0
1025,ACH-000117,0.5396585464477539,-1.1567823886871338,1.4889254570007324,0.2075154185295105,True,-3.6590728759765625,-3.8903229236602783,0.1,0.6,0.9375,-3.8824013084127156,0.14348579943180084,-5.0,-3.5696778297424316,-4.5043463706970215,-3.0866010189056396,0.0
1026,ACH-000147,-1.8480960130691528,-3.5540332794189453,1.509846806526184,0.19609050452709198,True,-3.906677722930908,-4.034802436828613,0.1,0.6909090909090909,0.859375,-3.8976414212543053,0.12143920361995697,-5.0,-3.7277705669403076,-4.924785614013672,-3.077127456665039,0.0
1027,ACH-000148,0.5898774862289429,-1.1745728254318237,1.5575724840164185,0.20687776803970337,True,-3.782869815826416,-3.9641194343566895,0.1,0.6333333333333333,0.9375,-3.9042892225645436,0.2078225165605545,-5.0,-3.701728105545044,-4.87949800491333,-3.0887203216552734,0.0
1028,ACH-000196,-3.176821708679199,-4.8512043952941895,1.4546401500701904,0.21974238753318787,True,-3.950669765472412,-4.047544956207275,0.1,0.7358490566037735,0.828125,-3.918614795928817,0.13004997372627258,-5.0,-3.732884407043457,-4.713531494140625,-3.058457851409912,0.0
1029,ACH-000212,0.8917269110679626,-0.784504234790802,1.4628993272781372,0.21333178877830505,True,-3.642289638519287,-3.9454145431518555,0.1,0.6229508196721312,0.953125,-3.9212947706511208,0.1350139081478119,-5.0,-3.575516700744629,-4.2051496505737305,-3.091063976287842,0.0
1030,ACH-000223,1.7063865661621094,0.041775964200496674,1.4433883428573608,0.22122228145599365,True,-3.6090965270996094,-3.8278465270996094,0.1,0.6507936507936508,0.984375,-3.9119499462959695,0.13430966436862946,-5.0,-3.5870189666748047,-5.007314682006836,-3.0884602069854736,0.01587301678955555
1031,ACH-000248,1.7035032510757446,-0.020249048247933388,1.4991801977157593,0.224572092294693,True,-3.607006549835205,-3.853881359100342,0.1,0.6451612903225806,0.96875,-3.9061430875764067,0.19622820615768433,-5.0,-3.562070608139038,-4.4209113121032715,-3.0454328060150146,0.0
1032,ACH-000258,-0.9232873916625977,-2.6772308349609375,1.5378888845443726,0.21605458855628967,True,-3.863090991973877,-4.006841659545898,0.1,0.6557377049180327,0.953125,-3.916212944773356,0.15996085107326508,-5.0,-3.807177782058716,-5.141251087188721,-3.1694111824035645,0.032786883413791656
1033,ACH-000276,1.5779452323913574,-0.1101222112774849,1.4637659788131714,0.22430148720741272,True,-3.5251364707946777,-3.953261137008667,0.1,0.5238095238095238,0.984375,-3.919917763996887,0.16268451511859894,-5.0,-3.5017261505126953,-4.773778915405273,-3.0746803283691406,0.0
1034,ACH-000277,2.033860206604004,0.36429905891418457,1.460954189300537,0.20860707759857178,True,-3.548682451248169,-3.7174324989318848,0.1,0.6451612903225806,0.96875,-3.8996692374903867,0.18062841892242432,-5.0,-3.5018653869628906,-4.24039363861084,-3.0552375316619873,0.0
1035,ACH-000288,-0.5119831562042236,-2.196411371231079,1.4869881868362427,0.1974399983882904,True,-3.8354930877685547,-4.054243087768555,0.1,0.631578947368421,0.890625,-3.9151266225182035,0.22817593812942505,-5.0,-3.692483425140381,-4.815208911895752,-3.088369369506836,0.0
1036,ACH-000330,0.8000153303146362,-0.8767130374908447,1.45831298828125,0.21841537952423096,True,-3.719183921813965,-3.909809112548828,0.1,0.6229508196721312,0.953125,-3.914594871521266,0.15157723426818848,-5.0,-3.6561927795410156,-4.753240585327148,-3.0717861652374268,0.0
1037,ACH-000349,1.323024868965149,-0.378718763589859,1.4869762659072876,0.21476736664772034,True,-3.6476924419403076,-3.7976925373077393,0.1,0.6825396825396826,0.984375,-3.9029046380999133,0.17768141627311707,-5.0,-3.626227378845215,-5.03428840637207,-3.086015224456787,0.01587301678955555
1038,ACH-000352,-0.0164107084274292,-1.6536310911178589,1.4237313270568848,0.2134890854358673,True,-3.5177669525146484,-3.758391857147217,0.1,0.5932203389830508,0.921875,-3.8884533600046436,0.1242375448346138,-5.0,-3.3921539783477783,-4.413117408752441,-2.981955051422119,0.0
1039,ACH-000374,0.24780595302581787,-1.4424852132797241,1.4818177223205566,0.20847344398498535,True,-3.632636785507202,-3.8357620239257812,0.1,0.6129032258064516,0.96875,-3.8831842263967573,0.15781237185001373,-5.0,-3.5885283946990967,-4.4893364906311035,-3.0827136039733887,0.0
1040,ACH-000536,0.3244422674179077,-1.3880255222320557,1.5057579278945923,0.20670989155769348,True,-3.66856050491333,-3.9091854095458984,0.1,0.5737704918032787,0.953125,-3.8857843447116713,0.20260202884674072,-5.0,-3.6030800342559814,-4.991593360900879,-3.090961456298828,0.0
1041,ACH-000554,-0.9488002061843872,-2.616211414337158,1.458866000175476,0.20854517817497253,True,-3.722954273223877,-3.9948294162750244,0.1,0.6140350877192983,0.890625,-3.896688851868007,0.18961676955223083,-5.0,-3.566124200820923,-4.970806121826172,-3.091114044189453,0.0
1042,ACH-000568,1.7392189502716064,0.07658116519451141,1.4564101696014404,0.2062276303768158,True,-3.430225133895874,-3.7052249908447266,0.1,0.5645161290322581,0.96875,-3.877542465765679,0.14219316840171814,-5.0,-3.379587173461914,-4.326478958129883,-2.9864139556884766,0.0
1043,ACH-000573,0.38508355617523193,-1.2879948616027832,1.4642432928085327,0.2088351547718048,True,-3.6358017921447754,-3.7764267921447754,0.1,0.6610169491525424,0.921875,-3.8674308984035886,0.16250993311405182,-5.0,-3.5201916694641113,-4.952920436859131,-2.8870091438293457,0.0
1044,ACH-000621,-0.13580620288848877,-1.7871085405349731,1.4331711530685425,0.21813112497329712,True,-3.73081111907959,-3.9464359283447266,0.1,0.5423728813559322,0.921875,-3.8753314013977023,0.1652054488658905,-5.0,-3.6232526302337646,-4.72273588180542,-3.08790922164917,0.0
1045,ACH-000624,1.1321837902069092,-0.5798597931861877,1.5030443668365479,0.20899918675422668,True,-3.6213133335113525,-3.911938190460205,0.1,0.6190476190476191,0.984375,-3.878992080303952,0.17136240005493164,-5.0,-3.5994293689727783,-4.619340896606445,-3.0383682250976562,0.0
1046,ACH-000643,0.6636319160461426,-0.928942084312439,1.3836784362792969,0.20889559388160706,True,-3.624943256378174,-3.9311928749084473,0.1,0.5666666666666667,0.9375,-3.8842121597644015,0.20020946860313416,-5.0,-3.5332729816436768,-4.136014938354492,-3.0898070335388184,0.0
1047,ACH-000668,0.31860411167144775,-1.3987046480178833,1.512467622756958,0.20484119653701782,True,-3.588205337524414,-3.9225804805755615,0.1,0.5245901639344263,0.953125,-3.8880489918455177,0.16814973950386047,-5.0,-3.518772602081299,-4.752815246582031,-3.067981243133545,0.0
1048,ACH-000691,-0.16463088989257812,-1.7866461277008057,1.414774775505066,0.20724040269851685,True,-3.733055830001831,-3.9611809253692627,0.1,0.543859649122807,0.890625,-3.895362185197892,0.1907964050769806,-5.0,-3.5774664878845215,-4.540843963623047,-3.0459327697753906,0.0
1049,ACH-000699,-1.917484164237976,-3.6042349338531494,1.4702866077423096,0.21646419167518616,True,-3.664400100708008,-3.951900005340576,0.1,0.5614035087719298,0.890625,-3.9010159672121607,0.07746561616659164,-5.0,-3.5003790855407715,-4.33859920501709,-3.0897867679595947,0.0
1050,ACH-000711,1.2427499294281006,-0.434115469455719,1.4511117935180664,0.22575367987155914,True,-3.616614818572998,-3.8728649616241455,0.1,0.5737704918032787,0.953125,-3.898200866653359,0.18316063284873962,-5.0,-3.548579216003418,-4.512190341949463,-3.077418804168701,0.0
1051,ACH-000725,1.5785596370697021,-0.10896607488393784,1.4757788181304932,0.2117469161748886,True,-3.579519748687744,-3.810770034790039,0.1,0.5714285714285714,0.984375,-3.889457783467027,0.16025830805301666,-5.0,-3.5569729804992676,-4.23472261428833,-3.0914406776428223,0.0
1052,ACH-000755,0.9762318730354309,-0.6512913107872009,1.4216856956481934,0.2058374285697937,True,-3.5335168838500977,-3.8772666454315186,0.1,0.5833333333333334,0.9375,-3.888238669663476,0.20356020331382751,-5.0,-3.435751438140869,-4.234647750854492,-3.085902690887451,0.0
1053,ACH-000759,1.3296575546264648,-0.2887795567512512,1.4125866889953613,0.20585039258003235,True,-3.5851516723632812,-3.813276767730713,0.1,0.5932203389830508,0.921875,-3.8807424794701997,0.2584863007068634,-5.0,-3.4652493000030518,-4.273536682128906,-3.0651822090148926,0.0
1054,ACH-000768,0.5846878290176392,-1.0907886028289795,1.480507493019104,0.19496892392635345,True,-3.6912739276885986,-3.8756489753723145,0.1,0.6451612903225806,0.96875,-3.8802331290604113,0.19974230229854584,-5.0,-3.6490566730499268,-4.89069938659668,-3.081125259399414,0.0
1055,ACH-000783,0.053863525390625,-1.603879451751709,1.4492707252502441,0.20847228169441223,True,-3.7096829414367676,-3.9284329414367676,0.1,0.6129032258064516,0.96875,-3.885053110298047,0.14154943823814392,-5.0,-3.668060064315796,-4.846658229827881,-3.0828285217285156,0.0
1056,ACH-000818,2.944157361984253,1.339617133140564,1.4034552574157715,0.2010849416255951,True,-3.2252378463745117,-3.306488037109375,0.1,0.7678571428571429,0.875,-3.8271966029791797,0.2061222791671753,-5.0,-2.971700429916382,-3.8410816192626953,-2.6247658729553223,0.0
1057,ACH-000828,2.3597564697265625,0.6745519638061523,1.4788652658462524,0.20633912086486816,True,-3.2957870960235596,-3.4020371437072754,0.1,0.7413793103448276,0.90625,-3.784680657051989,0.14812180399894714,-5.0,-3.1194891929626465,-3.970778465270996,-2.7423272132873535,0.0
1058,ACH-000849,-0.8399027585983276,-2.5082199573516846,1.4776825904846191,0.1906345784664154,True,-3.719343662261963,-3.8818438053131104,0.1,0.6896551724137931,0.90625,-3.794396971878101,0.12004750221967697,-5.0,-3.5868618488311768,-4.538276195526123,-3.03851318359375,0.0
1059,ACH-000856,-0.022249221801757812,-1.7175325155258179,1.4876738786697388,0.20760944485664368,True,-3.74660587310791,-3.85598087310791,0.1,0.746031746031746,0.984375,-3.8005553620010817,0.17686545848846436,-5.0,-3.7267110347747803,-4.786378860473633,-3.0504865646362305,0.0
1060,ACH-000857,-0.7822332382202148,-2.387481212615967,1.4039703607559204,0.20127767324447632,True,-3.6360867023468018,-3.95483660697937,0.1,0.4918032786885246,0.953125,-3.8159834864989106,0.11935284733772278,-5.0,-3.5690088272094727,-5.473864555358887,-3.046297550201416,0.016393441706895828
1061,ACH-000859,1.3104549646377563,-0.33318623900413513,1.4393051862716675,0.2043359875679016,True,-3.7191762924194336,-3.819176197052002,0.1,0.746031746031746,0.984375,-3.8163027575542197,0.18705320358276367,-5.0,-3.698845863342285,-4.995373249053955,-3.0910890102386475,0.0
1062,ACH-000876,-0.4393787384033203,-2.131870985031128,1.4810373783111572,0.21145488321781158,True,-3.6333775520324707,-3.9740023612976074,0.1,0.603448275862069,0.90625,-3.8320727179285585,0.19692161679267883,-5.0,-3.4920027256011963,-4.3811750411987305,-3.081920862197876,0.0
1063,ACH-000902,-1.8190621137619019,-3.4732770919799805,1.4527233839035034,0.2014915943145752,True,-3.706064462661743,-3.9560647010803223,0.1,0.5689655172413793,0.90625,-3.8444719162437346,0.1626569926738739,-5.0,-3.572209119796753,-5.379917621612549,-3.04325270652771,0.017241379246115685
1064,ACH-000910,0.10760843753814697,-1.487128734588623,1.3975721597671509,0.19716498255729675,True,-3.730241298675537,-3.964616060256958,0.1,0.6440677966101694,0.921875,-3.856486330645057,0.18454194068908691,-5.0,-3.6226344108581543,-5.370367050170898,-3.056258201599121,0.016949152573943138
1065,ACH-000927,0.2555084228515625,-1.3648720979690552,1.4267998933792114,0.19358059763908386,True,-3.6811299324035645,-3.7905049324035645,0.1,0.7241379310344828,0.90625,-3.849888190820908,0.1556275486946106,-5.0,-3.5446951389312744,-4.521677494049072,-3.0732269287109375,0.0
1066,ACH-000930,0.6725560426712036,-0.9512436389923096,1.4202967882156372,0.20350289344787598,True,-3.6278233528137207,-3.8278234004974365,0.1,0.6129032258064516,0.96875,-3.8476817117885607,0.1851300597190857,-5.0,-3.583559513092041,-4.624507427215576,-3.063331127166748,0.0
1067,ACH-000934,0.3271075487136841,-1.3674588203430176,1.4899864196777344,0.20457999408245087,True,-3.68505859375,-3.931933879852295,0.1,0.5333333333333333,0.9375,-3.856106928594934,0.168593168258667,-5.0,-3.5973961353302,-4.598426818847656,-3.064746618270874,0.0
1068,ACH-001390,0.07819843292236328,-1.5658831596374512,1.4653890132904053,0.17869262397289276,True,-3.700913906097412,-3.932163715362549,0.1,0.559322033898305,0.921875,-3.8637126072716956,0.1694726049900055,-5.0,-3.5908219814300537,-4.545616626739502,-3.0866732597351074,0.0
1069,ACH-001819,1.6319575309753418,-0.03937247768044472,1.4678150415420532,0.203514963388443,True,-3.4846391677856445,-3.675264358520508,0.1,0.5901639344262295,0.953125,-3.8448677823965767,0.14755766093730927,-5.0,-3.4101130962371826,-4.5196123123168945,-3.0324697494506836,0.0
1070,ACH-001820,0.36951494216918945,-1.25629723072052,1.4271236658096313,0.1986885368824005,True,-3.6586873531341553,-3.858687162399292,0.1,0.6557377049180327,0.953125,-3.846249720396848,0.14831767976284027,-5.0,-3.5927209854125977,-4.614293575286865,-3.089878797531128,0.0
1071,ACH-000017,-0.6888347864151001,-2.337050437927246,1.4486490488052368,0.1995665729045868,True,-3.6458160877227783,-3.964566469192505,0.1,0.5517241379310345,0.90625,-3.8580813952764137,0.10267560184001923,-5.0,-3.505728244781494,-4.500033378601074,-3.0577774047851562,0.0
1072,ACH-000019,1.1704055070877075,-0.4784415066242218,1.459869146347046,0.18897785246372223,True,-3.6299591064453125,-3.8205840587615967,0.1,0.5967741935483871,0.96875,-3.854331661624932,0.2235628366470337,-5.0,-3.585764169692993,-4.90578031539917,-3.0661206245422363,0.0
1073,ACH-000044,2.2973501682281494,0.7502222061157227,1.3510693311691284,0.19605863094329834,True,-3.3089139461517334,-3.443289041519165,0.1,0.6949152542372882,0.921875,-3.8132273996143553,0.18107476830482483,-5.0,-3.1656012535095215,-4.322431564331055,-2.840099334716797,0.0
1074,ACH-000097,-0.5665230751037598,-2.169884443283081,1.411179542541504,0.1921817809343338,True,-3.6856651306152344,-3.9669151306152344,0.1,0.5517241379310345,0.90625,-3.828596172714443,0.15678507089614868,-5.0,-3.549699544906616,-4.406415939331055,-3.0879204273223877,0.0
1075,ACH-000111,-0.1036839485168457,-1.7654342651367188,1.4597208499908447,0.2020294964313507,True,-3.683380365371704,-3.961505174636841,0.1,0.6290322580645161,0.96875,-3.8418870729066827,0.20751020312309265,-5.0,-3.640908718109131,-5.075224876403809,-3.052527904510498,0.016129031777381897
1076,ACH-000117,1.2214841842651367,-0.4832313358783722,1.504717230796814,0.19999828934669495,True,-3.626981735229492,-3.830106735229492,0.1,0.6166666666666667,0.9375,-3.8407090391389636,0.15062294900417328,-5.0,-3.535447359085083,-4.525825500488281,-3.0866007804870605,0.0
1077,ACH-000147,0.21336352825164795,-1.5258466005325317,1.5407837629318237,0.19842639565467834,True,-3.7765109539031982,-3.8921360969543457,0.1,0.65,0.9375,-3.845851744920502,0.20168060064315796,-5.0,-3.6949450969696045,-4.955573558807373,-3.077127456665039,0.0
1078,ACH-000148,-0.7407428026199341,-2.4703030586242676,1.5371983051300049,0.19236192107200623,True,-3.7640061378479004,-3.9890058040618896,0.1,0.5689655172413793,0.90625,-3.8601671508346405,0.19945509731769562,-5.0,-3.6361443996429443,-5.0961761474609375,-3.0887203216552734,0.017241379246115685
1079,ACH-000196,0.11968278884887695,-1.5534069538116455,1.4697028398513794,0.20338688790798187,True,-3.746694564819336,-3.981069803237915,0.1,0.603448275862069,0.90625,-3.8722574160749677,0.18696701526641846,-5.0,-3.617042303085327,-4.738949298858643,-3.058457851409912,0.0
1080,ACH-000212,0.515677809715271,-1.1923882961273193,1.5077106952667236,0.2003554403781891,True,-3.6998071670532227,-3.8998072147369385,0.1,0.639344262295082,0.953125,-3.8750123959411646,0.13076269626617432,-5.0,-3.6358630657196045,-5.090141773223877,-3.091063976287842,0.032786883413791656
1081,ACH-000223,0.9227957725524902,-0.6856890916824341,1.4150431156158447,0.193441703915596,True,-3.761381149291992,-3.8551313877105713,0.1,0.7457627118644068,0.921875,-3.873024295118105,0.17241361737251282,-5.0,-3.6564135551452637,-4.638716697692871,-3.0884602069854736,0.0
1082,ACH-000248,-0.2248849868774414,-1.8696904182434082,1.4518918991088867,0.19291359186172485,True,-3.75980281829834,-3.8816781044006348,0.1,0.6721311475409836,0.953125,-3.8738896760463577,0.172958105802536,-5.0,-3.6988096237182617,-4.663922309875488,-3.0454328060150146,0.0
1083,ACH-000258,0.5795917510986328,-1.0653119087219238,1.454099178314209,0.19080446660518646,True,-3.634237766265869,-4.037362575531006,0.1,0.47540983606557374,0.953125,-3.8902369659948226,0.1737874150276184,-5.0,-3.5670688152313232,-4.737504005432129,-3.020577907562256,0.0
1084,ACH-000276,-1.5585179328918457,-3.148843288421631,1.389183521270752,0.20114180445671082,True,-3.7137579917907715,-3.941883087158203,0.1,0.6551724137931034,0.90625,-3.895401578111161,0.08554095029830933,-5.0,-3.5806984901428223,-4.902073860168457,-3.0746803283691406,0.0
1085,ACH-000277,-0.1517937183380127,-1.8606126308441162,1.5082160234451294,0.20060285925865173,True,-3.5474343299865723,-3.806809425354004,0.1,0.576271186440678,0.921875,-3.886542362835445,0.07372942566871643,-5.0,-3.424335479736328,-4.305532932281494,-3.0552375316619873,0.0
1086,ACH-000288,0.5004298686981201,-1.1852819919586182,1.5029575824737549,0.18275421857833862,True,-3.6801445484161377,-3.8488945960998535,0.1,0.65,0.9375,-3.882777586161886,0.14797692000865936,-5.0,-3.5921542644500732,-4.48777961730957,-3.088369369506836,0.0
1087,ACH-000330,-0.06785249710083008,-1.6754753589630127,1.4180808067321777,0.1895420104265213,True,-3.672454595565796,-3.9443295001983643,0.1,0.5689655172413793,0.90625,-3.888932777565534,0.12858521938323975,-5.0,-3.5351219177246094,-4.667219638824463,-3.0717861652374268,0.0
1088,ACH-000349,0.29928743839263916,-1.3027328252792358,1.4011353254318237,0.20088493824005127,True,-3.6945700645446777,-3.8789448738098145,0.1,0.6229508196721312,0.953125,-3.887933987189962,0.11974045634269714,-5.0,-3.63036847114563,-4.666686058044434,-3.086015224456787,0.0
1089,ACH-000352,1.3102015256881714,-0.2987630069255829,1.4068312644958496,0.20213325321674347,True,-3.465867519378662,-3.700242519378662,0.1,0.6271186440677966,0.921875,-3.869164840408832,0.15085545182228088,-5.0,-3.3358561992645264,-4.514577865600586,-2.981955051422119,0.0
1090,ACH-000374,0.3964608907699585,-1.1738011837005615,1.3750759363174438,0.19518612325191498,True,-3.6098413467407227,-3.9067163467407227,0.1,0.559322033898305,0.921875,-3.872919991042021,0.18194237351417542,-5.0,-3.4920313358306885,-4.3891801834106445,-3.0827136039733887,0.0
1091,ACH-000536,0.12682819366455078,-1.4982516765594482,1.430854320526123,0.19422554969787598,True,-3.5338568687438965,-3.8776068687438965,0.1,0.5245901639344263,0.953125,-3.8733886788122085,0.09400863945484161,-5.0,-3.4617512226104736,-4.300145626068115,-3.090961456298828,0.0
1092,ACH-000554,-0.4108595848083496,-2.0470035076141357,1.4403733015060425,0.19577068090438843,True,-3.6641910076141357,-4.001690864562988,0.1,0.5172413793103449,0.90625,-3.886218897387286,0.17139944434165955,-5.0,-3.52600359916687,-4.5645599365234375,-3.091114044189453,0.0
1093,ACH-000568,1.8257184028625488,0.23366838693618774,1.4034298658370972,0.18862026929855347,True,-3.502086877822876,-3.66146183013916,0.1,0.6440677966101694,0.921875,-3.8637431906624737,0.24170486629009247,-5.0,-3.375145196914673,-4.3207783699035645,-2.9864139556884766,0.0
1094,ACH-000573,0.0966423749923706,-1.4946085214614868,1.3983430862426758,0.19290775060653687,True,-3.532912254333496,-3.782912254333496,0.1,0.55,0.9375,-3.8556600970295762,0.14660997688770294,-5.0,-3.4351065158843994,-4.818597316741943,-3.042104482650757,0.0
1095,ACH-000621,0.5036531686782837,-1.149657130241394,1.4638786315917969,0.18943163752555847,True,-3.64207124710083,-3.9108214378356934,0.1,0.5833333333333334,0.9375,-3.8611762311101883,0.12265416979789734,-5.0,-3.5515427589416504,-4.570488929748535,-3.08790922164917,0.0
1096,ACH-000624,0.44065070152282715,-1.1837178468704224,1.4324514865875244,0.1919170469045639,True,-3.688499927520752,-3.9509999752044678,0.1,0.6229508196721312,0.953125,-3.870158605519616,0.16801778972148895,-5.0,-3.624000072479248,-4.677008628845215,-3.0383682250976562,0.0
1097,ACH-000643,1.2013534307479858,-0.42784643173217773,1.4317572116851807,0.1974426656961441,True,-3.557140827178955,-3.944640874862671,0.1,0.4918032786885246,0.953125,-3.8776068324539215,0.16960644721984863,-5.0,-3.486180305480957,-4.658895969390869,-3.0898070335388184,0.0
1098,ACH-000668,-1.313345193862915,-2.9785959720611572,1.472583532333374,0.1926671862602234,True,-3.635922908782959,-3.932797908782959,0.1,0.5932203389830508,0.921875,-3.8831259400868254,0.14816895127296448,-5.0,-3.5203232765197754,-4.879073143005371,-3.067981243133545,0.0
1099,ACH-000691,0.09936141967773438,-1.620543122291565,1.5174375772476196,0.2024669647216797,True,-3.621861696243286,-3.806236982345581,0.1,0.6440677966101694,0.921875,-3.875437044312701,0.09747724235057831,-5.0,-3.505070686340332,-4.474231243133545,-1.71425199508667,0.0
1100,ACH-000699,0.1660999059677124,-1.5011059045791626,1.4698295593261719,0.19737622141838074,True,-3.694633722305298,-3.872758626937866,0.1,0.6551724137931034,0.90625,-3.875169202575217,0.1668570637702942,-5.0,-3.559595823287964,-5.006050109863281,-3.0897867679595947,0.017241379246115685
1101,ACH-000711,-0.0035314559936523438,-1.625415325164795,1.4266395568847656,0.19524437189102173,True,-3.6967523097991943,-3.9467523097991943,0.1,0.5833333333333334,0.9375,-3.882327513297615,0.14434102177619934,-5.0,-3.6098694801330566,-4.927810192108154,-3.077418804168701,0.0
1102,ACH-000725,1.11887526512146,-0.5272828340530396,1.4485934972763062,0.19756464660167694,True,-3.603315830230713,-3.915815830230713,0.1,0.6229508196721312,0.953125,-3.885676344990925,0.1983269453048706,-5.0,-3.534626007080078,-4.942891597747803,-3.0914406776428223,0.0
1103,ACH-000755,-0.6963881254196167,-2.282735586166382,1.4007540941238403,0.185593381524086,True,-3.7091989517211914,-3.8654489517211914,0.1,0.631578947368421,0.890625,-3.8836536056639512,0.16599124670028687,-5.0,-3.5506794452667236,-4.803812026977539,-3.085902690887451,0.0
1104,ACH-000759,0.45063936710357666,-1.2022777795791626,1.4582087993621826,0.19470837712287903,True,-3.620593547821045,-3.826843500137329,0.1,0.6440677966101694,0.921875,-3.877972595111289,0.14083030819892883,-5.0,-3.503694534301758,-4.567963123321533,-3.0651822090148926,0.0
1105,ACH-000768,-1.4741992950439453,-3.109694004058838,1.4439359903335571,0.19155874848365784,True,-3.6836633682250977,-4.071163177490234,0.1,0.543859649122807,0.890625,-3.8972916533491833,0.14426030218601227,-5.0,-3.522007942199707,-5.279210567474365,-3.081125259399414,0.017543859779834747
1106,ACH-000783,-0.06298518180847168,-1.6436887979507446,1.3935660123825073,0.1871376484632492,True,-3.6640501022338867,-3.8640499114990234,0.1,0.65,0.9375,-3.8939674791641674,0.11776333302259445,-5.0,-3.5749869346618652,-4.3427934646606445,-3.0828285217285156,0.0
1107,ACH-000818,-0.7040882110595703,-2.217297077178955,1.3246376514434814,0.18857119977474213,True,-3.2802233695983887,-3.398973226547241,0.1,0.6730769230769231,0.8125,-3.8444680539024745,0.18985497951507568,-5.0,-2.883352041244507,-3.2830650806427,-2.5975732803344727,0.0
1108,ACH-000828,-0.6516046524047852,-2.372253894805908,1.5289818048477173,0.191667377948761,True,-3.2988100051879883,-3.49568510055542,0.1,0.6545454545454545,0.859375,-3.809589758567769,0.1056588813662529,-5.0,-3.0204334259033203,-4.274684429168701,-2.7423272132873535,0.0
1109,ACH-000849,0.052333950996398926,-1.5277163982391357,1.4061119556427002,0.17393837869167328,True,-3.6217100620269775,-3.8904600143432617,0.1,0.5333333333333333,0.9375,-3.817676784145318,0.15152037143707275,-5.0,-3.5298242568969727,-4.555561065673828,-3.03851318359375,0.0
1110,ACH-000856,0.8202013373374939,-0.8361240029335022,1.4643664360046387,0.19195884466171265,True,-3.623737335205078,-3.8612372875213623,0.1,0.5666666666666667,0.9375,-3.8220328344829224,0.26151806116104126,-5.0,-3.531986713409424,-4.527144432067871,-3.0504865646362305,0.0
1111,ACH-000857,-6.30330753326416,-7.8873372077941895,1.3845996856689453,0.19943024218082428,True,-3.764235019683838,-3.942359685897827,0.1,0.6440677966101694,0.921875,-3.834065519624413,0.08605387061834335,-5.0,-3.6595089435577393,-4.832803726196289,-3.046297550201416,0.0
1112,ACH-000859,-0.4427824020385742,-2.0630364418029785,1.4280673265457153,0.19218677282333374,True,-3.6463804244995117,-3.9057555198669434,0.1,0.5409836065573771,0.953125,-3.841234519648666,0.1318623274564743,-5.0,-3.5798087120056152,-4.716409683227539,-3.0910890102386475,0.0
1113,ACH-000876,1.0674872398376465,-0.5863520503044128,1.46563720703125,0.18820203840732574,True,-3.4889755249023438,-3.820225238800049,0.1,0.5483870967741935,0.96875,-3.839133591563804,0.17668430507183075,-5.0,-3.440232515335083,-4.232907772064209,-3.081920862197876,0.0
1114,ACH-000902,-0.5620096921920776,-2.205357313156128,1.4548308849334717,0.18851669132709503,True,-3.645796298980713,-4.039546012878418,0.1,0.5254237288135594,0.921875,-3.8591748336952656,0.14943833649158478,-5.0,-3.5310332775115967,-4.649965763092041,-3.04325270652771,0.0
1115,ACH-000910,0.5093624591827393,-1.084019660949707,1.4098628759384155,0.18351921439170837,True,-3.601691246032715,-3.979816198348999,0.1,0.5409836065573771,0.953125,-3.871238970160639,0.15059933066368103,-5.0,-3.53292179107666,-4.833838939666748,-3.056258201599121,0.0
1116,ACH-000927,0.9612798690795898,-0.6344797611236572,1.406728744506836,0.18903085589408875,True,-3.5227420330047607,-3.7383670806884766,0.1,0.5967741935483871,0.96875,-3.8579517812134223,0.15125343203544617,-5.0,-3.475088357925415,-4.502080917358398,-3.0732269287109375,0.0
1117,ACH-000930,0.5609909296035767,-1.0795719623565674,1.4507554769515991,0.1898074448108673,True,-3.682948112487793,-3.882948160171509,0.1,0.5645161290322581,0.96875,-3.860451419109231,0.18672144412994385,-5.0,-3.6404623985290527,-4.816292762756348,-3.063331127166748,0.0
1118,ACH-000934,0.6065152883529663,-1.0010552406311035,1.4119582176208496,0.1956123262643814,True,-3.604886531829834,-3.898636817932129,0.1,0.6557377049180327,0.953125,-3.8642699589915206,0.1959857940673828,-5.0,-3.5362741947174072,-5.115677833557129,-3.064746618270874,0.016393441706895828
1119,ACH-001390,1.1495012044906616,-0.4564473628997803,1.4382961988449097,0.16765232384204865,True,-3.6254818439483643,-3.76298189163208,0.1,0.6885245901639344,0.953125,-3.8541411522555764,0.19713932275772095,-5.0,-3.557882070541382,-4.184582710266113,-3.0866732597351074,0.0
1120,ACH-001819,1.0783486366271973,-0.5434971451759338,1.434050440788269,0.18779537081718445,True,-3.5982728004455566,-3.7076478004455566,0.1,0.711864406779661,0.921875,-3.8394918170745744,0.2261432409286499,-5.0,-3.479482412338257,-4.279938220977783,-3.0324697494506836,0.0
1121,ACH-001820,-0.4606565237045288,-2.0932722091674805,1.4384515285491943,0.19416414201259613,True,-3.682729721069336,-3.9264798164367676,0.1,0.5862068965517241,0.90625,-3.848190617010794,0.13974088430404663,-5.0,-3.5464603900909424,-4.988853931427002,-3.089878797531128,0.0
1122,ACH-000017,-0.060549020767211914,-1.6642239093780518,1.4163873195648193,0.18728750944137573,True,-3.645327091217041,-3.8578267097473145,0.1,0.5737704918032787,0.953125,-3.849154226284446,0.1325121819972992,-5.0,-3.5787034034729004,-4.576801300048828,-3.0577774047851562,0.0
1123,ACH-000019,-2.1684417724609375,-3.697202682495117,1.3561606407165527,0.1726001352071762,True,-3.878248691558838,-3.9969987869262695,0.1,0.7142857142857143,0.875,-3.863938682348628,0.12558016180992126,-5.0,-3.717998743057251,-4.893879413604736,-3.0108084678649902,0.0
1124,ACH-000044,1.2508844137191772,-0.25355064868927,1.317156434059143,0.18727856874465942,True,-3.3430395126342773,-3.61803936958313,0.1,0.6428571428571429,0.875,-3.839348751072078,0.18144696950912476,-5.0,-3.106330633163452,-4.087867736816406,-2.778599977493286,0.0
1125,ACH-000097,1.052293062210083,-0.5358912348747253,1.4000706672668457,0.18811362981796265,True,-3.63577938079834,-3.8232791423797607,0.1,0.639344262295082,0.953125,-3.8377417902028466,0.19100479781627655,-5.0,-3.5686862468719482,-4.333441734313965,-3.0879204273223877,0.0
1126,ACH-000111,0.3177001476287842,-1.3214491605758667,1.4433537721633911,0.19579552114009857,True,-3.6615381240844727,-3.8927881717681885,0.1,0.6129032258064516,0.96875,-3.8432464283593806,0.133292555809021,-5.0,-3.618361711502075,-4.442440986633301,-3.052527904510498,0.0
1127,ACH-000117,0.3644019365310669,-1.1624696254730225,1.3410594463348389,0.1858120858669281,True,-3.563931465148926,-4.023306846618652,0.1,0.4918032786885246,0.953125,-3.8612524701853075,0.1692604273557663,-5.0,-3.493305206298828,-4.707490921020508,-3.0866010189056396,0.0
1128,ACH-000147,-3.4312453269958496,-5.150578498840332,1.5354036092758179,0.1839297115802765,True,-3.8901925086975098,-4.06206750869751,0.1,0.6078431372549019,0.796875,-3.8813339740365276,0.18107903003692627,-5.0,-3.6073005199432373,-4.743186950683594,-3.077127456665039,0.0
1129,ACH-000148,-1.069473147392273,-2.7542881965637207,1.49807870388031,0.1867363452911377,True,-3.793285369873047,-3.9151604175567627,0.1,0.6727272727272727,0.859375,-3.884716618388551,0.1300361007452011,-5.0,-3.595822811126709,-4.717872619628906,-3.0887203216552734,0.0
1130,ACH-000196,0.18780410289764404,-1.4442697763442993,1.435968041419983,0.19610589742660522,True,-3.686960458755493,-3.8338353633880615,0.1,0.6666666666666666,0.9375,-3.8796284928885023,0.14626410603523254,-5.0,-3.5994246006011963,-4.559732913970947,-3.058457851409912,0.0
1131,ACH-000212,-0.5106798410415649,-2.143826961517334,1.440319538116455,0.19282758235931396,True,-3.7256064414978027,-3.900606155395508,0.1,0.5614035087719298,0.890625,-3.8817262591392026,0.15011227130889893,-5.0,-3.5691020488739014,-4.577834129333496,-3.091063976287842,0.0
1132,ACH-000223,0.3880196809768677,-1.2196062803268433,1.421072006225586,0.18655399978160858,True,-3.5428996086120605,-4.021024703979492,0.1,0.4918032786885246,0.953125,-3.8956561036232316,0.13818979263305664,-5.0,-3.471238851547241,-4.417401313781738,-3.0884602069854736,0.0
1133,ACH-000248,-0.15134334564208984,-1.818866491317749,1.4792253971099854,0.1882978081703186,True,-3.7014029026031494,-3.9639029502868652,0.1,0.6129032258064516,0.96875,-3.902480788289595,0.1946282684803009,-5.0,-3.659512519836426,-5.187984466552734,-3.0454328060150146,0.016129031777381897
1134,ACH-000258,0.07766532897949219,-1.5409905910491943,1.4274505376815796,0.19120541214942932,True,-3.7760846614837646,-3.957334518432617,0.1,0.6557377049180327,0.953125,-3.9079661613038974,0.2036857306957245,-5.0,-3.7158920764923096,-4.9530229568481445,-3.1694111824035645,0.0
1135,ACH-000276,0.6507580876350403,-0.9455059170722961,1.401954174041748,0.19430987536907196,True,-3.673027515411377,-3.8886523246765137,0.1,0.6,0.9375,-3.906034777641159,0.16015903651714325,-5.0,-3.5845627784729004,-4.337113380432129,-3.0746803283691406,0.0
1136,ACH-000277,-0.1635420322418213,-1.7664358615875244,1.4191080331802368,0.18378578126430511,True,-3.635488271713257,-3.854238271713257,0.1,0.5818181818181818,0.859375,-3.9008551270483687,0.12393458187580109,-5.0,-3.4122042655944824,-4.493618011474609,-3.0552375316619873,0.0
1137,ACH-000288,0.48214292526245117,-1.2997444868087769,1.6006070375442505,0.18128040432929993,True,-3.756650686264038,-3.9472756385803223,0.1,0.6101694915254238,0.921875,-3.905497178201564,0.18802379071712494,-5.0,-3.6512820720672607,-4.765745162963867,-3.088369369506836,0.0
1138,ACH-000330,0.4591639041900635,-1.1901055574417114,1.460552453994751,0.1887170374393463,True,-3.6953330039978027,-3.9078335762023926,0.1,0.5901639344262295,0.953125,-3.905730818001647,0.13102155923843384,-5.0,-3.631169080734253,-5.2987871170043945,-3.0717861652374268,0.016393441706895828
1139,ACH-000349,-0.39540839195251465,-2.0044965744018555,1.415786623954773,0.19330158829689026,True,-3.7566018104553223,-3.8878517150878906,0.1,0.6379310344827587,0.90625,-3.903942907710271,0.13748662173748016,-5.0,-3.627974510192871,-5.077554702758789,-3.086015224456787,0.017241379246115685
1140,ACH-000352,1.562235713005066,-0.06603917479515076,1.4394084215164185,0.1888665109872818,True,-3.4476237297058105,-3.6632485389709473,0.1,0.6440677966101694,0.921875,-3.8798734708363387,0.18254399299621582,-5.0,-3.3160665035247803,-4.227008819580078,-2.981955051422119,0.0
1141,ACH-000374,-0.5562863349914551,-2.1342978477478027,1.3849562406539917,0.19305527210235596,True,-3.7553117275238037,-3.930311918258667,0.1,0.6610169491525424,0.921875,-3.8849173155785715,0.1827714741230011,-5.0,-3.649829626083374,-4.981040000915527,-3.0827136039733887,0.0
1142,ACH-000536,0.19058918952941895,-1.3828461170196533,1.3792089223861694,0.19422635436058044,True,-3.696153163909912,-3.899278163909912,0.1,0.6557377049180327,0.953125,-3.8863534004117053,0.16643068194389343,-5.0,-3.6320292949676514,-5.106934070587158,-3.090961456298828,0.016393441706895828
1143,ACH-000554,0.23412036895751953,-1.334730863571167,1.386328101158142,0.18252316117286682,True,-3.6232800483703613,-3.929529905319214,0.1,0.6166666666666667,0.9375,-3.890671050902456,0.1930714100599289,-5.0,-3.531498908996582,-4.651858329772949,-3.091114044189453,0.0
1144,ACH-000568,1.6793347597122192,0.06291625648736954,1.424782395362854,0.1916360855102539,True,-3.4217729568481445,-3.712397813796997,0.1,0.5806451612903226,0.96875,-3.87284372719191,0.19964203238487244,-5.0,-3.3708622455596924,-4.844542026519775,-2.9864139556884766,0.0
1145,ACH-000573,0.23743510246276855,-1.3914520740509033,1.439964771270752,0.18892234563827515,True,-3.607156753540039,-3.825906753540039,0.1,0.6101694915254238,0.921875,-3.868150029826723,0.11403489112854004,-5.0,-3.489119291305542,-4.348149299621582,-3.042104482650757,0.0
1146,ACH-000621,-0.8133934736251831,-2.5076961517333984,1.5044420957565308,0.18986055254936218,True,-3.720165252685547,-4.017040252685547,0.1,0.559322033898305,0.921875,-3.883039052112605,0.14955690503120422,-5.0,-3.6117045879364014,-4.956688404083252,-3.08790922164917,0.0
1147,ACH-000624,0.29871833324432373,-1.3652660846710205,1.4810396432876587,0.18294475972652435,True,-3.69827938079834,-3.9295294284820557,0.1,0.6101694915254238,0.921875,-3.8876880897495503,0.1875160038471222,-5.0,-3.5879640579223633,-4.551196098327637,-3.0383682250976562,0.0
1148,ACH-000643,0.2997574806213379,-1.3188410997390747,1.4310410022735596,0.18755757808685303,True,-3.663747787475586,-3.8887476921081543,0.1,0.5932203389830508,0.921875,-3.887794049985411,0.17318525910377502,-5.0,-3.550506114959717,-4.709194183349609,-3.0898070335388184,0.0
1149,ACH-000668,-0.29196596145629883,-1.8921644687652588,1.4175082445144653,0.1826903223991394,True,-3.711555004119873,-3.9396800994873047,0.1,0.5689655172413793,0.90625,-3.8929826549356004,0.13688182830810547,-5.0,-3.5782675743103027,-4.76585054397583,-3.067981243133545,0.0
1150,ACH-000691,1.0239334106445312,-0.6230635046958923,1.4634342193603516,0.1835627257823944,True,-3.62296462059021,-3.872964382171631,0.1,0.5737704918032787,0.953125,-3.8909808276592033,0.16935239732265472,-5.0,-3.555241584777832,-4.548099994659424,-3.0459327697753906,0.0
1151,ACH-000699,0.21586120128631592,-1.4473458528518677,1.469723105430603,0.19348391890525818,True,-3.628807306289673,-3.900682210922241,0.1,0.5,0.9375,-3.891950965985507,0.1286550909280777,-5.0,-3.5373942852020264,-4.620491981506348,-3.0897867679595947,0.0
1152,ACH-000711,0.4641411304473877,-1.1188547611236572,1.390084147453308,0.19291168451309204,True,-3.7130813598632812,-3.9505813121795654,0.1,0.65,0.9375,-3.8978140006049133,0.15864095091819763,-5.0,-3.627286911010742,-4.634165287017822,-3.077418804168701,0.0
1153,ACH-000725,-1.1372431516647339,-2.8159403800964355,1.4882333278656006,0.1904638707637787,True,-3.6366829872131348,-4.083558082580566,0.1,0.543859649122807,0.890625,-3.916388408802479,0.10977091640233994,-5.0,-3.4692580699920654,-4.857900619506836,-3.0914406776428223,0.0
1154,ACH-000755,1.2778441905975342,-0.3506494164466858,1.4410369396209717,0.18745675683021545,True,-3.6377525329589844,-3.772127628326416,0.1,0.7333333333333333,0.9375,-3.9019623307548725,0.1275690793991089,-5.0,-3.546936273574829,-4.865811347961426,-3.085902690887451,0.0
1155,ACH-000759,1.7574806213378906,0.08749866485595703,1.4831888675689697,0.18679308891296387,True,-3.5271687507629395,-3.799043655395508,0.1,0.6190476190476191,0.984375,-3.891670463218936,0.1659984141588211,-5.0,-3.5037906169891357,-4.543006896972656,-3.0651822090148926,0.0
1156,ACH-000768,0.7837109565734863,-0.9323787689208984,1.532119870185852,0.1839699149131775,True,-3.687084674835205,-3.937084674835205,0.1,0.5517241379310345,0.90625,-3.896211884380563,0.17047396302223206,-5.0,-3.5512657165527344,-4.706765174865723,-3.081125259399414,0.0
1157,ACH-000783,0.08942341804504395,-1.507236123085022,1.4148674011230469,0.18179214000701904,True,-3.692526340484619,-3.817526340484619,0.1,0.711864406779661,0.921875,-3.8883433299909687,0.14787429571151733,-5.0,-3.581723690032959,-4.650742530822754,-3.0828285217285156,0.0
1158,ACH-000818,3.2459559440612793,1.7210296392440796,1.3352848291397095,0.18964150547981262,True,-3.119981050491333,-3.2512311935424805,0.1,0.6491228070175439,0.890625,-3.8246321163461197,0.1648155152797699,-5.0,-2.88910174369812,-4.126194477081299,-2.5975732803344727,0.0
1159,ACH-000828,1.3414784669876099,-0.28241661190986633,1.4385484457015991,0.1853465884923935,True,-3.3252573013305664,-3.428382396697998,0.1,0.6545454545454545,0.859375,-3.785007144381307,0.19006496667861938,-5.0,-3.051208972930908,-3.811420440673828,-2.7423272132873535,0.0
1160,ACH-000849,0.3738502264022827,-1.1800541877746582,1.3755351305007935,0.17836925387382507,True,-3.551909923553467,-3.933159828186035,0.1,0.4603174603174603,0.984375,-3.7998224127617797,0.16122671961784363,-5.0,-3.5289244651794434,-4.781557083129883,-3.03851318359375,0.0
1161,ACH-000856,-0.8538274765014648,-2.467198133468628,1.4186159372329712,0.19475477933883667,True,-3.7871298789978027,-3.918379783630371,0.1,0.7142857142857143,0.875,-3.811678149848639,0.19876888394355774,-5.0,-3.613862991333008,-4.642047882080078,-3.0504865646362305,0.0
1162,ACH-000857,-0.22054409980773926,-1.8318984508514404,1.4207895994186401,0.19056476652622223,True,-3.6238327026367188,-3.8988327980041504,0.1,0.5517241379310345,0.90625,-3.8203936146641904,0.11378946900367737,-5.0,-3.4814705848693848,-4.4663238525390625,-3.046297550201416,0.0
1163,ACH-000859,-1.9330723285675049,-3.510199546813965,1.3888581991195679,0.1882689893245697,True,-3.7292158603668213,-3.885465621948242,0.1,0.5714285714285714,0.875,-3.826900815392596,0.1068187803030014,-5.0,-3.547675132751465,-4.356631278991699,-3.0910890102386475,0.0
1164,ACH-000876,1.736107587814331,0.06770017743110657,1.4700901508331299,0.19831733405590057,True,-3.6012680530548096,-3.6950182914733887,0.1,0.7258064516129032,0.96875,-3.813712563000675,0.18569529056549072,-5.0,-3.556147813796997,-4.829081058502197,-3.081920862197876,0.0
1165,ACH-000902,0.7666187286376953,-0.8254806995391846,1.4032443761825562,0.18885499238967896,True,-3.59476637840271,-3.8197665214538574,0.1,0.6290322580645161,0.96875,-3.8143179588459932,0.09066930413246155,-5.0,-3.549436330795288,-4.593510627746582,-2.686032772064209,0.0
1166,ACH-000910,0.39973199367523193,-1.2102514505386353,1.424110770225525,0.18587270379066467,True,-3.6979379653930664,-3.8916878700256348,0.1,0.6833333333333333,0.9375,-3.8220549499639573,0.1456119418144226,-5.0,-3.6111340522766113,-4.704893112182617,-3.056258201599121,0.0
1167,ACH-000927,1.371973991394043,-0.19882695376873016,1.3744139671325684,0.19638696312904358,True,-3.6233725547790527,-3.7139976024627686,0.1,0.7903225806451613,0.96875,-3.8112492152138384,0.19921284914016724,-5.0,-3.578965187072754,-4.875724792480469,-3.0732269287109375,0.0
1168,ACH-000930,0.6944553852081299,-0.8865072727203369,1.397567868232727,0.18339481949806213,True,-3.653236150741577,-3.850111246109009,0.1,0.6166666666666667,0.9375,-3.8151354183033552,0.18554003536701202,-5.0,-3.5634522438049316,-4.7774739265441895,-3.063331127166748,0.0
1169,ACH-000934,0.574303388595581,-1.030552864074707,1.4168024063110352,0.18805381655693054,True,-3.670170307159424,-3.817045211791992,0.1,0.6833333333333333,0.9375,-3.815326397652219,0.19294005632400513,-5.0,-3.581514596939087,-4.745784759521484,-3.064746618270874,0.0
1170,ACH-001390,-0.6779361963272095,-2.277348756790161,1.436516284942627,0.1628963202238083,True,-3.8331823348999023,-3.9925575256347656,0.1,0.7,0.9375,-3.833049510450474,0.13977482914924622,-5.0,-3.755394697189331,-4.456821441650391,-3.0866732597351074,0.0
1171,ACH-001819,1.7000247240066528,0.047936610877513885,1.4529359340667725,0.19915229082107544,True,-3.4800963401794434,-3.661345958709717,0.1,0.5806451612903226,0.96875,-3.8158791552763978,0.20532576739788055,-5.0,-3.4310669898986816,-4.536230087280273,-3.0324697494506836,0.0
1172,ACH-001820,0.8916568160057068,-0.7110227942466736,1.4125632047653198,0.19011636078357697,True,-3.6333236694335938,-3.8051984310150146,0.1,0.6166666666666667,0.9375,-3.8148110828502597,0.17585429549217224,-5.0,-3.5422117710113525,-4.77842378616333,-3.089878797531128,0.0
1173,ACH-000017,-1.3764618635177612,-2.9055135250091553,1.3453679084777832,0.18368375301361084,True,-3.637716770172119,-3.918966770172119,0.1,0.5254237288135594,0.921875,-3.8252266515824456,0.12096564471721649,-5.0,-3.5222690105438232,-4.702991962432861,-3.0577774047851562,0.0
1174,ACH-000019,-2.1060924530029297,-3.7224154472351074,1.4439390897750854,0.17238400876522064,True,-3.8500266075134277,-4.006276607513428,0.1,0.6666666666666666,0.84375,-3.843331647175544,0.20295372605323792,-5.0,-3.637068510055542,-5.223585605621338,-3.0661206245422363,0.018518518656492233
1175,ACH-000044,0.7546762228012085,-0.754950761795044,1.324798345565796,0.18482865393161774,True,-3.2736566066741943,-3.5111565589904785,0.1,0.6101694915254238,0.921875,-3.810114138357037,0.13105927407741547,-5.0,-3.1273562908172607,-3.9396812915802,-2.840099334716797,0.0
1176,ACH-000097,-0.988457441329956,-2.5690596103668213,1.4050161838531494,0.1755860149860382,True,-3.7363839149475098,-3.9363842010498047,0.1,0.6428571428571429,0.875,-3.8227411446263138,0.11484469473361969,-5.0,-3.5558676719665527,-4.505903720855713,-3.0879204273223877,0.0
1177,ACH-000111,-7.544869422912598,-9.21493911743164,1.4817938804626465,0.18827606737613678,True,-3.6991991996765137,-3.9929492473602295,0.1,0.6271186440677966,0.921875,-3.8397619548997053,0.09251783043146133,-5.0,-3.5889618396759033,-4.924792289733887,-3.052527904510498,0.0
1178,ACH-000117,1.3810805082321167,-0.17832490801811218,1.3741027116775513,0.1853027492761612,True,-3.4954071044921875,-3.795407295227051,0.1,0.5967741935483871,0.96875,-3.8353264889324397,0.17581310868263245,-5.0,-3.4468719959259033,-4.417267322540283,-3.0866010189056396,0.0
1179,ACH-000147,0.768303394317627,-0.9239732027053833,1.5144318342208862,0.17784471809864044,True,-3.681735038757324,-3.816110134124756,0.1,0.7213114754098361,0.953125,-3.8334048534516714,0.15960636734962463,-5.0,-3.6169021129608154,-4.730097770690918,-3.065800666809082,0.0
1180,ACH-000148,-1.1027741432189941,-2.778291702270508,1.5003503561019897,0.17516714334487915,True,-3.7572755813598633,-3.9666504859924316,0.1,0.6206896551724138,0.90625,-3.846729416705747,0.18347860872745514,-5.0,-3.6287178993225098,-4.738646507263184,-3.0887203216552734,0.0
1181,ACH-000196,1.1426105499267578,-0.4104447662830353,1.3631170988082886,0.18993815779685974,True,-3.5288801193237305,-3.9195048809051514,0.1,0.49206349206349204,0.984375,-3.8540069631256877,0.19988451898097992,-5.0,-3.5055291652679443,-4.42222785949707,-3.058457851409912,0.0
1182,ACH-000212,0.9639126062393188,-0.6390570402145386,1.4165403842926025,0.1864292323589325,True,-3.572981357574463,-3.841731309890747,0.1,0.55,0.9375,-3.852779397802194,0.1424643099308014,-5.0,-3.47784686088562,-4.460474967956543,-3.0910511016845703,0.0
1183,ACH-000223,0.38161778450012207,-1.2276798486709595,1.4181015491485596,0.19119606912136078,True,-3.6766414642333984,-3.85789155960083,0.1,0.6666666666666666,0.9375,-3.8532906139820575,0.12433543056249619,-5.0,-3.5884177684783936,-4.602407455444336,-3.0884602069854736,0.0
1184,ACH-000248,0.6306869983673096,-0.9909237623214722,1.4327245950698853,0.18888621032238007,True,-3.6270041465759277,-3.9020040035247803,0.1,0.6190476190476191,0.984375,-3.85816195293633,0.2157636284828186,-5.0,-3.605210781097412,-4.768212795257568,-3.0454328060150146,0.0
1185,ACH-000258,0.8439104557037354,-0.764542818069458,1.4122557640075684,0.1961974948644638,True,-3.685577869415283,-3.9605777263641357,0.1,0.5901639344262295,0.953125,-3.86840353027911,0.1794704794883728,-5.0,-3.620934009552002,-4.6865386962890625,-3.020577907562256,0.0
1186,ACH-000276,0.5790709257125854,-1.0485926866531372,1.4360034465789795,0.19166019558906555,True,-3.553431987762451,-3.8409318923950195,0.1,0.5483870967741935,0.96875,-3.8656563664907013,0.11937275528907776,-5.0,-3.506768226623535,-4.393017292022705,-3.0746803283691406,0.0
1187,ACH-000277,-4.502288341522217,-6.12111234664917,1.432875156402588,0.18594896793365479,True,-3.569700241088867,-3.691575527191162,0.1,0.6779661016949152,0.921875,-3.8482482825607476,0.08919495344161987,-5.0,-3.448488712310791,-4.268012046813965,-3.0552375316619873,0.0
1188,ACH-000288,0.5222828388214111,-1.1448206901550293,1.4906177520751953,0.1764858216047287,True,-3.644202709197998,-3.928577423095703,0.1,0.5967741935483871,0.96875,-3.8562811966142427,0.13955968618392944,-5.0,-3.6004672050476074,-4.713237762451172,-3.088369369506836,0.0
1189,ACH-000330,-1.0742908716201782,-2.661501169204712,1.403983473777771,0.1832268387079239,True,-3.733119010925293,-3.9143691062927246,0.1,0.6551724137931034,0.90625,-3.862089987582091,0.12482909113168716,-5.0,-3.602062702178955,-4.584987640380859,-3.0717861652374268,0.0
1190,ACH-000349,-0.8661731481552124,-2.4018874168395996,1.3470051288604736,0.18870912492275238,True,-3.6955180168151855,-3.954892873764038,0.1,0.6166666666666667,0.9375,-3.8713702762002855,0.07966981828212738,-5.0,-3.6085526943206787,-4.727781772613525,-3.086015224456787,0.0
1191,ACH-000352,0.8329219222068787,-0.697489321231842,1.3478461503982544,0.1825651079416275,True,-3.4300036430358887,-3.6643786430358887,0.1,0.6,0.9375,-3.8506711128838456,0.12454122304916382,-5.0,-3.3253371715545654,-4.348385334014893,-2.981955051422119,0.0
1192,ACH-000374,0.7826521396636963,-0.8034484386444092,1.4032752513885498,0.18282538652420044,True,-3.6031339168548584,-3.9343838691711426,0.1,0.5806451612903226,0.96875,-3.859042388512575,0.22977900505065918,-5.0,-3.5580735206604004,-4.727736473083496,-3.0827136039733887,0.0
1193,ACH-000536,0.38611578941345215,-1.1137349605560303,1.3255146741867065,0.17433609068393707,True,-3.6513795852661133,-3.8607544898986816,0.1,0.6,0.9375,-3.8592135986511855,0.1635562777519226,-5.0,-3.561471462249756,-4.991593360900879,-3.090961456298828,0.0
1194,ACH-000554,0.1902562379837036,-1.431252360343933,1.438384771347046,0.1831238865852356,True,-3.6375343799591064,-3.7969093322753906,0.1,0.6774193548387096,0.96875,-3.852983172013606,0.08869628608226776,-5.0,-3.593583822250366,-4.353634357452393,-3.091114044189453,0.0
1195,ACH-000568,2.210580825805664,0.606124758720398,1.4224169254302979,0.1820390522480011,True,-3.415569543838501,-3.603069543838501,0.1,0.6229508196721312,0.953125,-3.827991809196096,0.15338647365570068,-5.0,-3.337646484375,-4.2188215255737305,-2.9864139556884766,0.0
1196,ACH-000573,-0.5511480569839478,-2.1336007118225098,1.4074409008026123,0.1750117838382721,True,-3.4991140365600586,-3.8584887981414795,0.1,0.5932203389830508,0.921875,-3.8310415080906344,0.09714270383119583,-5.0,-3.371920108795166,-4.329586982727051,-3.042104482650757,0.0
1197,ACH-000621,0.8639940619468689,-0.6863351464271545,1.3657420873641968,0.18458707630634308,True,-3.659736394882202,-3.8034863471984863,0.1,0.6612903225806451,0.96875,-3.8282859920014194,0.20758087933063507,-5.0,-3.616501808166504,-4.736715793609619,-3.08790922164917,0.0
1198,ACH-000624,0.23945534229278564,-1.3695051670074463,1.4337029457092285,0.1752575933933258,True,-3.625295400619507,-3.9159204959869385,0.1,0.5689655172413793,0.90625,-3.8370494423999713,0.1152733564376831,-5.0,-3.4830846786499023,-4.462818145751953,-3.0383682250976562,0.0
1199,ACH-000643,-0.014552116394042969,-1.5863986015319824,1.3910515308380127,0.18079498410224915,True,-3.7008934020996094,-3.8915183544158936,0.1,0.6166666666666667,0.9375,-3.8424963336015634,0.10715283453464508,-5.0,-3.614286184310913,-4.988070011138916,-3.0898070335388184,0.0
1200,ACH-000668,-1.753997802734375,-3.3597567081451416,1.42847740650177,0.17728154361248016,True,-3.7512147426605225,-3.89808988571167,0.1,0.6440677966101694,0.921875,-3.848055688812574,0.11656178534030914,-5.0,-3.6453857421875,-4.76585054397583,-3.067981243133545,0.0
1201,ACH-000691,1.4935585260391235,-0.04812194034457207,1.3702532052993774,0.17142724990844727,True,-3.608868360519409,-3.8026182651519775,0.1,0.625,1.0,-3.8435119464465144,0.12542982399463654,-5.0,-3.608868360519409,-4.422239303588867,-3.0459325313568115,0.0
1202,ACH-000699,0.8324509263038635,-0.6753520369529724,1.3264716863632202,0.1813313066959381,True,-3.6262474060058594,-3.776247501373291,0.1,0.6885245901639344,0.953125,-3.8367855019391923,0.10204456001520157,-5.0,-3.558685541152954,-4.883965969085693,-3.0897867679595947,0.0
1203,ACH-000711,0.5689364671707153,-1.093105673789978,1.4693069458007812,0.19273525476455688,True,-3.720339775085449,-3.842214822769165,0.1,0.7,0.9375,-3.8373284340221896,0.13310863077640533,-5.0,-3.6350293159484863,-4.693536758422852,-3.077418804168701,0.0
1204,ACH-000725,-1.1652631759643555,-2.7357075214385986,1.39254629611969,0.17789798974990845,True,-3.604428768157959,-4.020053863525391,0.1,0.5,0.9375,-3.8556009769725095,0.0974649116396904,-5.0,-3.5113909244537354,-4.976543426513672,-3.0914406776428223,0.0
1205,ACH-000755,-1.198887586593628,-2.8555946350097656,1.4727095365524292,0.18399754166603088,True,-3.699097156524658,-3.824097156524658,0.1,0.7192982456140351,0.890625,-3.852450594927724,0.09608055651187897,-5.0,-3.539337158203125,-4.404889106750488,-3.085902690887451,0.0
1206,ACH-000759,1.2493568658828735,-0.29285526275634766,1.3672213554382324,0.17499077320098877,True,-3.5069034099578857,-3.8162784576416016,0.1,0.6290322580645161,0.96875,-3.848833381199112,0.1540648639202118,-5.0,-3.4587385654449463,-4.524783134460449,-3.0651822090148926,0.0
1207,ACH-000768,0.4199550151824951,-1.2828863859176636,1.522882103919983,0.17995929718017578,True,-3.738569736480713,-3.9198198318481445,0.1,0.6885245901639344,0.953125,-3.855932026264015,0.09990944713354111,-5.0,-3.676532030105591,-4.754092216491699,-3.081125259399414,0.0
1208,ACH-000783,0.34937286376953125,-1.1843159198760986,1.3513113260269165,0.18237745761871338,True,-3.6567134857177734,-3.897338390350342,0.1,0.5901639344262295,0.953125,-3.8600726626726476,0.14139220118522644,-5.0,-3.5906503200531006,-4.74818754196167,-3.0828285217285156,0.0
1209,ACH-000818,-0.686007022857666,-2.238690137863159,1.3662946224212646,0.18638844788074493,True,-3.4153385162353516,-3.487213373184204,0.1,0.7551020408163265,0.765625,-3.822786733723803,0.23654530942440033,-5.0,-2.9302380084991455,-3.974911689758301,-2.609245538711548,0.0
1210,ACH-000828,1.4860904216766357,-0.17708474397659302,1.4879844188690186,0.175190731883049,True,-3.361301898956299,-3.411301851272583,0.1,0.8070175438596491,0.890625,-3.7816382454786805,0.12541666626930237,-5.0,-3.1600582599639893,-4.60695219039917,-2.7423272132873535,0.0
1211,ACH-000849,-0.7466763257980347,-2.324394464492798,1.4090511798858643,0.16866691410541534,True,-3.70361328125,-3.8098630905151367,0.1,0.7166666666666667,0.9375,-3.7844607299823263,0.13010434806346893,-5.0,-3.617187738418579,-4.696291923522949,-3.03851318359375,0.0
1212,ACH-000856,0.19979321956634521,-1.3631378412246704,1.389914631843567,0.17301641404628754,True,-3.7167177200317383,-3.8885927200317383,0.1,0.7,0.9375,-3.7948739289872675,0.1567724645137787,-5.0,-3.6311657428741455,-4.753267765045166,-3.0504865646362305,0.0
1213,ACH-000857,-1.070743441581726,-2.674062490463257,1.420166254043579,0.18315276503562927,True,-3.7791318893432617,-3.9010071754455566,0.1,0.6842105263157895,0.890625,-3.8054872536330966,0.16011826694011688,-5.0,-3.6292006969451904,-4.643057823181152,-3.046297550201416,0.0
1214,ACH-000859,-0.730664849281311,-2.262439489364624,1.3516502380371094,0.18012435734272003,True,-3.666743516921997,-3.866743564605713,0.1,0.6551724137931034,0.90625,-3.811612884730358,0.13667966425418854,-5.0,-3.528820514678955,-4.7005295753479,-3.0910890102386475,0.0
1215,ACH-000876,0.9181516170501709,-0.6844563484191895,1.4228746891021729,0.17973332107067108,True,-3.549520492553711,-3.7307705879211426,0.1,0.6774193548387096,0.96875,-3.8035286550494365,0.15865862369537354,-5.0,-3.502730369567871,-5.112469673156738,-3.081920862197876,0.016129031777381897
1216,ACH-000902,0.3013564348220825,-1.2213085889816284,1.3412147760391235,0.1814502477645874,True,-3.6319642066955566,-3.8819642066955566,0.1,0.55,0.9375,-3.8113722102140484,0.164068341255188,-5.0,-3.540761947631836,-4.3825249671936035,-3.04325270652771,0.0
1217,ACH-000910,-1.1128524541854858,-2.7187750339508057,1.438693881034851,0.16722872853279114,True,-3.7477922439575195,-4.038417339324951,0.1,0.5964912280701754,0.890625,-3.834076723125139,0.19453394412994385,-5.0,-3.5940122604370117,-4.694964408874512,-3.056258201599121,0.0
1218,ACH-000927,0.8243959546089172,-0.7544161677360535,1.4006260633468628,0.1781860589981079,True,-3.5874996185302734,-3.7781243324279785,0.1,0.6166666666666667,0.9375,-3.828481484055423,0.16437502205371857,-5.0,-3.493333101272583,-4.53596305847168,-3.0732269287109375,0.0
1219,ACH-000930,0.8696601390838623,-0.6892011165618896,1.3778483867645264,0.181012824177742,True,-3.637115955352783,-3.8121159076690674,0.1,0.6229508196721312,0.953125,-3.826844926416787,0.19015464186668396,-5.0,-3.5700886249542236,-4.478512763977051,-3.063331127166748,0.0
1220,ACH-000934,-1.900330901145935,-3.4907407760620117,1.408531904220581,0.181878000497818,True,-3.676431179046631,-3.8264312744140625,0.1,0.6666666666666666,0.9375,-3.8268035612165145,0.09696042537689209,-5.0,-3.588193416595459,-4.488885879516602,-3.064746618270874,0.0
1221,ACH-001390,-0.24946606159210205,-1.798980474472046,1.392666220664978,0.1568482220172882,True,-3.7267775535583496,-3.920527458190918,0.1,0.7,0.9375,-3.836175950913955,0.13710486888885498,-5.0,-3.6418962478637695,-4.916267395019531,-3.0866732597351074,0.0
1222,ACH-001819,0.14664137363433838,-1.4350872039794922,1.4010558128356934,0.1806727796792984,True,-3.5145654678344727,-3.661440372467041,0.1,0.6935483870967742,0.96875,-3.818702393069264,0.12421717494726181,-5.0,-3.4666481018066406,-4.775625228881836,-3.0324697494506836,0.0
1223,ACH-001820,-0.3248460292816162,-1.923102617263794,1.42100191116333,0.17725467681884766,True,-3.591848134994507,-3.9137229919433594,0.1,0.55,0.9375,-3.8282044529566734,0.11467757821083069,-5.0,-3.497971534729004,-4.970056056976318,-3.089878797531128,0.0
1224,ACH-000017,0.6661670804023743,-0.8434616923332214,1.3367490768432617,0.17287974059581757,True,-3.668889045715332,-3.837639331817627,0.1,0.6557377049180327,0.953125,-3.829147940842769,0.14796388149261475,-5.0,-3.603424310684204,-4.671836853027344,-3.0577774047851562,0.0
1225,ACH-000019,-1.081455111503601,-2.7212002277374268,1.4681423902511597,0.1716027706861496,True,-3.759464979171753,-3.9719648361206055,0.1,0.6379310344827587,0.90625,-3.843429630370552,0.17079922556877136,-5.0,-3.631133794784546,-4.7602081298828125,-2.334873676300049,0.0
1226,ACH-000044,1.090318202972412,-0.3921768367290497,1.310396671295166,0.1720983386039734,True,-3.4031856060028076,-3.5094356536865234,0.1,0.6607142857142857,0.875,-3.8100302327021494,0.19601625204086304,-5.0,-3.175069570541382,-4.1378631591796875,-2.840099334716797,0.0
1227,ACH-000097,-0.015893220901489258,-1.5802720785140991,1.398850917816162,0.16552796959877014,True,-3.686229944229126,-3.8518548011779785,0.1,0.6333333333333333,0.9375,-3.8142126895497324,0.1700814664363861,-5.0,-3.5986454486846924,-4.772887229919434,-3.0879204273223877,0.0
1228,ACH-000111,-0.4054967164993286,-2.025280237197876,1.4350354671478271,0.1847480833530426,True,-3.7438931465148926,-3.8657679557800293,0.1,0.711864406779661,0.921875,-3.8193682161727622,0.1169939637184143,-5.0,-3.6374433040618896,-4.39943790435791,-3.052527904510498,0.0
1229,ACH-000117,0.8563330769538879,-0.7257183194160461,1.399702548980713,0.1823488175868988,True,-3.501514196395874,-3.76401424407959,0.1,0.5901639344262295,0.953125,-3.813832818963445,0.134255513548851,-5.0,-3.4278182983398438,-4.028729438781738,-3.0866010189056396,0.0
1230,ACH-000147,-0.556138277053833,-2.19077205657959,1.4618710279464722,0.17276272177696228,True,-3.607105016708374,-3.875854969024658,0.1,0.5645161290322581,0.96875,-3.8200350339695666,0.12610435485839844,-5.0,-3.5621726512908936,-4.737815856933594,-3.077127456665039,0.0
1231,ACH-000148,0.01730179786682129,-1.611824631690979,1.4635158777236938,0.16561050713062286,True,-3.632640838623047,-3.93264102935791,0.1,0.55,0.9375,-3.8312956335084007,0.11634255200624466,-5.0,-3.5414841175079346,-4.751942157745361,-3.0887203216552734,0.0
1232,ACH-000196,0.46996009349823,-1.127476692199707,1.4136135578155518,0.18382318317890167,True,-3.6309189796447754,-3.909043788909912,0.1,0.6349206349206349,0.984375,-3.8390704490485517,0.15201009809970856,-5.0,-3.609187602996826,-4.826845645904541,-3.058457851409912,0.0
1233,ACH-000212,0.3750169277191162,-1.2117037773132324,1.4096550941467285,0.17706558108329773,True,-3.652830123901367,-3.774704933166504,0.1,0.6557377049180327,0.953125,-3.832633897460347,0.09711318463087082,-5.0,-3.586575746536255,-4.641245365142822,-3.091063976287842,0.0
1234,ACH-000223,0.24805009365081787,-1.413008689880371,1.4841915369033813,0.17686727643013,True,-3.738330364227295,-3.819580316543579,0.1,0.711864406779661,0.921875,-3.8313285393686702,0.16460385918617249,-5.0,-3.631409168243408,-4.631380081176758,-3.0884602069854736,0.0
1235,ACH-000248,-0.2198113203048706,-1.7699511051177979,1.370734453201294,0.1794053167104721,True,-3.660132884979248,-3.8820078372955322,0.1,0.6333333333333333,0.9375,-3.8363964691613566,0.13327069580554962,-5.0,-3.5708086490631104,-4.526415824890137,-3.0454328060150146,0.0
1236,ACH-000258,-2.2484230995178223,-3.780813217163086,1.3584767580032349,0.17391330003738403,True,-3.8660173416137695,-4.087892055511475,0.1,0.6666666666666666,0.890625,-3.8615460277963685,0.20322534441947937,-5.0,-3.7267563343048096,-5.018763542175293,-3.1694111824035645,0.017543859779834747
1237,ACH-000276,0.6849677562713623,-0.9330096244812012,1.441120982170105,0.17685645818710327,True,-3.6346476078033447,-3.8533973693847656,0.1,0.6065573770491803,0.953125,-3.8607311619552083,0.17401063442230225,-5.0,-3.5674986839294434,-4.4943389892578125,-3.0746803283691406,0.0
1238,ACH-000277,0.8833414316177368,-0.6904021501541138,1.397835612297058,0.17590799927711487,True,-3.4644932746887207,-3.8457436561584473,0.1,0.5081967213114754,0.953125,-3.859232411375532,0.10583396255970001,-5.0,-3.3889763355255127,-4.527400970458984,-3.0552375316619873,0.0
1239,ACH-000288,1.0164217948913574,-0.5990415215492249,1.4454405307769775,0.17002281546592712,True,-3.611358642578125,-3.8738584518432617,0.1,0.5737704918032787,0.953125,-3.860695015422305,0.17283882200717926,-5.0,-3.543064594268799,-4.384084701538086,-3.088369369506836,0.0
1240,ACH-000330,1.2445451021194458,-0.33001652359962463,1.3978372812271118,0.17672428488731384,True,-3.5622591972351074,-3.8435094356536865,0.1,0.5555555555555556,0.984375,-3.858976457445443,0.1594754159450531,-5.0,-3.539438009262085,-4.914656639099121,-3.0717861652374268,0.0
1241,ACH-000349,-0.8529477119445801,-2.435206174850464,1.400260329246521,0.1819981187582016,True,-3.6947226524353027,-3.979097366333008,0.1,0.5636363636363636,0.859375,-3.8709885483341995,0.17900779843330383,-5.0,-3.481131076812744,-4.532936096191406,-3.086015224456787,0.0
1242,ACH-000352,2.4313416481018066,0.8117402791976929,1.4374150037765503,0.18218636512756348,True,-3.3303658962249756,-3.5459909439086914,0.1,0.6031746031746031,0.984375,-3.8384887878916487,0.138535276055336,-5.0,-3.303864002227783,-4.163871765136719,-2.981955051422119,0.0
1243,ACH-000374,0.7905189990997314,-0.8070189952850342,1.421713948249817,0.17582406103610992,True,-3.657996416091919,-3.8204963207244873,0.1,0.6451612903225806,0.96875,-3.836689541174932,0.1701207458972931,-5.0,-3.614705801010132,-4.695298194885254,-3.0827136039733887,0.0
1244,ACH-000536,-1.5789953470230103,-3.080190896987915,1.3294330835342407,0.17176251113414764,True,-3.826827049255371,-4.095577239990234,0.1,0.6607142857142857,0.875,-3.8625783110564624,0.1412842869758606,-5.0,-3.659231185913086,-4.689953804016113,-3.090961456298828,0.0
1245,ACH-000554,0.25760793685913086,-1.3360512256622314,1.4188774824142456,0.1747817099094391,True,-3.7927472591400146,-3.858372211456299,0.1,0.7719298245614035,0.890625,-3.862157701096446,0.18422703444957733,-5.0,-3.6444880962371826,-4.256535530090332,-3.091114044189453,0.0
1246,ACH-000568,2.2880160808563232,0.7083672881126404,1.406477689743042,0.17317111790180206,True,-3.359983444213867,-3.638108730316162,0.1,0.5901639344262295,0.953125,-3.839752804018418,0.16866840422153473,-5.0,-3.279326915740967,-3.9861698150634766,-2.9864139556884766,0.0
1247,ACH-000573,1.9520041942596436,0.418160080909729,1.356845498085022,0.17699864506721497,True,-3.4137885570526123,-3.6325387954711914,0.1,0.5806451612903226,0.96875,-3.819031403163695,0.17286771535873413,-5.0,-3.3626203536987305,-4.528167247772217,-3.042104482650757,0.0
1248,ACH-000621,0.9974290728569031,-0.5795599818229675,1.3941173553466797,0.18287169933319092,True,-3.636643886566162,-3.836643934249878,0.1,0.6129032258064516,0.96875,-3.8207926562723133,0.15856027603149414,-5.0,-3.5926644802093506,-4.747257709503174,-3.08790922164917,0.0
1249,ACH-000624,-0.4543764591217041,-2.05114483833313,1.4253532886505127,0.1714150756597519,True,-3.7534968852996826,-3.88474702835083,0.1,0.6833333333333333,0.9375,-3.827188093480165,0.18829607963562012,-5.0,-3.6703968048095703,-5.823200225830078,-3.0383682250976562,0.01666666753590107
1250,ACH-000643,1.0101375579833984,-0.566537082195282,1.4054582118988037,0.17121648788452148,True,-3.5638275146484375,-3.8325774669647217,0.1,0.5714285714285714,0.984375,-3.827727030828621,0.1665361225605011,-5.0,-3.5410313606262207,-4.571924209594727,-3.0898070335388184,0.0
1251,ACH-000668,-0.5061759948730469,-2.1521496772766113,1.472893476486206,0.1730802059173584,True,-3.639103412628174,-3.920353412628174,0.1,0.5901639344262295,0.953125,-3.8369896690085765,0.13499507308006287,-5.0,-3.572173833847046,-4.677379608154297,-3.067981243133545,0.0
1252,ACH-000691,1.0621877908706665,-0.5431933403015137,1.425534963607788,0.1798461228609085,True,-3.5665555000305176,-3.916555643081665,0.1,0.5555555555555556,0.984375,-3.8449462664158855,0.16318076848983765,-5.0,-3.543802499771118,-4.650702476501465,-3.0459327697753906,0.0
1253,ACH-000699,1.6419755220413208,0.05955396592617035,1.404565453529358,0.17785611748695374,True,-3.5514159202575684,-3.807666063308716,0.1,0.6875,1.0,-3.8412182461051687,0.1450347602367401,-5.0,-3.5514159202575684,-4.514194965362549,-3.0897867679595947,0.0
1254,ACH-000711,1.001523494720459,-0.5635773539543152,1.3824530839920044,0.1826476752758026,True,-3.591416835784912,-3.825791835784912,0.1,0.5714285714285714,0.984375,-3.8396756050731433,0.14738531410694122,-5.0,-3.569058895111084,-4.727956295013428,-3.077418804168701,0.0
1255,ACH-000725,-0.5036540031433105,-2.0705738067626953,1.39503812789917,0.17188161611557007,True,-3.729503870010376,-3.867003917694092,0.1,0.711864406779661,0.921875,-3.8424084363352384,0.1627444624900818,-5.0,-3.6218349933624268,-5.006660461425781,-3.0914406776428223,0.016949152573943138
1256,ACH-000755,0.9497330188751221,-0.6210631132125854,1.3925522565841675,0.17824390530586243,True,-3.5265254974365234,-3.767150402069092,0.1,0.6129032258064516,0.96875,-3.834882632908624,0.13206776976585388,-5.0,-3.4789938926696777,-4.414473056793213,-3.085902690887451,0.0
1257,ACH-000759,-0.11806058883666992,-1.7142759561538696,1.4240634441375732,0.17215187847614288,True,-3.628247022628784,-3.800121784210205,0.1,0.6896551724137931,0.90625,-3.8314065480387822,0.16913095116615295,-5.0,-3.4863412380218506,-4.656660556793213,-3.0651822090148926,0.0
1258,ACH-000768,-0.7871105670928955,-2.4398083686828613,1.489007830619812,0.1636900007724762,True,-3.637564182281494,-3.900064468383789,0.1,0.5932203389830508,0.921875,-3.8382723400732828,0.07802829146385193,-5.0,-3.522103786468506,-4.365751266479492,-3.081125259399414,0.0
1259,ACH-000783,0.1397308111190796,-1.4683736562728882,1.437205195426941,0.17089931666851044,True,-3.6264524459838867,-3.801452159881592,0.1,0.6949152542372882,0.921875,-3.8345903220541135,0.12501496076583862,-5.0,-3.510049819946289,-4.31540060043335,-3.0828285217285156,0.0
1260,ACH-000818,1.5314732789993286,0.002692360430955887,1.355695366859436,0.17308560013771057,True,-3.214810609817505,-3.361685276031494,0.1,0.7090909090909091,0.859375,-3.7872998174518515,0.158781036734581,-5.0,-2.9226882457733154,-4.370120525360107,-2.609245538711548,0.0
1261,ACH-000828,2.8506383895874023,1.301984190940857,1.3807330131530762,0.16792120039463043,True,-3.1050710678100586,-3.3675711154937744,0.1,0.5666666666666667,0.9375,-3.7453269472560438,0.19295892119407654,-5.0,-2.9787425994873047,-4.144333839416504,-2.7423272132873535,0.0
1262,ACH-000849,-2.2128286361694336,-3.6957991123199463,1.3285444974899292,0.15442602336406708,True,-3.7875711917877197,-3.950071334838867,0.1,0.6551724137931034,0.90625,-3.765801386014326,0.16768991947174072,-5.0,-3.6621475219726562,-4.895089149475098,-3.03851318359375,0.0
1263,ACH-000856,-0.22148191928863525,-1.7400052547454834,1.3543684482574463,0.16415485739707947,True,-3.6757824420928955,-3.838282585144043,0.1,0.7096774193548387,0.96875,-3.7730495059272977,0.11669651418924332,-5.0,-3.633065938949585,-4.636322975158691,-3.0504865646362305,0.0
1264,ACH-000857,-0.62638258934021,-2.1983795166015625,1.3977283239364624,0.17426857352256775,True,-3.739393949508667,-3.9518940448760986,0.1,0.6557377049180327,0.953125,-3.790933959822178,0.1522139459848404,-5.0,-3.677396774291992,-4.680481433868408,-3.046297550201416,0.0
1265,ACH-000859,-1.3836896419525146,-2.9641153812408447,1.4056771993637085,0.17474859952926636,True,-3.746824264526367,-3.853074073791504,0.1,0.7272727272727273,0.859375,-3.7971479712191107,0.17294655740261078,-5.0,-3.5417590141296387,-4.6684770584106445,-3.0910890102386475,0.0
1266,ACH-000876,0.24970686435699463,-1.2876280546188354,1.3689992427825928,0.16833564639091492,True,-3.6882567405700684,-3.778881549835205,0.1,0.7241379310344828,0.90625,-3.79532132908072,0.10447309911251068,-5.0,-3.5525591373443604,-4.418570041656494,-3.081920862197876,0.0
1267,ACH-000902,-1.8149865865707397,-3.3450169563293457,1.3588833808898926,0.17114701867103577,True,-3.6398110389709473,-3.9585609436035156,0.1,0.5689655172413793,0.90625,-3.8116452905329994,0.1340603083372116,-5.0,-3.4991016387939453,-4.967045307159424,-3.04325270652771,0.0
1268,ACH-000910,-0.02597641944885254,-1.5965547561645508,1.405562162399292,0.16501623392105103,True,-3.6644845008850098,-3.858234405517578,0.1,0.576271186440678,0.921875,-3.816304202031457,0.1898685097694397,-5.0,-3.5513052940368652,-4.825009822845459,-3.056258201599121,0.0
1269,ACH-000927,1.3046433925628662,-0.1999557465314865,1.3371617794036865,0.16743731498718262,True,-3.4708878993988037,-3.7333879470825195,0.1,0.5409836065573771,0.953125,-3.8080125765365636,0.18343397974967957,-5.0,-3.3956856727600098,-4.007961273193359,-3.0732269287109375,0.0
1270,ACH-000930,-0.4387528896331787,-2.0106658935546875,1.4031316041946411,0.16878144443035126,True,-3.7133312225341797,-3.885206699371338,0.1,0.6557377049180327,0.953125,-3.815731988820041,0.17502497136592865,-5.0,-3.650052309036255,-4.8549275398254395,-3.063331127166748,0.0
1271,ACH-000934,-0.8628262281417847,-2.458094358444214,1.419053316116333,0.1762147843837738,True,-3.687528133392334,-3.8531532287597656,0.1,0.6440677966101694,0.921875,-3.8194741128140133,0.11880677938461304,-5.0,-3.5763018131256104,-4.774682521820068,-3.064746618270874,0.0
1272,ACH-001390,-1.0122337341308594,-2.5463755130767822,1.37977135181427,0.15437036752700806,True,-3.7257707118988037,-3.838270664215088,0.1,0.7241379310344828,0.90625,-3.821353767954121,0.13809490203857422,-5.0,-3.5939536094665527,-4.856866836547852,-3.0866732597351074,0.0
1273,ACH-001819,-0.7397657632827759,-2.33735728263855,1.42234206199646,0.17524944245815277,True,-3.5737483501434326,-3.770623207092285,0.1,0.5892857142857143,0.875,-3.8162807118679374,0.10664151608943939,-5.0,-3.3699982166290283,-3.9984328746795654,-3.0324697494506836,0.0
1274,ACH-001820,0.6069106459617615,-0.958366334438324,1.3962925672531128,0.16898436844348907,True,-3.52709698677063,-3.8645968437194824,0.1,0.5555555555555556,0.984375,-3.821112325053092,0.09333835542201996,-5.0,-3.5037174224853516,-4.39444637298584,-3.089878797531128,0.0
1275,ACH-000017,-0.7092076539993286,-2.2019643783569336,1.3318995237350464,0.16085723042488098,True,-3.6982884407043457,-3.9295387268066406,0.1,0.639344262295082,0.953125,-3.8319549652284466,0.14219693839550018,-5.0,-3.634269952774048,-4.865365028381348,-3.0577774047851562,0.0
1276,ACH-000019,-4.429882526397705,-5.974916934967041,1.3899669647216797,0.1550672948360443,True,-3.644162654876709,-3.8535377979278564,0.1,0.6129032258064516,0.96875,-3.8341132484983875,0.07903165370225906,-5.0,-3.600425958633423,-4.646883964538574,-3.0661206245422363,0.0
1277,ACH-000044,1.0939116477966309,-0.4025039076805115,1.3291876316070557,0.16722802817821503,True,-3.2796099185943604,-3.4577348232269287,0.1,0.6896551724137931,0.90625,-3.7964754059712416,0.15603671967983246,-5.0,-3.1016383171081543,-3.995586395263672,-2.8362197875976562,0.0
1278,ACH-000097,-0.778156042098999,-2.337853193283081,1.397164225578308,0.1625329554080963,True,-3.6331562995910645,-3.8831562995910645,0.1,0.6,0.9375,-3.8051434953332235,0.08716382086277008,-5.0,-3.5420336723327637,-4.722362995147705,-3.0879204273223877,0.0
1279,ACH-000111,0.5737735033035278,-1.058847188949585,1.4629199504852295,0.1697007119655609,True,-3.6713075637817383,-3.8275575637817383,0.1,0.6666666666666666,0.984375,-3.8073849021780752,0.15307238698005676,-5.0,-3.6502177715301514,-4.924792289733887,-3.052527904510498,0.0
1280,ACH-000117,0.11129677295684814,-1.4431833028793335,1.3888365030288696,0.1656436324119568,True,-3.6501944065093994,-3.8376944065093994,0.1,0.6271186440677966,0.921875,-3.8104158526112077,0.12102127075195312,-5.0,-3.535804033279419,-4.894291877746582,-3.0866010189056396,0.0
1281,ACH-000147,0.5130163431167603,-1.1087734699249268,1.4589247703552246,0.16286501288414001,True,-3.579926013946533,-3.908051013946533,0.1,0.5409836065573771,0.953125,-3.8201793687447405,0.1951485574245453,-5.0,-3.5100858211517334,-4.635307788848877,-3.077127456665039,0.0
1282,ACH-000148,0.41205894947052,-1.237687349319458,1.4872455596923828,0.1625007688999176,True,-3.6958494186401367,-3.936474323272705,0.1,0.6949152542372882,0.921875,-3.831808864197537,0.1361178606748581,-5.0,-3.5853281021118164,-5.201488971710205,-3.0887203216552734,0.016949152573943138
1283,ACH-000196,0.13366711139678955,-1.4405320882797241,1.401573657989502,0.17262548208236694,True,-3.706507444381714,-3.8533825874328613,0.1,0.6833333333333333,0.9375,-3.8339662365210696,0.1896926909685135,-5.0,-3.620274782180786,-4.7046966552734375,-3.058457851409912,0.0
1284,ACH-000212,0.29636430740356445,-1.2730724811553955,1.3995126485824585,0.16992413997650146,True,-3.612718105316162,-3.8064680099487305,0.1,0.65,0.9375,-3.831216413863836,0.1888079047203064,-5.0,-3.520232915878296,-4.2406439781188965,-3.091063976287842,0.0
1285,ACH-000223,-0.1077653169631958,-1.7190688848495483,1.4428600072860718,0.168443500995636,True,-3.60561203956604,-3.8149871826171875,0.1,0.6166666666666667,0.9375,-3.829593490739171,0.1494857370853424,-5.0,-3.51265287399292,-4.460904121398926,-3.0884602069854736,0.0
1286,ACH-000248,-0.27998995780944824,-1.8554407358169556,1.402987003326416,0.1724637746810913,True,-3.6787331104278564,-4.000608444213867,0.1,0.6,0.9375,-3.8466949860866406,0.10874053090810776,-5.0,-3.590648889541626,-4.789795875549316,-3.0454328060150146,0.0
1287,ACH-000258,-0.013873815536499023,-1.551255464553833,1.3610810041427612,0.17630058526992798,True,-3.7213969230651855,-4.030771255493164,0.1,0.5901639344262295,0.953125,-3.865102613027293,0.10713037848472595,-5.0,-3.6585144996643066,-4.621242046356201,-3.1662209033966064,0.0
1288,ACH-000276,0.44256556034088135,-1.1718562841415405,1.4398484230041504,0.1745733618736267,True,-3.6439743041992188,-3.837724447250366,0.1,0.6724137931034483,0.90625,-3.8623647964496004,0.13305442035198212,-5.0,-3.5036959648132324,-4.691712856292725,-3.0746803283691406,0.0
1289,ACH-000277,0.4702775478363037,-1.0937840938568115,1.393431305885315,0.17063027620315552,True,-3.551745891571045,-3.739245653152466,0.1,0.603448275862069,0.90625,-3.8500528821198867,0.14203986525535583,-5.0,-3.4019265174865723,-4.608165740966797,-3.0552375316619873,0.0
1290,ACH-000288,0.35457634925842285,-1.2922754287719727,1.4878119230270386,0.15903985500335693,True,-3.6075692176818848,-3.876319408416748,0.1,0.6129032258064516,0.96875,-3.852679534749573,0.12694987654685974,-5.0,-3.5626518726348877,-4.573375701904297,-3.088369369506836,0.0
1291,ACH-000330,0.759918749332428,-0.7772563099861145,1.3718924522399902,0.16528263688087463,True,-3.560577392578125,-3.888702392578125,0.1,0.5737704918032787,0.953125,-3.8562818205324283,0.1363767683506012,-5.0,-3.48978590965271,-4.191965103149414,-3.0717861652374268,0.0
1292,ACH-000349,0.4668790102005005,-1.1070359945297241,1.403028964996338,0.17088603973388672,True,-3.66035795211792,-3.816607713699341,0.1,0.6666666666666666,0.9375,-3.8523144098491193,0.15569619834423065,-5.0,-3.5710487365722656,-4.748560428619385,-3.086015224456787,0.0
1293,ACH-000352,1.3575184345245361,-0.2727060317993164,1.4533393383026123,0.17688506841659546,True,-3.436359405517578,-3.592609405517578,0.1,0.6666666666666666,0.9375,-3.8263439094159652,0.09926339983940125,-5.0,-3.3321166038513184,-4.570070266723633,-2.981955051422119,0.0
1294,ACH-000374,0.461025595664978,-1.1723881959915161,1.462288498878479,0.1711253523826599,True,-3.574277400970459,-3.793027400970459,0.1,0.5901639344262295,0.953125,-3.823012258571415,0.09662525355815887,-5.0,-3.504159688949585,-4.254598617553711,-3.0827136039733887,0.0
1295,ACH-000536,-1.8743896484375,-3.3388941287994385,1.3019065856933594,0.16259783506393433,True,-3.7247393131256104,-3.859114408493042,0.1,0.6666666666666666,0.890625,-3.8266224735635777,0.14180082082748413,-5.0,-3.5681283473968506,-4.553769588470459,-3.090961456298828,0.0
1296,ACH-000554,0.6873560547828674,-0.8355264067649841,1.3601479530334473,0.16273444890975952,True,-3.5563979148864746,-3.875147819519043,0.1,0.5737704918032787,0.953125,-3.831475008159124,0.15684041380882263,-5.0,-3.485400915145874,-4.409682273864746,-3.091114044189453,0.0
1297,ACH-000568,1.0889160633087158,-0.5021375417709351,1.422176480293274,0.16887715458869934,True,-3.378448486328125,-3.64094877243042,0.1,0.5833333333333334,0.9375,-3.8124223845862533,0.09502814710140228,-5.0,-3.2703452110290527,-4.082581520080566,-2.9864139556884766,0.0
1298,ACH-000573,-0.050301551818847656,-1.6647791862487793,1.442068099975586,0.1724095642566681,True,-3.4847488403320312,-3.9378738403320312,0.1,0.5666666666666667,0.9375,-3.8249675301608312,0.1261838972568512,-5.0,-3.383732318878174,-4.331298828125,-3.042104482650757,0.0
1299,ACH-000621,0.2120344638824463,-1.4191477298736572,1.4609476327896118,0.1702345758676529,True,-3.6525845527648926,-3.833834409713745,0.1,0.6885245901639344,0.953125,-3.8258542181161226,0.14377979934215546,-5.0,-3.586317777633667,-4.907225608825684,-3.08790922164917,0.0
1300,ACH-000624,0.25150513648986816,-1.3087435960769653,1.3897206783294678,0.17052806913852692,True,-3.5962038040161133,-3.9462037086486816,0.1,0.5409836065573771,0.953125,-3.8378891671693784,0.1283104121685028,-5.0,-3.5271644592285156,-4.391550064086914,-3.0383682250976562,0.0
1301,ACH-000643,-2.8315184116363525,-4.325840950012207,1.323481798171997,0.17084075510501862,True,-3.759133815765381,-3.9685089588165283,0.1,0.6785714285714286,0.875,-3.850951146334093,0.08310467004776001,-5.0,-3.5818674564361572,-4.842019081115723,-3.0898070335388184,0.0
1302,ACH-000668,1.0019724369049072,-0.5979215502738953,1.433005928993225,0.1668880432844162,True,-3.650311231613159,-3.787811279296875,0.1,0.6557377049180327,0.953125,-3.8446371596303712,0.18673482537269592,-5.0,-3.583933115005493,-4.4084553718566895,-3.067981243133545,0.0
1303,ACH-000691,0.40985536575317383,-1.2069170475006104,1.4458328485488892,0.17093953490257263,True,-3.6530275344848633,-3.834277629852295,0.1,0.6666666666666666,0.9375,-3.8436012066525636,0.12598568201065063,-5.0,-3.563229560852051,-4.853317737579346,-3.0459327697753906,0.0
1304,ACH-000699,-0.018209099769592285,-1.5718377828598022,1.3872636556625366,0.16636505722999573,True,-3.680084705352783,-3.8269598484039307,0.1,0.711864406779661,0.921875,-3.8419370708277,0.14201778173446655,-5.0,-3.568227529525757,-4.6792402267456055,-3.0897867679595947,0.0
1305,ACH-000711,0.6222488880157471,-0.9499516487121582,1.3978005647659302,0.17440000176429749,True,-3.720093250274658,-3.873218297958374,0.1,0.6724137931034483,0.90625,-3.8450651935407674,0.14079996943473816,-5.0,-3.587689161300659,-4.627180576324463,-3.077418804168701,0.0
1306,ACH-000725,0.9565237760543823,-0.5884226560592651,1.3785667419433594,0.16637974977493286,True,-3.5923855304718018,-3.736135482788086,0.1,0.639344262295082,0.953125,-3.834172222465499,0.1649375855922699,-5.0,-3.523158073425293,-4.832368850708008,-3.0914406776428223,0.0
1307,ACH-000755,0.5781630277633667,-1.0318529605865479,1.438596487045288,0.17141947150230408,True,-3.645542621612549,-3.8111677169799805,0.1,0.6779661016949152,0.921875,-3.8318717719169473,0.14227937161922455,-5.0,-3.5307581424713135,-4.64515495300293,-3.085902690887451,0.0
1308,ACH-000759,1.3022544384002686,-0.340044766664505,1.4704737663269043,0.1718253493309021,True,-3.5835630893707275,-3.6773130893707275,0.1,0.7,0.9375,-3.8164159036623255,0.13452139496803284,-5.0,-3.489133834838867,-4.190308570861816,-3.0651822090148926,0.0
1309,ACH-000768,-0.47110605239868164,-2.036048173904419,1.4096131324768066,0.15532895922660828,True,-3.7144017219543457,-3.858151435852051,0.1,0.6896551724137931,0.90625,-3.820589456881298,0.14522720873355865,-5.0,-3.5814085006713867,-4.640904903411865,-3.081125259399414,0.0
1310,ACH-000783,-0.4083355665206909,-1.9729710817337036,1.3921873569488525,0.17244821786880493,True,-3.6441237926483154,-3.856623649597168,0.1,0.6333333333333333,0.9375,-3.824192876152885,0.1081688329577446,-5.0,-3.55373215675354,-4.727637767791748,-3.0828285217285156,0.0
1311,ACH-000818,3.3685030937194824,1.9083813428878784,1.301090121269226,0.15903179347515106,True,-3.0917487144470215,-3.1854987144470215,0.1,0.7333333333333333,0.9375,-3.7603234599822986,0.16024887561798096,-5.0,-2.9645321369171143,-4.138488292694092,-2.609245538711548,0.0
1312,ACH-000828,1.7149357795715332,0.08767453581094742,1.458693265914917,0.16856804490089417,True,-3.1407740116119385,-3.2970237731933594,0.1,0.6440677966101694,0.921875,-3.7139934913034045,0.10697892308235168,-5.0,-2.98321270942688,-4.814098834991455,-2.724348545074463,0.0
1313,ACH-000849,-0.32909512519836426,-1.9094891548156738,1.423931360244751,0.15646260976791382,True,-3.68046236038208,-3.80546236038208,0.1,0.7166666666666667,0.9375,-3.723140378211272,0.11282308399677277,-5.0,-3.5924932956695557,-4.700740814208984,-3.03851318359375,0.0
1314,ACH-000856,-0.8930937051773071,-2.402402877807617,1.3424780368804932,0.1668311506509781,True,-3.627162456512451,-3.8959121704101562,0.1,0.5833333333333334,0.9375,-3.7404175574311607,0.12005428224802017,-5.0,-3.535640239715576,-4.678930759429932,-3.0504865646362305,0.0
1315,ACH-000857,-0.20984363555908203,-1.7706669569015503,1.3932236433029175,0.16759970784187317,True,-3.6017611026763916,-3.84238600730896,0.1,0.6031746031746031,0.984375,-3.7506144024189405,0.10868170857429504,-5.0,-3.5795669555664062,-4.53657865524292,-3.046297550201416,0.0
1316,ACH-000859,0.5666797161102295,-1.017931342124939,1.42086660861969,0.16374441981315613,True,-3.6025726795196533,-3.830697774887085,0.1,0.6129032258064516,0.96875,-3.7586227396657548,0.15075956284999847,-5.0,-3.5574941635131836,-4.739533424377441,-3.0910890102386475,0.0
1317,ACH-000876,-0.1936129331588745,-1.7842698097229004,1.4232968091964722,0.1673600673675537,True,-3.6321518421173096,-3.8540267944335938,0.1,0.6333333333333333,0.9375,-3.768163145142539,0.15985631942749023,-5.0,-3.5409622192382812,-5.114851951599121,-3.081920862197876,0.01666666753590107
1318,ACH-000902,0.37612950801849365,-1.193025827407837,1.4007210731506348,0.1684342920780182,True,-3.5574636459350586,-3.844963788986206,0.1,0.5483870967741935,0.96875,-3.775843209526905,0.12572181224822998,-5.0,-3.510930061340332,-4.40587854385376,-3.04325270652771,0.0
1319,ACH-000910,-0.2926757335662842,-1.867860198020935,1.4125734567642212,0.1626110076904297,True,-3.5923731327056885,-3.7673730850219727,0.1,0.6229508196721312,0.953125,-3.774996197076412,0.1330019235610962,-5.0,-3.5231451988220215,-5.172332286834717,-3.056258201599121,0.016393441706895828
1320,ACH-000927,1.0810606479644775,-0.4635585844516754,1.381744623184204,0.16287457942962646,True,-3.498241424560547,-3.813866138458252,0.1,0.5901639344262295,0.953125,-3.778883191214596,0.2073080837726593,-5.0,-3.424384355545044,-4.206671714782715,-3.0732269287109375,0.0
1321,ACH-000930,-0.31027793884277344,-1.8464637994766235,1.3669698238372803,0.16921599209308624,True,-3.6679348945617676,-3.9304347038269043,0.1,0.6065573770491803,0.953125,-3.794038342475827,0.11604076623916626,-5.0,-3.6024231910705566,-4.74030065536499,-3.063331127166748,0.0
1322,ACH-000934,-1.4964346885681152,-3.0383269786834717,1.3733153343200684,0.16857698559761047,True,-3.7194457054138184,-3.97882080078125,0.1,0.5636363636363636,0.859375,-3.8125165883063694,0.18141303956508636,-5.0,-3.5099003314971924,-4.894445419311523,-3.064746618270874,0.0
1323,ACH-001390,-1.7730967998504639,-3.303828716278076,1.3851617574691772,0.14557014405727386,True,-3.718095541000366,-3.9305953979492188,0.1,0.625,0.875,-3.824324469270654,0.12432250380516052,-5.0,-3.5349667072296143,-4.301065921783447,-3.0866732597351074,0.0
1324,ACH-001819,1.889115333557129,0.2345002442598343,1.483848214149475,0.17076678574085236,True,-3.4334371089935303,-3.6209371089935303,0.1,0.6507936507936508,0.984375,-3.803985733242942,0.15303167700767517,-5.0,-3.408571243286133,-4.473069190979004,-3.0324697494506836,0.0
1325,ACH-001820,0.15829944610595703,-1.3994742631912231,1.382513165473938,0.17526057362556458,True,-3.5497689247131348,-3.802893877029419,0.1,0.5873015873015873,0.984375,-3.803876547621589,0.08788920193910599,-5.0,-3.526749610900879,-4.532622337341309,-3.089878797531128,0.0
1326,ACH-000017,-0.7163834571838379,-2.2487952709198,1.3668270111083984,0.1655847430229187,True,-3.5665407180786133,-3.919665813446045,0.1,0.5573770491803278,0.953125,-3.8154554742040347,0.10787798464298248,-5.0,-3.496042490005493,-4.574881553649902,-3.0577774047851562,0.0
1327,ACH-000019,-1.1498411893844604,-2.6646430492401123,1.3509371280670166,0.16386473178863525,True,-3.7870893478393555,-3.8808393478393555,0.1,0.7068965517241379,0.90625,-3.821993861567567,0.13608551025390625,-5.0,-3.6616158485412598,-4.90578031539917,-3.0661206245422363,0.0
1328,ACH-000044,2.026113748550415,0.5662515759468079,1.2958192825317383,0.1640428900718689,True,-3.3214428424835205,-3.468317985534668,0.1,0.6779661016949152,0.921875,-3.786626273964277,0.141164168715477,-5.0,-3.179192543029785,-4.107481956481934,-2.840099334716797,0.0
1329,ACH-000097,0.8595309257507324,-0.6825194358825684,1.3859686851501465,0.1560816615819931,True,-3.625094413757324,-3.7844696044921875,0.1,0.6774193548387096,0.96875,-3.786410607017068,0.13074707984924316,-5.0,-3.5807430744171143,-4.255364894866943,-3.0879204273223877,0.0
1330,ACH-000111,0.5123617649078369,-1.0518243312835693,1.3966174125671387,0.1675686538219452,True,-3.6494574546813965,-3.8244574069976807,0.1,0.6885245901639344,0.953125,-3.7902152870151293,0.15329936146736145,-5.0,-3.5830373764038086,-4.784106731414795,-3.052527904510498,0.0
1331,ACH-000117,1.2514219284057617,-0.33203771710395813,1.4150547981262207,0.16840486228466034,True,-3.449638843536377,-3.8152637481689453,0.1,0.5161290322580645,0.96875,-3.7927201331305107,0.11308756470680237,-5.0,-3.399627208709717,-4.109100818634033,-3.0866010189056396,0.0
1332,ACH-000147,0.8374922871589661,-0.810809314250946,1.4806504249572754,0.16765113174915314,True,-3.587308168411255,-3.7654333114624023,0.1,0.5901639344262295,0.953125,-3.7899914509637,0.11872243881225586,-5.0,-3.517831325531006,-4.312725067138672,-3.077127456665039,0.0
1333,ACH-000148,0.5861589908599854,-1.0574111938476562,1.4790719747543335,0.1644982099533081,True,-3.692448616027832,-3.8268237113952637,0.1,0.6949152542372882,0.921875,-3.793674677006856,0.20682473480701447,-5.0,-3.581639289855957,-4.751951217651367,-3.0887203216552734,0.0
1334,ACH-000196,-0.06876826286315918,-1.6593961715698242,1.4204840660095215,0.17014379799365997,True,-3.66217303276062,-3.7965478897094727,0.1,0.6774193548387096,0.96875,-3.7939619982771178,0.1220274567604065,-5.0,-3.6190168857574463,-4.700465202331543,-3.058457851409912,0.0
1335,ACH-000212,-2.3202855587005615,-3.8490381240844727,1.3675732612609863,0.161179319024086,True,-3.71043062210083,-3.9166808128356934,0.1,0.6379310344827587,0.90625,-3.8062338797329756,0.09095007181167603,-5.0,-3.577026844024658,-5.347216606140137,-3.091063976287842,0.017241379246115685
1336,ACH-000223,-1.0363788604736328,-2.6093244552612305,1.4093648195266724,0.16358071565628052,True,-3.6088030338287354,-3.918178081512451,0.1,0.5172413793103449,0.90625,-3.8174282999109233,0.17240303754806519,-5.0,-3.464885711669922,-4.53492546081543,-3.0884602069854736,0.0
1337,ACH-000248,0.004159092903137207,-1.5798492431640625,1.4152977466583252,0.16871054470539093,True,-3.5653023719787598,-3.8278021812438965,0.1,0.5645161290322581,0.96875,-3.8184656880442205,0.0965961366891861,-5.0,-3.519021511077881,-4.831879615783691,-3.0454328060150146,0.0
1338,ACH-000258,-0.08039700984954834,-1.6202812194824219,1.3704112768173218,0.16947293281555176,True,-3.746596336364746,-4.0059709548950195,0.1,0.6271186440677966,0.921875,-3.8372162147293003,0.1833217740058899,-5.0,-3.6403756141662598,-4.502660751342773,-3.1694111824035645,0.0
1339,ACH-000276,0.25161075592041016,-1.2528859376907349,1.3445907831192017,0.15990588068962097,True,-3.6134681701660156,-3.8415932655334473,0.1,0.6065573770491803,0.953125,-3.837653919809715,0.15753822028636932,-5.0,-3.5452780723571777,-4.740911483764648,-3.0746803283691406,0.0
1340,ACH-000277,1.969351053237915,0.4032891094684601,1.4002834558486938,0.16577845811843872,True,-3.4960150718688965,-3.6710150241851807,0.1,0.6290322580645161,0.96875,-3.8209900302472612,0.1540999412536621,-5.0,-3.4474992752075195,-4.398968696594238,-3.0552375316619873,0.0
1341,ACH-000288,0.13756859302520752,-1.5119695663452148,1.4877533912658691,0.16178476810455322,True,-3.575086832046509,-3.8500866889953613,0.1,0.6129032258064516,0.96875,-3.8238996961220715,0.1388467699289322,-5.0,-3.5291216373443604,-4.448280334472656,-3.088369369506836,0.0
1342,ACH-000330,0.55426424741745,-0.9635007977485657,1.3522953987121582,0.16546964645385742,True,-3.5867741107940674,-3.864899158477783,0.1,0.5666666666666667,0.9375,-3.8279996423576423,0.1852712482213974,-5.0,-3.4925591945648193,-4.37435245513916,-3.0717861652374268,0.0
1343,ACH-000349,0.19121921062469482,-1.4293898344039917,1.4452778100967407,0.17533129453659058,True,-3.7364485263824463,-3.8051986694335938,0.1,0.7627118644067796,0.921875,-3.8257195450652377,0.17985191941261292,-5.0,-3.6293678283691406,-4.666686058044434,-3.086015224456787,0.0
1344,ACH-000352,0.377971887588501,-1.1942230463027954,1.4014441967010498,0.17075073719024658,True,-3.4927120208740234,-3.686462163925171,0.1,0.6724137931034483,0.90625,-3.811793806951231,0.15908832848072052,-5.0,-3.3367855548858643,-4.426938056945801,-2.981955051422119,0.0
1345,ACH-000374,1.5332144498825073,0.021184131503105164,1.350622296333313,0.16140802204608917,True,-3.5754737854003906,-3.7910988330841064,0.1,0.625,1.0,-3.8097243095645186,0.16796943545341492,-5.0,-3.5754737854003906,-4.727736473083496,-3.0827138423919678,0.0
1346,ACH-000536,1.356288194656372,-0.14263904094696045,1.340537667274475,0.15838956832885742,True,-3.566251277923584,-3.803750991821289,0.1,0.6666666666666666,0.984375,-3.8091269777901955,0.1596868336200714,-5.0,-3.5434932708740234,-4.365263938903809,-3.090961456298828,0.0
1347,ACH-000554,-0.20077764987945557,-1.7924067974090576,1.424160122871399,0.1674690544605255,True,-3.579298496246338,-3.8386735916137695,0.1,0.5901639344262295,0.953125,-3.812081639172553,0.0903070792555809,-5.0,-3.509427785873413,-4.514286994934082,-3.091114044189453,0.0
1348,ACH-000568,2.333956480026245,0.7876215577125549,1.3838093280792236,0.1625257134437561,True,-3.3056979179382324,-3.568197727203369,0.1,0.5873015873015873,0.984375,-3.7876932479756347,0.16277700662612915,-5.0,-3.2788045406341553,-4.104338645935059,-2.9864139556884766,0.0
1349,ACH-000573,0.8618111610412598,-0.661231279373169,1.3533515930175781,0.16969087719917297,True,-3.484625816345215,-3.675251007080078,0.1,0.6,0.9375,-3.7764490238860793,0.11226879805326462,-5.0,-3.383601188659668,-4.409082412719727,-3.042104482650757,0.0
1350,ACH-000621,0.05449175834655762,-1.5252876281738281,1.418205738067627,0.16157370805740356,True,-3.657320022583008,-3.8416948318481445,0.1,0.576271186440678,0.921875,-3.7829736046822857,0.1836298406124115,-5.0,-3.5435335636138916,-4.644538402557373,-3.08790922164917,0.0
1351,ACH-000624,-1.26956045627594,-2.8636648654937744,1.427024006843567,0.16708040237426758,True,-3.765523672103882,-3.8905234336853027,0.1,0.8,0.9375,-3.7937285875825872,0.11856954544782639,-5.0,-3.683225393295288,-4.59773063659668,-3.0383682250976562,0.0
1352,ACH-000643,-0.930802583694458,-2.530087471008301,1.4307340383529663,0.16855084896087646,True,-3.6029577255249023,-3.846707582473755,0.1,0.5833333333333334,0.9375,-3.799026487071704,0.10588230937719345,-5.0,-3.509821653366089,-5.181199550628662,-3.0898070335388184,0.01666666753590107
1353,ACH-000668,-0.13584017753601074,-1.7576371431350708,1.4530749320983887,0.16872204840183258,True,-3.75103759765625,-3.847912549972534,0.1,0.7457627118644068,0.921875,-3.803915093361787,0.12056003510951996,-5.0,-3.645193338394165,-4.848191738128662,-3.067981243133545,0.0
1354,ACH-000691,-0.4163033962249756,-1.9378178119659424,1.366102933883667,0.1554114818572998,True,-3.7315802574157715,-3.900330066680908,0.1,0.5964912280701754,0.890625,-3.8135565906936995,0.20799291133880615,-5.0,-3.5758092403411865,-4.538936614990234,-3.0459327697753906,0.0
1355,ACH-000699,0.78749680519104,-0.7311196327209473,1.3502602577209473,0.16835612058639526,True,-3.509221315383911,-3.6654715538024902,0.1,0.6935483870967742,0.96875,-3.7987480870045784,0.13393226265907288,-5.0,-3.4611318111419678,-4.309484481811523,-3.0897867679595947,0.0
1356,ACH-000711,0.639855682849884,-0.89752596616745,1.373989224433899,0.16339242458343506,True,-3.5294928550720215,-3.8607425689697266,0.1,0.49206349206349204,0.984375,-3.804947535201093,0.15585112571716309,-5.0,-3.5061516761779785,-4.261974334716797,-3.077418804168701,0.0
1357,ACH-000725,0.5251156091690063,-1.0198094844818115,1.3875324726104736,0.15739265084266663,True,-3.6128952503204346,-3.794145345687866,0.1,0.6935483870967742,0.96875,-3.8038673162497707,0.09878699481487274,-5.0,-3.5681498050689697,-4.81312894821167,-3.0914406776428223,0.0
1358,ACH-000755,-1.1524032354354858,-2.6982839107513428,1.3886237144470215,0.15725697576999664,True,-3.611062526702881,-3.8110625743865967,0.1,0.6440677966101694,0.921875,-3.804586842063453,0.12126386910676956,-5.0,-3.4933559894561768,-4.281666278839111,-3.085902690887451,0.0
1359,ACH-000759,0.8238043189048767,-0.7602446675300598,1.4232525825500488,0.1607963740825653,True,-3.5272560119628906,-3.7616310119628906,0.1,0.6,0.9375,-3.800291259053397,0.14796307682991028,-5.0,-3.4290733337402344,-4.9978532791137695,-3.0651822090148926,0.0
1360,ACH-000768,-1.0836082696914673,-2.7145445346832275,1.4782347679138184,0.1527014523744583,True,-3.7183642387390137,-3.8964896202087402,0.1,0.7049180327868853,0.953125,-3.8099110951689314,0.07157116383314133,-5.0,-3.6553330421447754,-5.478006362915039,-3.081125259399414,0.016393441706895828
1361,ACH-000783,1.3273214101791382,-0.20738288760185242,1.3647969961166382,0.1699073314666748,True,-3.561546564102173,-3.7459216117858887,0.1,0.5873015873015873,0.984375,-3.803512146830627,0.14594849944114685,-5.0,-3.5387139320373535,-4.66728401184082,-3.0828285217285156,0.0
1362,ACH-000818,4.562844276428223,3.092757225036621,1.3036384582519531,0.16644829511642456,True,-2.957867383956909,-3.1453676223754883,0.1,0.639344262295082,0.953125,-3.7376976943851137,0.19614648818969727,-5.0,-2.8574345111846924,-3.734133005142212,-2.5975728034973145,0.0
1363,ACH-000828,1.6487644910812378,0.09423749148845673,1.3904049396514893,0.1641220599412918,True,-3.192272901535034,-3.3672728538513184,0.1,0.5964912280701754,0.890625,-3.700655210331734,0.16516897082328796,-5.0,-2.970271110534668,-3.619248867034912,-2.7274928092956543,0.0
1364,ACH-000849,0.06151688098907471,-1.5354413986206055,1.440155029296875,0.15680329501628876,True,-3.6650519371032715,-3.85880184173584,0.1,0.639344262295082,0.953125,-3.7164698734721444,0.08731439709663391,-5.0,-3.599398374557495,-4.467311382293701,-3.03851318359375,0.0
1365,ACH-000856,-0.4781225919723511,-1.9481524229049683,1.3116599321365356,0.15836983919143677,True,-3.6041746139526367,-3.8197996616363525,0.1,0.6129032258064516,0.96875,-3.7268028522885652,0.12520453333854675,-5.0,-3.559147834777832,-4.362907409667969,-3.0504865646362305,0.0
1366,ACH-000857,1.0408117771148682,-0.5335865616798401,1.4216898679733276,0.152708500623703,True,-3.5964856147766113,-3.7371106147766113,0.1,0.6774193548387096,0.96875,-3.7278336285373697,0.14687395095825195,-5.0,-3.551210641860962,-4.341800212860107,-3.046297550201416,0.0
1367,ACH-000859,-1.5197982788085938,-3.089036703109741,1.4049327373504639,0.1643057018518448,True,-3.6224021911621094,-3.9192771911621094,0.1,0.5833333333333334,0.9375,-3.7469779847998437,0.11837448924779892,-5.0,-3.53056263923645,-4.5354743003845215,-3.0910890102386475,0.0
1368,ACH-000876,0.9362173676490784,-0.6051574349403381,1.3741912841796875,0.16718348860740662,True,-3.529069423675537,-3.7821946144104004,0.1,0.6229508196721312,0.953125,-3.7504996477608996,0.13419556617736816,-5.0,-3.456728458404541,-4.344069004058838,-3.081920862197876,0.0
1369,ACH-000902,1.3118833303451538,-0.2934294044971466,1.4465621709823608,0.15875054895877838,True,-3.5805447101593018,-3.6836695671081543,0.1,0.746031746031746,0.984375,-3.743816639695625,0.1640239953994751,-5.0,-3.558013916015625,-4.253406047821045,-3.04325270652771,0.0
1370,ACH-000910,-0.9112339019775391,-2.404043674468994,1.3426012992858887,0.15020853281021118,True,-3.657653570175171,-3.926403760910034,0.1,0.6451612903225806,0.96875,-3.762075351817066,0.12065275013446808,-5.0,-3.614351987838745,-4.999001502990723,-3.056258201599121,0.0
1371,ACH-000927,-0.7439113855361938,-2.231004476547241,1.32998788356781,0.15710517764091492,True,-3.644277334213257,-3.8130273818969727,0.1,0.6379310344827587,0.90625,-3.7671705548250567,0.13353772461414337,-5.0,-3.504030227661133,-4.7079315185546875,-3.0732269287109375,0.0
1372,ACH-000930,0.43544769287109375,-1.0692877769470215,1.3471579551696777,0.1575775444507599,True,-3.6690893173217773,-3.7690892219543457,0.1,0.6949152542372882,0.921875,-3.7673624215379857,0.18185633420944214,-5.0,-3.556300401687622,-4.619095802307129,-3.063331127166748,0.0
1373,ACH-000934,-0.22379016876220703,-1.7952067852020264,1.4073374271392822,0.16407917439937592,True,-3.648627996444702,-3.754877805709839,0.1,0.6779661016949152,0.921875,-3.766113959955171,0.1125868558883667,-5.0,-3.534104585647583,-4.414991855621338,-3.064746618270874,0.0
1374,ACH-001390,-1.5796539783477783,-3.085179090499878,1.3643678426742554,0.14115726947784424,True,-3.707638740539551,-3.8451385498046875,0.1,0.6610169491525424,0.921875,-3.774016418940123,0.15867796540260315,-5.0,-3.598116636276245,-4.876772880554199,-3.0866732597351074,0.0
1375,ACH-001819,1.2875843048095703,-0.21193565428256989,1.3375076055526733,0.16201236844062805,True,-3.383497714996338,-3.586622714996338,0.1,0.6349206349206349,0.984375,-3.7552770485457447,0.09048131108283997,-5.0,-3.3578391075134277,-3.8628320693969727,-3.0324697494506836,0.0
1376,ACH-001820,0.514064371585846,-0.9718713164329529,1.3238632678985596,0.16207239031791687,True,-3.682512044906616,-3.7981371879577637,0.1,0.6935483870967742,0.96875,-3.7595630624869467,0.15012213587760925,-5.0,-3.640012264251709,-4.372200012207031,-3.089878797531128,0.0
1377,ACH-000017,0.04760158061981201,-1.4407850503921509,1.3346019983291626,0.1537846326828003,True,-3.6665940284729004,-3.757218837738037,0.1,0.6949152542372882,0.921875,-3.7593286400120554,0.20151358842849731,-5.0,-3.553593635559082,-4.741936683654785,-3.0577774047851562,0.0
1378,ACH-000019,-0.26294076442718506,-1.8182116746902466,1.4029995203018188,0.15227144956588745,True,-3.6828718185424805,-3.864121675491333,0.1,0.6101694915254238,0.921875,-3.769807943559983,0.17742811143398285,-5.0,-3.5712506771087646,-4.390317916870117,-3.0661206245422363,0.0
1379,ACH-000044,1.5210838317871094,0.10765504837036133,1.254328727722168,0.1591000258922577,True,-3.287769317626953,-3.33151912689209,0.1,0.8,0.9375,-3.725979061893194,0.1793670803308487,-5.0,-3.1736207008361816,-4.246888637542725,-2.840099334716797,0.0
1380,ACH-000097,-0.606695294380188,-2.148164987564087,1.3930178880691528,0.14845184981822968,True,-3.6911821365356445,-3.8130571842193604,0.1,0.7049180327868853,0.953125,-3.7346868741258104,0.1358977109193802,-5.0,-3.6268138885498047,-6.008278846740723,-3.0879204273223877,0.016393441706895828
1381,ACH-000111,-0.8157812356948853,-2.3479557037353516,1.3721387386322021,0.16003569960594177,True,-3.7131218910217285,-3.83187198638916,0.1,0.711864406779661,0.921875,-3.7444053853521453,0.1228594034910202,-5.0,-3.604064464569092,-4.869069576263428,-3.052527904510498,0.0
1382,ACH-000117,-0.0002162456512451172,-1.5126123428344727,1.3535141944885254,0.15888190269470215,True,-3.5650315284729004,-3.780656576156616,0.1,0.639344262295082,0.953125,-3.748030504432592,0.1241530328989029,-5.0,-3.4944591522216797,-4.198901176452637,-3.0866010189056396,0.0
1383,ACH-000147,-1.100614309310913,-2.7043535709381104,1.4461028575897217,0.15763646364212036,True,-3.7137084007263184,-3.8699584007263184,0.1,0.6166666666666667,0.9375,-3.7602232940619644,0.11921536922454834,-5.0,-3.627955913543701,-4.841723918914795,-3.077127456665039,0.0
1384,ACH-000148,-0.8381587266921997,-2.4136838912963867,1.4256794452667236,0.14984576404094696,True,-3.711432456970215,-3.8739326000213623,0.1,0.6551724137931034,0.90625,-3.771594224657904,0.15642908215522766,-5.0,-3.5781326293945312,-4.248960018157959,-3.0887203216552734,0.0
1385,ACH-000196,0.4069077968597412,-1.1407188177108765,1.387312412261963,0.16031423211097717,True,-3.647155523300171,-3.7784054279327393,0.1,0.6557377049180327,0.953125,-3.772275344985388,0.1638951599597931,-5.0,-3.5806219577789307,-4.520246505737305,-3.058457851409912,0.0
1386,ACH-000212,0.2997249364852905,-1.227312684059143,1.3700690269470215,0.1569685935974121,True,-3.6027369499206543,-3.8402366638183594,0.1,0.5967741935483871,0.96875,-3.779071476868685,0.12104559689760208,-5.0,-3.557663917541504,-4.7223405838012695,-3.091063976287842,0.0
1387,ACH-000223,0.01497185230255127,-1.4784257411956787,1.340380311012268,0.1530173122882843,True,-3.607785224914551,-3.8327853679656982,0.1,0.6166666666666667,0.9375,-3.784442865978386,0.19622057676315308,-5.0,-3.5149712562561035,-4.540799140930176,-3.0884602069854736,0.0
1388,ACH-000248,0.9532302021980286,-0.6121161580085754,1.4044487476348877,0.1608976423740387,True,-3.5461230278015137,-3.846122980117798,0.1,0.5645161290322581,0.96875,-3.7906108773923277,0.18020936846733093,-5.0,-3.4992237091064453,-4.498537063598633,-3.0454328060150146,0.0
1389,ACH-000258,-0.19414424896240234,-1.7716748714447021,1.4202755689620972,0.15725505352020264,True,-3.764397382736206,-3.9425222873687744,0.1,0.7049180327868853,0.953125,-3.805802018389972,0.18416951596736908,-5.0,-3.703629970550537,-4.443564414978027,-3.1694111824035645,0.0
1390,ACH-000276,-0.6259881258010864,-2.08221435546875,1.3025641441345215,0.1536620706319809,True,-3.6587774753570557,-3.9025275707244873,0.1,0.6440677966101694,0.921875,-3.8154745736234235,0.10711970925331116,-5.0,-3.545114517211914,-4.740911483764648,-3.0746803283691406,0.0
1391,ACH-000277,1.2436970472335815,-0.25656619668006897,1.34225594997406,0.1580072045326233,True,-3.528101921081543,-3.6749768257141113,0.1,0.6612903225806451,0.96875,-3.8014247988324925,0.13746672868728638,-5.0,-3.480621099472046,-4.425445079803467,-3.0552375316619873,0.0
1392,ACH-000288,-1.3374273777008057,-3.0189549922943115,1.5317381620407104,0.1497894525527954,True,-3.5728511810302734,-4.035351276397705,0.1,0.4067796610169492,0.921875,-3.8248174465890137,0.061671141535043716,-5.0,-3.451906681060791,-4.239691734313965,-3.088369369506836,0.0
1393,ACH-000330,0.06667697429656982,-1.4400640726089478,1.3440979719161987,0.16264310479164124,True,-3.579005479812622,-3.9758806228637695,0.1,0.6,0.9375,-3.839923764216489,0.1616126000881195,-5.0,-3.4842727184295654,-4.753240585327148,-3.0717861652374268,0.0
1394,ACH-000349,1.3502752780914307,-0.13405315577983856,1.330430030822754,0.15389832854270935,True,-3.5857434272766113,-3.8232436180114746,0.1,0.5967741935483871,0.96875,-3.8382557495959877,0.22260232269763947,-5.0,-3.5401220321655273,-4.9670634269714355,-3.086015224456787,0.0
1395,ACH-000352,1.7622729539871216,0.26286980509757996,1.3457063436508179,0.15369682013988495,True,-3.3629775047302246,-3.6411023139953613,0.1,0.5737704918032787,0.953125,-3.818540406035925,0.0989350974559784,-5.0,-3.28246808052063,-4.877385139465332,-2.981955051422119,0.0
1396,ACH-000374,-0.752149224281311,-2.2834231853485107,1.372921109199524,0.1583528071641922,True,-3.6654891967773438,-3.8529891967773438,0.1,0.603448275862069,0.90625,-3.8219852851100664,0.1591314673423767,-5.0,-3.5274362564086914,-4.559448719024658,-3.0827136039733887,0.0
1397,ACH-000536,0.2460564374923706,-1.2960869073867798,1.3865330219268799,0.15561029314994812,True,-3.623589038848877,-3.779839038848877,0.1,0.6271186440677966,0.921875,-3.8177706604839474,0.1488797515630722,-5.0,-3.506943941116333,-4.4691596031188965,-3.090961456298828,0.0
1398,ACH-000554,0.7726271152496338,-0.735230565071106,1.3501356840133667,0.15772201120853424,True,-3.5458555221557617,-3.798980474472046,0.1,0.6190476190476191,0.984375,-3.8158916418827573,0.13380683958530426,-5.0,-3.5227739810943604,-4.747971057891846,-3.091114044189453,0.0
1399,ACH-000568,1.0730550289154053,-0.4460527300834656,1.363558053970337,0.1555497944355011,True,-3.307764768600464,-3.5546398162841797,0.1,0.5901639344262295,0.953125,-3.7897664593228995,0.11713999509811401,-5.0,-3.2245399951934814,-3.9643359184265137,-2.9864139556884766,0.0
1400,ACH-000573,-0.5486797094345093,-2.076204538345337,1.3672754764556885,0.16024930775165558,True,-3.5472800731658936,-3.6535301208496094,0.1,0.7457627118644068,0.921875,-3.7761428254755702,0.10419517755508423,-5.0,-3.424168109893799,-4.864229202270508,-3.042104482650757,0.0
1401,ACH-000621,-0.03433084487915039,-1.5881319046020508,1.3946411609649658,0.15915992856025696,True,-3.6435441970825195,-3.8435440063476562,0.1,0.6774193548387096,0.96875,-3.782882943562779,0.11589543521404266,-5.0,-3.599787473678589,-4.659337520599365,-3.08790922164917,0.0
1402,ACH-000624,0.9397887587547302,-0.5775472521781921,1.3588095903396606,0.15852639079093933,True,-3.592695474624634,-3.7770705223083496,0.1,0.6984126984126984,0.984375,-3.7823017014373357,0.1502467691898346,-5.0,-3.57035756111145,-4.926140308380127,-3.0383682250976562,0.0
1403,ACH-000643,-0.04224705696105957,-1.5793335437774658,1.3820604085922241,0.15502603352069855,True,-3.6693458557128906,-3.800595760345459,0.1,0.6935483870967742,0.96875,-3.784131107328148,0.1104365736246109,-5.0,-3.6264214515686035,-4.614120960235596,-3.0898070335388184,0.0
1404,ACH-000668,1.3337821960449219,-0.21287870407104492,1.3875038623809814,0.15915700793266296,True,-3.529818534851074,-3.764193534851074,0.1,0.6190476190476191,0.984375,-3.7821373500804407,0.12577542662620544,-5.0,-3.5064826011657715,-4.592103004455566,-3.067981243133545,0.0
1405,ACH-000691,-0.1978529691696167,-1.7452727556228638,1.3895957469940186,0.15782399475574493,True,-3.6718544960021973,-3.746854543685913,0.1,0.7049180327868853,0.953125,-3.778609069440988,0.1354966163635254,-5.0,-3.6065356731414795,-4.827103614807129,-3.0459327697753906,0.0
1406,ACH-000699,0.1923009157180786,-1.3700313568115234,1.4079086780548096,0.1544235646724701,True,-3.5694425106048584,-3.7913174629211426,0.1,0.6451612903225806,0.96875,-3.7798799087890034,0.11226662993431091,-5.0,-3.5232956409454346,-4.254878044128418,-3.0897867679595947,0.0
1407,ACH-000711,-0.4559168815612793,-1.974168300628662,1.3653974533081055,0.15285401046276093,True,-3.7398529052734375,-3.8492279052734375,0.1,0.7333333333333333,0.9375,-3.7868147084374466,0.1350695639848709,-5.0,-3.6558432579040527,-4.7638020515441895,-3.077418804168701,0.0
1408,ACH-000725,0.21136391162872314,-1.2860734462738037,1.3464666604995728,0.1509706974029541,True,-3.607452392578125,-3.82307767868042,0.1,0.5901639344262295,0.953125,-3.790441005461744,0.1773444414138794,-5.0,-3.538966417312622,-4.738292694091797,-3.0914406776428223,0.0
1409,ACH-000755,1.3493332862854004,-0.18654613196849823,1.377553939819336,0.1583254635334015,True,-3.555086851119995,-3.648837089538574,0.1,0.7301587301587301,0.984375,-3.7762806138694267,0.15186819434165955,-5.0,-3.5321521759033203,-4.759498596191406,-3.085902690887451,0.0
1410,ACH-000759,1.8395804166793823,0.3185217082500458,1.367018461227417,0.15404018759727478,True,-3.5136473178863525,-3.6042723655700684,0.1,0.7301587301587301,0.984375,-3.759079789039491,0.19070497155189514,-5.0,-3.4900546073913574,-4.295238018035889,-3.0651822090148926,0.0
1411,ACH-000768,0.09792912006378174,-1.4412307739257812,1.3912707567214966,0.1478891372680664,True,-3.708796739578247,-3.8525466918945312,0.1,0.6612903225806451,0.96875,-3.7684264793249946,0.17263171076774597,-5.0,-3.667144775390625,-4.706765174865723,-3.081125259399414,0.0
1412,ACH-000783,-0.024532198905944824,-1.5456486940383911,1.3709391355514526,0.15017731487751007,True,-3.5874643325805664,-3.9218392372131348,0.1,0.6129032258064516,0.96875,-3.7837677551138085,0.08941025286912918,-5.0,-3.541898488998413,-4.644690036773682,-3.0828285217285156,0.0
1413,ACH-000818,0.837425172328949,-0.5877628922462463,1.2752026319503784,0.14998537302017212,True,-3.17183256149292,-3.34370756149292,0.1,0.6363636363636364,0.859375,-3.7397617357517197,0.11066126823425293,-5.0,-2.872677803039551,-3.648796319961548,-2.609245538711548,0.0
1414,ACH-000828,-0.31006038188934326,-1.8197250366210938,1.3567826747894287,0.1528819352388382,True,-3.2426445484161377,-3.3957693576812744,0.1,0.6428571428571429,0.875,-3.7053624979446753,0.08047355711460114,-5.0,-2.991593599319458,-4.429193496704102,-2.7274928092956543,0.0
1415,ACH-000849,-1.5087971687316895,-2.988901138305664,1.3352768421173096,0.14482706785202026,True,-3.778377056121826,-3.8158769607543945,0.1,0.8448275862068966,0.90625,-3.716413944225647,0.09157444536685944,-5.0,-3.6520020961761475,-4.774600982666016,-3.03851318359375,0.0
1416,ACH-000856,-1.8804230690002441,-3.4247324466705322,1.3889681100845337,0.15534120798110962,True,-3.650702953338623,-3.8288278579711914,0.1,0.6206896551724138,0.90625,-3.7276553356002013,0.19020405411720276,-5.0,-3.511120557785034,-4.8271074295043945,-3.0504865646362305,0.0
1417,ACH-000857,-0.20942258834838867,-1.7738698720932007,1.4117491245269775,0.15269817411899567,True,-3.6189768314361572,-3.8096017837524414,0.1,0.6557377049180327,0.953125,-3.7358499804154253,0.16367927193641663,-5.0,-3.5510575771331787,-4.787389755249023,-3.046297550201416,0.0
1418,ACH-000859,-2.0664117336273193,-3.570237159729004,1.3517351150512695,0.15209031105041504,True,-3.624615430831909,-3.95274019241333,0.1,0.5,0.875,-3.757539001615216,0.14731085300445557,-5.0,-3.4281320571899414,-4.288206100463867,-3.0910890102386475,0.0
1419,ACH-000876,1.3945800065994263,-0.1277424544095993,1.3616652488708496,0.16065713763237,True,-3.5076816082000732,-3.723306655883789,0.1,0.6349206349206349,0.984375,-3.7541157670420735,0.15944360196590424,-5.0,-3.483994483947754,-4.829081058502197,-3.081920862197876,0.0
1420,ACH-000902,-1.297232747077942,-2.806182384490967,1.3574994802474976,0.15145012736320496,True,-3.679018497467041,-3.8633933067321777,0.1,0.6610169491525424,0.921875,-3.765043521011084,0.12266252934932709,-5.0,-3.567070960998535,-4.711846828460693,-3.04325270652771,0.0
1421,ACH-000910,0.2955437898635864,-1.2094852924346924,1.351735234260559,0.15329384803771973,True,-3.700310707092285,-3.853435516357422,0.1,0.6557377049180327,0.953125,-3.7738827205457177,0.1530783325433731,-5.0,-3.6363914012908936,-4.927915573120117,-3.056258201599121,0.0
1422,ACH-000927,1.054183006286621,-0.4232276678085327,1.3275184631347656,0.14989221096038818,True,-3.571345090866089,-3.6775951385498047,0.1,0.7,0.9375,-3.7642539623461264,0.14724838733673096,-5.0,-3.476101875305176,-4.2744646072387695,-3.0732269287109375,0.0
1423,ACH-000930,-0.3840935230255127,-1.9562962055206299,1.4204163551330566,0.15178632736206055,True,-3.6259288787841797,-3.7946789264678955,0.1,0.5932203389830508,0.921875,-3.7672964587583033,0.15670892596244812,-5.0,-3.5094821453094482,-4.437491416931152,-3.063331127166748,0.0
1424,ACH-000934,1.3892892599105835,-0.14058856666088104,1.3767064809799194,0.15317127108573914,True,-3.6058077812194824,-3.7433078289031982,0.1,0.7096774193548387,0.96875,-3.764897595772793,0.13677474856376648,-5.0,-3.560833692550659,-4.774682521820068,-3.064746618270874,0.0
1425,ACH-001390,-0.6483044624328613,-2.133756399154663,1.3522896766662598,0.13316227495670319,True,-3.6726503372192383,-3.8351502418518066,0.1,0.6779661016949152,0.921875,-3.7719228603806942,0.0966046079993248,-5.0,-3.5601630210876465,-4.969740867614746,-3.0866732597351074,0.0
1426,ACH-001819,1.7581945657730103,0.24892830848693848,1.351457953453064,0.1578083038330078,True,-3.4164185523986816,-3.59454345703125,0.1,0.6885245901639344,0.953125,-3.7541849200457498,0.15484580397605896,-5.0,-3.3385372161865234,-4.0694966316223145,-3.0324697494506836,0.0
1427,ACH-001820,1.2841461896896362,-0.19847989082336426,1.3346805572509766,0.1479455530643463,True,-3.5603861808776855,-3.6853861808776855,0.1,0.6451612903225806,0.96875,-3.747305046128943,0.14190205931663513,-5.0,-3.513947010040283,-4.216170787811279,-3.089878797531128,0.0
1428,ACH-000017,0.5738832354545593,-0.8728727698326111,1.2991390228271484,0.1476169377565384,True,-3.5914509296417236,-3.757075786590576,0.1,0.639344262295082,0.953125,-3.7482821201751064,0.11523276567459106,-5.0,-3.5221781730651855,-4.458456516265869,-3.0577774047851562,0.0
1429,ACH-000019,-0.7746211290359497,-2.301933765411377,1.3826749324798584,0.14463773369789124,True,-3.692063331604004,-3.835813045501709,0.1,0.6610169491525424,0.921875,-3.7570352127077666,0.1576928198337555,-5.0,-3.581221342086792,-5.078091621398926,-3.0661206245422363,0.016949152573943138
1430,ACH-000044,2.5090253353118896,1.0573978424072266,1.3005465269088745,0.15108099579811096,True,-3.1770095825195312,-3.358259439468384,0.1,0.5901639344262295,0.953125,-3.7171576353838285,0.1781967282295227,-5.0,-3.0873541831970215,-4.067142486572266,-2.8362197875976562,0.0
1431,ACH-000097,-0.8750962018966675,-2.4002950191497803,1.3823795318603516,0.14281931519508362,True,-3.699270009994507,-3.843019962310791,0.1,0.6,0.9375,-3.729743868076525,0.15050655603408813,-5.0,-3.6125545501708984,-4.571140766143799,-3.0879204273223877,0.0
1432,ACH-000111,0.45414435863494873,-1.0213723182678223,1.3194983005523682,0.15601834654808044,True,-3.5867507457733154,-3.7617506980895996,0.1,0.5901639344262295,0.953125,-3.7329445510778325,0.18414992094039917,-5.0,-3.5172462463378906,-4.784106731414795,-3.052527904510498,0.0
1433,ACH-000117,1.386580228805542,-0.1268567442893982,1.3621187210083008,0.15131817758083344,True,-3.543738603591919,-3.7062387466430664,0.1,0.6666666666666666,0.984375,-3.730273970634356,0.1656881421804428,-5.0,-3.5206234455108643,-4.296463489532471,-3.0866010189056396,0.0
1434,ACH-000147,-2.276498794555664,-3.865067958831787,1.440402865409851,0.1481662094593048,True,-3.758418083190918,-4.027168273925781,0.1,0.6896551724137931,0.90625,-3.7599634009634983,0.13026133179664612,-5.0,-3.629978656768799,-4.573007106781006,-3.077127456665039,0.0
1435,ACH-000148,-1.6630632877349854,-3.2978622913360596,1.4807788133621216,0.15402013063430786,True,-3.763188362121582,-3.8944385051727295,0.1,0.6851851851851852,0.84375,-3.7734109113844214,0.15457841753959656,-5.0,-3.534149169921875,-5.0961761474609375,-2.8049168586730957,0.018518518656492233
1436,ACH-000196,0.17573821544647217,-1.3232624530792236,1.3474235534667969,0.1515771448612213,True,-3.5574429035186768,-3.841817855834961,0.1,0.6129032258064516,0.96875,-3.7802516058294753,0.12432938814163208,-5.0,-3.510908603668213,-4.729124546051025,-3.058457851409912,0.0
1437,ACH-000212,1.687096118927002,0.12411931902170181,1.3994340896606445,0.1635427325963974,True,-3.543179512023926,-3.6775543689727783,0.1,0.6825396825396826,0.984375,-3.7699818821438056,0.15298405289649963,-5.0,-3.5200552940368652,-4.096960067749023,-3.091063976287842,0.0
1438,ACH-000223,1.1942031383514404,-0.33054372668266296,1.3693981170654297,0.15534880757331848,True,-3.5059328079223633,-3.7090580463409424,0.1,0.6129032258064516,0.96875,-3.763889498563519,0.15821272134780884,-5.0,-3.4577369689941406,-4.497952461242676,-3.0884602069854736,0.0
1439,ACH-000248,0.42095184326171875,-1.1159321069717407,1.379787564277649,0.15709638595581055,True,-3.7009618282318115,-3.7978367805480957,0.1,0.7096774193548387,0.96875,-3.767284226761977,0.18388968706130981,-5.0,-3.6590569019317627,-4.446925163269043,-3.0454328060150146,0.0
1440,ACH-000258,-1.775925874710083,-3.2482411861419678,1.3189375400543213,0.1533777266740799,True,-3.6746959686279297,-4.00282096862793,0.1,0.5254237288135594,0.921875,-3.790837900948572,0.16085954010486603,-5.0,-3.5623819828033447,-5.528717041015625,-3.1694111824035645,0.016949152573943138
1441,ACH-000276,-1.2142574787139893,-2.7397711277008057,1.3675129413604736,0.15800076723098755,True,-3.654787063598633,-3.873537063598633,0.1,0.5833333333333334,0.9375,-3.799107817213578,0.08680737018585205,-5.0,-3.5651063919067383,-4.848460674285889,-3.0746803283691406,0.0
1442,ACH-000277,0.16309630870819092,-1.3578424453735352,1.3663283586502075,0.15461042523384094,True,-3.4935832023620605,-3.731083393096924,0.1,0.6333333333333333,0.9375,-3.7923053748019124,0.1249275803565979,-5.0,-3.393155574798584,-4.507667541503906,-3.0552375316619873,0.0
1443,ACH-000288,1.121695876121521,-0.5006508827209473,1.4682508707046509,0.154095858335495,True,-3.636422634124756,-3.7239222526550293,0.1,0.7142857142857143,0.984375,-3.785467062587224,0.1873561441898346,-5.0,-3.614778518676758,-5.112071990966797,-3.088369369506836,0.01587301678955555
1444,ACH-000330,0.6847227811813354,-0.9090878963470459,1.4349974393844604,0.1588132530450821,True,-3.6195547580718994,-3.753929615020752,0.1,0.7166666666666667,0.9375,-3.782313317830577,0.17480221390724182,-5.0,-3.5275251865386963,-4.687503337860107,-3.0717861652374268,0.0
1445,ACH-000349,0.30161774158477783,-1.1951360702514648,1.346587896347046,0.15016591548919678,True,-3.6126341819763184,-3.797009229660034,0.1,0.6229508196721312,0.953125,-3.7837829090135227,0.17783677577972412,-5.0,-3.544402837753296,-4.38439416885376,-3.086015224456787,0.0
1446,ACH-000352,1.5185658931732178,-0.007613084279000759,1.3741041421890259,0.15207481384277344,True,-3.3614654541015625,-3.645840644836426,0.1,0.6166666666666667,0.9375,-3.7699886825958133,0.16985994577407837,-5.0,-3.252229928970337,-3.98114013671875,-2.981955051422119,0.0
1447,ACH-000374,1.238783597946167,-0.318489134311676,1.400215744972229,0.15705695748329163,True,-3.5053374767303467,-3.836587429046631,0.1,0.53125,1.0,-3.7766485572408954,0.1558649241924286,-5.0,-3.5053374767303467,-4.335103511810303,-3.0827138423919678,0.0
1448,ACH-000536,1.2296197414398193,-0.2613300085067749,1.344986915588379,0.14596284925937653,True,-3.5402774810791016,-3.737152576446533,0.1,0.5483870967741935,0.96875,-3.7726989591614593,0.16740897297859192,-5.0,-3.493189573287964,-4.844409942626953,-3.090961456298828,0.0
1449,ACH-000554,-0.6939797401428223,-2.2057089805603027,1.3580354452133179,0.1536937952041626,True,-3.6244211196899414,-3.7337961196899414,0.1,0.6949152542372882,0.921875,-3.7688086752143075,0.09668875485658646,-5.0,-3.5078465938568115,-4.182911396026611,-3.091114044189453,0.0
1450,ACH-000568,0.7852360606193542,-0.7789958119392395,1.4157665967941284,0.1484653353691101,True,-3.3081674575805664,-3.7175424098968506,0.1,0.47540983606557374,0.953125,-3.7636820486825617,0.13949468731880188,-5.0,-3.2249627113342285,-4.557628154754639,-2.9864139556884766,0.0
1451,ACH-000573,1.337852120399475,-0.0906553640961647,1.2822288274765015,0.14627863466739655,True,-3.392644166946411,-3.7395191192626953,0.1,0.6129032258064516,0.96875,-3.7612657557405753,0.18592819571495056,-5.0,-3.3407938480377197,-4.559545040130615,-3.042104482650757,0.0
1452,ACH-000621,-0.40336358547210693,-1.9521733522415161,1.3949154615402222,0.1538943350315094,True,-3.6903841495513916,-3.8122589588165283,0.1,0.6779661016949152,0.921875,-3.7663650760481704,0.14144101738929749,-5.0,-3.579399585723877,-5.2098588943481445,-3.08790922164917,0.016949152573943138
1453,ACH-000624,-1.3630149364471436,-2.975592851638794,1.4508405923843384,0.1617373526096344,True,-3.652967691421509,-3.8529677391052246,0.1,0.6101694915254238,0.921875,-3.7750253423538758,0.09905517846345901,-5.0,-3.5388123989105225,-4.677008628845215,-3.0383682250976562,0.0
1454,ACH-000643,1.2587203979492188,-0.26611870527267456,1.3715429306030273,0.15329614281654358,True,-3.5640172958374023,-3.7577672004699707,0.1,0.6190476190476191,0.984375,-3.773299528165485,0.16810691356658936,-5.0,-3.541224241256714,-4.401505470275879,-3.0898070335388184,0.0
1455,ACH-000668,0.7609671354293823,-0.7845051288604736,1.3920142650604248,0.15345799922943115,True,-3.701160430908203,-3.776160717010498,0.1,0.7377049180327869,0.953125,-3.7735856470499862,0.19663462042808533,-5.0,-3.6372828483581543,-4.330677509307861,-3.067981243133545,0.0
1456,ACH-000691,1.6815658807754517,0.11854937672615051,1.4081922769546509,0.15482425689697266,True,-3.4944634437561035,-3.6850883960723877,0.1,0.640625,1.0,-3.7647359219522265,0.12302498519420624,-5.0,-3.4944634437561035,-4.422239303588867,-3.0459327697753906,0.0
1457,ACH-000699,-0.4339561462402344,-1.9973055124282837,1.4115164279937744,0.1518329679965973,True,-3.702188014984131,-3.845937967300415,0.1,0.7368421052631579,0.890625,-3.7728561264870453,0.1636011004447937,-5.0,-3.5428075790405273,-4.2875895500183105,-3.0897867679595947,0.0
1458,ACH-000711,-0.2447894811630249,-1.7414103746414185,1.3458094596862793,0.15081146359443665,True,-3.704049825668335,-3.844674825668335,0.1,0.65,0.9375,-3.7800379964051745,0.12024318426847458,-5.0,-3.6176536083221436,-5.135055065155029,-3.077418804168701,0.01666666753590107
1459,ACH-000725,0.9370809197425842,-0.5853492617607117,1.3739680051803589,0.14846211671829224,True,-3.5274596214294434,-3.771209716796875,0.1,0.6507936507936508,0.984375,-3.7791551684443445,0.1378677785396576,-5.0,-3.5040862560272217,-4.458155632019043,-3.0914406776428223,0.0
1460,ACH-000755,0.0811007022857666,-1.4555418491363525,1.3847047090530396,0.15193778276443481,True,-3.5570225715637207,-3.70389723777771,0.1,0.6451612903225806,0.96875,-3.771629375377681,0.13662728667259216,-5.0,-3.510474443435669,-4.432056903839111,-3.085902690887451,0.0
1461,ACH-000759,1.5333445072174072,0.07784226536750793,1.3065816164016724,0.14892059564590454,True,-3.4515814781188965,-3.6265816688537598,0.1,0.6507936507936508,0.984375,-3.7571246047252886,0.12817837297916412,-5.0,-3.427003860473633,-4.522243499755859,-3.0651822090148926,0.0
1462,ACH-000768,0.5732094645500183,-0.939041793346405,1.365742802619934,0.14650848507881165,True,-3.593266487121582,-3.8057665824890137,0.1,0.639344262295082,0.953125,-3.7619888025016612,0.09428118914365768,-5.0,-3.524082660675049,-4.706765174865723,-3.081125259399414,0.0
1463,ACH-000783,0.8657350540161133,-0.6126132011413574,1.3308922052383423,0.14745599031448364,True,-3.5338222980499268,-3.7931971549987793,0.1,0.5967741935483871,0.96875,-3.765109637751373,0.145230233669281,-5.0,-3.4865262508392334,-4.171947479248047,-3.0828285217285156,0.0
1464,ACH-000818,1.4600725173950195,-0.0016845380887389183,1.3100210428237915,0.15173599123954773,True,-3.137388229370117,-3.274888277053833,0.1,0.6785714285714286,0.875,-3.716087501681619,0.20895522832870483,-5.0,-2.8713009357452393,-3.7836475372314453,-2.60329008102417,0.0
1465,ACH-000828,2.7846903800964355,1.274765968322754,1.3599578142166138,0.14996670186519623,True,-3.130828619003296,-3.274578332901001,0.1,0.7,0.9375,-3.671936584803557,0.15604853630065918,-5.0,-3.0062170028686523,-3.53072452545166,-2.7274928092956543,0.0
1466,ACH-000849,-3.7952523231506348,-5.279925346374512,1.3439443111419678,0.14072877168655396,True,-3.687917470932007,-3.9035425186157227,0.1,0.625,0.875,-3.6950971781847737,0.08577248454093933,-5.0,-3.5004773139953613,-4.485418796539307,-3.03851318359375,0.0
1467,ACH-000856,-0.6378664970397949,-2.1451973915100098,1.363182783126831,0.14414817094802856,True,-3.603799343109131,-3.78192400932312,0.1,0.6825396825396826,0.984375,-3.7037798612986084,0.13622774183750153,-5.0,-3.581637382507324,-5.205138206481934,-3.0504865646362305,0.01587301678955555
1468,ACH-000857,0.404636025428772,-1.105136752128601,1.3627187013626099,0.14705407619476318,True,-3.559629440307617,-3.747129440307617,0.1,0.5806451612903226,0.96875,-3.7081148191995092,0.08311809599399567,-5.0,-3.5131657123565674,-4.794647693634033,-3.046297550201416,0.0
1469,ACH-000859,0.6417231559753418,-0.8640732765197754,1.3513482809066772,0.15444821119308472,True,-3.569943428039551,-3.7668185234069824,0.1,0.6774193548387096,0.96875,-3.7139851896202565,0.1802578866481781,-5.0,-3.5238125324249268,-4.577980995178223,-3.0910890102386475,0.0
1470,ACH-000876,-2.5112786293029785,-4.028552055358887,1.3704826831817627,0.14679062366485596,True,-3.597817897796631,-3.757193088531494,0.1,0.6271186440677966,0.921875,-3.7183059795113804,0.10120682418346405,-5.0,-3.4789891242980957,-4.785275459289551,-3.081920862197876,0.0
1471,ACH-000902,-1.9925260543823242,-3.493415117263794,1.3559378385543823,0.1449512243270874,True,-3.6129701137542725,-3.8629698753356934,0.1,0.5666666666666667,0.9375,-3.7327723690938117,0.08369986712932587,-5.0,-3.5205018520355225,-4.836633205413818,-3.04325270652771,0.0
1472,ACH-000910,0.23764276504516602,-1.222782015800476,1.3146835565567017,0.14574125409126282,True,-3.5862038135528564,-3.8049538135528564,0.1,0.6101694915254238,0.921875,-3.739990513539716,0.17489218711853027,-5.0,-3.466390609741211,-4.569729804992676,-3.056258201599121,0.0
1473,ACH-000927,0.8213381767272949,-0.6832501888275146,1.3590055704116821,0.14558273553848267,True,-3.5182435512542725,-3.715118646621704,0.1,0.6451612903225806,0.96875,-3.7375033268479143,0.1491498351097107,-5.0,-3.470444917678833,-4.6535491943359375,-3.0732269287109375,0.0
1474,ACH-000930,0.895977795124054,-0.5925881266593933,1.336675763130188,0.15189017355442047,True,-3.5750620365142822,-3.7188119888305664,0.1,0.6666666666666666,0.984375,-3.735634193046179,0.11814557015895844,-5.0,-3.5524442195892334,-4.39923095703125,-3.063331127166748,0.0
1475,ACH-000934,0.043243408203125,-1.4558578729629517,1.3471965789794922,0.15190467238426208,True,-3.5986173152923584,-3.792367458343506,0.1,0.6666666666666666,0.9375,-3.7413075195759116,0.11580242216587067,-5.0,-3.5051920413970947,-4.33588981628418,-3.064746618270874,0.0
1476,ACH-001390,0.110679030418396,-1.3800572156906128,1.3585479259490967,0.1321883499622345,True,-3.5873727798461914,-3.7436227798461914,0.1,0.6065573770491803,0.953125,-3.7415390456029396,0.16253218054771423,-5.0,-3.5178990364074707,-4.7467169761657715,-3.0260307788848877,0.0
1477,ACH-001819,1.845587968826294,0.3000018000602722,1.3934217691421509,0.1521645039319992,True,-3.4747276306152344,-3.5841026306152344,0.1,0.6721311475409836,0.953125,-3.725795404104169,0.17568662762641907,-5.0,-3.399714231491089,-4.385676383972168,-3.0324697494506836,0.0
1478,ACH-001820,-0.9594192504882812,-2.5220398902893066,1.4163281917572021,0.14629244804382324,True,-3.607064962387085,-3.7695648670196533,0.1,0.6666666666666666,0.9375,-3.7301723503957174,0.11871396750211716,-5.0,-3.51420259475708,-4.319777488708496,-3.089878797531128,0.0
1479,ACH-000017,-0.5175609588623047,-2.0332534313201904,1.3686610460281372,0.1470314860343933,True,-3.6698105335235596,-3.835435628890991,0.1,0.6333333333333333,0.9375,-3.7406986782452445,0.21699392795562744,-5.0,-3.58113169670105,-5.1636786460876465,-3.0577774047851562,0.01666666753590107
1480,ACH-000019,0.6437607407569885,-0.9635034203529358,1.460867166519165,0.1463969498872757,True,-3.6445817947387695,-3.747706651687622,0.1,0.6833333333333333,0.9375,-3.7413994755894824,0.12955302000045776,-5.0,-3.554220676422119,-4.193994045257568,-3.0661206245422363,0.0
1481,ACH-000044,0.09127700328826904,-1.3170711994171143,1.2626194953918457,0.1457287073135376,True,-3.2912654876708984,-3.4912655353546143,0.1,0.6551724137931034,0.90625,-3.7163860815659957,0.1673370599746704,-5.0,-3.114499807357788,-3.964913845062256,-2.8362197875976562,0.0
1482,ACH-000097,0.3552687168121338,-1.0990039110183716,1.3187744617462158,0.13549813628196716,True,-3.527061939239502,-3.9270620346069336,0.1,0.5483870967741935,0.96875,-3.7374536768700892,0.17072387039661407,-5.0,-3.4795477390289307,-4.6449480056762695,-3.0879204273223877,0.0
1483,ACH-000111,-1.2217885255813599,-2.708869457244873,1.3383820056915283,0.14869897067546844,True,-3.612351894378662,-3.887352228164673,0.1,0.5423728813559322,0.921875,-3.7524435319995475,0.11665382236242294,-5.0,-3.4947547912597656,-4.441627502441406,-3.052527904510498,0.0
1484,ACH-000117,-0.7931320667266846,-2.3360018730163574,1.3934826850891113,0.14938706159591675,True,-3.5982766151428223,-3.7951512336730957,0.1,0.5862068965517241,0.90625,-3.7567143021669023,0.14310356974601746,-5.0,-3.453270673751831,-4.886593818664551,-3.0866010189056396,0.0
1485,ACH-000147,-0.7388952970504761,-2.386810541152954,1.5018712282180786,0.14604400098323822,True,-3.683276653289795,-3.870776653289795,0.1,0.5333333333333333,0.9375,-3.7681205372791915,0.12243040651082993,-5.0,-3.5954952239990234,-4.89534854888916,-3.077127456665039,0.0
1486,ACH-000148,-0.9275801181793213,-2.492743492126465,1.4268602132797241,0.1383032202720642,True,-3.6392035484313965,-3.7954535484313965,0.1,0.6440677966101694,0.921875,-3.770853838394412,0.10662592202425003,-5.0,-3.5238819122314453,-4.260258197784424,-3.0887203216552734,0.0
1487,ACH-000196,0.2857491970062256,-1.2107553482055664,1.346145749092102,0.15035884082317352,True,-3.6682252883911133,-3.8151001930236816,0.1,0.6935483870967742,0.96875,-3.775278473857339,0.1603815257549286,-5.0,-3.6252646446228027,-4.75844669342041,-3.058457851409912,0.0
1488,ACH-000212,0.8701956272125244,-0.617402195930481,1.33432137966156,0.1532764732837677,True,-3.587175130844116,-3.790300130844116,0.1,0.6065573770491803,0.953125,-3.7767806395560166,0.11307849735021591,-5.0,-3.5176918506622314,-4.795085430145264,-3.091063976287842,0.0
1489,ACH-000223,-6.001315116882324,-7.493064880371094,1.344977617263794,0.14677196741104126,True,-3.5806398391723633,-3.7368898391723633,0.1,0.5862068965517241,0.90625,-3.772791559517651,0.0889073982834816,-5.0,-3.433809518814087,-4.184229850769043,-3.0884602069854736,0.0
1490,ACH-000248,-0.18257570266723633,-1.6348280906677246,1.2991464138031006,0.1531059741973877,True,-3.603102207183838,-3.762477159500122,0.1,0.6,0.9375,-3.771760119515898,0.13153286278247833,-5.0,-3.5099759101867676,-4.170526504516602,-3.0454328060150146,0.0
1491,ACH-000258,-6.057007789611816,-7.578201770782471,1.371394395828247,0.14979933202266693,True,-3.807770252227783,-3.9233951568603516,0.1,0.7090909090909091,0.859375,-3.786923623250343,0.07553288340568542,-5.0,-3.612678289413452,-4.496015548706055,-3.0958642959594727,0.0
1492,ACH-000276,0.854242742061615,-0.6212339997291565,1.330544114112854,0.14493267238140106,True,-3.542583465576172,-3.7582082748413086,0.1,0.5737704918032787,0.953125,-3.7840520884094393,0.1982399970293045,-5.0,-3.470906972885132,-4.875575065612793,-3.0746803283691406,0.0
1493,ACH-000277,1.184883713722229,-0.3242379426956177,1.35867178440094,0.15044988691806793,True,-3.549042224884033,-3.6146674156188965,0.1,0.7457627118644068,0.921875,-3.767113621130385,0.14939549565315247,-5.0,-3.426079750061035,-4.527400970458984,-3.0552375316619873,0.0
1494,ACH-000288,0.3881392478942871,-1.222387671470642,1.4646176099777222,0.14590933918952942,True,-3.629795551300049,-3.757920742034912,0.1,0.6721311475409836,0.953125,-3.7661943332208376,0.1342594027519226,-5.0,-3.562408208847046,-4.718299865722656,-3.088369369506836,0.0
1495,ACH-000330,-0.08924734592437744,-1.636661410331726,1.3946514129638672,0.15276268124580383,True,-3.637388229370117,-3.865513324737549,0.1,0.6557377049180327,0.953125,-3.7761262323725084,0.13021905720233917,-5.0,-3.5703742504119873,-4.827865123748779,-3.0717861652374268,0.0
1496,ACH-000349,0.17257213592529297,-1.324074387550354,1.351898431777954,0.14474806189537048,True,-3.585937976837158,-3.7484378814697266,0.1,0.6333333333333333,0.9375,-3.77335739728223,0.0960966944694519,-5.0,-3.4916672706604004,-4.843051910400391,-3.086015224456787,0.0
1497,ACH-000352,1.565256118774414,0.03398589789867401,1.3801681995391846,0.15110203623771667,True,-3.3571131229400635,-3.6414880752563477,0.1,0.6166666666666667,0.9375,-3.7601704650796415,0.1674690842628479,-5.0,-3.247587203979492,-3.958369255065918,-2.981955051422119,0.0
1498,ACH-000374,-0.09242808818817139,-1.5207505226135254,1.2787516117095947,0.1495707929134369,True,-3.6072020530700684,-3.8134520053863525,0.1,0.5666666666666667,0.9375,-3.7654986191103124,0.14231884479522705,-5.0,-3.5143489837646484,-4.4993181228637695,-3.0827136039733887,0.0
1499,ACH-000536,0.9788327217102051,-0.4766906201839447,1.311373233795166,0.14415016770362854,True,-3.5603137016296387,-3.7259387969970703,0.1,0.6666666666666666,0.984375,-3.761542636898988,0.16914445161819458,-5.0,-3.537461757659912,-4.580967903137207,-3.090961456298828,0.0
1500,ACH-000554,1.4942303895950317,0.017366565763950348,1.3358993530273438,0.14096449315547943,True,-3.47752046585083,-3.715020179748535,0.1,0.6349206349206349,0.984375,-3.756890391183943,0.14610067009925842,-5.0,-3.4533541202545166,-4.006058692932129,-3.091114044189453,0.0
1501,ACH-000568,1.6684983968734741,0.1540796309709549,1.3687573671340942,0.14566132426261902,True,-3.3743538856506348,-3.536853790283203,0.1,0.6721311475409836,0.953125,-3.734886731093869,0.19602328538894653,-5.0,-3.294403553009033,-4.356776237487793,-2.9864139556884766,0.0
1502,ACH-000573,-0.8477891683578491,-2.4035749435424805,1.403237223625183,0.15254855155944824,True,-3.4632620811462402,-3.6382617950439453,0.1,0.5901639344262295,0.953125,-3.7252242374888764,0.11343878507614136,-5.0,-3.3876845836639404,-5.458390712738037,-3.042104482650757,0.016393441706895828
1503,ACH-000621,0.37467753887176514,-1.192069172859192,1.4127379655838013,0.15400879085063934,True,-3.570986747741699,-3.7334866523742676,0.1,0.6031746031746031,0.984375,-3.7260504789774154,0.11928607523441315,-5.0,-3.548304319381714,-4.644538402557373,-3.08790922164917,0.0
1504,ACH-000624,0.7825745940208435,-0.7291598916053772,1.3643665313720703,0.147367924451828,True,-3.56819486618042,-3.758820056915283,0.1,0.7142857142857143,0.984375,-3.7293274367712024,0.14472350478172302,-5.0,-3.545468330383301,-4.707758903503418,-3.0383682250976562,0.0
1505,ACH-000643,1.1782245635986328,-0.3029821515083313,1.3356013298034668,0.14560529589653015,True,-3.534778594970703,-3.706653594970703,0.1,0.6031746031746031,0.984375,-3.727060052591152,0.18151509761810303,-5.0,-3.511521100997925,-4.614120960235596,-3.0898070335388184,0.0
1506,ACH-000668,0.1921919584274292,-1.3232775926589966,1.3671857118606567,0.14828380942344666,True,-3.5998682975769043,-3.8061184883117676,0.1,0.5833333333333334,0.9375,-3.7349658961632133,0.1871933490037918,-5.0,-3.506526470184326,-4.635100364685059,-3.067981243133545,0.0
1507,ACH-000691,0.5947239398956299,-0.8379205465316772,1.2892847061157227,0.1433597356081009,True,-3.644131898880005,-3.741006851196289,0.1,0.6774193548387096,0.96875,-3.735569991666521,0.17527587711811066,-5.0,-3.6003940105438232,-4.843071937561035,-3.0459327697753906,0.0
1508,ACH-000699,0.745424747467041,-0.7395955324172974,1.3352051973342896,0.14981503784656525,True,-3.556928873062134,-3.653803825378418,0.1,0.7096774193548387,0.96875,-3.727393375037711,0.1386980414390564,-5.0,-3.510377883911133,-4.556816101074219,-3.089787006378174,0.0
1509,ACH-000711,0.8771136999130249,-0.5967036485671997,1.3217906951904297,0.15202662348747253,True,-3.597693920135498,-3.7320690155029297,0.1,0.6935483870967742,0.96875,-3.7278609390842328,0.14621350169181824,-5.0,-3.5524580478668213,-4.727956295013428,-3.077418804168701,0.0
1510,ACH-000725,1.1484861373901367,-0.29065999388694763,1.2888509035110474,0.15029525756835938,True,-3.511073589324951,-3.6704487800598145,0.1,0.640625,1.0,-3.7221197231817906,0.1515870988368988,-5.0,-3.511073589324951,-4.513262748718262,-3.091440439224243,0.0
1511,ACH-000755,-0.7947094440460205,-2.3334081172943115,1.3964347839355469,0.14226394891738892,True,-3.5957322120666504,-3.8426074981689453,0.1,0.6271186440677966,0.921875,-3.7341685006805063,0.16175565123558044,-5.0,-3.476726531982422,-4.726649761199951,-3.085902690887451,0.0
1512,ACH-000759,-0.12048995494842529,-1.618836760520935,1.3556790351867676,0.1426677703857422,True,-3.538094997406006,-3.6287198066711426,0.1,0.7457627118644068,0.921875,-3.7236236312795703,0.16557402908802032,-5.0,-3.4142048358917236,-4.266094207763672,-3.0651822090148926,0.0
1513,ACH-000768,0.257818341255188,-1.3503583669662476,1.4707627296447754,0.13741400837898254,True,-3.6078901290893555,-3.820390224456787,0.1,0.576271186440678,0.921875,-3.733300290597292,0.179040789604187,-5.0,-3.489914655685425,-4.139041900634766,-3.081125259399414,0.0
1514,ACH-000783,-1.676721453666687,-3.1325438022613525,1.309354305267334,0.14646801352500916,True,-3.6141202449798584,-3.779745101928711,0.1,0.5932203389830508,0.921875,-3.737944771730434,0.10065048187971115,-5.0,-3.4966728687286377,-4.2342305183410645,-3.0828285217285156,0.0
1515,ACH-000818,-1.3876621723175049,-2.805250883102417,1.27115797996521,0.14643079042434692,True,-3.137856960296631,-3.262856960296631,0.1,0.6727272727272727,0.859375,-3.6904359905870536,0.10534098744392395,-5.0,-2.8331425189971924,-3.5900745391845703,-2.60329008102417,0.0
1516,ACH-000828,-0.7381404638290405,-2.285278797149658,1.396653652191162,0.15048471093177795,True,-3.216667890548706,-3.3010427951812744,0.1,0.7543859649122807,0.890625,-3.6514966710464756,0.07247799634933472,-5.0,-2.997661828994751,-3.8072102069854736,-2.7423272132873535,0.0
1517,ACH-000849,-2.144383430480957,-3.6903345584869385,1.4017413854599,0.14420977234840393,True,-3.6942543983459473,-3.816129207611084,0.1,0.6885245901639344,0.953125,-3.667959924702936,0.16354306042194366,-5.0,-3.630037307739258,-4.597603797912598,-3.03851318359375,0.0
1518,ACH-000856,-0.3086947202682495,-1.7952991724014282,1.340448260307312,0.1461561620235443,True,-3.559122085571289,-3.7403719425201416,0.1,0.6,0.9375,-3.6752011264846565,0.0982189029455185,-5.0,-3.4630637168884277,-4.212991714477539,-3.0504865646362305,0.0
1519,ACH-000857,-1.6019032001495361,-3.078075408935547,1.3298574686050415,0.146314799785614,True,-3.6633872985839844,-3.847762107849121,0.1,0.603448275862069,0.90625,-3.692457224621103,0.16829542815685272,-5.0,-3.5251166820526123,-4.774847507476807,-3.046297550201416,0.0
1520,ACH-000859,0.25052201747894287,-1.2438596487045288,1.3510961532592773,0.14328552782535553,True,-3.673083782196045,-3.73870849609375,0.1,0.7540983606557377,0.953125,-3.6970823517683677,0.1968294233083725,-5.0,-3.6078250408172607,-4.601430892944336,-3.0910890102386475,0.0
1521,ACH-000876,0.5702630281448364,-0.8899315595626831,1.314021348953247,0.14617320895195007,True,-3.5167903900146484,-3.710540294647217,0.1,0.6129032258064516,0.96875,-3.6984281460562527,0.20093485713005066,-5.0,-3.468944787979126,-4.47343111038208,-3.081920862197876,0.0
1522,ACH-000902,0.17650127410888672,-1.3100738525390625,1.3434937000274658,0.14308138191699982,True,-3.6143269538879395,-3.7424521446228027,0.1,0.7258064516129032,0.96875,-3.7028305459129074,0.16063103079795837,-5.0,-3.5696277618408203,-4.769709587097168,-3.04325270652771,0.0
1523,ACH-000910,-0.16274821758270264,-1.6217049360275269,1.32258141040802,0.136375293135643,True,-3.6742169857025146,-3.742966890335083,0.1,0.7936507936507936,0.984375,-3.706844180355125,0.17951282858848572,-5.0,-3.6531729698181152,-4.900273323059082,-3.056258201599121,0.0
1524,ACH-000927,0.4167126417160034,-1.1160279512405396,1.387045979499817,0.14569467306137085,True,-3.562777042388916,-3.703402042388916,0.1,0.6721311475409836,0.953125,-3.7064999665585043,0.1506110578775406,-5.0,-3.492093801498413,-4.805353164672852,-3.0732269287109375,0.0
1525,ACH-000930,-1.3272143602371216,-2.839585304260254,1.3647639751434326,0.1476069688796997,True,-3.595712184906006,-3.72383713722229,0.1,0.7333333333333333,0.9375,-3.708233683624883,0.1027451902627945,-5.0,-3.5020928382873535,-4.224555969238281,-3.063331127166748,0.0
1526,ACH-000934,-0.8051807880401611,-2.276486873626709,1.327242374420166,0.14406371116638184,True,-3.579397678375244,-3.766897678375244,0.1,0.6229508196721312,0.953125,-3.714100083099919,0.14996042847633362,-5.0,-3.5095317363739014,-4.489226818084717,-3.064746618270874,0.0
1527,ACH-001390,0.014087438583374023,-1.462022304534912,1.3491451740264893,0.12696459889411926,True,-3.6190590858459473,-3.7503092288970947,0.1,0.6101694915254238,0.921875,-3.7177209976796366,0.15964113175868988,-5.0,-3.50203013420105,-4.238395690917969,-3.0866732597351074,0.0
1528,ACH-001819,2.0691330432891846,0.5437332987785339,1.3750189542770386,0.1503807008266449,True,-3.343691825866699,-3.543691635131836,0.1,0.6349206349206349,0.984375,-3.7003180614248565,0.0834398940205574,-5.0,-3.31740140914917,-3.984841823577881,-3.0227274894714355,0.0
1529,ACH-001820,-1.358841896057129,-2.865891218185425,1.364700436592102,0.14234891533851624,True,-3.6281447410583496,-3.728144884109497,0.1,0.7258064516129032,0.96875,-3.7031007436933203,0.0870235413312912,-5.0,-3.5838913917541504,-4.68597412109375,-3.089878797531128,0.0
1530,ACH-000017,0.37136566638946533,-1.0199400186538696,1.2500598430633545,0.14124581217765808,True,-3.548771619796753,-3.711271286010742,0.1,0.6774193548387096,0.96875,-3.7039177979250626,0.11394332349300385,-5.0,-3.501957416534424,-4.197769641876221,-2.2548840045928955,0.0
1531,ACH-000019,-0.3626675605773926,-1.8558794260025024,1.3555293083190918,0.13768254220485687,True,-3.6579933166503906,-3.757993221282959,0.1,0.6949152542372882,0.921875,-3.709325340260852,0.1672801673412323,-5.0,-3.5442638397216797,-4.90578031539917,-3.0661206245422363,0.0
1532,ACH-000044,2.4884729385375977,1.0696789026260376,1.2780988216400146,0.14069505035877228,True,-3.167475461959839,-3.2893505096435547,0.1,0.6774193548387096,0.96875,-3.6673278571991226,0.18569035828113556,-5.0,-3.1083617210388184,-3.9388115406036377,-2.8362197875976562,0.0
1533,ACH-000097,0.38360702991485596,-1.1286243200302124,1.38373863697052,0.12849271297454834,True,-3.5405938625335693,-3.693718910217285,0.1,0.6507936507936508,0.984375,-3.669966962500939,0.13746578991413116,-5.0,-3.5174288749694824,-4.398682594299316,-3.0879204273223877,0.0
1534,ACH-000111,1.0776846408843994,-0.4063953161239624,1.3384768962860107,0.14560304582118988,True,-3.452303886413574,-3.7679286003112793,0.1,0.578125,1.0,-3.6797631262819728,0.14384831488132477,-5.0,-3.452303886413574,-4.924792289733887,-3.052527904510498,0.0
1535,ACH-000117,0.5625613331794739,-0.9022364020347595,1.319512128829956,0.14528563618659973,True,-3.4412930011749268,-3.713168144226074,0.1,0.532258064516129,0.96875,-3.683103628076383,0.1828157901763916,-5.0,-3.391011953353882,-4.780011177062988,-3.0866010189056396,0.0
1536,ACH-000147,1.0625131130218506,-0.5653807520866394,1.4878395795822144,0.14005421102046967,True,-3.570363998413086,-3.7516140937805176,0.1,0.65625,1.0,-3.6899546746467964,0.13991659879684448,-5.0,-3.570363998413086,-4.89534854888916,-3.077127695083618,0.0
1537,ACH-000148,-4.71249532699585,-6.319199085235596,1.4591139554977417,0.14758963882923126,True,-3.783139705657959,-3.8487648963928223,0.1,0.7636363636363637,0.859375,-3.7058356968213992,0.08585965633392334,-5.0,-3.584017038345337,-4.6849822998046875,-3.0887203216552734,0.0
1538,ACH-000196,-0.15050160884857178,-1.6258370876312256,1.3267191648483276,0.14861634373664856,True,-3.635350227355957,-3.788475513458252,0.1,0.6101694915254238,0.921875,-3.714099678485084,0.15045979619026184,-5.0,-3.5197019577026367,-4.133418560028076,-3.058457851409912,0.0
1539,ACH-000212,0.17234349250793457,-1.3509455919265747,1.3772951364517212,0.14599397778511047,True,-3.57468581199646,-3.734060764312744,0.1,0.6290322580645161,0.96875,-3.71609578706785,0.16013401746749878,-5.0,-3.528707504272461,-4.465692520141602,-3.091063976287842,0.0
1540,ACH-000223,-0.028868675231933594,-1.5291353464126587,1.3595712184906006,0.1406954675912857,True,-3.6474037170410156,-3.778653621673584,0.1,0.6271186440677966,0.921875,-3.7223515705284234,0.16538006067276,-5.0,-3.5327768325805664,-4.436550617218018,-3.0884602069854736,0.0
1541,ACH-000248,-0.5944970846176147,-2.159609794616699,1.4129408597946167,0.15217188000679016,True,-3.6604697704315186,-3.7792201042175293,0.1,0.6779661016949152,0.921875,-3.728038423897334,0.14505353569984436,-5.0,-3.546950578689575,-4.895081996917725,-3.0454328060150146,0.0
1542,ACH-000258,-0.4872092008590698,-1.9939788579940796,1.3608920574188232,0.1458776593208313,True,-3.7272071838378906,-3.858457088470459,0.1,0.6166666666666667,0.9375,-3.7410802903546463,0.10420170426368713,-5.0,-3.6423542499542236,-4.543989181518555,-3.1694111824035645,0.0
1543,ACH-000276,0.33834171295166016,-1.211439609527588,1.4007560014724731,0.14902527630329132,True,-3.623030662536621,-3.810530424118042,0.1,0.6557377049180327,0.953125,-3.748025303730986,0.15782850980758667,-5.0,-3.5553107261657715,-4.740911483764648,-3.0746803283691406,0.0
1544,ACH-000277,1.0584075450897217,-0.3891119062900543,1.304522156715393,0.14299724996089935,True,-3.4576492309570312,-3.5857741832733154,0.1,0.639344262295082,0.953125,-3.7318001916852186,0.1270015686750412,-5.0,-3.381795644760132,-4.608165740966797,-3.0552375316619873,0.0
1545,ACH-000288,-0.28636980056762695,-1.8217459917068481,1.3993051052093506,0.1360711008310318,True,-3.708059310913086,-3.786184310913086,0.1,0.7166666666666667,0.9375,-3.737238603608005,0.18186122179031372,-5.0,-3.6219301223754883,-4.628750324249268,-3.088369369506836,0.0
1546,ACH-000330,-0.6860649585723877,-2.1194283962249756,1.2903496026992798,0.14301380515098572,True,-3.6484899520874023,-3.754739999771118,0.1,0.7049180327868853,0.953125,-3.7389887432243163,0.15115989744663239,-5.0,-3.582021951675415,-4.753240585327148,-3.0717861652374268,0.0
1547,ACH-000349,-1.3001656532287598,-2.814347267150879,1.3660314083099365,0.148150235414505,True,-3.6871092319488525,-3.7152340412139893,0.1,0.85,0.9375,-3.7366132730232837,0.12419934570789337,-5.0,-3.599583387374878,-4.37514591217041,-3.086015224456787,0.0
1548,ACH-000352,0.15987944602966309,-1.3185182809829712,1.3337739706039429,0.1446237564086914,True,-3.4579310417175293,-3.5673060417175293,0.1,0.6440677966101694,0.921875,-3.7196825498927084,0.15181194245815277,-5.0,-3.327247142791748,-4.0284199714660645,-2.981955051422119,0.0
1549,ACH-000374,-0.7984724044799805,-2.2985246181488037,1.3532204627990723,0.1468317061662674,True,-3.708779811859131,-3.808779716491699,0.1,0.711864406779661,0.921875,-3.7285922665526074,0.13396576046943665,-5.0,-3.5993542671203613,-4.251904010772705,-3.0827136039733887,0.0
1550,ACH-000536,1.3088325262069702,-0.2289474755525589,1.390269160270691,0.14751093089580536,True,-3.5439114570617676,-3.643911361694336,0.1,0.6935483870967742,0.96875,-3.72012417606678,0.17625701427459717,-5.0,-3.496940851211548,-4.302377223968506,-3.090961456298828,0.0
1551,ACH-000554,-1.0454343557357788,-2.5222105979919434,1.3307243585586548,0.14605189859867096,True,-3.699228286743164,-3.7711033821105957,0.1,0.7586206896551724,0.90625,-3.7252220966711618,0.17167335748672485,-5.0,-3.5646660327911377,-4.5042924880981445,-3.091114044189453,0.0
1552,ACH-000568,1.5550572872161865,0.040360599756240845,1.366597056388855,0.1480996459722519,True,-3.4267232418060303,-3.517348051071167,0.1,0.7,0.9375,-3.704434692111162,0.18287688493728638,-5.0,-3.321838140487671,-4.507194995880127,-2.9864139556884766,0.0
1553,ACH-000573,1.1819730997085571,-0.2791767418384552,1.314272165298462,0.14687763154506683,True,-3.4521169662475586,-3.595867156982422,0.1,0.6774193548387096,0.96875,-3.6935779385982883,0.15725308656692505,-5.0,-3.4021852016448975,-4.394880771636963,-3.0263335704803467,0.0
1554,ACH-000621,-1.0880858898162842,-2.53364634513855,1.3058139085769653,0.13974657654762268,True,-3.6516590118408203,-3.8360342979431152,0.1,0.6101694915254238,0.921875,-3.707823574532771,0.13693073391914368,-5.0,-3.5373928546905518,-4.72273588180542,-3.08790922164917,0.0
1555,ACH-000624,-0.39033758640289307,-1.868681788444519,1.3333808183670044,0.1449633538722992,True,-3.6021764278411865,-3.7584264278411865,0.1,0.6065573770491803,0.953125,-3.7128838598636125,0.15429681539535522,-5.0,-3.533431053161621,-4.4423346519470215,-3.0383682250976562,0.0
1556,ACH-000643,1.1466230154037476,-0.37307605147361755,1.3686915636062622,0.15100747346878052,True,-3.5730671882629395,-3.6824419498443604,0.1,0.671875,1.0,-3.709839668861687,0.19465401768684387,-5.0,-3.5730671882629395,-4.988070011138916,-3.0898072719573975,0.0
1557,ACH-000668,0.2362140417098999,-1.2634155750274658,1.3508764505386353,0.14875313639640808,True,-3.616743326187134,-3.7823684215545654,0.1,0.5737704918032787,0.953125,-3.7170925441309746,0.16605138778686523,-5.0,-3.5487141609191895,-4.76585054397583,-3.067981243133545,0.0
1558,ACH-000691,0.9297279119491577,-0.590036153793335,1.3707621097564697,0.14900192618370056,True,-3.5346970558166504,-3.7409470081329346,0.1,0.5967741935483871,0.96875,-3.719477990531171,0.14305724203586578,-5.0,-3.487429141998291,-4.498558044433594,-3.0459327697753906,0.0
1559,ACH-000699,-0.010077595710754395,-1.4281184673309326,1.27474844455719,0.1432923972606659,True,-3.5626730918884277,-3.678297996520996,0.1,0.639344262295082,0.953125,-3.7153599911301534,0.13843722641468048,-5.0,-3.4919846057891846,-4.231079578399658,-3.0897867679595947,0.0
1560,ACH-000711,0.23505592346191406,-1.2347347736358643,1.3244147300720215,0.14537599682807922,True,-3.528916358947754,-3.732041358947754,0.1,0.6507936507936508,0.984375,-3.7170281279119135,0.09908667206764221,-5.0,-3.505566120147705,-5.1182990074157715,-3.077418804168701,0.01587301678955555
1561,ACH-000725,0.48344022035598755,-0.9941694140434265,1.3340275287628174,0.14358216524124146,True,-3.498924732208252,-3.6801745891571045,0.1,0.6349206349206349,0.984375,-3.7133427740364326,0.11383074522018433,-5.0,-3.4750983715057373,-4.835768699645996,-3.0914406776428223,0.0
1562,ACH-000755,0.28753530979156494,-1.1694881916046143,1.3103713989257812,0.14665213227272034,True,-3.4900002479553223,-3.6806254386901855,0.1,0.6229508196721312,0.953125,-3.710071040501808,0.11049671471118927,-5.0,-3.4157378673553467,-4.35405158996582,-3.085902690887451,0.0
1563,ACH-000759,1.829142689704895,0.3137432336807251,1.3705291748046875,0.14487022161483765,True,-3.4166979789733887,-3.594822883605957,0.1,0.5714285714285714,0.984375,-3.698546224812223,0.1787756383419037,-5.0,-3.391566514968872,-4.638061046600342,-3.0651822090148926,0.0
1564,ACH-000768,-1.5138490200042725,-3.0663161277770996,1.4079843759536743,0.14448268711566925,True,-3.6868252754211426,-3.8274502754211426,0.1,0.6779661016949152,0.921875,-3.711436629873115,0.11197040230035782,-5.0,-3.5755393505096436,-4.706765174865723,-3.081125259399414,0.0
1565,ACH-000783,-0.47887301445007324,-1.9870342016220093,1.3597527742385864,0.1484084129333496,True,-3.5832061767578125,-3.8363311290740967,0.1,0.5833333333333334,0.9375,-3.7239260797932134,0.17281711101531982,-5.0,-3.488753080368042,-4.273041725158691,-3.0828285217285156,0.0
1566,ACH-000818,1.7852163314819336,0.3603819012641907,1.2787859439849854,0.14604851603507996,True,-2.9861817359924316,-3.1518068313598633,0.1,0.6440677966101694,0.921875,-3.6667141549498785,0.18123364448547363,-5.0,-2.815519094467163,-3.306401491165161,-2.5975732803344727,0.0
1567,ACH-000828,-0.30679166316986084,-1.8485137224197388,1.4018340110778809,0.13988804817199707,True,-3.2433600425720215,-3.440234899520874,0.1,0.6181818181818182,0.859375,-3.644066229406978,0.136600062251091,-5.0,-2.9559097290039062,-4.120335578918457,-2.7274928092956543,0.0
1568,ACH-000849,-0.23793911933898926,-1.6511954069137573,1.283178448677063,0.13007783889770508,True,-3.5739030838012695,-3.830152988433838,0.1,0.6129032258064516,0.96875,-3.6626749053096637,0.18058353662490845,-5.0,-3.5278995037078857,-4.642436981201172,-3.03851318359375,0.0
1569,ACH-000856,0.3244354724884033,-1.1994357109069824,1.3827028274536133,0.14116841554641724,True,-3.5582966804504395,-3.7457966804504395,0.1,0.6349206349206349,0.984375,-3.6709870828237414,0.1654558628797531,-5.0,-3.5354127883911133,-4.422857284545898,-3.0504865646362305,0.0
1570,ACH-000857,0.15724408626556396,-1.3301230669021606,1.343110203742981,0.14425697922706604,True,-3.633074998855591,-3.764324903488159,0.1,0.6721311475409836,0.953125,-3.680320864890183,0.16705083847045898,-5.0,-3.5658488273620605,-4.539816856384277,-2.4898576736450195,0.0
1571,ACH-000859,0.034096360206604004,-1.4121887683868408,1.2994922399520874,0.14679285883903503,True,-3.5518434047698975,-3.7862186431884766,0.1,0.5833333333333334,0.9375,-3.6909106427200125,0.110116146504879,-5.0,-3.4552998542785645,-4.400856018066406,-3.0910890102386475,0.0
1572,ACH-000876,0.869701087474823,-0.5948891043663025,1.318220853805542,0.1463693380355835,True,-3.500298023223877,-3.781548023223877,0.1,0.5483870967741935,0.96875,-3.699974380770399,0.1294572353363037,-5.0,-3.451920509338379,-4.344069004058838,-3.081920862197876,0.0
1573,ACH-000902,-0.26164793968200684,-1.7468736171722412,1.3480818271636963,0.1371438056230545,True,-3.5974316596984863,-3.8068065643310547,0.1,0.5666666666666667,0.9375,-3.7106575991264648,0.1084280014038086,-5.0,-3.503927230834961,-4.7586822509765625,-3.04325270652771,0.0
1574,ACH-000910,-0.3621509075164795,-1.8545247316360474,1.3533886671066284,0.13898517191410065,True,-3.591484546661377,-3.7977347373962402,0.1,0.5901639344262295,0.953125,-3.7193653129534425,0.14236029982566833,-5.0,-3.5222134590148926,-4.785085678100586,-3.056258201599121,0.0
1575,ACH-000927,0.3399296998977661,-1.172229290008545,1.3721014261245728,0.14005756378173828,True,-3.5768730640411377,-3.692497968673706,0.1,0.7049180327868853,0.953125,-3.7166785785254692,0.14826440811157227,-5.0,-3.506882905960083,-5.124884605407715,-3.0732269287109375,0.016393441706895828
1576,ACH-000930,0.0782473087310791,-1.4050087928771973,1.3442864418029785,0.13896963000297546,True,-3.563732624053955,-3.7856075763702393,0.1,0.5555555555555556,0.984375,-3.7235714783099465,0.19799955189228058,-5.0,-3.5409350395202637,-4.896136283874512,-3.063331127166748,0.0
1577,ACH-000934,-1.12857186794281,-2.5518569946289062,1.276327133178711,0.14695803821086884,True,-3.6429314613342285,-3.7804315090179443,0.1,0.6666666666666666,0.9375,-3.7292574813807464,0.16072481870651245,-5.0,-3.5524604320526123,-4.5800275802612305,-3.064746618270874,0.0
1578,ACH-001390,0.5594951510429382,-0.8854472041130066,1.32572603225708,0.11921632289886475,True,-3.5379018783569336,-3.7410266399383545,0.1,0.5901639344262295,0.953125,-3.730434397236507,0.16344934701919556,-5.0,-3.4659948348999023,-4.108083248138428,-3.0866732597351074,0.0
1579,ACH-001819,0.8569026589393616,-0.6177495121955872,1.3336446285247803,0.14100757241249084,True,-3.434767246246338,-3.6472668647766113,0.1,0.639344262295082,0.953125,-3.7221176439905173,0.17575237154960632,-5.0,-3.3577880859375,-4.463910102844238,-3.0324697494506836,0.0
1580,ACH-001820,-0.25093865394592285,-1.7288762331008911,1.3412020206451416,0.13673552870750427,True,-3.500380039215088,-3.7410049438476562,0.1,0.5245901639344263,0.953125,-3.724006373976231,0.12350424379110336,-5.0,-3.4266281127929688,-4.401360511779785,-3.089878797531128,0.0
1581,ACH-000017,-1.6870734691619873,-3.0925216674804688,1.2679884433746338,0.13745972514152527,True,-3.628490924835205,-3.8503661155700684,0.1,0.5689655172413793,0.90625,-3.736642348135615,0.11457552760839462,-5.0,-3.4866106510162354,-4.623403549194336,-3.0577774047851562,0.0
1582,ACH-000019,-0.2975802421569824,-1.7977497577667236,1.362622857093811,0.1375466287136078,True,-3.635913372039795,-3.8296635150909424,0.1,0.6610169491525424,0.921875,-3.7459444648311475,0.16896221041679382,-5.0,-3.520313024520874,-4.924431800842285,-3.0661206245422363,0.0
1583,ACH-000044,2.369828224182129,0.9540264010429382,1.2780696153640747,0.13773220777511597,True,-3.165426254272461,-3.3185510635375977,0.1,0.65,0.9375,-3.7032051247017925,0.15417654812335968,-5.0,-3.043121576309204,-3.7595183849334717,-2.8362197875976562,0.0
1584,ACH-000097,0.8092891573905945,-0.6304994225502014,1.3172272443771362,0.12256131321191788,True,-3.5204432010650635,-3.7048182487487793,0.1,0.6065573770491803,0.953125,-3.7033664371064914,0.1671915352344513,-5.0,-3.4476776123046875,-3.9659409523010254,-3.0727176666259766,0.0
1585,ACH-000111,-0.1466078758239746,-1.6060781478881836,1.3183958530426025,0.14107441902160645,True,-3.625429630279541,-3.7410545349121094,0.1,0.6721311475409836,0.953125,-3.707135246887053,0.16207265853881836,-5.0,-3.5578274726867676,-4.784106731414795,-3.052527904510498,0.0
1586,ACH-000117,-1.5086944103240967,-3.013885498046875,1.363248586654663,0.14194244146347046,True,-3.5312142372131348,-3.740589141845703,0.1,0.576271186440678,0.921875,-3.710480636382918,0.06575784832239151,-5.0,-3.40674090385437,-4.886593818664551,-3.0866010189056396,0.0
1587,ACH-000147,1.0528610944747925,-0.48194730281829834,1.3923650979995728,0.14244332909584045,True,-3.55659818649292,-3.7190983295440674,0.1,0.6666666666666666,0.984375,-3.711342405699033,0.1497328281402588,-5.0,-3.5336873531341553,-4.359160423278809,-3.077127456665039,0.0
1588,ACH-000148,0.15700829029083252,-1.4714432954788208,1.4924331903457642,0.13601842522621155,True,-3.5850777626037598,-3.8350777626037598,0.1,0.6129032258064516,0.96875,-3.723715941389506,0.1890985667705536,-5.0,-3.5394351482391357,-5.201488971710205,-3.0887203216552734,0.016129031777381897
1589,ACH-000196,0.8012396693229675,-0.6359283328056335,1.2950407266616821,0.14212724566459656,True,-3.5902724266052246,-3.737147569656372,0.1,0.65625,1.0,-3.725059104216192,0.13789908587932587,-5.0,-3.5902724266052246,-4.527962684631348,-3.058457851409912,0.0
1590,ACH-000212,0.3864896297454834,-1.1857085227966309,1.4267919063568115,0.14540618658065796,True,-3.5213394165039062,-3.736964464187622,0.1,0.6290322580645161,0.96875,-3.726249640213335,0.16743509471416473,-5.0,-3.4736406803131104,-4.5799665451049805,-3.091063976287842,0.0
1591,ACH-000223,0.7245402932167053,-0.8345341086387634,1.4115242958068848,0.1475500762462616,True,-3.509552240371704,-3.7783021926879883,0.1,0.5967741935483871,0.96875,-3.7314548954608,0.13868430256843567,-5.0,-3.4614734649658203,-4.436550617218018,-3.0884602069854736,0.0
1592,ACH-000248,-1.1524162292480469,-2.5960047245025635,1.3006752729415894,0.14291316270828247,True,-3.621244192123413,-3.805619239807129,0.1,0.603448275862069,0.90625,-3.7388713298954332,0.12082196027040482,-5.0,-3.478614330291748,-4.362785339355469,-3.0454328060150146,0.0
1593,ACH-000258,-0.14734172821044922,-1.6725842952728271,1.3809757232666016,0.1442667841911316,True,-3.7066454887390137,-3.881645679473877,0.1,0.6612903225806451,0.96875,-3.7531487648532775,0.1349206268787384,-5.0,-3.664924383163452,-4.7362823486328125,-3.1694111824035645,0.0
1594,ACH-000276,1.3544038534164429,-0.13526418805122375,1.3467166423797607,0.1429513394832611,True,-3.5558056831359863,-3.6964306831359863,0.1,0.6290322580645161,0.96875,-3.7474769566815485,0.20610438287258148,-5.0,-3.509218692779541,-4.740911483764648,-3.0746803283691406,0.0
1595,ACH-000277,0.6120448708534241,-0.8297304511070251,1.301961898803711,0.1398133784532547,True,-3.546602725982666,-3.640352487564087,0.1,0.6833333333333333,0.9375,-3.7367645097698023,0.16611701250076294,-5.0,-3.449709415435791,-4.377382278442383,-3.0552375316619873,0.0
1596,ACH-000288,0.9472920298576355,-0.7047227025032043,1.5129289627075195,0.1390858143568039,True,-3.6166882514953613,-3.751063108444214,0.1,0.65,0.9375,-3.7381943696372435,0.18277910351753235,-5.0,-3.524467706680298,-4.957979679107666,-3.088369369506836,0.0
1597,ACH-000330,-1.076794147491455,-2.589560031890869,1.3720800876617432,0.14068585634231567,True,-3.701357841491699,-3.826357841491699,0.1,0.6779661016949152,0.921875,-3.7470107168226887,0.11942782998085022,-5.0,-3.5913033485412598,-4.753240585327148,-3.0717861652374268,0.0
1598,ACH-000349,-1.2401354312896729,-2.708327293395996,1.3259613513946533,0.14223051071166992,True,-3.6337015628814697,-3.7993264198303223,0.1,0.5932203389830508,0.921875,-3.752242287123452,0.11405890434980392,-5.0,-3.517913579940796,-4.907943248748779,-3.086015224456787,0.0
1599,ACH-000352,2.127490997314453,0.630665123462677,1.346449375152588,0.15037642419338226,True,-3.344054698944092,-3.531554698944092,0.1,0.6774193548387096,0.96875,-3.730173528305516,0.14426542818546295,-5.0,-3.2906370162963867,-4.382564544677734,-2.981955051422119,0.0
1600,ACH-000374,0.9269381165504456,-0.5687660574913025,1.354543685913086,0.14116054773330688,True,-3.514148712158203,-3.7735238075256348,0.1,0.5238095238095238,0.984375,-3.734508556227528,0.14483922719955444,-5.0,-3.4905638694763184,-4.27186393737793,-3.0827136039733887,0.0
1601,ACH-000536,0.7864426970481873,-0.6598859429359436,1.3118890523910522,0.1344396471977234,True,-3.4895899295806885,-3.7864649295806885,0.1,0.5079365079365079,0.984375,-3.739704193562844,0.13605600595474243,-5.0,-3.4656152725219727,-4.634854793548584,-3.090961456298828,0.0
1602,ACH-000554,1.7299458980560303,0.23185132443904877,1.3509016036987305,0.14719295501708984,True,-3.4559926986694336,-3.6903676986694336,0.1,0.65625,1.0,-3.7347705440735033,0.13582666218280792,-5.0,-3.4559926986694336,-4.849225997924805,-3.091114044189453,0.0
1603,ACH-000568,0.5966668725013733,-0.8934970498085022,1.3507968187332153,0.13936708867549896,True,-3.369823455810547,-3.5698235034942627,0.1,0.6166666666666667,0.9375,-3.718275840015579,0.11832065880298615,-5.0,-3.2611451148986816,-4.130672454833984,-2.9864139556884766,0.0
1604,ACH-000573,0.13714945316314697,-1.3288085460662842,1.32568359375,0.14027442038059235,True,-3.507612466812134,-3.6419875621795654,0.1,0.6440677966101694,0.921875,-3.7106470122319775,0.18204498291015625,-5.0,-3.381139039993286,-4.280019760131836,-3.042104482650757,0.0
1605,ACH-000621,0.7104325294494629,-0.7749987840652466,1.3471825122833252,0.1382487565279007,True,-3.5634169578552246,-3.725916862487793,0.1,0.6935483870967742,0.96875,-3.7121739972575587,0.17468002438545227,-5.0,-3.517075538635254,-4.6570000648498535,-3.08790922164917,0.0
1606,ACH-000624,0.06802022457122803,-1.3501665592193604,1.2729933261871338,0.14519348740577698,True,-3.536370277404785,-3.780120372772217,0.1,0.5714285714285714,0.984375,-3.7189686348090247,0.17226724326610565,-5.0,-3.5131382942199707,-4.323459148406982,-3.0383682250976562,0.0
1607,ACH-000643,-1.1654726266860962,-2.7203235626220703,1.4122153520584106,0.1426355540752411,True,-3.6234793663024902,-3.7797293663024902,0.1,0.5517241379310345,0.90625,-3.7250447079583715,0.16718532145023346,-5.0,-3.4810807704925537,-4.102142333984375,-3.0898070335388184,0.0
1608,ACH-000668,-0.05719494819641113,-1.5184381008148193,1.3253109455108643,0.13593223690986633,True,-3.572094440460205,-3.772094488143921,0.1,0.6451612903225806,0.96875,-3.7297496859769264,0.1508105993270874,-5.0,-3.5260329246520996,-4.494414806365967,-3.067981243133545,0.0
1609,ACH-000691,0.6359854936599731,-0.8159379959106445,1.3115075826644897,0.14041590690612793,True,-3.538203239440918,-3.741328239440918,0.1,0.5483870967741935,0.96875,-3.7309075413233255,0.17615139484405518,-5.0,-3.4910483360290527,-4.518141269683838,-3.0459327697753906,0.0
1610,ACH-000699,0.6209452748298645,-0.8339682221412659,1.314414381980896,0.140499085187912,True,-3.5220937728881836,-3.6908438205718994,0.1,0.6229508196721312,0.953125,-3.726901169248183,0.16104982793331146,-5.0,-3.4494097232818604,-4.437464714050293,-3.0897867679595947,0.0
1611,ACH-000711,-0.9307715892791748,-2.3883819580078125,1.3085569143295288,0.1490534245967865,True,-3.6289539337158203,-3.8164539337158203,0.1,0.6229508196721312,0.953125,-3.7358564456949463,0.16127890348434448,-5.0,-3.561525344848633,-5.095107078552246,-3.077418804168701,0.016393441706895828
1612,ACH-000725,-0.3077108860015869,-1.781128168106079,1.333428978919983,0.13998830318450928,True,-3.5290656089782715,-3.744690418243408,0.1,0.5573770491803278,0.953125,-3.7367398429497927,0.1109374463558197,-5.0,-3.456724166870117,-4.4346723556518555,-3.0914406776428223,0.0
1613,ACH-000755,1.2886019945144653,-0.16320320963859558,1.3169358968734741,0.13486936688423157,True,-3.4847023487091064,-3.6722025871276855,0.1,0.5901639344262295,0.953125,-3.7302861173675823,0.17551644146442413,-5.0,-3.410179376602173,-4.355264186859131,-3.085902690887451,0.0
1614,ACH-000759,0.8302392959594727,-0.6538808345794678,1.3476389646530151,0.1364811360836029,True,-3.4465227127075195,-3.6933979988098145,0.1,0.5573770491803278,0.953125,-3.7265973055118056,0.11720702052116394,-5.0,-3.370122194290161,-4.292086601257324,-3.0651822090148926,0.0
1615,ACH-000768,0.3040543794631958,-1.2487900257110596,1.422640085220337,0.13020427525043488,True,-3.6414482593536377,-3.7789483070373535,0.1,0.7258064516129032,0.96875,-3.73183240566436,0.17165833711624146,-5.0,-3.5976240634918213,-5.208583354949951,-3.081125259399414,0.016129031777381897
1616,ACH-000783,-0.3729429244995117,-1.875813603401184,1.3621857166290283,0.14068493247032166,True,-3.6469619274139404,-3.796962022781372,0.1,0.6440677966101694,0.921875,-3.738345367376061,0.14942213892936707,-5.0,-3.5322978496551514,-4.694097995758057,-3.0828285217285156,0.0
1617,ACH-000818,4.028006076812744,2.605715036392212,1.2809826135635376,0.1413082629442215,True,-3.0102107524871826,-3.075835704803467,0.1,0.7796610169491526,0.921875,-3.6720944011188017,0.11076319217681885,-5.0,-2.8415844440460205,-3.4904932975769043,-2.5953421592712402,0.0
1618,ACH-000828,1.6784987449645996,0.1660711169242859,1.3746768236160278,0.1377507448196411,True,-3.142613410949707,-3.348863124847412,0.1,0.5254237288135594,0.921875,-3.6397712734916627,0.16328322887420654,-5.0,-2.9852077960968018,-4.192747116088867,-2.7274928092956543,0.0
1619,ACH-000849,-1.5859659910202026,-2.9942846298217773,1.2779829502105713,0.13033565878868103,True,-3.612717628479004,-3.8095927238464355,0.1,0.55,0.9375,-3.65675341852714,0.14872853457927704,-5.0,-3.5202324390411377,-5.387485504150391,-3.03851318359375,0.01666666753590107
1620,ACH-000856,-1.9338401556015015,-3.3930306434631348,1.3178678750991821,0.14132258296012878,True,-3.6227431297302246,-3.7883682250976562,0.1,0.6,0.9375,-3.6699148991841914,0.10817772150039673,-5.0,-3.53092622756958,-4.9846601486206055,-3.0504865646362305,0.0
1621,ACH-000857,-1.5802048444747925,-3.0534720420837402,1.3343467712402344,0.138920396566391,True,-3.6731715202331543,-3.82629656791687,0.1,0.6610169491525424,0.921875,-3.685553066057459,0.1347435861825943,-5.0,-3.5607285499572754,-4.948012351989746,-3.046297550201416,0.0
1622,ACH-000859,0.003035902976989746,-1.4502067565917969,1.3125303983688354,0.14071223139762878,True,-3.5309619903564453,-3.746586799621582,0.1,0.5967741935483871,0.96875,-3.6916564394138716,0.1147838830947876,-5.0,-3.4835736751556396,-4.577980995178223,-3.0910890102386475,0.0
1623,ACH-000876,-0.9437344074249268,-2.4285545349121094,1.3443635702133179,0.14045661687850952,True,-3.658264636993408,-3.764514446258545,0.1,0.7192982456140351,0.890625,-3.6989422400983387,0.17810919880867004,-5.0,-3.493489980697632,-4.847298622131348,-3.081920862197876,0.0
1624,ACH-000902,0.8833680748939514,-0.5350105166435242,1.2794084548950195,0.13897007703781128,True,-3.5086276531219482,-3.724252700805664,0.1,0.5555555555555556,0.984375,-3.701473286169071,0.1640114188194275,-5.0,-3.484955310821533,-4.332665920257568,-3.04325270652771,0.0
1625,ACH-000910,0.6174560189247131,-0.8458983302116394,1.3319456577301025,0.1314086616039276,True,-3.6215434074401855,-3.7652931213378906,0.1,0.6935483870967742,0.96875,-3.707855269685953,0.1617768406867981,-5.0,-3.5770769119262695,-4.508386611938477,-3.056258201599121,0.0
1626,ACH-000927,-0.03076958656311035,-1.4834561347961426,1.3148399591445923,0.13784655928611755,True,-3.4686646461486816,-3.643664598464966,0.1,0.5573770491803278,0.953125,-3.7014362025638543,0.10455580055713654,-5.0,-3.39335298538208,-4.06035041809082,-3.0732269287109375,0.0
1627,ACH-000930,0.9296709895133972,-0.5119925141334534,1.3051880598068237,0.13647544384002686,True,-3.521087646484375,-3.7179627418518066,0.1,0.6349206349206349,0.984375,-3.7030888564926494,0.16790972650051117,-5.0,-3.497612953186035,-4.489346981048584,-3.063331127166748,0.0
1628,ACH-000934,-1.2262625694274902,-2.7041115760803223,1.3387329578399658,0.1391160935163498,True,-3.6325502395629883,-3.766925096511841,0.1,0.639344262295082,0.953125,-3.709472480494569,0.13212338089942932,-5.0,-3.565298318862915,-6.303885459899902,-3.064746618270874,0.016393441706895828
1629,ACH-001390,0.13819408416748047,-1.2901639938354492,1.3134316205978394,0.11492647230625153,True,-3.628509759902954,-3.750384569168091,0.1,0.6290322580645161,0.96875,-3.713563689361921,0.15481528639793396,-5.0,-3.58426833152771,-4.314630508422852,-3.0866732597351074,0.0
1630,ACH-001819,0.8367974758148193,-0.6765837669372559,1.3721336126327515,0.14124765992164612,True,-3.448320150375366,-3.6389451026916504,0.1,0.6065573770491803,0.953125,-3.706101830694894,0.15749087929725647,-5.0,-3.3720078468322754,-4.392954349517822,-3.0324697494506836,0.0
1631,ACH-001820,0.3181185722351074,-1.1488659381866455,1.3281543254852295,0.13883018493652344,True,-3.5587711334228516,-3.73689603805542,0.1,0.5901639344262295,0.953125,-3.7091812514309463,0.14978982508182526,-5.0,-3.4878907203674316,-4.709506034851074,-3.089878797531128,0.0
1632,ACH-000017,-1.5041310787200928,-2.953662157058716,1.3124994039535522,0.13703171908855438,True,-3.540208339691162,-3.693333148956299,0.1,0.6190476190476191,0.984375,-3.7075964411834814,0.055975571274757385,-5.0,-3.5170371532440186,-4.36180305480957,-3.0577774047851562,0.0
1633,ACH-000019,-1.0589427947998047,-2.5768768787384033,1.3817391395568848,0.13619500398635864,True,-3.734631299972534,-3.837756633758545,0.1,0.6842105263157895,0.890625,-3.7206124604409876,0.20255979895591736,-5.0,-3.579235076904297,-4.915054798126221,-3.0661206245422363,0.0
1634,ACH-000044,2.0050597190856934,0.6218810677528381,1.2489087581634521,0.1342698037624359,True,-3.202314853668213,-3.3366899490356445,0.1,0.639344262295082,0.953125,-3.682220209300453,0.12822948396205902,-5.0,-3.1139039993286133,-4.241225719451904,-2.8362197875976562,0.0
1635,ACH-000097,0.37485718727111816,-1.0797700881958008,1.328497290611267,0.12613002955913544,True,-3.5562503337860107,-3.715625286102295,0.1,0.6065573770491803,0.953125,-3.6855607169806373,0.14951768517494202,-5.0,-3.485245943069458,-4.735925197601318,-3.0879204273223877,0.0
1636,ACH-000111,-1.5712817907333374,-2.9992551803588867,1.2835832834243774,0.14439015090465546,True,-3.6809005737304688,-3.8059003353118896,0.1,0.6610169491525424,0.921875,-3.697594678813762,0.05487872287631035,-5.0,-3.569112539291382,-4.784106731414795,-3.052527904510498,0.0
1637,ACH-000117,0.19843816757202148,-1.2579824924468994,1.3131548166275024,0.14326581358909607,True,-3.595639228820801,-3.723764181137085,0.1,0.6333333333333333,0.9375,-3.7002116290460947,0.13097095489501953,-5.0,-3.5020153522491455,-4.501255035400391,-3.0866010189056396,0.0
1638,ACH-000147,-2.865039348602295,-4.436192989349365,1.4304879903793335,0.14066565036773682,True,-3.687922954559326,-3.856672763824463,0.1,0.631578947368421,0.890625,-3.7158577425239314,0.08820366859436035,-5.0,-3.5267906188964844,-4.713663578033447,-3.077127456665039,0.0
1639,ACH-000148,-1.5328537225723267,-3.0758063793182373,1.408143401145935,0.1348092257976532,True,-3.6439685821533203,-3.762718677520752,0.1,0.6333333333333333,0.9375,-3.7205438360236136,0.12041743099689484,-5.0,-3.5535666942596436,-4.633781909942627,-3.0887203216552734,0.0
1640,ACH-000196,0.11545956134796143,-1.3702462911605835,1.3432512283325195,0.14245456457138062,True,-3.601677179336548,-3.8110523223876953,0.1,0.6333333333333333,0.9375,-3.7295946846600216,0.13685527443885803,-5.0,-3.508455753326416,-4.527963161468506,-3.058457851409912,0.0
1641,ACH-000212,-0.1208118200302124,-1.636706829071045,1.371878743171692,0.1440163105726242,True,-3.565883159637451,-3.722133159637451,0.1,0.6333333333333333,0.9375,-3.7288485321577642,0.09658502787351608,-5.0,-3.470275640487671,-4.0615553855896,-3.091063976287842,0.0
1642,ACH-000223,0.5196046233177185,-0.8970314860343933,1.2849565744400024,0.13167952001094818,True,-3.5705480575561523,-3.7580480575561523,0.1,0.5967741935483871,0.96875,-3.731768484697603,0.16643598675727844,-5.0,-3.5244367122650146,-4.436550617218018,-3.0884602069854736,0.0
1643,ACH-000248,0.3915919065475464,-1.107177495956421,1.355546236038208,0.1432231366634369,True,-3.5865721702575684,-3.767822265625,0.1,0.65,0.9375,-3.735373862790343,0.22962601482868195,-5.0,-3.4923439025878906,-4.413858413696289,-3.0454328060150146,0.0
1644,ACH-000258,-1.0331647396087646,-2.5232784748077393,1.3471758365631104,0.14293783903121948,True,-3.687812328338623,-3.8409371376037598,0.1,0.6,0.9375,-3.745930190271684,0.14965519309043884,-5.0,-3.6003334522247314,-4.575499534606934,-3.1694111824035645,0.0
1645,ACH-000276,-3.0412936210632324,-4.456001281738281,1.2675424814224243,0.14716511964797974,True,-3.6032583713531494,-3.7782585620880127,0.1,0.6206896551724138,0.90625,-3.749163027453317,0.10815250873565674,-5.0,-3.458767890930176,-4.312821388244629,-3.0746803283691406,0.0
1646,ACH-000277,1.7456525564193726,0.27053630352020264,1.3378448486328125,0.1372714340686798,True,-3.3437418937683105,-3.5312418937683105,0.1,0.5555555555555556,0.984375,-3.7273709140848164,0.16019117832183838,-5.0,-3.3174524307250977,-5.229853630065918,-3.0552375316619873,0.01587301678955555
1647,ACH-000288,0.6843053698539734,-0.8624754548072815,1.40212082862854,0.14465993642807007,True,-3.471109390258789,-3.749234199523926,0.1,0.45901639344262296,0.953125,-3.729557242628727,0.1539323925971985,-5.0,-3.3959178924560547,-4.281433582305908,-3.088369369506836,0.0
1648,ACH-000330,0.4855107069015503,-1.0197477340698242,1.3683701753616333,0.1368882954120636,True,-3.5281014442443848,-3.784351348876953,0.1,0.5873015873015873,0.984375,-3.73503665325355,0.17621584236621857,-5.0,-3.5047380924224854,-4.871777057647705,-3.0717861652374268,0.0
1649,ACH-000349,1.5035737752914429,-0.017206508666276932,1.3778181076049805,0.1429622322320938,True,-3.4393558502197266,-3.7174806594848633,0.1,0.453125,1.0,-3.7332810538766816,0.15832065045833588,-5.0,-3.4393558502197266,-4.666686534881592,-3.086015224456787,0.0
1650,ACH-000352,1.9183588027954102,0.4616999626159668,1.3181934356689453,0.13846541941165924,True,-3.343172788619995,-3.499423027038574,0.1,0.6031746031746031,0.984375,-3.709895251192871,0.12293397635221481,-5.0,-3.3168740272521973,-4.453275203704834,-2.981955051422119,0.0
1651,ACH-000374,1.2541790008544922,-0.27816241979599,1.3908135890960693,0.14152781665325165,True,-3.4906692504882812,-3.7000443935394287,0.1,0.625,1.0,-3.7089101654275267,0.16109098494052887,-5.0,-3.4906692504882812,-4.695298194885254,-3.0827138423919678,0.0
1652,ACH-000536,0.005934000015258789,-1.4074922800064087,1.2763445377349854,0.13708174228668213,True,-3.624778985977173,-3.752904176712036,0.1,0.6666666666666666,0.9375,-3.7133095665559774,0.21126222610473633,-5.0,-3.533097743988037,-4.400966644287109,-3.090961456298828,0.0
1653,ACH-000554,0.6567666530609131,-0.8199417591094971,1.3413796424865723,0.1353287696838379,True,-3.543858766555786,-3.8126087188720703,0.1,0.5737704918032787,0.953125,-3.7232394817875867,0.14778754115104675,-5.0,-3.47224497795105,-4.553650856018066,-3.091114044189453,0.0
1654,ACH-000568,-1.5605323314666748,-2.9876158237457275,1.2920817136764526,0.13500183820724487,True,-3.373767852783203,-3.623767852783203,0.1,0.5,0.90625,-3.7132923188871483,0.14063206315040588,-5.0,-3.2055368423461914,-4.213263988494873,-2.9864139556884766,0.0
1655,ACH-000573,1.2855051755905151,-0.12093053758144379,1.274764060974121,0.13167168200016022,True,-3.37566876411438,-3.6381688117980957,0.1,0.5625,1.0,-3.705779968178243,0.16354802250862122,-5.0,-3.37566876411438,-4.426731109619141,-3.042104721069336,0.0
1656,ACH-000621,0.9270354509353638,-0.5997589826583862,1.3892974853515625,0.13749700784683228,True,-3.5343363285064697,-3.6843361854553223,0.1,0.671875,1.0,-3.703635589905951,0.18020975589752197,-5.0,-3.5343363285064697,-4.74439811706543,-3.0879087448120117,0.0
1657,ACH-000624,-0.7067490816116333,-2.1775124073028564,1.3388020992279053,0.1319611817598343,True,-3.621077060699463,-3.7679522037506104,0.1,0.6721311475409836,0.953125,-3.710067251290417,0.12688949704170227,-5.0,-3.5532612800598145,-4.407938480377197,-3.0383682250976562,0.0
1658,ACH-000643,0.9882733225822449,-0.5372479557991028,1.3923028707504272,0.13321836292743683,True,-3.5224058628082275,-3.703655958175659,0.1,0.5806451612903226,0.96875,-3.7094261219789413,0.20570184290409088,-5.0,-3.4747414588928223,-4.600915431976318,-3.0898070335388184,0.0
1659,ACH-000668,-1.3471972942352295,-2.841848611831665,1.356814980506897,0.13783636689186096,True,-3.692636728286743,-3.9301366806030273,0.1,0.5862068965517241,0.90625,-3.7314971778413497,0.1481822431087494,-5.0,-3.557392120361328,-4.76585054397583,-3.067981243133545,0.0
1660,ACH-000691,-0.3196079730987549,-1.7476658821105957,1.2988908290863037,0.1291671097278595,True,-3.6061854362487793,-3.759310722351074,0.1,0.6451612903225806,0.96875,-3.734278532292322,0.11888691782951355,-5.0,-3.5612235069274902,-4.776710510253906,-2.851318597793579,0.0
1661,ACH-000699,0.833315372467041,-0.6675899028778076,1.3663485050201416,0.13455680012702942,True,-3.47658634185791,-3.673461437225342,0.1,0.5645161290322581,0.96875,-3.728196822785624,0.16948211193084717,-5.0,-3.4274439811706543,-4.876376628875732,-3.0897867679595947,0.0
1662,ACH-000711,-2.1271839141845703,-3.5498170852661133,1.2831406593322754,0.13949249684810638,True,-3.660937547683716,-3.807812213897705,0.1,0.6666666666666666,0.890625,-3.736158361896832,0.13370390236377716,-5.0,-3.496490955352783,-4.15568733215332,-3.077418804168701,0.0
1663,ACH-000725,0.9911624193191528,-0.5065411329269409,1.3625590801239014,0.13514444231987,True,-3.5597352981567383,-3.6722352504730225,0.1,0.6774193548387096,0.96875,-3.729766050754451,0.18200482428073883,-5.0,-3.513275146484375,-4.532898426055908,-3.0914406776428223,0.0
1664,ACH-000755,0.7688115239143372,-0.7065874934196472,1.3361608982086182,0.13923808932304382,True,-3.505112409591675,-3.6894874572753906,0.1,0.5873015873015873,0.984375,-3.725738191406545,0.11904085427522659,-5.0,-3.48138427734375,-4.416821002960205,-3.085902690887451,0.0
1665,ACH-000759,0.17312026023864746,-1.3179023265838623,1.3571772575378418,0.13384538888931274,True,-3.546595335006714,-3.655970335006714,0.1,0.7,0.9375,-3.718761405766562,0.16914509236812592,-5.0,-3.4497015476226807,-4.368432998657227,-3.0651822090148926,0.0
1666,ACH-000768,0.7245556712150574,-0.7562156319618225,1.3543822765350342,0.12638898193836212,True,-3.5665998458862305,-3.6947247982025146,0.1,0.639344262295082,0.953125,-3.7163577450101575,0.14658531546592712,-5.0,-3.4961044788360596,-4.366724014282227,-3.081125259399414,0.0
1667,ACH-000783,-0.7821763753890991,-2.2286605834960938,1.3139057159423828,0.132578507065773,True,-3.6125683784484863,-3.8344435691833496,0.1,0.5666666666666667,0.9375,-3.7281663274274766,0.14814437925815582,-5.0,-3.520073652267456,-4.694097995758057,-3.0828285217285156,0.0
1668,ACH-000818,1.7159039974212646,0.3562764525413513,1.2282485961914062,0.1313789188861847,True,-3.058640956878662,-3.149266004562378,0.1,0.6896551724137931,0.90625,-3.6702762951409666,0.16312859952449799,-5.0,-2.8578107357025146,-3.931414842605591,-2.5975728034973145,0.0
1669,ACH-000828,2.5481715202331543,1.0288177728652954,1.384661078453064,0.13469260931015015,True,-3.1009955406188965,-3.1759958267211914,0.1,0.6949152542372882,0.921875,-3.620848248298989,0.17840835452079773,-5.0,-2.940062999725342,-3.3418734073638916,-2.7274928092956543,0.0
1670,ACH-000849,0.08944153785705566,-1.3523013591766357,1.3113852739334106,0.13035762310028076,True,-3.5441505908966064,-3.7129006385803223,0.1,0.609375,1.0,-3.6300534873271224,0.12602324783802032,-5.0,-3.5441505908966064,-4.622488975524902,-3.038513422012329,0.0
1671,ACH-000856,-0.6892819404602051,-2.205547571182251,1.3786306381225586,0.1376349925994873,True,-3.59250807762146,-3.78000807762146,0.1,0.6290322580645161,0.96875,-3.645048946356556,0.17083697021007538,-5.0,-3.547105073928833,-4.809607982635498,-3.0504865646362305,0.0
1672,ACH-000857,0.6363122463226318,-0.7800670862197876,1.2837775945663452,0.13260170817375183,True,-3.538057327270508,-3.7349321842193604,0.1,0.625,1.0,-3.6540372701428363,0.1683373749256134,-5.0,-3.538057327270508,-4.77175235748291,-3.046297550201416,0.0
1673,ACH-000859,-1.3930414915084839,-2.8176703453063965,1.2900362014770508,0.1345926821231842,True,-3.6468734741210938,-3.746873378753662,0.1,0.6779661016949152,0.921875,-3.663320881003919,0.13013261556625366,-5.0,-3.5322017669677734,-4.4931793212890625,-3.0910892486572266,0.0
1674,ACH-000876,-0.245111346244812,-1.7079169750213623,1.3303673267364502,0.13243825733661652,True,-3.5066885948181152,-3.656688690185547,0.1,0.639344262295082,0.953125,-3.662657661922082,0.10061526298522949,-5.0,-3.4332468509674072,-4.525310516357422,-3.081920862197876,0.0
1675,ACH-000902,-0.2549586296081543,-1.7425217628479004,1.3472520112991333,0.1403111070394516,True,-3.6035895347595215,-3.73483943939209,0.1,0.6440677966101694,0.921875,-3.6698758396690825,0.15233665704727173,-5.0,-3.4852497577667236,-4.339751243591309,-3.04325270652771,0.0
1676,ACH-000910,0.5301859974861145,-0.9489745497703552,1.3494443893432617,0.12971612811088562,True,-3.5597267150878906,-3.7316017150878906,0.1,0.6129032258064516,0.96875,-3.6760484272109633,0.15488538146018982,-5.0,-3.513266086578369,-4.579782009124756,-3.056258201599121,0.0
1677,ACH-000927,-0.1992340087890625,-1.6354142427444458,1.3056097030639648,0.13057050108909607,True,-3.515437602996826,-3.6779375076293945,0.1,0.6333333333333333,0.9375,-3.6762373352528064,0.15826141834259033,-5.0,-3.4164669513702393,-4.347812652587891,-3.0732269287109375,0.0
1678,ACH-000930,-1.9294979572296143,-3.389669418334961,1.3278355598449707,0.13233596086502075,True,-3.65748929977417,-3.7637391090393066,0.1,0.6724137931034483,0.90625,-3.6849875126314564,0.13359695672988892,-5.0,-3.518608808517456,-4.7774739265441895,-3.063331127166748,0.0
1679,ACH-000934,-0.228249192237854,-1.6621366739273071,1.3012001514434814,0.1326872706413269,True,-3.575380802154541,-3.7222559452056885,0.1,0.5573770491803278,0.953125,-3.6887143558888793,0.11307468265295029,-5.0,-3.505317449569702,-4.32288932800293,-3.064746618270874,0.0
1680,ACH-001390,-0.1974266767501831,-1.6112781763076782,1.302022099494934,0.11182937771081924,True,-3.56453800201416,-3.7551629543304443,0.1,0.6101694915254238,0.921875,-3.6953592157330357,0.11095570772886276,-5.0,-3.4428887367248535,-4.4614057540893555,-3.0866732597351074,0.0
1681,ACH-001819,1.5696308612823486,0.1256423145532608,1.310525894165039,0.13346271216869354,True,-3.3341190814971924,-3.546618938446045,0.1,0.5873015873015873,0.984375,-3.6804851880043365,0.17846901714801788,-5.0,-3.3076767921447754,-4.229307174682617,-3.0324697494506836,0.0
1682,ACH-001820,-0.7354152202606201,-2.236311912536621,1.3686411380767822,0.13225561380386353,True,-3.6325011253356934,-3.7575011253356934,0.1,0.6,0.9375,-3.688186781737472,0.1423148512840271,-5.0,-3.541334629058838,-5.147459030151367,-3.089878797531128,0.01666666753590107
1683,ACH-000017,-0.10419237613677979,-1.498481273651123,1.2637939453125,0.13049495220184326,True,-3.6654434204101562,-3.7748186588287354,0.1,0.7096774193548387,0.96875,-3.6968499694465984,0.10300257802009583,-5.0,-3.6223931312561035,-4.784103870391846,-3.0577774047851562,0.0
1684,ACH-000019,-0.3866034746170044,-1.852773666381836,1.342035174369812,0.12413506209850311,True,-3.6408019065856934,-3.7720518112182617,0.1,0.6,0.9375,-3.7043701536237648,0.20018009841442108,-5.0,-3.5501887798309326,-4.770884037017822,-3.0661206245422363,0.0
1685,ACH-000044,1.2204985618591309,-0.16717901825904846,1.2581876516342163,0.12948985397815704,True,-3.2094669342041016,-3.37196683883667,0.1,0.603448275862069,0.90625,-3.6711298221450552,0.1870114803314209,-5.0,-3.0242393016815186,-3.4226529598236084,-2.8362197875976562,0.0
1686,ACH-000097,-0.829584002494812,-2.3039371967315674,1.3571462631225586,0.11720695346593857,True,-3.6021838188171387,-3.767808675765991,0.1,0.5932203389830508,0.921875,-3.680797707507149,0.1144871860742569,-5.0,-3.48372483253479,-4.6449480056762695,-3.0879204273223877,0.0
1687,ACH-000111,-3.495070695877075,-5.010270595550537,1.380028247833252,0.13517159223556519,True,-3.744117021560669,-3.8972420692443848,0.1,0.7068965517241379,0.90625,-3.7024421436808725,0.14024698734283447,-5.0,-3.6141977310180664,-4.924792289733887,-3.052527904510498,0.0
1688,ACH-000117,0.5828158259391785,-0.8802551627159119,1.3311400413513184,0.13193091750144958,True,-3.4690346717834473,-3.637784719467163,0.1,0.5483870967741935,0.96875,-3.6959764012595016,0.09551241993904114,-5.0,-3.4196486473083496,-4.931533336639404,-3.0866010189056396,0.0
1689,ACH-000147,-1.364513635635376,-2.904240131378174,1.4102553129196167,0.12947115302085876,True,-3.641998291015625,-3.766998291015625,0.1,0.6440677966101694,0.921875,-3.7030785902351138,0.10734592378139496,-5.0,-3.5269134044647217,-4.4830002784729,-3.077127456665039,0.0
1690,ACH-000148,0.9747399091720581,-0.5398613214492798,1.383131980895996,0.13146919012069702,True,-3.4675607681274414,-3.726935863494873,0.1,0.5645161290322581,0.96875,-3.7054643175610895,0.15696918964385986,-5.0,-3.4181270599365234,-4.305649757385254,-3.0887203216552734,0.0
1691,ACH-000196,-1.2716419696807861,-2.8055624961853027,1.3988522291183472,0.1350683569908142,True,-3.5891237258911133,-3.739123821258545,0.1,0.6,0.9375,-3.708830267930835,0.0633254274725914,-5.0,-3.495065689086914,-4.527963161468506,-3.058457851409912,0.0
1692,ACH-000212,0.847188413143158,-0.601841151714325,1.3150893449783325,0.13394024968147278,True,-3.4845659732818604,-3.731441020965576,0.1,0.5806451612903226,0.96875,-3.711091343234309,0.1698358654975891,-5.0,-3.435680866241455,-4.1153669357299805,-3.091063976287842,0.0
1693,ACH-000223,0.22891128063201904,-1.2146416902542114,1.3107073307037354,0.1328456997871399,True,-3.512145519256592,-3.7215206623077393,0.1,0.5967741935483871,0.96875,-3.7121342751416524,0.10341905057430267,-5.0,-3.4641501903533936,-5.365896224975586,-3.0884602069854736,0.016129031777381897
1694,ACH-000248,-0.1658163070678711,-1.6204321384429932,1.3226567506790161,0.13195908069610596,True,-3.5985517501831055,-3.729801654815674,0.1,0.6612903225806451,0.96875,-3.7139010131090546,0.13265873491764069,-5.0,-3.5533435344696045,-4.768212795257568,-3.0454328060150146,0.0
1695,ACH-000258,-0.936668872833252,-2.3841662406921387,1.312508463859558,0.134988933801651,True,-3.6900832653045654,-3.9682083129882812,0.1,0.5423728813559322,0.921875,-3.7393317430969772,0.11315152049064636,-5.0,-3.579073667526245,-4.451124668121338,-3.0958642959594727,0.0
1696,ACH-000276,1.3706856966018677,-0.0846429318189621,1.3208847045898438,0.13444390892982483,True,-3.4592702388763428,-3.712395191192627,0.1,0.6349206349206349,0.984375,-3.736638087906542,0.1434001624584198,-5.0,-3.434814214706421,-4.808048248291016,-3.0746803283691406,0.0
1697,ACH-000277,1.6806762218475342,0.24338561296463013,1.3059735298156738,0.13131704926490784,True,-3.3410837650299072,-3.559833526611328,0.1,0.5806451612903226,0.96875,-3.718957631777021,0.20533907413482666,-5.0,-3.2875702381134033,-3.783332347869873,-3.0552375316619873,0.0
1698,ACH-000288,1.1747398376464844,-0.4168683886528015,1.4560741186141968,0.13553407788276672,True,-3.526435375213623,-3.710810422897339,0.1,0.6065573770491803,0.953125,-3.7181429108890525,0.15292412042617798,-5.0,-3.453964948654175,-4.637513637542725,-3.088369369506836,0.0
1699,ACH-000330,0.2066638469696045,-1.262520432472229,1.3361223936080933,0.13306191563606262,True,-3.538506031036377,-3.6760058403015137,0.1,0.6612903225806451,0.96875,-3.7139292038302987,0.1428237110376358,-5.0,-3.491360902786255,-4.283314228057861,-3.0717861652374268,0.0
1700,ACH-000349,-0.4807931184768677,-1.925951600074768,1.3127843141555786,0.13237419724464417,True,-3.611966609954834,-3.752591609954834,0.1,0.6,0.9375,-3.717795444442752,0.12423887848854065,-5.0,-3.5194313526153564,-4.503668308258057,-3.086015224456787,0.0
1701,ACH-000352,1.3271338939666748,-0.11007926613092422,1.304782509803772,0.13243064284324646,True,-3.3617944717407227,-3.477419376373291,0.1,0.6166666666666667,0.9375,-3.6937578376358062,0.15465454757213593,-5.0,-3.2525808811187744,-4.013391971588135,-2.981955051422119,0.0
1702,ACH-000374,0.2362220287322998,-1.2653123140335083,1.3669586181640625,0.13457569479942322,True,-3.573800802230835,-3.698800802230835,0.1,0.6721311475409836,0.953125,-3.6942621340953092,0.1412181258201599,-5.0,-3.503659725189209,-4.2943596839904785,-3.0827136039733887,0.0
1703,ACH-000536,-0.24917161464691162,-1.7057217359542847,1.3239715099334717,0.13257867097854614,True,-3.5113232135772705,-3.7488231658935547,0.1,0.5409836065573771,0.953125,-3.699718237275134,0.11176814883947372,-5.0,-3.4381093978881836,-4.6040849685668945,-3.090961456298828,0.0
1704,ACH-000554,-1.5155631303787231,-2.9895718097686768,1.342240810394287,0.13176791369915009,True,-3.627185821533203,-3.780310869216919,0.1,0.6833333333333333,0.9375,-3.7077775004693123,0.10505065321922302,-5.0,-3.535665273666382,-5.2861809730529785,-3.091114044189453,0.01666666753590107
1705,ACH-000568,1.1658375263214111,-0.222264364361763,1.2590198516845703,0.1290820837020874,True,-3.2731993198394775,-3.54819917678833,0.1,0.5245901639344263,0.953125,-3.691819668101214,0.16522859036922455,-5.0,-3.188274383544922,-4.321595191955566,-2.9712390899658203,0.0
1706,ACH-000573,-0.4038916826248169,-1.8079724311828613,1.2733464241027832,0.13073429465293884,True,-3.433073043823242,-3.6580729484558105,0.1,0.576271186440678,0.921875,-3.6884449961366736,0.12613725662231445,-5.0,-3.3002827167510986,-4.123467445373535,-3.042104482650757,0.0
1707,ACH-000621,-3.6269426345825195,-5.018206596374512,1.2620651721954346,0.12919878959655762,True,-3.626366138458252,-3.763866424560547,0.1,0.6440677966101694,0.921875,-3.695987138979061,0.14858520030975342,-5.0,-3.5099565982818604,-4.419299125671387,-3.08790922164917,0.0
1708,ACH-000624,-0.4537452459335327,-1.890554666519165,1.3064473867416382,0.13036200404167175,True,-3.6334989070892334,-3.7772488594055176,0.1,0.639344262295082,0.953125,-3.7041133110217066,0.1602908819913864,-5.0,-3.566293716430664,-4.516169548034668,-3.0383682250976562,0.0
1709,ACH-000643,1.2587904930114746,-0.1659906655550003,1.2977147102355957,0.12706653773784637,True,-3.4553213119506836,-3.667821168899536,0.1,0.546875,1.0,-3.7004840968094896,0.15181231498718262,-5.0,-3.4553213119506836,-4.6141204833984375,-3.0898072719573975,0.0
1710,ACH-000668,-0.6578547954559326,-2.126141309738159,1.3398255109786987,0.12846095860004425,True,-3.6239919662475586,-3.7614922523498535,0.1,0.639344262295082,0.953125,-3.706584912363526,0.13580162823200226,-5.0,-3.556319236755371,-4.950909614562988,-3.067981243133545,0.0
1711,ACH-000691,-4.733529090881348,-6.166287422180176,1.300264596939087,0.13249368965625763,True,-3.7001471519470215,-3.8688971996307373,0.1,0.7017543859649122,0.890625,-3.722816141090247,0.07719225436449051,-5.0,-3.5405161380767822,-4.832496643066406,-3.0459327697753906,0.0
1712,ACH-000699,0.852518618106842,-0.5841371417045593,1.3088682889938354,0.1277875006198883,True,-3.465587615966797,-3.815587282180786,0.1,0.5238095238095238,0.984375,-3.7320932551993007,0.15600387752056122,-5.0,-3.4412319660186768,-4.76878023147583,-3.0897867679595947,0.0
1713,ACH-000711,-0.3721015453338623,-1.835068702697754,1.3303332328796387,0.13263390958309174,True,-3.555065870285034,-3.695690870285034,0.1,0.6,0.9375,-3.728453016707874,0.15159721672534943,-5.0,-3.4587368965148926,-5.118090629577637,-3.077418804168701,0.01666666753590107
1714,ACH-000725,-0.6859132051467896,-2.1823461055755615,1.3622881174087524,0.13414481282234192,True,-3.5563063621520996,-3.7219314575195312,0.1,0.6229508196721312,0.953125,-3.72780086078904,0.11303089559078217,-5.0,-3.485304832458496,-4.5515851974487305,-3.0914406776428223,0.0
1715,ACH-000755,1.129633903503418,-0.3047386705875397,1.3060306310653687,0.12834186851978302,True,-3.4875473976135254,-3.6281723976135254,0.1,0.6031746031746031,0.984375,-3.717838014471488,0.16906821727752686,-5.0,-3.4635403156280518,-4.24731969833374,-3.085902690887451,0.0
1716,ACH-000759,1.161052942276001,-0.30392593145370483,1.3375298976898193,0.12744900584220886,True,-3.5165467262268066,-3.600921869277954,0.1,0.7258064516129032,0.96875,-3.7061463999521345,0.17515158653259277,-5.0,-3.468693256378174,-4.730976104736328,-3.0651822090148926,0.0
1717,ACH-000768,0.10572576522827148,-1.3993972539901733,1.371809720993042,0.13331328332424164,True,-3.5764260292053223,-3.710800886154175,0.1,0.6333333333333333,0.9375,-3.7066118485723383,0.1464238464832306,-5.0,-3.4815213680267334,-4.937830924987793,-3.081125259399414,0.0
1718,ACH-000783,0.8772796988487244,-0.5864127278327942,1.3323349952697754,0.1313573718070984,True,-3.5330452919006348,-3.6986703872680664,0.1,0.5714285714285714,0.984375,-3.705817702441911,0.193646639585495,-5.0,-3.509760618209839,-4.755380630493164,-3.0828285217285156,0.0
1719,ACH-000818,1.1414884328842163,-0.292576402425766,1.300640344619751,0.1334245353937149,True,-3.142240047454834,-3.1984899044036865,0.1,0.7678571428571429,0.875,-3.6550849226380886,0.15008363127708435,-5.0,-2.8768458366394043,-3.6646766662597656,-2.60329008102417,0.0
1720,ACH-000828,3.1131210327148438,1.6765762567520142,1.310627818107605,0.12591701745986938,True,-3.049201011657715,-3.1992011070251465,0.1,0.6774193548387096,0.96875,-3.609496541076794,0.1468249261379242,-5.0,-2.986271858215332,-4.371830463409424,-2.7274928092956543,0.0
1721,ACH-000849,-1.3410403728485107,-2.7652978897094727,1.3022351264953613,0.12202233076095581,True,-3.675771713256836,-3.800771951675415,0.1,0.6885245901639344,0.953125,-3.628624082136656,0.13677893579006195,-5.0,-3.6106457710266113,-4.821063041687012,-3.03851318359375,0.0
1722,ACH-000856,-0.16416049003601074,-1.6332732439041138,1.3416743278503418,0.12743839621543884,True,-3.5549073219299316,-3.729907512664795,0.1,0.5967741935483871,0.96875,-3.63875242518947,0.11647357046604156,-5.0,-3.508291244506836,-4.568448066711426,-3.0504865646362305,0.0
1723,ACH-000857,-2.044912338256836,-3.531079053878784,1.3584814071655273,0.1276853084564209,True,-3.6236839294433594,-3.742434024810791,0.1,0.7377049180327869,0.953125,-3.649120585151602,0.10696936398744583,-5.0,-3.5559959411621094,-4.691386699676514,-3.046297550201416,0.0
1724,ACH-000859,-1.2128872871398926,-2.5908572673797607,1.2481595277786255,0.1298103928565979,True,-3.6010994911193848,-3.7729744911193848,0.1,0.6,0.9375,-3.6615059757483803,0.11988098174333572,-5.0,-3.5078396797180176,-4.555265426635742,-3.0910890102386475,0.0
1725,ACH-000876,0.7558659911155701,-0.6849790215492249,1.312245488166809,0.12859952449798584,True,-3.430452346801758,-3.6585774421691895,0.1,0.5806451612903226,0.96875,-3.6612131223904614,0.13765235245227814,-5.0,-3.37982177734375,-4.344069004058838,-3.081920862197876,0.0
1726,ACH-000902,-0.6459237337112427,-2.1092326641082764,1.3354023694992065,0.12790659070014954,True,-3.601433515548706,-3.7670583724975586,0.1,0.6,0.9375,-3.671797647401171,0.11057493090629578,-5.0,-3.508195638656616,-4.7586822509765625,-3.04325270652771,0.0
1727,ACH-000910,-0.3875514268875122,-1.8729218244552612,1.3530011177062988,0.1323692798614502,True,-3.590224266052246,-3.777724027633667,0.1,0.6229508196721312,0.953125,-3.6823902854244204,0.12379541993141174,-5.0,-3.520890951156616,-4.785085678100586,-3.056258201599121,0.0
1728,ACH-000927,0.4765719175338745,-0.8723322153091431,1.2244116067886353,0.1244925707578659,True,-3.4271676540374756,-3.699042558670044,0.1,0.5806451612903226,0.96875,-3.6840555127489827,0.17554333806037903,-5.0,-3.3764309883117676,-4.6535491943359375,-3.0732269287109375,0.0
1729,ACH-000930,0.2224133014678955,-1.2246155738830566,1.3126431703567505,0.13438573479652405,True,-3.5854222774505615,-3.7135472297668457,0.1,0.6349206349206349,0.984375,-3.687004684450769,0.16924431920051575,-5.0,-3.5629689693450928,-4.888246059417725,-3.063331127166748,0.0
1730,ACH-000934,0.15472543239593506,-1.2610074281692505,1.288438081741333,0.12729471921920776,True,-3.6057848930358887,-3.749535083770752,0.1,0.6065573770491803,0.953125,-3.693257724382767,0.1750868558883667,-5.0,-3.5372166633605957,-4.42679500579834,-3.064746618270874,0.0
1731,ACH-001390,1.4222877025604248,0.010540994815528393,1.3010706901550293,0.11067602783441544,True,-3.511418581008911,-3.6582937240600586,0.1,0.625,1.0,-3.689761324350496,0.11743271350860596,-5.0,-3.511418581008911,-4.660672187805176,-3.0866734981536865,0.0
1732,ACH-001819,0.6295843124389648,-0.8252866268157959,1.327901840209961,0.1269690990447998,True,-3.440624952316284,-3.6656248569488525,0.1,0.5666666666666667,0.9375,-3.6873476776103318,0.12056846171617508,-5.0,-3.3366668224334717,-4.208890914916992,-3.0324697494506836,0.0
1733,ACH-001820,-0.6252894401550293,-2.084425687789917,1.3285150527954102,0.13062122464179993,True,-3.631021022796631,-3.731020927429199,0.1,0.7166666666666667,0.9375,-3.6917150025922183,0.15881872177124023,-5.0,-3.5397560596466064,-4.767975807189941,-3.089878797531128,0.0
1734,ACH-000017,-1.046584963798523,-2.4384093284606934,1.2674585580825806,0.12436577677726746,True,-3.6724154949188232,-3.7724156379699707,0.1,0.6842105263157895,0.890625,-3.6997850661299934,0.10784002393484116,-5.0,-3.509378671646118,-4.784103870391846,-3.0577774047851562,0.0
1735,ACH-000019,0.34411346912384033,-1.1829997301101685,1.3982220888137817,0.12889112532138824,True,-3.606125831604004,-3.762376070022583,0.1,0.6166666666666667,0.9375,-3.7060441665192525,0.18352913856506348,-5.0,-3.5132012367248535,-4.4015889167785645,-3.0661206245422363,0.0
1736,ACH-000044,2.4107651710510254,1.0451629161834717,1.2373309135437012,0.12827131152153015,True,-3.156341552734375,-3.3032164573669434,0.1,0.6557377049180327,0.953125,-3.665761395604022,0.1507178544998169,-5.0,-3.065669536590576,-3.487112283706665,-2.8362197875976562,0.0
1737,ACH-000097,0.37462902069091797,-0.9991134405136108,1.2526341676712036,0.12110826373100281,True,-3.51442551612854,-3.670675277709961,0.1,0.6190476190476191,0.984375,-3.6662527838146155,0.13386669754981995,-5.0,-3.4908454418182373,-4.634265899658203,-3.0879204273223877,0.0
1738,ACH-000111,-0.013577103614807129,-1.4955828189849854,1.3509972095489502,0.13100853562355042,True,-3.612277030944824,-3.7622768878936768,0.1,0.6610169491525424,0.921875,-3.6758551942225215,0.1396993100643158,-5.0,-3.494673252105713,-4.364664554595947,-3.052527904510498,0.0
1739,ACH-000117,0.8576599955558777,-0.6183549761772156,1.3457229137420654,0.13029204308986664,True,-3.488771915435791,-3.6825220584869385,0.1,0.6507936507936508,0.984375,-3.6765218806489632,0.12216416001319885,-5.0,-3.4647843837738037,-4.442119598388672,-3.0866010189056396,0.0
1740,ACH-000147,0.2888176441192627,-1.2724100351333618,1.4381186962127686,0.12310902029275894,True,-3.537684917449951,-3.8220598697662354,0.1,0.532258064516129,0.96875,-3.6910756795606905,0.17848506569862366,-5.0,-3.490513324737549,-4.82125186920166,-3.077127456665039,0.0
1741,ACH-000148,0.588599443435669,-0.9391114711761475,1.403410792350769,0.12430011481046677,True,-3.5465221405029297,-3.724647283554077,0.1,0.6190476190476191,0.984375,-3.694432839960029,0.18860149383544922,-5.0,-3.523451328277588,-4.4442524909973145,-3.0887203216552734,0.0
1742,ACH-000196,-2.8514485359191895,-4.275508880615234,1.2955900430679321,0.12847037613391876,True,-3.760012149810791,-3.888136863708496,0.1,0.625,0.875,-3.7138032423348757,0.08545458316802979,-5.0,-3.582871198654175,-5.28558874130249,-3.058457851409912,0.01785714365541935
1743,ACH-000212,-0.08334708213806152,-1.5637381076812744,1.345543622970581,0.13484737277030945,True,-3.5081892013549805,-3.7613143920898438,0.1,0.4918032786885246,0.953125,-3.7185543573103725,0.14984984695911407,-5.0,-3.434821367263794,-4.556110382080078,-3.091063976287842,0.0
1744,ACH-000223,0.5473172068595886,-0.867785632610321,1.2886613607406616,0.12644152343273163,True,-3.4880776405334473,-3.7849526405334473,0.1,0.6229508196721312,0.953125,-3.72519418563268,0.1160988062620163,-5.0,-3.4137206077575684,-4.436550617218018,-3.0884602069854736,0.0
1745,ACH-000248,1.0305098295211792,-0.38417956233024597,1.2851542234420776,0.1295352280139923,True,-3.5615739822387695,-3.680323839187622,0.1,0.6349206349206349,0.984375,-3.720707150988174,0.11473312973976135,-5.0,-3.5387420654296875,-4.768212795257568,-3.0454328060150146,0.0
1746,ACH-000258,-1.1731613874435425,-2.6370677947998047,1.3376046419143677,0.12630175054073334,True,-3.7895359992980957,-3.855161190032959,0.1,0.75,0.9375,-3.734152554892652,0.08849471807479858,-5.0,-3.708838701248169,-4.7290167808532715,-3.1694111824035645,0.0
1747,ACH-000276,1.4261360168457031,-0.05066213756799698,1.351238489151001,0.12555968761444092,True,-3.509889602661133,-3.697389602661133,0.1,0.5873015873015873,0.984375,-3.7304762596695,0.1634688675403595,-5.0,-3.4862372875213623,-4.285170078277588,-3.0746803283691406,0.0
1748,ACH-000277,1.1473407745361328,-0.2836669087409973,1.3029119968414307,0.1280956119298935,True,-3.4129319190979004,-3.581681966781616,0.1,0.5967741935483871,0.96875,-3.7155968303807114,0.1491921991109848,-5.0,-3.3617360591888428,-4.309513092041016,-3.0552375316619873,0.0
1749,ACH-000288,1.1792999505996704,-0.3609185218811035,1.4111820459365845,0.12903639674186707,True,-3.490312337875366,-3.693437337875366,0.1,0.5573770491803278,0.953125,-3.713380881130177,0.2071756273508072,-5.0,-3.416065216064453,-4.066193103790283,-3.088369369506836,0.0
1750,ACH-000330,0.08052968978881836,-1.3912466764450073,1.3428741693496704,0.12890219688415527,True,-3.5965070724487305,-3.7246320247650146,0.1,0.6721311475409836,0.953125,-3.7145059954936612,0.15837359428405762,-5.0,-3.527482271194458,-4.755335807800293,-3.0717861652374268,0.0
1751,ACH-000349,1.3616514205932617,-0.01827286183834076,1.257871389389038,0.12205290794372559,True,-3.447258949279785,-3.6910088062286377,0.1,0.53125,1.0,-3.7121562765671587,0.17120398581027985,-5.0,-3.447258949279785,-4.666686534881592,-3.086015224456787,0.0
1752,ACH-000352,-1.0733453035354614,-2.5306038856506348,1.3278558254241943,0.129402756690979,True,-3.425882339477539,-3.566507339477539,0.1,0.5932203389830508,0.921875,-3.6975913828581968,0.10240662097930908,-5.0,-3.292482614517212,-4.862854480743408,-2.981955051422119,0.0
1753,ACH-000374,0.8218263983726501,-0.6649393439292908,1.3567700386047363,0.1299956738948822,True,-3.5473058223724365,-3.7379307746887207,0.1,0.6129032258064516,0.96875,-3.701625322041249,0.15841105580329895,-5.0,-3.5004448890686035,-4.695298194885254,-3.0827136039733887,0.0
1754,ACH-000536,-1.1546399593353271,-2.5894997119903564,1.307873010635376,0.12698671221733093,True,-3.461042881011963,-3.6766679286956787,0.1,0.5806451612903226,0.96875,-3.699129582706692,0.055703215301036835,-5.0,-3.4113988876342773,-3.9840128421783447,-3.090961456298828,0.0
1755,ACH-000554,-0.854229211807251,-2.320697069168091,1.3392424583435059,0.1272253394126892,True,-3.617457628250122,-3.7143325805664062,0.1,0.7166666666666667,0.9375,-3.7006498824926632,0.13299709558486938,-5.0,-3.5252881050109863,-4.384673118591309,-3.091114044189453,0.0
1756,ACH-000568,1.2621891498565674,-0.17661219835281372,1.3113640546798706,0.12743717432022095,True,-3.354468584060669,-3.495093584060669,0.1,0.6721311475409836,0.953125,-3.680094252649464,0.19270506501197815,-5.0,-3.273540735244751,-4.071711540222168,-2.9781932830810547,0.0
1757,ACH-000573,1.141311526298523,-0.3380519449710846,1.3520255088806152,0.1273379623889923,True,-3.4379701614379883,-3.569220542907715,0.1,0.6885245901639344,0.953125,-3.669006881675289,0.1657009720802307,-5.0,-3.3611488342285156,-4.068495273590088,-3.042104482650757,0.0
1758,ACH-000621,1.2288333177566528,-0.2416815459728241,1.3439925909042358,0.1265222728252411,True,-3.44742751121521,-3.7036774158477783,0.1,0.515625,1.0,-3.672473935092538,0.15378284454345703,-5.0,-3.44742751121521,-4.644538402557373,-3.0879087448120117,0.0
1759,ACH-000624,-0.41801297664642334,-1.875629186630249,1.3233294486999512,0.13428673148155212,True,-3.556063413619995,-3.7841882705688477,0.1,0.55,0.9375,-3.683645368640169,0.14668074250221252,-5.0,-3.459801435470581,-5.069121360778809,-3.0383682250976562,0.01666666753590107
1760,ACH-000643,-0.1537036895751953,-1.6495692729949951,1.3712161779403687,0.12464936822652817,True,-3.6102309226989746,-3.7352306842803955,0.1,0.6885245901639344,0.953125,-3.6888039002041912,0.17655542492866516,-5.0,-3.5418810844421387,-4.697560787200928,-3.0898070335388184,0.0
1761,ACH-000668,0.26567542552948,-1.1707210540771484,1.3101803064346313,0.12621615827083588,True,-3.5214810371398926,-3.7246060371398926,0.1,0.5238095238095238,0.984375,-3.6923841138977616,0.13435760140419006,-5.0,-3.4980127811431885,-4.724768161773682,-3.067981243133545,0.0
1762,ACH-000691,-0.9850773811340332,-2.4005961418151855,1.2872130870819092,0.12830564379692078,True,-3.6248955726623535,-3.7967705726623535,0.1,0.5932203389830508,0.921875,-3.7028227597742207,0.1556757390499115,-5.0,-3.5083611011505127,-4.943241119384766,-3.0459327697753906,0.0
1763,ACH-000699,-0.9094853401184082,-2.3420917987823486,1.30887770652771,0.12372879683971405,True,-3.551053047180176,-3.738553047180176,0.1,0.5901639344262295,0.953125,-3.706395788514816,0.1087365373969078,-5.0,-3.4797933101654053,-4.599924087524414,-3.0897867679595947,0.0
1764,ACH-000711,0.20802879333496094,-1.2490068674087524,1.328174114227295,0.12886151671409607,True,-3.5156846046447754,-3.740684747695923,0.1,0.5245901639344263,0.953125,-3.709824684432927,0.10822314769029617,-5.0,-3.44268536567688,-4.200077056884766,-3.077418804168701,0.0
1765,ACH-000725,0.12764132022857666,-1.2845096588134766,1.2870643138885498,0.1250866949558258,True,-3.5375754833221436,-3.746950626373291,0.1,0.5666666666666667,0.9375,-3.7135372786269634,0.14137676358222961,-5.0,-3.4400806427001953,-4.180419921875,-3.0701799392700195,0.0
1766,ACH-000755,-0.3576998710632324,-1.8006011247634888,1.319123387336731,0.1237778514623642,True,-3.5318360328674316,-3.706836223602295,0.1,0.6,0.9375,-3.712867173124496,0.15921281278133392,-5.0,-3.4339587688446045,-4.2631964683532715,-3.085902690887451,0.0
1767,ACH-000759,1.8381643295288086,0.3998619019985199,1.3134496212005615,0.12485281378030777,True,-3.371225118637085,-3.6118502616882324,0.1,0.5873015873015873,0.984375,-3.7027654819808697,0.17304249107837677,-5.0,-3.345371723175049,-4.19156551361084,-3.0651822090148926,0.0
1768,ACH-000768,0.3330535888671875,-1.1876208782196045,1.3989113569259644,0.12176313996315002,True,-3.5496675968170166,-3.78716778755188,0.1,0.5967741935483871,0.96875,-3.7112057125379705,0.1725856214761734,-5.0,-3.502882719039917,-4.706765174865723,-3.081125259399414,0.0
1769,ACH-000783,-3.2754478454589844,-4.680189609527588,1.2798845767974854,0.12485716491937637,True,-3.6493799686431885,-3.721254825592041,0.1,0.7288135593220338,0.921875,-3.7122106238433776,0.07199995219707489,-5.0,-3.5349204540252686,-4.707699775695801,-3.0828287601470947,0.0
1770,ACH-000818,1.9965194463729858,0.5848147869110107,1.285640835762024,0.12606385350227356,True,-2.995236873626709,-3.0952367782592773,0.1,0.6440677966101694,0.921875,-3.650513239284968,0.12596334517002106,-5.0,-2.8253414630889893,-3.5195014476776123,-2.5975728034973145,0.0
1771,ACH-000828,0.6286338567733765,-0.8508871793746948,1.3521143198013306,0.1274067610502243,True,-3.166945219039917,-3.357570171356201,0.1,0.5964912280701754,0.890625,-3.6212189324920914,0.11212427914142609,-5.0,-2.941833019256592,-3.742945432662964,-2.7274928092956543,0.0
1772,ACH-000849,-0.6481664180755615,-2.1310696601867676,1.3660446405410767,0.11685855686664581,True,-3.5664901733398438,-3.6914899349212646,0.1,0.6129032258064516,0.96875,-3.628246032735009,0.1274501085281372,-5.0,-3.5202476978302,-4.700740814208984,-3.03851318359375,0.0
1773,ACH-000856,-0.40386128425598145,-1.7862560749053955,1.260672688484192,0.12172205746173859,True,-3.5718610286712646,-3.7593612670898438,0.1,0.5967741935483871,0.96875,-3.6413575561704925,0.1629502773284912,-5.0,-3.525791883468628,-5.33748722076416,-3.0504865646362305,0.016129031777381897
1774,ACH-000857,0.4811515808105469,-0.9395474195480347,1.2955470085144043,0.12515203654766083,True,-3.5007715225219727,-3.7038965225219727,0.1,0.5396825396825397,0.984375,-3.6476114528056405,0.12621775269508362,-5.0,-3.4769744873046875,-4.348371505737305,-3.046297550201416,0.0
1775,ACH-000859,0.6784892678260803,-0.7434417605400085,1.2995308637619019,0.1224001795053482,True,-3.5639138221740723,-3.7107889652252197,0.1,0.6507936507936508,0.984375,-3.653929204047598,0.12589646875858307,-5.0,-3.54111909866333,-4.577980995178223,-3.0910890102386475,0.0
1776,ACH-000876,0.814125657081604,-0.607305645942688,1.2919917106628418,0.1294395625591278,True,-3.4878363609313965,-3.650336265563965,0.1,0.6065573770491803,0.953125,-3.6535699101992347,0.16217434406280518,-5.0,-3.4134671688079834,-4.4547882080078125,-3.081920862197876,0.0
1777,ACH-000902,-0.9817063808441162,-2.4465363025665283,1.3399465084075928,0.12488345801830292,True,-3.611575126647949,-3.733449935913086,0.1,0.6666666666666666,0.9375,-3.66155791277062,0.17115117609500885,-5.0,-3.5190134048461914,-4.472126007080078,-3.04325270652771,0.0
1778,ACH-000910,-2.3435299396514893,-3.812217950820923,1.3481193780899048,0.1205686628818512,True,-3.624422550201416,-3.8212976455688477,0.1,0.5862068965517241,0.90625,-3.677531886050443,0.09508492797613144,-5.0,-3.482121467590332,-4.789628028869629,-3.056258201599121,0.0
1779,ACH-000927,-1.5898852348327637,-2.9988133907318115,1.2891151905059814,0.11981301754713058,True,-3.4842545986175537,-3.643629550933838,0.1,0.639344262295082,0.953125,-3.6741416525387827,0.0886312946677208,-5.0,-3.4097094535827637,-4.632240295410156,-3.0732269287109375,0.0
1780,ACH-000930,0.40692806243896484,-1.0140209197998047,1.2991042137145996,0.12184479832649231,True,-3.5975608825683594,-3.7069358825683594,0.1,0.6825396825396826,0.984375,-3.6774210755417402,0.16988307237625122,-5.0,-3.5753002166748047,-4.979012489318848,-3.063331127166748,0.0
1781,ACH-000934,-1.0665173530578613,-2.472825050354004,1.280354619026184,0.1259530782699585,True,-3.5809097290039062,-3.7840347290039062,0.1,0.5423728813559322,0.921875,-3.688082440887957,0.19952410459518433,-5.0,-3.4606478214263916,-4.33588981628418,-3.064746618270874,0.0
1782,ACH-001390,-0.30164098739624023,-1.6671947240829468,1.2621647119522095,0.10338905453681946,True,-3.6721339225769043,-3.790884017944336,0.1,0.6271186440677966,0.921875,-3.698362598593595,0.15785667300224304,-5.0,-3.559602975845337,-4.376371383666992,-3.0866732597351074,0.0
1783,ACH-001819,-2.4837114810943604,-3.9487619400024414,1.339741587638855,0.1253088265657425,True,-3.5068421363830566,-3.6599669456481934,0.1,0.603448275862069,0.90625,-3.694523033299055,0.11893141269683838,-5.0,-3.352377414703369,-4.627849102020264,-3.0324697494506836,0.0
1784,ACH-001820,-1.504589557647705,-2.9968225955963135,1.3660653829574585,0.12616759538650513,True,-3.577604293823242,-3.7713541984558105,0.1,0.5423728813559322,0.921875,-3.7022061498147303,0.12986885011196136,-5.0,-3.457062244415283,-4.398838520050049,-3.089878797531128,0.0
1785,ACH-000017,-1.371305227279663,-2.7288453578948975,1.2328376770019531,0.12470246851444244,True,-3.62553334236145,-3.7849082946777344,0.1,0.5689655172413793,0.90625,-3.7104763643010306,0.12637566030025482,-5.0,-3.4833474159240723,-4.354711055755615,-3.0577774047851562,0.0
1786,ACH-000019,1.0426392555236816,-0.35544663667678833,1.2814782857894897,0.1166076511144638,True,-3.532460927963257,-3.6387109756469727,0.1,0.6349206349206349,0.984375,-3.7032998254356246,0.1754869818687439,-5.0,-3.509166955947876,-4.944616794586182,-3.0661206245422363,0.0
1787,ACH-000044,2.744842767715454,1.3765687942504883,1.2463866472244263,0.12188737094402313,True,-3.1807894706726074,-3.2776646614074707,0.1,0.6935483870967742,0.96875,-3.660736309032809,0.1929621547460556,-5.0,-3.122105360031128,-4.218768119812012,-2.8362197875976562,0.0
1788,ACH-000097,-0.19894742965698242,-1.6095856428146362,1.2998244762420654,0.11081371456384659,True,-3.535346031188965,-3.738471269607544,0.1,0.5737704918032787,0.953125,-3.6685098050902827,0.14830723404884338,-5.0,-3.4633138179779053,-4.348583698272705,-3.0879204273223877,0.0
1789,ACH-000111,-0.8509851694107056,-2.3258414268493652,1.3502248525619507,0.12463141232728958,True,-3.549929618835449,-3.846804618835449,0.1,0.5333333333333333,0.9375,-3.6863392864647992,0.17240102589130402,-5.0,-3.453258514404297,-4.784106731414795,-3.052527904510498,0.0
1790,ACH-000117,-0.5015213489532471,-1.954013705253601,1.3264050483703613,0.12608735263347626,True,-3.5460281372070312,-3.7179031372070312,0.1,0.6271186440677966,0.921875,-3.6894956715390226,0.14138972759246826,-5.0,-3.4228100776672363,-4.651403427124023,-3.0866010189056396,0.0
1791,ACH-000147,-1.0819616317749023,-2.5348026752471924,1.3328582048416138,0.11998281627893448,True,-3.635138750076294,-3.7851386070251465,0.1,0.65,0.9375,-3.699059965087635,0.1367596834897995,-5.0,-3.5441482067108154,-4.791579246520996,-3.077127456665039,0.0
1792,ACH-000148,0.40343010425567627,-1.0662498474121094,1.3491740226745605,0.12050587683916092,True,-3.5392351150512695,-3.7079849243164062,0.1,0.6031746031746031,0.984375,-3.699952461010512,0.14869503676891327,-5.0,-3.5160486698150635,-5.341832637786865,-3.0887203216552734,0.01587301678955555
1793,ACH-000196,0.09113752841949463,-1.414265513420105,1.3751802444458008,0.13022273778915405,True,-3.5237607955932617,-3.795635938644409,0.1,0.5483870967741935,0.96875,-3.709520808773902,0.16155673563480377,-5.0,-3.476140260696411,-4.440013408660889,-3.058457851409912,0.0
1794,ACH-000212,-1.098004937171936,-2.553765296936035,1.3284777402877808,0.12728260457515717,True,-3.5800931453704834,-3.683218002319336,0.1,0.6610169491525424,0.921875,-3.7068905281284454,0.12720851600170135,-5.0,-3.4597620964050293,-4.990213871002197,-3.091063976287842,0.0
1795,ACH-000223,0.8212697505950928,-0.5720701217651367,1.2731232643127441,0.12021661549806595,True,-3.575056552886963,-3.6813063621520996,0.1,0.7049180327868853,0.953125,-3.7043321115308108,0.13508126139640808,-5.0,-3.504977226257324,-4.716617584228516,-3.0884602069854736,0.0
1796,ACH-000248,-0.8590759038925171,-2.304795503616333,1.3228797912597656,0.12283985316753387,True,-3.589219808578491,-3.723594903945923,0.1,0.6166666666666667,0.9375,-3.706258390772322,0.14570963382720947,-5.0,-3.4951682090759277,-4.527127265930176,-3.0454328060150146,0.0
1797,ACH-000258,-1.5401341915130615,-3.0018138885498047,1.3292428255081177,0.1324368715286255,True,-3.6304898262023926,-3.899240016937256,0.1,0.532258064516129,0.96875,-3.7255565533888153,0.07591167092323303,-5.0,-3.5863122940063477,-4.574644088745117,-3.1694111824035645,0.0
1798,ACH-000276,0.5542342066764832,-0.9126493334770203,1.3361916542053223,0.13069188594818115,True,-3.5593814849853516,-3.7656311988830566,0.1,0.6065573770491803,0.953125,-3.729564017938239,0.131008118391037,-5.0,-3.4885308742523193,-4.3493757247924805,-3.0746803283691406,0.0
1799,ACH-000277,0.6448753476142883,-0.7309684157371521,1.246439814567566,0.12940393388271332,True,-3.482001781463623,-3.6163768768310547,0.1,0.6440677966101694,0.921875,-3.718245303827521,0.1781289279460907,-5.0,-3.3533577919006348,-4.235809803009033,-3.0552375316619873,0.0
1800,ACH-000288,0.6075645089149475,-0.8765502572059631,1.3617311716079712,0.12238363921642303,True,-3.537027359008789,-3.6964025497436523,0.1,0.6031746031746031,0.984375,-3.716061028419134,0.14054551720619202,-5.0,-3.513805866241455,-5.117910385131836,-3.088369369506836,0.01587301678955555
1801,ACH-000330,0.42506372928619385,-1.0287333726882935,1.3253084421157837,0.1284887045621872,True,-3.541213274002075,-3.706838369369507,0.1,0.5666666666666667,0.9375,-3.715138762514171,0.1651960015296936,-5.0,-3.4439611434936523,-4.290043354034424,-3.0717861652374268,0.0
1802,ACH-000349,-0.6445672512054443,-2.0783722400665283,1.3086955547332764,0.12510943412780762,True,-3.5566153526306152,-3.740990161895752,0.1,0.5737704918032787,0.953125,-3.717723902452329,0.137529194355011,-5.0,-3.485629081726074,-4.795027732849121,-3.086015224456787,0.0
1803,ACH-000352,-0.7402760982513428,-2.1728456020355225,1.3087031841278076,0.12386630475521088,True,-3.3964531421661377,-3.5964531898498535,0.1,0.5423728813559322,0.921875,-3.7055968311920813,0.1372326910495758,-5.0,-3.260559558868408,-4.2724480628967285,-2.981955051422119,0.0
1804,ACH-000374,-0.8570752143859863,-2.297588348388672,1.3164466619491577,0.12406641244888306,True,-3.583120584487915,-3.8112456798553467,0.1,0.5423728813559322,0.921875,-3.7161617160584077,0.17022234201431274,-5.0,-3.4630463123321533,-4.370848178863525,-3.0827136039733887,0.0
1805,ACH-000536,-0.12549424171447754,-1.5277056694030762,1.277587652206421,0.12462382763624191,True,-3.4823241233825684,-3.6885738372802734,0.1,0.5573770491803278,0.953125,-3.7134029281805945,0.1440509557723999,-5.0,-3.407684087753296,-4.3236894607543945,-3.090961456298828,0.0
1806,ACH-000554,1.6593760251998901,0.28510841727256775,1.247612714767456,0.12665486335754395,True,-3.4120841026306152,-3.627709150314331,0.1,0.5625,1.0,-3.704833550393968,0.16853107511997223,-5.0,-3.4120841026306152,-4.540969371795654,-3.091114044189453,0.0
1807,ACH-000568,2.0871198177337646,0.6419630646705627,1.3190064430236816,0.12615036964416504,True,-3.2936267852783203,-3.4405016899108887,0.1,0.5967741935483871,0.96875,-3.67840036434566,0.1445268988609314,-5.0,-3.2385823726654053,-3.629518985748291,-2.9864139556884766,0.0
1808,ACH-000573,-0.6881492137908936,-2.0695133209228516,1.2609504461288452,0.12041372060775757,True,-3.4261531829833984,-3.573028087615967,0.1,0.6440677966101694,0.921875,-3.667863136672691,0.12030154466629028,-5.0,-3.292776346206665,-4.072566986083984,-3.042104482650757,0.0
1809,ACH-000621,-3.6296908855438232,-5.101075172424316,1.3438420295715332,0.12754231691360474,True,-3.6427905559539795,-3.789665460586548,0.1,0.6101694915254238,0.921875,-3.680043369064077,0.06557892262935638,-5.0,-3.527772903442383,-4.86847448348999,-3.08790922164917,0.0
1810,ACH-000624,0.3382810354232788,-1.1338109970092773,1.348313331604004,0.12377868592739105,True,-3.5509161949157715,-3.735291004180908,0.1,0.6031746031746031,0.984375,-3.68556813257576,0.2091304361820221,-5.0,-3.5279150009155273,-4.528200149536133,-3.0383682250976562,0.0
1811,ACH-000643,1.098974347114563,-0.28145232796669006,1.2556867599487305,0.1247398629784584,True,-3.4963889122009277,-3.687013626098633,0.1,0.515625,1.0,-3.6857126819280475,0.15305626392364502,-5.0,-3.4963889122009277,-4.6141204833984375,-3.0898072719573975,0.0
1812,ACH-000668,-0.642087459564209,-2.0277135372161865,1.2628583908081055,0.12276774644851685,True,-3.6168720722198486,-3.794996976852417,0.1,0.6166666666666667,0.9375,-3.6966411114204845,0.15812310576438904,-5.0,-3.5246634483337402,-4.797142505645752,-3.067981243133545,0.0
1813,ACH-000691,-0.12057685852050781,-1.5377588272094727,1.2985243797302246,0.11865764856338501,True,-3.5212111473083496,-3.774336099624634,0.1,0.47540983606557374,0.953125,-3.7044106102408993,0.1278066635131836,-5.0,-3.44848370552063,-4.349726676940918,-3.0459327697753906,0.0
1814,ACH-000699,0.11092567443847656,-1.3970873355865479,1.3813897371292114,0.126623272895813,True,-3.49886417388916,-3.68636417388916,0.1,0.5666666666666667,0.9375,-3.7026059666057254,0.1173311322927475,-5.0,-3.3987886905670166,-4.468773365020752,-3.0897867679595947,0.0
1815,ACH-000711,0.7247729301452637,-0.6687396764755249,1.2644122838974,0.12910035252571106,True,-3.49532151222229,-3.7515716552734375,0.1,0.49206349206349204,0.984375,-3.7075025354724964,0.1493626832962036,-5.0,-3.47143816947937,-4.727956295013428,-3.077418804168701,0.0
1816,ACH-000725,-1.7141274213790894,-3.0960421562194824,1.2614960670471191,0.12041865289211273,True,-3.567857027053833,-3.7803571224212646,0.1,0.5862068965517241,0.90625,-3.714787994167373,0.0847458764910698,-5.0,-3.4197041988372803,-4.65376091003418,-3.0914406776428223,0.0
1817,ACH-000755,-3.477513313293457,-4.889657020568848,1.2904760837554932,0.12166759371757507,True,-3.571798086166382,-3.7561731338500977,0.1,0.5517241379310345,0.90625,-3.7189265081356453,0.05760512501001358,-5.0,-3.4240529537200928,-4.771830081939697,-3.085902690887451,0.0
1818,ACH-000759,0.5387165546417236,-0.8251808881759644,1.2438795566558838,0.12001793086528778,True,-3.4676923751831055,-3.6426925659179688,0.1,0.6612903225806451,0.96875,-3.711303113913878,0.15536756813526154,-5.0,-3.4182629585266113,-4.581868648529053,-3.0651822090148926,0.0
1819,ACH-000768,-0.0500408411026001,-1.5124623775482178,1.3408406972885132,0.1215808093547821,True,-3.539599895477295,-3.758349895477295,0.1,0.5967741935483871,0.96875,-3.7160077920702195,0.11261099576950073,-5.0,-3.492490291595459,-4.7931952476501465,-3.081125259399414,0.0
1820,ACH-000783,0.38939762115478516,-1.0279089212417603,1.292974829673767,0.12433167546987534,True,-3.5005204677581787,-3.8098955154418945,0.1,0.5238095238095238,0.984375,-3.725396564407387,0.1613880693912506,-5.0,-3.476719379425049,-4.694097995758057,-3.0828285217285156,0.0
1821,ACH-000818,-0.30741608142852783,-1.6287803649902344,1.1930091381072998,0.12835511565208435,True,-3.145298957824707,-3.2640490531921387,0.1,0.6111111111111112,0.84375,-3.679261813285862,0.14166909456253052,-5.0,-2.801835775375366,-3.3314833641052246,-2.60329008102417,0.0
1822,ACH-000828,3.1584997177124023,1.7174285650253296,1.3232334852218628,0.11783766746520996,True,-3.0460522174835205,-3.196052074432373,0.1,0.6721311475409836,0.953125,-3.6309408394005134,0.2030448019504547,-5.0,-2.949955940246582,-3.4614815711975098,-2.7274928092956543,0.0
1823,ACH-000849,0.9406152963638306,-0.5235086679458618,1.3441756963729858,0.11994823813438416,True,-3.457869529724121,-3.676619529724121,0.1,0.515625,1.0,-3.6355087084328743,0.16912433505058289,-5.0,-3.457869529724121,-4.403716564178467,-3.038513422012329,0.0
1824,ACH-000856,-1.151018500328064,-2.581813335418701,1.311139702796936,0.11965516209602356,True,-3.5577170848846436,-3.767091989517212,0.1,0.559322033898305,0.921875,-3.6486670365413083,0.2062804102897644,-5.0,-3.4354896545410156,-4.311402320861816,-3.0504865646362305,0.0
1825,ACH-000857,0.04368913173675537,-1.3871325254440308,1.307288408279419,0.12353327125310898,True,-3.608283042907715,-3.752032995223999,0.1,0.6271186440677966,0.921875,-3.6590036324095774,0.10776722431182861,-5.0,-3.4903409481048584,-4.771752834320068,-3.046297550201416,0.0
1826,ACH-000859,0.645626425743103,-0.7659430503845215,1.28880774974823,0.12276169657707214,True,-3.456282138824463,-3.8750321865081787,0.1,0.515625,1.0,-3.6806064878194373,0.18090374767780304,-5.0,-3.456282138824463,-4.577980995178223,-3.0910890102386475,0.0
1827,ACH-000876,1.3339585065841675,-0.09853604435920715,1.3061003684997559,0.1263941377401352,True,-3.399184465408325,-3.6523094177246094,0.1,0.5714285714285714,0.984375,-3.6777767808099546,0.11247068643569946,-5.0,-3.373774528503418,-4.384466171264648,-3.081920862197876,0.0
1828,ACH-000902,-0.5771647691726685,-1.9683717489242554,1.2752950191497803,0.11591197550296783,True,-3.6592965126037598,-3.790546417236328,0.1,0.639344262295082,0.953125,-3.689053744452592,0.18547692894935608,-5.0,-3.593360185623169,-4.7586822509765625,-3.04325270652771,0.0
1829,ACH-000910,0.29542553424835205,-1.1450082063674927,1.320103645324707,0.12033015489578247,True,-3.569704055786133,-3.729079008102417,0.1,0.6065573770491803,0.953125,-3.6930562708175745,0.1632043421268463,-5.0,-3.499361515045166,-4.09813117980957,-3.056258201599121,0.0
1830,ACH-000927,1.0143234729766846,-0.4015209972858429,1.2980716228485107,0.11777283251285553,True,-3.4426915645599365,-3.6801915168762207,0.1,0.5806451612903226,0.96875,-3.691769795423439,0.14036235213279724,-5.0,-3.392455816268921,-4.2567219734191895,-3.0732269287109375,0.0
1831,ACH-000930,0.3834027051925659,-1.029386281967163,1.2956384420394897,0.11715051531791687,True,-3.532909393310547,-3.7954094409942627,0.1,0.5873015873015873,0.984375,-3.7021337599805215,0.1629401296377182,-5.0,-3.50962233543396,-4.762455463409424,-3.063331127166748,0.0
1832,ACH-000934,0.5781334638595581,-0.8102103471755981,1.2673087120056152,0.12103505432605743,True,-3.6059651374816895,-3.6997151374816895,0.1,0.6721311475409836,0.953125,-3.7018918977306385,0.18593455851078033,-5.0,-3.537405490875244,-4.317166328430176,-3.064746618270874,0.0
1833,ACH-001390,-0.9905095100402832,-2.35992169380188,1.2677340507507324,0.10167811065912247,True,-3.608412504196167,-3.858412265777588,0.1,0.543859649122807,0.890625,-3.7175439345353336,0.16404518485069275,-5.0,-3.4375157356262207,-4.706090450286865,-3.0866732597351074,0.0
1834,ACH-001819,1.4331834316253662,0.03497922047972679,1.280083179473877,0.11812107264995575,True,-3.408141613006592,-3.5425167083740234,0.1,0.6666666666666666,0.9375,-3.7000412119192023,0.1832420527935028,-5.0,-3.302018165588379,-3.9952309131622314,-3.0227274894714355,0.0
1835,ACH-001820,0.4917789697647095,-0.8758909702301025,1.2481552362442017,0.11951468884944916,True,-3.5746660232543945,-3.755916118621826,0.1,0.6129032258064516,0.96875,-3.7056287025894648,0.1728314608335495,-5.0,-3.5286874771118164,-4.6141462326049805,-3.089878797531128,0.0
1836,ACH-000017,0.8717333078384399,-0.47683534026145935,1.2337806224822998,0.11478802561759949,True,-3.507051944732666,-3.6914267539978027,0.1,0.6031746031746031,0.984375,-3.7042085077302986,0.13676440715789795,-5.0,-3.4833545684814453,-4.504359722137451,-3.0577774047851562,0.0
1837,ACH-000019,0.7488208413124084,-0.7083765864372253,1.3432621955871582,0.1139351949095726,True,-3.532459020614624,-3.7105839252471924,0.1,0.5645161290322581,0.96875,-3.7048460494819877,0.14303283393383026,-5.0,-3.485118865966797,-4.243241786956787,-3.0661206245422363,0.0
1838,ACH-000044,-0.24771356582641602,-1.6160131692886353,1.2520509958267212,0.11624859273433685,True,-3.2564563751220703,-3.4002065658569336,0.1,0.6379310344827587,0.90625,-3.674382101119482,0.14387351274490356,-5.0,-3.076089859008789,-4.3527021408081055,-2.8362197875976562,0.0
1839,ACH-000097,0.966033935546875,-0.4641266167163849,1.325847864151001,0.10431261360645294,True,-3.523796796798706,-3.6987967491149902,0.1,0.5555555555555556,0.984375,-3.6768235659190327,0.20149549841880798,-5.0,-3.5003652572631836,-4.549077987670898,-3.0879204273223877,0.0
1840,ACH-000111,0.07697296142578125,-1.4316871166229248,1.3909794092178345,0.117680624127388,True,-3.555385112762451,-3.680385112762451,0.1,0.6774193548387096,0.96875,-3.6771797206033745,0.1392071396112442,-5.0,-3.508784532546997,-4.745816230773926,-3.052527904510498,0.0
1841,ACH-000117,0.33038878440856934,-1.1060675382614136,1.3173707723617554,0.11908556520938873,True,-3.5305333137512207,-3.7461581230163574,0.1,0.5901639344262295,0.953125,-3.6840775608446727,0.18211016058921814,-5.0,-3.4582643508911133,-4.5836873054504395,-3.0866010189056396,0.0
1842,ACH-000147,-0.660786509513855,-2.167588472366333,1.387223720550537,0.11957824230194092,True,-3.575319766998291,-3.7253198623657227,0.1,0.6166666666666667,0.9375,-3.6882017909967777,0.11935803294181824,-5.0,-3.4803411960601807,-4.9239420890808105,-3.077127456665039,0.0
1843,ACH-000148,-0.45235252380371094,-1.9813884496688843,1.409310221672058,0.11972567439079285,True,-3.596113681793213,-3.724238872528076,0.1,0.65,0.9375,-3.6918054991499076,0.1202860176563263,-5.0,-3.502521514892578,-4.626802444458008,-3.0887203216552734,0.0
1844,ACH-000196,-4.881336212158203,-6.307349681854248,1.3102941513061523,0.11571918427944183,True,-3.699577808380127,-3.852703094482422,0.1,0.6363636363636364,0.859375,-3.707895258683159,0.09381727129220963,-5.0,-3.486781597137451,-4.261300563812256,-3.058457851409912,0.0
1845,ACH-000212,0.5151704549789429,-0.8692673444747925,1.2672433853149414,0.11719446629285812,True,-3.4948220252990723,-3.722947120666504,0.1,0.5666666666666667,0.9375,-3.7094004448814935,0.17278479039669037,-5.0,-3.394476890563965,-4.057921409606934,-3.091063976287842,0.0
1846,ACH-000223,0.48253828287124634,-0.9022170901298523,1.2701219320297241,0.1146334707736969,True,-3.42992901802063,-3.6736791133880615,0.1,0.5483870967741935,0.96875,-3.70582831173215,0.09304061532020569,-5.0,-3.379281759262085,-3.950388193130493,-3.0884602069854736,0.0
1847,ACH-000248,1.4098032712936401,0.017813928425312042,1.2744140625,0.1175752729177475,True,-3.4333553314208984,-3.6833550930023193,0.1,0.53125,1.0,-3.703580989859167,0.1604081392288208,-5.0,-3.4333553314208984,-4.768213272094727,-3.0454328060150146,0.0
1848,ACH-000258,-0.46961474418640137,-1.8640562295913696,1.2765756845474243,0.11786577850580215,True,-3.578428268432617,-3.837803363800049,0.1,0.546875,1.0,-3.7170032272532554,0.10701951384544373,-5.0,-3.578428268432617,-5.726138591766357,-3.1694111824035645,0.03125
1849,ACH-000276,-1.1341687440872192,-2.5895330905914307,1.3364559412002563,0.11890837550163269,True,-3.6402010917663574,-3.787075996398926,0.1,0.5737704918032787,0.953125,-3.7240105041678224,0.13527609407901764,-5.0,-3.5733256340026855,-5.433284282684326,-3.0746803283691406,0.016393441706895828
1850,ACH-000277,0.4111342430114746,-1.038105845451355,1.3309495449066162,0.1182904914021492,True,-3.4384756088256836,-3.691600799560547,0.1,0.5166666666666667,0.9375,-3.7207695337070947,0.16046908497810364,-5.0,-3.334374189376831,-4.406015396118164,-3.0552375316619873,0.0
1851,ACH-000288,0.20884418487548828,-1.2295811176300049,1.3244752883911133,0.11394995450973511,True,-3.559527635574341,-3.6657776832580566,0.1,0.639344262295082,0.953125,-3.715270348662191,0.13735944032669067,-5.0,-3.488684892654419,-4.152422904968262,-3.088369369506836,0.0
1852,ACH-000330,-1.1906051635742188,-2.6073176860809326,1.2941352128982544,0.12257727980613708,True,-3.611598253250122,-3.733473300933838,0.1,0.6666666666666666,0.9375,-3.7170906438893554,0.12740039825439453,-5.0,-3.519038438796997,-4.991363048553467,-3.0717861652374268,0.0
1853,ACH-000349,-1.0124775171279907,-2.5221588611602783,1.3856070041656494,0.12407436966896057,True,-3.5646555423736572,-3.7459053993225098,0.1,0.639344262295082,0.953125,-3.7199721194326707,0.13997593522071838,-5.0,-3.4940643310546875,-4.686790943145752,-3.086015224456787,0.0
1854,ACH-000352,2.363785743713379,0.9480763673782349,1.2941062450408936,0.12160314619541168,True,-3.210721015930176,-3.4575958251953125,0.1,0.515625,1.0,-3.693734490008935,0.15308810770511627,-5.0,-3.210721015930176,-4.016266822814941,-2.98195481300354,0.0
1855,ACH-000374,-0.6729212999343872,-2.11653470993042,1.3254894018173218,0.11812397837638855,True,-3.5744130611419678,-3.7119131088256836,0.1,0.6612903225806451,0.96875,-3.6955523518906097,0.09948301315307617,-5.0,-3.528426170349121,-4.850705623626709,-3.0827136039733887,0.0
1856,ACH-000536,0.6309288740158081,-0.8205744028091431,1.3322455883026123,0.11925765872001648,True,-3.5049996376037598,-3.7018747329711914,0.1,0.5967741935483871,0.96875,-3.696184589998668,0.08857803046703339,-5.0,-3.456773519515991,-4.722456455230713,-3.090961456298828,0.0
1857,ACH-000554,0.32114410400390625,-1.080610752105713,1.2819749116897583,0.11977995932102203,True,-3.530582904815674,-3.671207904815674,0.1,0.6451612903225806,0.96875,-3.6936869214803685,0.10535582900047302,-5.0,-3.483182191848755,-4.511110782623291,-3.091114044189453,0.0
1858,ACH-000568,2.474083423614502,1.0032902956008911,1.351122260093689,0.11967086046934128,True,-3.2648627758026123,-3.4398627281188965,0.1,0.640625,1.0,-3.6683045021442213,0.16590863466262817,-5.0,-3.2648627758026123,-4.108428001403809,-2.310600519180298,0.0
1859,ACH-000573,1.5258629322052002,0.0992174744606018,1.3088151216506958,0.11783045530319214,True,-3.3963849544525146,-3.5463850498199463,0.1,0.6507936507936508,0.984375,-3.656112556911794,0.15565550327301025,-5.0,-3.3709306716918945,-4.374443531036377,-3.042104482650757,0.0
1860,ACH-000621,-0.0067424774169921875,-1.4334748983383179,1.3064196109771729,0.12031282484531403,True,-3.523791790008545,-3.680041790008545,0.1,0.5409836065573771,0.953125,-3.658505480221469,0.16578446328639984,-5.0,-3.4511911869049072,-4.164122581481934,-3.08790922164917,0.0
1861,ACH-000624,-1.2852586507797241,-2.7480218410491943,1.3441781997680664,0.11858494579792023,True,-3.6346545219421387,-3.7752792835235596,0.1,0.6166666666666667,0.9375,-3.6701828605516784,0.13901644945144653,-5.0,-3.5436313152313232,-4.8111371994018555,-3.0383682250976562,0.0
1862,ACH-000643,0.20169270038604736,-1.249595284461975,1.3331079483032227,0.11818007379770279,True,-3.463695526123047,-3.7355706691741943,0.1,0.5161290322580645,0.96875,-3.67672164141393,0.11645375192165375,-5.0,-3.414137125015259,-4.614120960235596,-3.0898070335388184,0.0
1863,ACH-000668,0.10715782642364502,-1.362733006477356,1.348846673965454,0.1210440993309021,True,-3.591677188873291,-3.7104272842407227,0.1,0.6065573770491803,0.953125,-3.680092205696609,0.13187146186828613,-5.0,-3.5224151611328125,-4.447227478027344,-3.067981243133545,0.0
1864,ACH-000691,0.771348237991333,-0.7028884887695312,1.3525385856628418,0.12169811874628067,True,-3.540152072906494,-3.705777168273926,0.1,0.5645161290322581,0.96875,-3.6826607019543407,0.12671250104904175,-5.0,-3.493060350418091,-4.4502177238464355,-3.0459327697753906,0.0
1865,ACH-000699,1.02107572555542,-0.3987652659416199,1.2958855628967285,0.12395542860031128,True,-3.4897100925445557,-3.63346004486084,0.1,0.5737704918032787,0.953125,-3.6777406362449905,0.14171138405799866,-5.0,-3.415433406829834,-4.075369358062744,-3.0897867679595947,0.0
1866,ACH-000711,0.449554443359375,-0.9343624114990234,1.2548067569732666,0.12911006808280945,True,-3.5590929985046387,-3.7278432846069336,0.1,0.5573770491803278,0.953125,-3.6827509010811847,0.15702736377716064,-5.0,-3.4882285594940186,-4.31375789642334,-3.077418804168701,0.0
1867,ACH-000725,-0.2018756866455078,-1.5984470844268799,1.278159737586975,0.11841170489788055,True,-3.4677069187164307,-3.673956871032715,0.1,0.532258064516129,0.96875,-3.6818714980763376,0.13016682863235474,-5.0,-3.4182779788970947,-4.353500843048096,-3.0914406776428223,0.0
1868,ACH-000755,1.4414188861846924,0.06520479917526245,1.257295846939087,0.11891821026802063,True,-3.3625059127807617,-3.6562559604644775,0.1,0.5,1.0,-3.679309944315152,0.12957362830638885,-5.0,-3.3625059127807617,-4.234990119934082,-3.0859029293060303,0.0
1869,ACH-000759,0.6093736290931702,-0.7964691519737244,1.2850654125213623,0.12077730894088745,True,-3.503091335296631,-3.603091239929199,0.1,0.6885245901639344,0.953125,-3.6716880738765565,0.13794377446174622,-5.0,-3.4294726848602295,-4.412665843963623,-3.0651822090148926,0.0
1870,ACH-000768,0.6535182595252991,-0.758705198764801,1.2973965406417847,0.11482691764831543,True,-3.5527288913726807,-3.680853843688965,0.1,0.6507936507936508,0.984375,-3.672604650857797,0.1427830159664154,-5.0,-3.5297563076019287,-4.706765174865723,-3.081125259399414,0.0
1871,ACH-000783,0.05825769901275635,-1.3371374607086182,1.2719006538391113,0.1234944611787796,True,-3.545060634613037,-3.6763105392456055,0.1,0.6451612903225806,0.96875,-3.6729752396965782,0.10994894802570343,-5.0,-3.498126745223999,-4.423296928405762,-3.0828285217285156,0.0
1872,ACH-000818,-3.435983896255493,-4.797159671783447,1.2390621900558472,0.12211353331804276,True,-3.2267613410949707,-3.3048863410949707,0.1,0.7115384615384616,0.8125,-3.6361663498364174,0.08609312027692795,-5.0,-2.8175525665283203,-3.671238422393799,-2.60329008102417,0.0
1873,ACH-000828,0.7550361156463623,-0.7038488388061523,1.3432083129882812,0.11567659676074982,True,-3.059624671936035,-3.306499719619751,0.1,0.5833333333333334,0.9375,-3.603199686814751,0.13385345041751862,-5.0,-2.9302663803100586,-4.271831035614014,-2.7274928092956543,0.0
1874,ACH-000849,-2.072598934173584,-3.4385855197906494,1.2601324319839478,0.10585430264472961,True,-3.6536612510681152,-3.7567858695983887,0.1,0.6779661016949152,0.921875,-3.6185583050931145,0.07385356724262238,-5.0,-3.539564847946167,-4.529172420501709,-3.03851318359375,0.0
1875,ACH-000856,-0.7218703031539917,-2.182457447052002,1.3407381772994995,0.11984901130199432,True,-3.577878713607788,-3.7685036659240723,0.1,0.5833333333333334,0.9375,-3.6335528411762104,0.12907983362674713,-5.0,-3.4830708503723145,-4.56065559387207,-3.0504865646362305,0.0
1876,ACH-000857,-1.56404709815979,-2.894278049468994,1.2090815305709839,0.12114936858415604,True,-3.5971641540527344,-3.728414297103882,0.1,0.6166666666666667,0.9375,-3.6430389867689774,0.11881792545318604,-5.0,-3.5036420822143555,-4.669227123260498,-3.046297550201416,0.0
1877,ACH-000859,0.9138481616973877,-0.4912775456905365,1.2871205806732178,0.11800514161586761,True,-3.4873077869415283,-3.643557548522949,0.1,0.6190476190476191,0.984375,-3.6430908429443742,0.17395004630088806,-5.0,-3.46329665184021,-4.232934951782227,-3.0910890102386475,0.0
1878,ACH-000876,-1.2394912242889404,-2.644446849822998,1.29056978225708,0.11438580602407455,True,-3.560192346572876,-3.716442584991455,0.1,0.6,0.9375,-3.6504260171490825,0.09331876039505005,-5.0,-3.464205503463745,-4.829081058502197,-3.081920862197876,0.0
1879,ACH-000902,-1.4304516315460205,-2.868670701980591,1.3246079683303833,0.1136111319065094,True,-3.6619491577148438,-3.805699110031128,0.1,0.631578947368421,0.890625,-3.6659533264372874,0.16555479168891907,-5.0,-3.4976272583007812,-4.7586822509765625,-3.04325270652771,0.0
1880,ACH-000910,0.3667670488357544,-1.0082517862319946,1.2581720352172852,0.11684678494930267,True,-3.5561819076538086,-3.6905570030212402,0.1,0.6229508196721312,0.953125,-3.6684136940956824,0.13422639667987823,-5.0,-3.4851741790771484,-4.177862167358398,-3.056258201599121,0.0
1881,ACH-000927,-3.278137683868408,-4.678213119506836,1.286089301109314,0.11398620158433914,True,-3.610128879547119,-3.7851290702819824,0.1,0.631578947368421,0.890625,-3.6800852317143122,0.10759694129228592,-5.0,-3.4394428730010986,-4.606897830963135,-3.0732269287109375,0.0
1882,ACH-000930,-0.03867316246032715,-1.39937162399292,1.2424721717834473,0.11822634190320969,True,-3.601712703704834,-3.7642126083374023,0.1,0.6721311475409836,0.953125,-3.688497969376621,0.1304987221956253,-5.0,-3.5329442024230957,-4.7774739265441895,-3.063331127166748,0.0
1883,ACH-000934,-1.4816930294036865,-2.867706298828125,1.269837498664856,0.11617575585842133,True,-3.5926246643066406,-3.8082494735717773,0.1,0.559322033898305,0.921875,-3.7004731197961367,0.07680197060108185,-5.0,-3.473355531692505,-4.774682521820068,-3.064746618270874,0.0
1884,ACH-001390,1.0248653888702393,-0.3350728154182434,1.2619463205337524,0.09799182415008545,True,-3.486422061920166,-3.6801719665527344,0.1,0.5645161290322581,0.96875,-3.6984430044717964,0.14928555488586426,-5.0,-3.4375967979431152,-3.9766499996185303,-3.0866732597351074,0.0
1885,ACH-001819,0.9666390419006348,-0.489412784576416,1.339148998260498,0.11690283566713333,True,-3.358020782470703,-3.6111457347869873,0.1,0.5573770491803278,0.953125,-3.6897132775033152,0.15270672738552094,-5.0,-3.2772674560546875,-4.218959331512451,-3.0324697494506836,0.0
1886,ACH-001820,-1.3225817680358887,-2.7129156589508057,1.2710294723510742,0.11930444091558456,True,-3.602837562561035,-3.7965877056121826,0.1,0.6206896551724138,0.90625,-3.7004007203142018,0.1271001547574997,-5.0,-3.458303451538086,-4.536339282989502,-3.089878797531128,0.0
1887,ACH-000017,-1.446395754814148,-2.8544979095458984,1.2960790395736694,0.11202313005924225,True,-3.6781909465789795,-3.7563161849975586,0.1,0.6949152542372882,0.921875,-3.705992266782537,0.1196439117193222,-5.0,-3.5661733150482178,-4.784103870391846,-3.0577774047851562,0.0
1888,ACH-000019,0.3025243282318115,-1.1950551271438599,1.3731633424758911,0.12441609799861908,True,-3.508723258972168,-3.802473306655884,0.1,0.49206349206349204,0.984375,-3.7156403707698717,0.13776595890522003,-5.0,-3.4850523471832275,-4.686729907989502,-3.0661206245422363,0.0
1889,ACH-000044,-0.10517728328704834,-1.4275366067886353,1.2058528661727905,0.11650650203227997,True,-3.181002616882324,-3.384127616882324,0.1,0.6101694915254238,0.921875,-3.682489095381117,0.12870997190475464,-5.0,-3.0268502235412598,-3.6967692375183105,-2.840099334716797,0.0
1890,ACH-000097,-0.23597919940948486,-1.6628838777542114,1.3221571445465088,0.10474759340286255,True,-3.5304999351501465,-3.7211248874664307,0.1,0.55,0.9375,-3.6863526745896484,0.16794925928115845,-5.0,-3.4325335025787354,-4.505903720855713,-3.0879204273223877,0.0
1891,ACH-000111,0.34111452102661133,-1.0632697343826294,1.2870876789093018,0.11729660630226135,True,-3.5745503902435303,-3.7776753902435303,0.1,0.5967741935483871,0.96875,-3.695484946155037,0.1557951420545578,-5.0,-3.5285677909851074,-4.784106731414795,-3.052527904510498,0.0
1892,ACH-000117,1.4426451921463013,0.0006112293340265751,1.3243604898452759,0.11767350137233734,True,-3.4518866539001465,-3.6081366539001465,0.1,0.5645161290322581,0.96875,-3.686750116929548,0.09800437092781067,-5.0,-3.401947498321533,-4.025376319885254,-2.96513032913208,0.0
1893,ACH-000147,-0.34489905834198,-1.7726995944976807,1.3179121017456055,0.1098884716629982,True,-3.6028902530670166,-3.793515205383301,0.1,0.6101694915254238,0.921875,-3.697426625774923,0.1749083399772644,-5.0,-3.4844911098480225,-4.999364852905273,-3.077127456665039,0.0
1894,ACH-000148,-0.33282649517059326,-1.8104318380355835,1.3594176769256592,0.11818765103816986,True,-3.6218440532684326,-3.7593441009521484,0.1,0.603448275862069,0.90625,-3.7036183732926453,0.15180125832557678,-5.0,-3.479276418685913,-4.988968849182129,-3.0887203216552734,0.0
1895,ACH-000196,0.904672384262085,-0.502582311630249,1.2851804494857788,0.12207430601119995,True,-3.539137840270996,-3.7641379833221436,0.1,0.5645161290322581,0.96875,-3.7096703342955952,0.15587860345840454,-5.0,-3.492013454437256,-4.527963161468506,-3.058457851409912,0.0
1896,ACH-000212,0.6148710250854492,-0.8058000802993774,1.2977585792541504,0.12291257083415985,True,-3.522854804992676,-3.7072300910949707,0.1,0.5714285714285714,0.984375,-3.709426309975533,0.12847864627838135,-5.0,-3.499408483505249,-4.886433124542236,-3.091063976287842,0.0
1897,ACH-000223,-1.420859694480896,-2.84599232673645,1.3083418607711792,0.11679080128669739,True,-3.4848668575286865,-3.666116714477539,0.1,0.6166666666666667,0.9375,-3.7050953504257333,0.09556376188993454,-5.0,-3.3838582038879395,-4.043585777282715,-3.0884602069854736,0.0
1898,ACH-000248,0.9572501182556152,-0.5173449516296387,1.354421615600586,0.12017351388931274,True,-3.420478582382202,-3.7548537254333496,0.1,0.4603174603174603,0.984375,-3.710071187926495,0.16687801480293274,-5.0,-3.395406723022461,-4.3779802322387695,-3.0454328060150146,0.0
1899,ACH-000258,-0.3336782455444336,-1.7396135330200195,1.2861230373382568,0.1198122650384903,True,-3.6328306198120117,-3.8484554290771484,0.1,0.6129032258064516,0.96875,-3.72390961204156,0.12242591381072998,-5.0,-3.5887279510498047,-4.518373489379883,-3.1694111824035645,0.0
1900,ACH-000276,0.22876203060150146,-1.2057538032531738,1.3126839399337769,0.12183184176683426,True,-3.557785987854004,-3.7077860832214355,0.1,0.5901639344262295,0.953125,-3.7222972591595473,0.17613887786865234,-5.0,-3.4868571758270264,-4.432543754577637,-3.0746803283691406,0.0
1901,ACH-000277,0.8337782621383667,-0.5770546197891235,1.2888221740722656,0.12201067805290222,True,-3.4085538387298584,-3.6804287433624268,0.1,0.5409836065573771,0.953125,-3.718110407579835,0.12929099798202515,-5.0,-3.3302860260009766,-3.9591760635375977,-3.0552375316619873,0.0
1902,ACH-000288,-0.6894254684448242,-2.2043983936309814,1.3943524360656738,0.12062044441699982,True,-3.6024675369262695,-3.777467727661133,0.1,0.5833333333333334,0.9375,-3.7240461395879647,0.16509608924388885,-5.0,-3.5092990398406982,-5.227096080780029,-3.088369369506836,0.01666666753590107
1903,ACH-000330,1.4967873096466064,0.07268507033586502,1.2998279333114624,0.12427430599927902,True,-3.4549310207366943,-3.6736807823181152,0.1,0.53125,1.0,-3.71900960386098,0.1490534543991089,-5.0,-3.4549310207366943,-4.753240585327148,-3.0717861652374268,0.0
1904,ACH-000349,0.02862370014190674,-1.3898708820343018,1.2979364395141602,0.12055809050798416,True,-3.482173442840576,-3.760298252105713,0.1,0.47540983606557374,0.953125,-3.7231384686854536,0.12571454048156738,-5.0,-3.4075257778167725,-4.454919815063477,-3.086015224456787,0.0
1905,ACH-000352,1.9362715482711792,0.5828421115875244,1.2376002073287964,0.115829236805439,True,-3.2102608680725098,-3.5665106773376465,0.1,0.4444444444444444,0.984375,-3.707475689550673,0.184305340051651,-5.0,-3.1818525791168213,-4.026291370391846,-2.981955051422119,0.0
1906,ACH-000374,0.4020196199417114,-1.0190823078155518,1.2967028617858887,0.12439906597137451,True,-3.513859748840332,-3.7732348442077637,0.1,0.5245901639344263,0.953125,-3.7140516050163823,0.14598214626312256,-5.0,-3.4407706260681152,-4.144324779510498,-3.0827136039733887,0.0
1907,ACH-000536,0.3560529947280884,-1.0722018480300903,1.3138704299926758,0.11438435316085815,True,-3.4979500770568848,-3.7573251724243164,0.1,0.5573770491803278,0.953125,-3.718378961757176,0.11507059633731842,-5.0,-3.4240784645080566,-4.020461559295654,-3.090961456298828,0.0
1908,ACH-000554,0.11911022663116455,-1.2874161005020142,1.2819700241088867,0.12455625832080841,True,-3.467130661010742,-3.7108805179595947,0.1,0.4918032786885246,0.953125,-3.717629117377418,0.12879589200019836,-5.0,-3.3917434215545654,-4.007876873016357,-3.091114044189453,0.0
1909,ACH-000568,0.928737998008728,-0.49776491522789,1.3082573413848877,0.11824555695056915,True,-3.3067526817321777,-3.5098776817321777,0.1,0.5483870967741935,0.96875,-3.6968539738128943,0.10439912229776382,-5.0,-3.252131462097168,-4.2649078369140625,-2.9864139556884766,0.0
1910,ACH-000573,0.37730371952056885,-1.024324655532837,1.283384084701538,0.11824431270360947,True,-3.346871852874756,-3.506247043609619,0.1,0.5806451612903226,0.96875,-3.677793280792567,0.09294994920492172,-5.0,-3.2935450077056885,-4.045897960662842,-3.042104482650757,0.0
1911,ACH-000621,-0.6396856307983398,-2.0432333946228027,1.2815263271331787,0.12202145904302597,True,-3.595212459564209,-3.6608376502990723,0.1,0.7704918032786885,0.953125,-3.6760977177432173,0.1446322500705719,-5.0,-3.5261242389678955,-4.885854244232178,-3.08790922164917,0.0
1912,ACH-000624,-0.6630465984344482,-2.103245973587036,1.320060133934021,0.12013925611972809,True,-3.602731466293335,-3.699606418609619,0.1,0.6557377049180327,0.953125,-3.6784485878298576,0.08071371912956238,-5.0,-3.534013509750366,-4.309442520141602,-3.0383682250976562,0.0
1913,ACH-000643,1.1116130352020264,-0.3145901560783386,1.3093186616897583,0.11688445508480072,True,-3.51814603805542,-3.6493959426879883,0.1,0.6031746031746031,0.984375,-3.6755433233156705,0.16594721376895905,-5.0,-3.494624614715576,-5.0955986976623535,-3.0898070335388184,0.01587301678955555
1914,ACH-000668,-0.12304258346557617,-1.5025663375854492,1.2597938776016235,0.11972984671592712,True,-3.5199053287506104,-3.719905376434326,0.1,0.5409836065573771,0.953125,-3.6799795286275363,0.1259324550628662,-5.0,-3.447113513946533,-4.2351908683776855,-3.067981243133545,0.0
1915,ACH-000691,-0.8309386968612671,-2.2667205333709717,1.3172075748443604,0.11857423931360245,True,-3.5831069946289062,-3.8487319946289062,0.1,0.5573770491803278,0.953125,-3.6968547752276733,0.0996258407831192,-5.0,-3.513423442840576,-4.770524501800537,-3.0459327697753906,0.0
1916,ACH-000699,0.18014228343963623,-1.2216285467147827,1.2836192846298218,0.11815153807401657,True,-3.4669456481933594,-3.679445743560791,0.1,0.5081967213114754,0.953125,-3.6951138720609853,0.14619985222816467,-5.0,-3.3915493488311768,-4.9031500816345215,-2.731034278869629,0.0
1917,ACH-000711,-0.09482192993164062,-1.4484450817108154,1.2336112260818481,0.12001198530197144,True,-3.542106866836548,-3.842106819152832,0.1,0.5806451612903226,0.96875,-3.70981316677017,0.16668346524238586,-5.0,-3.4950778484344482,-5.357448577880859,-3.077418804168701,0.016129031777381897
1918,ACH-000725,0.7742553353309631,-0.6453632712364197,1.295580506324768,0.12403813004493713,True,-3.466158390045166,-3.653658390045166,0.1,0.5967741935483871,0.96875,-3.7041976890976698,0.10700821876525879,-5.0,-3.416679620742798,-4.062841415405273,-3.0914406776428223,0.0
1919,ACH-000755,-2.0078160762786865,-3.4261491298675537,1.2979508638381958,0.12038213014602661,True,-3.551370143890381,-3.6576199531555176,0.1,0.6833333333333333,0.9375,-3.6995399155034545,0.0790814459323883,-5.0,-3.4547948837280273,-4.498398780822754,-3.085902690887451,0.0
1920,ACH-000759,0.9881769418716431,-0.43872547149658203,1.3108636140823364,0.11603879183530807,True,-3.4688825607299805,-3.6407573223114014,0.1,0.6451612903225806,0.96875,-3.693661656184249,0.14086343348026276,-5.0,-3.4194910526275635,-4.767614364624023,-3.0651822090148926,0.0
1921,ACH-000768,-0.7126131057739258,-2.17514705657959,1.3450795412063599,0.11745446920394897,True,-3.4410696029663086,-3.7660698890686035,0.1,0.46774193548387094,0.96875,-3.7009024794726844,0.0832827016711235,-5.0,-3.3907814025878906,-4.386425495147705,-3.081125259399414,0.0
1922,ACH-000783,-0.11102128028869629,-1.4906049966812134,1.2650518417358398,0.11453182250261307,True,-3.5174968242645264,-3.779996633529663,0.1,0.5483870967741935,0.96875,-3.7088118948783824,0.14665070176124573,-5.0,-3.4696741104125977,-4.384675025939941,-3.0828285217285156,0.0
1923,ACH-000818,0.49283671379089355,-0.9147888422012329,1.2944172620773315,0.11320829391479492,True,-3.1496694087982178,-3.3184194564819336,0.1,0.6181818181818182,0.859375,-3.6697726510387376,0.1484447717666626,-5.0,-2.846888303756714,-4.2342610359191895,-2.5975728034973145,0.0
1924,ACH-000828,1.165539026260376,-0.23977139592170715,1.2912561893463135,0.11405424773693085,True,-3.0371763706207275,-3.293426513671875,0.1,0.55,0.9375,-3.632138037302051,0.10871102660894394,-5.0,-2.9063215255737305,-3.412268877029419,-2.7274928092956543,0.0
1925,ACH-000849,-1.0153647661209106,-2.32952880859375,1.207021713256836,0.107142373919487,True,-3.574155330657959,-3.727280378341675,0.1,0.5901639344262295,0.953125,-3.6416522714060133,0.10219250619411469,-5.0,-3.5040316581726074,-4.46846342086792,-3.03851318359375,0.0
1926,ACH-000856,0.4580497145652771,-0.9964284300804138,1.3367040157318115,0.11777415126562119,True,-3.574002265930176,-3.6958770751953125,0.1,0.6612903225806451,0.96875,-3.647074751784943,0.16407448053359985,-5.0,-3.5280022621154785,-4.56065559387207,-3.0504865646362305,0.0
1927,ACH-000857,-2.569019317626953,-4.007198333740234,1.3192543983459473,0.11892472207546234,True,-3.622897148132324,-3.7822723388671875,0.1,0.6206896551724138,0.90625,-3.6605945104931674,0.12540531158447266,-5.0,-3.480438232421875,-4.835668087005615,-3.046297550201416,0.0
1928,ACH-000859,-0.0802316665649414,-1.5013819932937622,1.3045395612716675,0.1166108027100563,True,-3.520320177078247,-3.7578201293945312,0.1,0.5666666666666667,0.9375,-3.670317072383304,0.16329362988471985,-5.0,-3.421674966812134,-4.577980995178223,-3.0910890102386475,0.0
1929,ACH-000876,1.0738214254379272,-0.3599487245082855,1.3165251016616821,0.11724510043859482,True,-3.427989959716797,-3.615489959716797,0.1,0.6031746031746031,0.984375,-3.6648343611166534,0.1244102343916893,-5.0,-3.4030373096466064,-4.26068115234375,-3.081920862197876,0.0
1930,ACH-000902,-0.13472414016723633,-1.5699268579483032,1.317603588104248,0.11759916692972183,True,-3.6186697483062744,-3.7811696529388428,0.1,0.5833333333333334,0.9375,-3.6764678902988726,0.14527101814746857,-5.0,-3.526581048965454,-4.586310386657715,-3.04325270652771,0.0
1931,ACH-000910,0.703898549079895,-0.7038722038269043,1.2948788404464722,0.11289191991090775,True,-3.4925785064697266,-3.6832034587860107,0.1,0.5806451612903226,0.96875,-3.6771414471475863,0.1646437644958496,-5.0,-3.4439518451690674,-4.727683067321777,-3.056258201599121,0.0
1932,ACH-000927,0.2998234033584595,-1.114425539970398,1.2973588705062866,0.11689010262489319,True,-3.450019598007202,-3.7031445503234863,0.1,0.48333333333333334,0.9375,-3.6797417574651763,0.13781334459781647,-5.0,-3.3466877937316895,-4.2489237785339355,-3.0732269287109375,0.0
1933,ACH-000930,-2.1751856803894043,-3.588266611099243,1.2977491617202759,0.11533170938491821,True,-3.6169819831848145,-3.8201069831848145,0.1,0.5689655172413793,0.90625,-3.69377828003714,0.12653660774230957,-5.0,-3.4739110469818115,-4.444931983947754,-3.063331127166748,0.0
1934,ACH-000934,-1.2013156414031982,-2.5690438747406006,1.2530077695846558,0.11472051590681076,True,-3.515751838684082,-3.8532519340515137,0.1,0.4666666666666667,0.9375,-3.7097256454385774,0.07191719114780426,-5.0,-3.416802406311035,-4.32288932800293,-3.064746618270874,0.0
1935,ACH-001390,-1.3973627090454102,-2.7544333934783936,1.2623540163040161,0.0947166457772255,True,-3.600663185119629,-3.785038471221924,0.1,0.5254237288135594,0.921875,-3.717256928016912,0.14068880677223206,-5.0,-3.4820752143859863,-4.6385817527771,-3.0866732597351074,0.0
1936,ACH-001819,0.21232664585113525,-1.1926409006118774,1.2828425168991089,0.12212502211332321,True,-3.3746540546417236,-3.5434041023254395,0.1,0.5645161290322581,0.96875,-3.699871645447765,0.11260703206062317,-5.0,-3.322223424911499,-4.293123722076416,-3.0324697494506836,0.0
1937,ACH-001820,1.0121382474899292,-0.40163683891296387,1.2995496988296509,0.11422540247440338,True,-3.474545478820801,-3.680795431137085,0.1,0.532258064516129,0.96875,-3.697964024016697,0.15300405025482178,-5.0,-3.425337076187134,-4.6141462326049805,-3.089878797531128,0.0
1938,ACH-000017,-1.4957942962646484,-2.8067917823791504,1.1998356580734253,0.11116179823875427,True,-3.522035598754883,-3.7657856941223145,0.1,0.5,0.9375,-3.7047461910272586,0.08420625329017639,-5.0,-3.423504590988159,-4.784103870391846,-3.0577774047851562,0.0
1939,ACH-000019,-4.111388683319092,-5.555060386657715,1.3327759504318237,0.11089559644460678,True,-3.666715383529663,-3.8010902404785156,0.1,0.6140350877192983,0.890625,-3.714380595972384,0.11354729533195496,-5.0,-3.5029783248901367,-4.558439254760742,-3.0661206245422363,0.0
1940,ACH-000044,0.8225862979888916,-0.5168250799179077,1.2226569652557373,0.11675436049699783,True,-3.1623647212982178,-3.321739673614502,0.1,0.5666666666666667,0.9375,-3.675116503736596,0.11285308003425598,-5.0,-3.03985595703125,-3.995586395263672,-2.8362197875976562,0.0
1941,ACH-000097,0.5798884034156799,-0.8166353106498718,1.292076587677002,0.10444709658622742,True,-3.523113250732422,-3.7043633460998535,0.1,0.5806451612903226,0.96875,-3.6780411879729216,0.16536638140678406,-5.0,-3.4754722118377686,-4.296464443206787,-3.0879204273223877,0.0
1942,ACH-000111,0.5619403719902039,-0.8438771367073059,1.2864484786987305,0.11936905980110168,True,-3.5190634727478027,-3.709688425064087,0.1,0.5555555555555556,0.984375,-3.681205911682038,0.14906048774719238,-5.0,-3.4955568313598633,-4.83475399017334,-3.052527904510498,0.0
1943,ACH-000117,1.405053734779358,-0.010199950076639652,1.2969276905059814,0.11832600831985474,True,-3.4172921180725098,-3.6329174041748047,0.1,0.5555555555555556,0.984375,-3.6763770609313147,0.15044750273227692,-5.0,-3.3921701908111572,-4.164391040802002,-3.0866010189056396,0.0
1944,ACH-000147,0.33170104026794434,-1.1526201963424683,1.3665229082107544,0.11779831349849701,True,-3.504762649536133,-3.773512840270996,0.1,0.5806451612903226,0.96875,-3.686090638865283,0.15546107292175293,-5.0,-3.456529140472412,-5.015318393707275,-3.077127456665039,0.016129031777381897
1945,ACH-000148,-0.9398804903030396,-2.432811975479126,1.381664752960205,0.11126668751239777,True,-3.558420419692993,-3.777170181274414,0.1,0.532258064516129,0.96875,-3.695198593106196,0.07512280344963074,-5.0,-3.5119175910949707,-5.44020414352417,-3.0887203216552734,0.016129031777381897
1946,ACH-000196,0.892115592956543,-0.4837498962879181,1.258013129234314,0.11785233020782471,True,-3.55806565284729,-3.7080657482147217,0.1,0.609375,1.0,-3.696485308617049,0.15871761739253998,-5.0,-3.55806565284729,-4.527962684631348,-3.058457851409912,0.0
1947,ACH-000212,0.7739743590354919,-0.6204461455345154,1.2742222547531128,0.12019823491573334,True,-3.4990761280059814,-3.645951271057129,0.1,0.5645161290322581,0.96875,-3.6914319048610564,0.13199740648269653,-5.0,-3.4506590366363525,-4.35532283782959,-3.091063976287842,0.0
1948,ACH-000223,0.6405879855155945,-0.7813234925270081,1.3050915002822876,0.11681997776031494,True,-3.5104939937591553,-3.660493850708008,0.1,0.5806451612903226,0.96875,-3.6883380994457515,0.1472841203212738,-5.0,-3.4624454975128174,-4.380959510803223,-3.0884602069854736,0.0
1949,ACH-000248,-0.8833261728286743,-2.277165412902832,1.2741202116012573,0.119718998670578,True,-3.608703136444092,-3.7305779457092285,0.1,0.6557377049180327,0.953125,-3.692562084072099,0.18599972128868103,-5.0,-3.540278434753418,-4.794309616088867,-3.0454328060150146,0.0
1950,ACH-000258,-4.625581741333008,-6.027978897094727,1.284694790840149,0.11770211905241013,True,-3.8356003761291504,-4.023100852966309,0.1,0.5471698113207547,0.828125,-3.72561596096152,0.14694420993328094,-5.0,-3.593932867050171,-4.921351432800293,-3.1694111824035645,0.0
1951,ACH-000276,0.7732133865356445,-0.683447003364563,1.3427698612213135,0.11389055848121643,True,-3.4912195205688477,-3.7412197589874268,0.1,0.5161290322580645,0.96875,-3.7271763407641103,0.14417517185211182,-5.0,-3.442548990249634,-4.250404357910156,-3.0746803283691406,0.0
1952,ACH-000277,-2.5070927143096924,-3.90329909324646,1.2820008993148804,0.1142054945230484,True,-3.515373706817627,-3.6997485160827637,0.1,0.603448275862069,0.90625,-3.7244335582959756,0.121181920170784,-5.0,-3.3617916107177734,-4.123513221740723,-3.0552375316619873,0.0
1953,ACH-000288,0.5127072930335999,-0.9835110306739807,1.3869723081588745,0.10924598574638367,True,-3.5336697101593018,-3.6836695671081543,0.1,0.6229508196721312,0.953125,-3.7203571591771936,0.14856961369514465,-5.0,-3.461555004119873,-4.11045503616333,-3.088369369506836,0.0
1954,ACH-000330,-0.18825268745422363,-1.5862836837768555,1.281990647315979,0.11604036390781403,True,-3.5810694694519043,-3.7873196601867676,0.1,0.55,0.9375,-3.727053409278151,0.1123691201210022,-5.0,-3.4864742755889893,-4.719814777374268,-3.0717861652374268,0.0
1955,ACH-000349,1.117722511291504,-0.261974036693573,1.2554885149002075,0.124208003282547,True,-3.5189239978790283,-3.703299045562744,0.1,0.6451612903225806,0.96875,-3.72467797290661,0.0994618684053421,-5.0,-3.471147298812866,-4.727781772613525,-3.086015224456787,0.0
1956,ACH-000352,2.661196708679199,1.3081672191619873,1.239570140838623,0.11345937103033066,True,-3.193330764770508,-3.4214558601379395,0.1,0.546875,1.0,-3.694355761629743,0.16851873695850372,-5.0,-3.193330764770508,-3.9265589714050293,-2.9772908687591553,0.0
1957,ACH-000374,0.8082521557807922,-0.5909618735313416,1.2810097932815552,0.11820419132709503,True,-3.480682849884033,-3.708807945251465,0.1,0.5245901639344263,0.953125,-3.695800979991915,0.14342321455478668,-5.0,-3.4059622287750244,-4.200274467468262,-3.0827136039733887,0.0
1958,ACH-000536,1.0601928234100342,-0.27215853333473206,1.215599536895752,0.11675180494785309,True,-3.4973998069763184,-3.6848998069763184,0.1,0.6349206349206349,0.984375,-3.6947108626903553,0.16426968574523926,-5.0,-3.4735491275787354,-4.539048671722412,-3.090961456298828,0.0
1959,ACH-000554,-1.442474126815796,-2.7964017391204834,1.2409614324569702,0.11296623200178146,True,-3.5351250171661377,-3.7507498264312744,0.1,0.55,0.9375,-3.7003147590644474,0.08129078149795532,-5.0,-3.437466859817505,-4.204981327056885,-3.091114044189453,0.0
1960,ACH-000568,1.37112557888031,-0.00914138276129961,1.2643033266067505,0.11596355587244034,True,-3.275477886199951,-3.5754780769348145,0.1,0.46774193548387094,0.96875,-3.687831090851484,0.14035695791244507,-5.0,-3.219848394393921,-4.194488525390625,-2.9864139556884766,0.0
1961,ACH-000573,0.7433289289474487,-0.6098150014877319,1.2398927211761475,0.11325119435787201,True,-3.4410037994384766,-3.5472538471221924,0.1,0.6721311475409836,0.953125,-3.673773366478555,0.11570975184440613,-5.0,-3.3643317222595215,-4.045897960662842,-3.042104482650757,0.0
1962,ACH-000621,0.7555401921272278,-0.6772961020469666,1.315619707107544,0.11721663177013397,True,-3.498718738555908,-3.6924686431884766,0.1,0.5555555555555556,0.984375,-3.675642894149547,0.16093425452709198,-5.0,-3.474889039993286,-4.644538402557373,-3.08790922164917,0.0
1963,ACH-000624,-0.9903087615966797,-2.347587823867798,1.2445558309555054,0.11272329092025757,True,-3.6508336067199707,-3.7852084636688232,0.1,0.6271186440677966,0.921875,-3.686599451101475,0.14064134657382965,-5.0,-3.5364975929260254,-4.677008628845215,-3.0383682250976562,0.0
1964,ACH-000643,-0.17300331592559814,-1.5783814191818237,1.287388563156128,0.11798951029777527,True,-3.5537142753601074,-3.8005895614624023,0.1,0.5,0.90625,-3.6979984621375674,0.16495271027088165,-5.0,-3.4040987491607666,-4.903684139251709,-3.0898070335388184,0.0
1965,ACH-000668,-0.5862879753112793,-2.009841203689575,1.312811017036438,0.11074219644069672,True,-3.5270209312438965,-3.7457709312438965,0.1,0.5645161290322581,0.96875,-3.7027757090482,0.09220646321773529,-5.0,-3.4795053005218506,-4.405036449432373,-3.067981243133545,0.0
1966,ACH-000691,-0.3954653739929199,-1.7963776588439941,1.2878433465957642,0.11306887865066528,True,-3.633552312850952,-3.7179274559020996,0.1,0.7258064516129032,0.96875,-3.7042908837335897,0.13873234391212463,-5.0,-3.589473247528076,-4.670495510101318,-3.0459327697753906,0.0
1967,ACH-000699,1.2240185737609863,-0.16605305671691895,1.2787543535232544,0.11131726205348969,True,-3.4278526306152344,-3.6466026306152344,0.1,0.4838709677419355,0.96875,-3.698522058421754,0.14678236842155457,-5.0,-3.377138137817383,-3.8342442512512207,-3.0897867679595947,0.0
1968,ACH-000711,-1.2546578645706177,-2.654681921005249,1.2818982601165771,0.11812575161457062,True,-3.581347703933716,-3.81884765625,0.1,0.5344827586206896,0.90625,-3.7105546182045788,0.09485072642564774,-5.0,-3.4345905780792236,-4.727956295013428,-3.077418804168701,0.0
1969,ACH-000725,1.250717282295227,-0.15534453094005585,1.2902215719223022,0.11584021151065826,True,-3.4810197353363037,-3.6153950691223145,0.1,0.6349206349206349,0.984375,-3.701038663296352,0.1353408545255661,-5.0,-3.4569091796875,-4.329747676849365,-3.0914406776428223,0.0
1970,ACH-000755,-0.802849292755127,-2.1872036457061768,1.2712855339050293,0.1130688413977623,True,-3.484344005584717,-3.6030941009521484,0.1,0.5901639344262295,0.953125,-3.691244207061932,0.07114632427692413,-5.0,-3.4098033905029297,-3.9961113929748535,-3.085902690887451,0.0
1971,ACH-000759,-0.05732274055480957,-1.4728951454162598,1.306663990020752,0.10890841484069824,True,-3.5033390522003174,-3.6908390522003174,0.1,0.576271186440678,0.921875,-3.69120369157577,0.14783352613449097,-5.0,-3.3765037059783936,-4.638061046600342,-3.0651822090148926,0.0
1972,ACH-000768,0.6357296705245972,-0.8133728504180908,1.338194727897644,0.11090774834156036,True,-3.4502158164978027,-3.675215721130371,0.1,0.5396825396825397,0.984375,-3.68960489453123,0.09107685089111328,-5.0,-3.4256162643432617,-4.629054069519043,-3.081125259399414,0.0
1973,ACH-000783,-0.2609827518463135,-1.6826963424682617,1.309074878692627,0.11263877153396606,True,-3.5568370819091797,-3.6630871295928955,0.1,0.7049180327868853,0.953125,-3.6869531180373967,0.14271697402000427,-5.0,-3.4858617782592773,-3.986809015274048,-3.0828285217285156,0.0
1974,ACH-000818,-0.41835927963256836,-1.7733160257339478,1.2393180131912231,0.11563878506422043,True,-3.0654819011688232,-3.2436070442199707,0.1,0.5714285714285714,0.875,-3.6426185106556543,0.10107872635126114,-5.0,-2.7891221046447754,-3.334131956100464,-2.5975728034973145,0.0
1975,ACH-000828,2.2590603828430176,0.8887931108474731,1.260408639907837,0.10985876619815826,True,-2.965217113494873,-3.1589670181274414,0.1,0.5555555555555556,0.984375,-3.594253361402833,0.18734484910964966,-5.0,-2.9329190254211426,-4.653984546661377,-2.7274928092956543,0.0
1976,ACH-000849,-1.3434282541275024,-2.724400520324707,1.2723946571350098,0.10857763886451721,True,-3.5986006259918213,-3.7736005783081055,0.1,0.5254237288135594,0.921875,-3.6121880830933604,0.13277119398117065,-5.0,-3.479837656021118,-4.700740814208984,-3.03851318359375,0.0
1977,ACH-000856,-2.077138900756836,-3.5137102603912354,1.3231453895568848,0.1134260892868042,True,-3.5904641151428223,-3.7998392581939697,0.1,0.6166666666666667,0.9375,-3.6309532006034213,0.08889298141002655,-5.0,-3.496495246887207,-4.370810508728027,-3.0504865646362305,0.0
1978,ACH-000857,-0.5971074104309082,-1.997187852859497,1.286558747291565,0.11352169513702393,True,-3.5680899620056152,-3.7743399143218994,0.1,0.6065573770491803,0.953125,-3.645291871975269,0.11510563641786575,-5.0,-3.4976680278778076,-4.858477592468262,-3.046297550201416,0.0
1979,ACH-000859,-0.6870080232620239,-2.0641446113586426,1.2639068365097046,0.11322980374097824,True,-3.5202527046203613,-3.7702527046203613,0.1,0.4918032786885246,0.953125,-3.6577879552397783,0.10721460729837418,-5.0,-3.4474780559539795,-4.577980995178223,-3.0910890102386475,0.0
1980,ACH-000876,-0.2663677930831909,-1.6584267616271973,1.2806487083435059,0.11141030490398407,True,-3.529803991317749,-3.682929039001465,0.1,0.6557377049180327,0.953125,-3.660302063615947,0.12815850973129272,-5.0,-3.4574990272521973,-4.672821044921875,-3.081920862197876,0.0
1981,ACH-000902,-0.7798012495040894,-2.2287209033966064,1.335720419883728,0.11319920420646667,True,-3.5442891120910645,-3.7974140644073486,0.1,0.5,0.96875,-3.674013263695087,0.14004144072532654,-5.0,-3.497330665588379,-4.889708995819092,-3.04325270652771,0.0
1982,ACH-000910,-0.8899847269058228,-2.2793071269989014,1.277127981185913,0.11219443380832672,True,-3.5286178588867188,-3.7879927158355713,0.1,0.5,0.9375,-3.685411208909135,0.13869884610176086,-5.0,-3.430525779724121,-4.362754821777344,-3.056258201599121,0.0
1983,ACH-000927,-0.8427528142929077,-2.2890501022338867,1.3319618701934814,0.11433539539575577,True,-3.432013750076294,-3.650763988494873,0.1,0.5573770491803278,0.953125,-3.681946486867709,0.07045896351337433,-5.0,-3.3548994064331055,-4.6535491943359375,-3.0732269287109375,0.0
1984,ACH-000930,0.9496359825134277,-0.5052047967910767,1.3364460468292236,0.11839474737644196,True,-3.5080151557922363,-3.7267651557922363,0.1,0.5396825396825397,0.984375,-3.686428353760162,0.15743029117584229,-5.0,-3.484333038330078,-4.7774739265441895,-3.063331127166748,0.0
1985,ACH-000934,-1.4847710132598877,-2.8648197650909424,1.2648942470550537,0.11515448242425919,True,-3.517667055130005,-3.720792055130005,0.1,0.5081967213114754,0.953125,-3.689864723897146,0.10217529535293579,-5.0,-3.444765090942383,-4.374194145202637,-3.064746618270874,0.0
1986,ACH-001390,-1.5549277067184448,-2.895111083984375,1.2495605945587158,0.09062274545431137,True,-3.5832719802856445,-3.8301472663879395,0.1,0.5166666666666667,0.9375,-3.703892978146225,0.0982043445110321,-5.0,-3.488823652267456,-5.023115634918213,-3.0866732597351074,0.01666666753590107
1987,ACH-001819,1.6193128824234009,0.2132108211517334,1.2917834520339966,0.11431857943534851,True,-3.3393707275390625,-3.5893707275390625,0.1,0.5079365079365079,0.984375,-3.6924407530855086,0.08115766942501068,-5.0,-3.313011646270752,-4.5196123123168945,-3.0324697494506836,0.0
1988,ACH-001820,0.5968727469444275,-0.8122091889381409,1.2998539209365845,0.10922800004482269,True,-3.525364875793457,-3.709739923477173,0.1,0.5483870967741935,0.96875,-3.694170670124675,0.192411869764328,-5.0,-3.4777958393096924,-4.815789222717285,-3.089878797531128,0.0
1989,ACH-000017,0.8947322368621826,-0.4264385402202606,1.209692358970642,0.11147844791412354,True,-3.480715751647949,-3.7244656085968018,0.1,0.5555555555555556,0.984375,-3.6972001639718877,0.16138502955436707,-5.0,-3.4566004276275635,-4.433954238891602,-3.0577774047851562,0.0
1990,ACH-000019,0.5310705304145813,-0.8800507187843323,1.3051848411560059,0.10593638569116592,True,-3.5401806831359863,-3.721430778503418,0.1,0.5483870967741935,0.96875,-3.6996232254250407,0.1572360098361969,-5.0,-3.4930896759033203,-4.770884037017822,-3.0661206245422363,0.0
1991,ACH-000044,2.218263626098633,0.8879620432853699,1.218342900276184,0.1119585782289505,True,-3.1320388317108154,-3.278913974761963,0.1,0.6451612903225806,0.96875,-3.657552300358733,0.15957573056221008,-5.0,-3.071782112121582,-4.155290603637695,-2.8362197875976562,0.0
1992,ACH-000097,0.6711709499359131,-0.7089935541152954,1.2795076370239258,0.1006569191813469,True,-3.4902849197387695,-3.718410015106201,0.1,0.5396825396825397,0.984375,-3.66363807183348,0.17561307549476624,-5.0,-3.4663214683532715,-5.209274768829346,-3.0879204273223877,0.01587301678955555
1993,ACH-000111,0.3355783224105835,-1.0816899538040161,1.3019788265228271,0.11528946459293365,True,-3.525172710418701,-3.7970476150512695,0.1,0.5967741935483871,0.96875,-3.6769790261552586,0.1751214861869812,-5.0,-3.47759747505188,-4.168001651763916,-3.052527904510498,0.0
1994,ACH-000117,0.9864680767059326,-0.35159480571746826,1.2234612703323364,0.11460161954164505,True,-3.4438369274139404,-3.621962070465088,0.1,0.5967741935483871,0.96875,-3.671477330586242,0.13061173260211945,-5.0,-3.3936383724212646,-4.02149772644043,-3.0866010189056396,0.0
1995,ACH-000147,-1.320431113243103,-2.755784034729004,1.327322244644165,0.10803067684173584,True,-3.6539978981018066,-3.7946228981018066,0.1,0.576271186440678,0.921875,-3.683791887337798,0.1352533996105194,-5.0,-3.5399298667907715,-4.824124336242676,-3.077127456665039,0.0
1996,ACH-000148,0.820719838142395,-0.7100013494491577,1.4176785945892334,0.11304256319999695,True,-3.4633235931396484,-3.7476985454559326,0.1,0.532258064516129,0.96875,-3.6901825531496115,0.15311911702156067,-5.0,-3.4137532711029053,-4.348944187164307,-3.0887203216552734,0.0
1997,ACH-000196,-0.23795318603515625,-1.5479365587234497,1.196969747543335,0.11301364004611969,True,-3.458470582962036,-3.767845392227173,0.1,0.4838709677419355,0.96875,-3.6979488370573677,0.08761894702911377,-5.0,-3.4087436199188232,-4.107229709625244,-3.058457851409912,0.0
1998,ACH-000212,0.21561920642852783,-1.216457486152649,1.3134987354278564,0.11857794225215912,True,-3.552046775817871,-3.7614216804504395,0.1,0.5737704918032787,0.953125,-3.7042961213966747,0.14700870215892792,-5.0,-3.4808356761932373,-4.146535873413086,-3.091063976287842,0.0
1999,ACH-000223,0.3535822629928589,-1.028324842453003,1.2662451267242432,0.11566197872161865,True,-3.5127370357513428,-3.6908621788024902,0.1,0.5645161290322581,0.96875,-3.702952727137256,0.17539584636688232,-5.0,-3.4647610187530518,-4.678250312805176,-3.0884602069854736,0.0
2000,ACH-000248,-0.6905982494354248,-2.1312501430511475,1.3265072107315063,0.11414463818073273,True,-3.5753014087677,-3.790926456451416,0.1,0.55,0.9375,-3.711750100068672,0.12808239459991455,-5.0,-3.4803218841552734,-4.418076038360596,-3.0454328060150146,0.0
