epoch,ach_id,loss,rl_loss,vae_recon_loss,vae_kl_loss,used_encoder,mean_reward,validity,baseline,entropy,invalid_penalty,mean_reward_valid,min_reward_valid,max_reward_valid,frac_valid_below_penalty
1,ACH-000019,-1976.736328125,-1983.298828125,6.013729095458984,0.5488321781158447,True,-9.396402359008789,0.109375,-0.9396402359008788,1.6631983518600464,-10.0,-4.481395721435547,-5.2233381271362305,-4.197456359863281,0.0
2,ACH-000044,-2313.900634765625,-2320.79833984375,6.3389410972595215,0.5587130188941956,True,-9.195564270019531,0.125,-1.7652326393127438,2.1457619667053223,-10.0,-3.5645179748535156,-3.7894699573516846,-3.2612500190734863,0.0
3,ACH-000097,-1379.3692626953125,-1385.9102783203125,5.9876203536987305,0.5533373355865479,True,-9.678637504577637,0.0625,-2.5565731258392326,1.4113099575042725,-10.0,-4.8581953048706055,-5.209224700927734,-4.4828715324401855,0.0
4,ACH-000111,-1282.76953125,-1289.20361328125,5.882196426391602,0.5518413782119751,True,-9.649662971496582,0.0625,-3.2658821104049673,1.441206932067871,-10.0,-4.394596576690674,-4.745954513549805,-4.1566691398620605,0.0
5,ACH-000117,-1116.9991455078125,-1123.103271484375,5.565704822540283,0.5384413599967957,True,-9.479724884033203,0.09375,-3.8872663877677907,1.4108562469482422,-10.0,-4.450390815734863,-4.641740322113037,-4.010507106781006,0.0
6,ACH-000147,-1459.567138671875,-1466.2991943359375,6.156045913696289,0.5760572552680969,True,-9.753232955932617,0.046875,-4.473863044584273,2.043095588684082,-10.0,-4.735633850097656,-4.89527702331543,-4.416347503662109,0.0
7,ACH-000148,-1397.94580078125,-1404.333740234375,5.847426891326904,0.5405696034431458,True,-9.476317405700684,0.09375,-4.9741084806959135,2.126674175262451,-10.0,-4.414053440093994,-4.802177429199219,-3.7960166931152344,0.0
8,ACH-000196,-977.5599975585938,-984.0162353515625,5.888925075531006,0.5673055648803711,True,-9.140949249267578,0.140625,-5.39079255755308,1.6485176086425781,-10.0,-3.89119815826416,-5.085062026977539,-3.4596805572509766,0.0
9,ACH-000212,-856.2457275390625,-862.8076171875,5.972692489624023,0.589187502861023,True,-9.41872787475586,0.109375,-5.793586089273359,1.5643528699874878,-10.0,-4.685510158538818,-5.147705078125,-4.219915390014648,0.0
10,ACH-000223,-805.0031127929688,-811.3963623046875,5.832611083984375,0.5606184005737305,True,-9.234457015991211,0.140625,-6.137673181945144,1.6356819868087769,-10.0,-4.556138038635254,-4.97719669342041,-3.7810568809509277,0.0
11,ACH-000248,-599.2702026367188,-605.6435546875,5.812567710876465,0.5607918500900269,True,-9.037704467773438,0.171875,-6.427676310527973,1.316150188446045,-10.0,-4.401191711425781,-5.0888872146606445,-4.067816257476807,0.0
12,ACH-000258,-551.26708984375,-557.53125,5.697431564331055,0.5667110681533813,True,-9.27178955078125,0.109375,-6.712087634553301,1.3272087574005127,-10.0,-3.3420815467834473,-4.365472316741943,-1.5138243436813354,0.0
13,ACH-000276,-640.642333984375,-646.9539184570312,5.739436626434326,0.5721544623374939,True,-9.655634880065918,0.0625,-7.006442359104563,1.6817055940628052,-10.0,-4.4901604652404785,-4.872322082519531,-3.8400793075561523,0.0
14,ACH-000277,-686.3265991210938,-692.62890625,5.762927532196045,0.5393882989883423,True,-9.439489364624023,0.09375,-7.249747059656509,1.9553853273391724,-10.0,-4.0212297439575195,-4.527434349060059,-3.4257683753967285,0.0
15,ACH-000288,-482.1885681152344,-488.6104736328125,5.861891269683838,0.56000816822052,True,-9.329571723937988,0.125,-7.457729526084657,1.5001754760742188,-10.0,-4.636574745178223,-5.205519199371338,-4.234431743621826,0.0
16,ACH-000330,-495.23089599609375,-501.53558349609375,5.725954055786133,0.5787465572357178,True,-9.563163757324219,0.078125,-7.668272949208613,1.6829273700714111,-10.0,-4.408497333526611,-5.123687744140625,-3.3732705116271973,0.0
17,ACH-000349,-503.7113342285156,-509.8348693847656,5.565093517303467,0.558430552482605,True,-9.661453247070312,0.0625,-7.867590978994783,1.821587085723877,-10.0,-4.58326530456543,-4.8955078125,-4.24191427230835,0.0
18,ACH-000352,-468.58331298828125,-474.91253662109375,5.767021179199219,0.5621890425682068,True,-9.151742935180664,0.140625,-7.996006174613371,1.8794243335723877,-10.0,-3.967944622039795,-4.301857948303223,-3.515923023223877,0.0
19,ACH-000374,-373.4953918457031,-379.8042297363281,5.74091100692749,0.5679308772087097,True,-9.844017028808594,0.03125,-8.180807260032893,1.617351770401001,-10.0,-5.0085554122924805,-5.074897766113281,-4.94221305847168,0.0
20,ACH-000536,-402.639892578125,-408.95745849609375,5.76566219329834,0.5518882870674133,True,-9.581298828125,0.078125,-8.320856416842103,1.909605860710144,-10.0,-4.64061975479126,-5.152101993560791,-4.124195575714111,0.0
21,ACH-000554,-278.61480712890625,-284.6957702636719,5.521435737609863,0.5595239400863647,True,-9.09777545928955,0.171875,-8.398548321086848,1.4427402019500732,-10.0,-4.75069522857666,-5.056385040283203,-4.535921096801758,0.0
22,ACH-000568,-311.02764892578125,-317.40118408203125,5.8224101066589355,0.5511133670806885,True,-9.638687133789062,0.0625,-8.522562202357069,1.6613354682922363,-10.0,-4.218991756439209,-4.320643424987793,-3.9859957695007324,0.0
23,ACH-000573,-289.5505676269531,-295.7687072753906,5.676556587219238,0.5415980219841003,True,-9.46394157409668,0.09375,-8.61670013953103,1.6948966979980469,-10.0,-4.282038688659668,-4.559538841247559,-3.8515007495880127,0.0
24,ACH-000621,-259.56561279296875,-265.5068054199219,5.387735843658447,0.5534489154815674,True,-9.258723258972168,0.140625,-8.680902451475143,1.6500366926193237,-10.0,-4.728696346282959,-5.209857940673828,-4.271200656890869,0.0
25,ACH-000624,-215.36126708984375,-221.49586486816406,5.5912604331970215,0.5433339476585388,True,-9.157755851745605,0.140625,-8.72858779150219,1.4444530010223389,-10.0,-4.010708332061768,-4.492295742034912,-3.742800712585449,0.0
26,ACH-000643,-187.5874481201172,-193.41236877441406,5.273249626159668,0.5516650080680847,True,-9.298213005065918,0.125,-8.785550312858561,1.301762342453003,-10.0,-4.385702610015869,-5.040208339691162,-3.3833086490631104,0.0
27,ACH-000668,-252.8651580810547,-259.13323974609375,5.695016384124756,0.573061466217041,True,-9.590556144714355,0.078125,-8.86605089604414,1.8116419315338135,-10.0,-4.759117603302002,-5.066215515136719,-4.340824127197266,0.0
28,ACH-000691,-174.53749084472656,-180.56407165527344,5.468862533569336,0.5577132701873779,True,-9.285567283630371,0.125,-8.908002534802762,1.379712700843811,-10.0,-4.284539699554443,-4.990487098693848,-3.817582607269287,0.0
29,ACH-000699,-176.2100067138672,-182.61172485351562,5.816797733306885,0.5849213004112244,True,-9.223393440246582,0.140625,-8.939541625347145,1.4350181818008423,-10.0,-4.477468013763428,-4.991279602050781,-3.8176915645599365,0.0
30,ACH-000711,-182.95726013183594,-188.82928466796875,5.285827159881592,0.5861979126930237,True,-9.658666610717773,0.0625,-9.011454123884208,1.5131667852401733,-10.0,-4.538670539855957,-4.95794677734375,-3.602449893951416,0.0
31,ACH-000725,-165.93182373046875,-171.9139404296875,5.4459614753723145,0.5361599326133728,True,-9.397638320922852,0.109375,-9.050072543588072,1.4855570793151855,-10.0,-4.492692947387695,-5.0313720703125,-4.086406707763672,0.0
32,ACH-000755,-179.47772216796875,-185.56491088867188,5.529240608215332,0.5579534769058228,True,-9.097944259643555,0.15625,-9.05485971519362,1.690843939781189,-10.0,-4.226848125457764,-4.769468307495117,-3.4206900596618652,0.0
33,ACH-000759,-193.58023071289062,-199.6022491455078,5.470065116882324,0.5519518256187439,True,-9.661090850830078,0.0625,-9.115482828757266,1.7834587097167969,-10.0,-4.577455520629883,-4.638025760650635,-4.522066593170166,0.0
34,ACH-000768,-152.8936309814453,-159.03848266601562,5.5891947746276855,0.5556532144546509,True,-9.15749454498291,0.15625,-9.11968400037983,1.5387520790100098,-10.0,-4.607961177825928,-5.209752559661865,-3.9630181789398193,0.0
35,ACH-000783,-203.0580596923828,-208.87619018554688,5.2654948234558105,0.5526401996612549,True,-9.492961883544922,0.09375,-9.15701178869634,2.008049726486206,-10.0,-4.591596603393555,-5.215613842010498,-3.989656448364258,0.0
36,ACH-000818,-182.49227905273438,-188.99783325195312,5.92825984954834,0.5772948265075684,True,-9.35466480255127,0.09375,-9.176777090081831,1.9113309383392334,-10.0,-3.116422653198242,-3.242615222930908,-2.9487226009368896,0.0
37,ACH-000828,-160.98104858398438,-167.02122497558594,5.486205577850342,0.553972601890564,True,-9.480704307556152,0.078125,-9.207169811829264,1.7345609664916992,-10.0,-3.353015899658203,-3.624666452407837,-2.9764885902404785,0.0
38,ACH-000849,-113.10041046142578,-118.78971099853516,5.169417858123779,0.5198841691017151,True,-9.368468284606934,0.109375,-9.223299659107031,1.2859017848968506,-10.0,-4.2260003089904785,-4.740655422210693,-3.86253023147583,0.0
39,ACH-000856,-119.44180297851562,-125.180419921875,5.171811580657959,0.5668022632598877,True,-9.096745491027832,0.15625,-9.210644242299113,1.398017406463623,-10.0,-4.21917200088501,-5.143690586090088,-3.4514620304107666,0.0
40,ACH-000857,-140.1261444091797,-145.97987365722656,5.281003475189209,0.5727325081825256,True,-9.283872604370117,0.125,-9.217967078506213,1.616300344467163,-10.0,-4.270978927612305,-4.763634204864502,-3.819258213043213,0.0
41,ACH-000859,-110.07609558105469,-115.9592514038086,5.3223090171813965,0.5608495473861694,True,-9.117053031921387,0.15625,-9.207875673847731,1.3203959465026855,-10.0,-4.3491387367248535,-4.990062236785889,-3.981842517852783,0.0
42,ACH-000876,-140.4420623779297,-146.04855346679688,5.047122478485107,0.5593712329864502,True,-9.338184356689453,0.125,-9.220906542131903,1.589552879333496,-10.0,-4.705474853515625,-4.903553009033203,-4.134315490722656,0.0
43,ACH-000902,-118.63801574707031,-124.17131805419922,4.971025466918945,0.5622744560241699,True,-8.819718360900879,0.203125,-9.180787724008802,1.4333596229553223,-10.0,-4.189382076263428,-4.849865913391113,-3.758920669555664,0.0
44,ACH-000910,-119.59814453125,-125.12557983398438,4.953250408172607,0.5741876363754272,True,-8.843355178833008,0.203125,-9.147044469491222,1.3455854654312134,-10.0,-4.305747985839844,-4.6359124183654785,-3.8629016876220703,0.0
45,ACH-000927,-160.6410675048828,-166.66925048828125,5.433577060699463,0.5946119427680969,True,-9.141180992126465,0.15625,-9.146458121754748,1.685446858406067,-10.0,-4.503556728363037,-4.822658061981201,-3.5781712532043457,0.0
46,ACH-000930,-110.45698547363281,-115.9991226196289,4.956798553466797,0.5853416323661804,True,-9.047554016113281,0.171875,-9.136567711190601,1.1877940893173218,-10.0,-4.458495616912842,-5.062946796417236,-3.3796792030334473,0.0
47,ACH-000934,-116.18850708007812,-121.82056427001953,5.074011325836182,0.5580489635467529,True,-9.113344192504883,0.15625,-9.13424535932203,1.211744785308838,-10.0,-4.32539701461792,-4.910057544708252,-3.8958423137664795,0.0
48,ACH-001390,-228.83477783203125,-235.94480895996094,6.467302322387695,0.6427267789840698,True,-10.0,0.0,-9.220820823389827,2.2847721576690674,-10.0,nan,nan,nan,nan
49,ACH-001819,-121.75049591064453,-127.31700134277344,5.006537914276123,0.5599677562713623,True,-8.92625617980957,0.1875,-9.191364359031802,1.4040628671646118,-10.0,-4.273364067077637,-4.575802326202393,-3.7747035026550293,0.0
50,ACH-001820,-131.1429901123047,-136.54550170898438,4.845660209655762,0.5568547248840332,True,-9.757049560546875,0.046875,-9.24793287918331,1.45585036277771,-10.0,-4.817060470581055,-5.186350345611572,-4.275951385498047,0.0
51,ACH-000017,-127.07425689697266,-132.20547485351562,4.596485614776611,0.5347319841384888,True,-8.730673789978027,0.21875,-9.196206970262782,1.5255870819091797,-10.0,-4.197364807128906,-4.874607086181641,-3.3855385780334473,0.0
52,ACH-000019,-127.67750549316406,-133.47042846679688,5.254952907562256,0.5379729270935059,True,-9.390880584716797,0.109375,-9.215674331708183,1.415849208831787,-10.0,-4.43090295791626,-5.071116924285889,-2.9467709064483643,0.0
53,ACH-000044,-156.9689483642578,-163.01736450195312,5.4705047607421875,0.5779159069061279,True,-9.395597457885742,0.09375,-9.23366664432594,1.7781063318252563,-10.0,-3.553036689758301,-3.984663486480713,-3.135636329650879,0.0
54,ACH-000097,-56.98622512817383,-62.497718811035156,4.971093654632568,0.5404000282287598,True,-8.81332015991211,0.21875,-9.191631995884556,0.7630559206008911,-10.0,-4.5751800537109375,-5.209274768829346,-4.010997295379639,0.0
55,ACH-000111,-108.71338653564453,-113.99576568603516,4.704930305480957,0.5774517059326172,True,-8.778421401977539,0.21875,-9.150310936493854,1.2633442878723145,-10.0,-4.4156389236450195,-5.524831771850586,-3.3922841548919678,0.0
56,ACH-000117,-116.39893341064453,-121.2741470336914,4.318369388580322,0.5568420886993408,True,-9.212989807128906,0.140625,-9.156578823557359,1.2111698389053345,-10.0,-4.403480052947998,-4.787934303283691,-4.011735916137695,0.0
57,ACH-000147,-158.08950805664062,-163.59323120117188,4.997238636016846,0.5064899325370789,True,-9.310352325439453,0.125,-9.171956173745567,1.6354854106903076,-10.0,-4.482818603515625,-5.181596279144287,-3.810662031173706,0.0
58,ACH-000148,-111.46905517578125,-116.80670928955078,4.79201078414917,0.5456452369689941,True,-8.890329360961914,0.203125,-9.143793492467202,1.254868507385254,-10.0,-4.53700590133667,-4.982544422149658,-4.097472667694092,0.0
59,ACH-000196,-126.0883560180664,-131.27581787109375,4.618171215057373,0.5692894458770752,True,-9.16324234008789,0.140625,-9.14573837722927,1.317930817604065,-10.0,-4.04972505569458,-4.752608776092529,-3.554776668548584,0.0
60,ACH-000212,-126.92402648925781,-132.02590942382812,4.529887676239014,0.5719939470291138,True,-8.957632064819336,0.1875,-9.126927745988276,1.351576805114746,-10.0,-4.4407057762146,-5.147705078125,-4.014840602874756,0.0
61,ACH-000223,-123.07893371582031,-128.15127563476562,4.504382610321045,0.5679553747177124,True,-9.238329887390137,0.140625,-9.138067960128462,1.2829926013946533,-10.0,-4.583680152893066,-5.000360488891602,-3.8532676696777344,0.0
62,ACH-000248,-107.02123260498047,-112.11199188232422,4.518363952636719,0.5723921656608582,True,-9.283149719238281,0.125,-9.152576136039443,1.118053674697876,-10.0,-4.265195369720459,-4.540421009063721,-4.0892157554626465,0.0
63,ACH-000258,-98.733154296875,-103.91897583007812,4.614617824554443,0.57120680809021,True,-8.776443481445312,0.203125,-9.11496287058003,1.1168088912963867,-10.0,-3.9763381481170654,-5.150267601013184,-3.020577907562256,0.0
64,ACH-000276,-124.68607330322266,-129.713134765625,4.457180976867676,0.5698816776275635,True,-9.157037734985352,0.15625,-9.119170357020563,1.277094841003418,-10.0,-4.605039119720459,-5.157947540283203,-3.9338200092315674,0.0
65,ACH-000277,-137.15509033203125,-142.06085205078125,4.348857402801514,0.5569068789482117,True,-8.985465049743652,0.1875,-9.105799826292873,1.3614482879638672,-10.0,-4.589146614074707,-5.63767147064209,-4.1419291496276855,0.0
66,ACH-000288,-165.49880981445312,-170.78334045410156,4.735684394836426,0.5488413572311401,True,-9.045352935791016,0.171875,-9.099755137242688,1.6240630149841309,-10.0,-4.445688724517822,-5.205519199371338,-3.379532814025879,0.0
67,ACH-000330,-125.24055480957031,-130.1701202392578,4.339846134185791,0.5897171497344971,True,-9.056180953979492,0.171875,-9.09539771891637,1.2404307126998901,-10.0,-4.508688449859619,-5.1236724853515625,-3.815972328186035,0.0
68,ACH-000349,-117.19699096679688,-121.8414535522461,4.093613624572754,0.5508495569229126,True,-8.914908409118652,0.203125,-9.077348787936598,1.1586277484893799,-10.0,-4.658012866973877,-5.2180562019348145,-3.983198404312134,0.0
69,ACH-000352,-137.90570068359375,-142.57931518554688,4.107698440551758,0.5659216642379761,True,-8.853738784790039,0.1875,-9.054987787621943,1.360764503479004,-10.0,-3.8866047859191895,-4.301857948303223,-3.3424715995788574,0.0
70,ACH-000374,-99.65054321289062,-104.41651153564453,4.193636894226074,0.5723292231559753,True,-8.79034423828125,0.21875,-9.028523432687875,1.003557562828064,-10.0,-4.470147132873535,-5.215250492095947,-3.852381706237793,0.0
71,ACH-000536,-132.04122924804688,-136.79107666015625,4.207581043243408,0.542269229888916,True,-8.647064208984375,0.25,-8.990377510317526,1.2349698543548584,-10.0,-4.588258743286133,-5.152092933654785,-3.8017847537994385,0.0
72,ACH-000554,-105.39138793945312,-110.11949920654297,4.132208824157715,0.595902681350708,True,-8.455117225646973,0.28125,-8.936851481850471,0.9851804375648499,-10.0,-4.507081985473633,-5.056385040283203,-3.2560911178588867,0.0
73,ACH-000568,-143.65139770507812,-148.5863494873047,4.361904621124268,0.5730464458465576,True,-8.614058494567871,0.234375,-8.904572183122212,1.2207953929901123,-10.0,-4.086650848388672,-4.48934268951416,-3.5726125240325928,0.0
74,ACH-000573,-158.18699645996094,-162.59466552734375,3.8335630893707275,0.5741031765937805,True,-8.477005004882812,0.265625,-8.861815465298273,1.303566336631775,-10.0,-4.26637077331543,-4.843447208404541,-3.6826624870300293,0.0
75,ACH-000621,-161.51048278808594,-166.0127410888672,3.9578444957733154,0.5444068908691406,True,-8.190509796142578,0.328125,-8.794684898382704,1.2890945672988892,-10.0,-4.4853620529174805,-5.209857940673828,-3.625397205352783,0.0
76,ACH-000624,-120.8355712890625,-125.23416900634766,3.857436180114746,0.5411633253097534,True,-8.0337495803833,0.328125,-8.718591366582762,0.9297091960906982,-10.0,-4.007617473602295,-4.838726043701172,-2.3530564308166504,0.0
77,ACH-000643,-161.8308563232422,-166.3394012451172,3.929147243499756,0.5794044733047485,True,-8.525534629821777,0.265625,-8.699285692906663,1.1401913166046143,-10.0,-4.449071884155273,-5.186069488525391,-3.5417966842651367,0.0
78,ACH-000668,-147.914306640625,-152.35488891601562,3.8866682052612305,0.5539077520370483,True,-8.300386428833008,0.3125,-8.659395766499298,1.0294363498687744,-10.0,-4.561236381530762,-5.066219329833984,-4.119654178619385,0.0
79,ACH-000691,-172.3524932861328,-176.95323181152344,4.020931720733643,0.5798059701919556,True,-8.383406639099121,0.28125,-8.63179685375928,1.1398890018463135,-10.0,-4.25211238861084,-4.847076416015625,-3.4024837017059326,0.0
80,ACH-000699,-152.36257934570312,-156.9054718017578,3.986210584640503,0.5566830039024353,True,-9.138340950012207,0.15625,-8.682451263384571,0.9876201152801514,-10.0,-4.485379695892334,-4.8224897384643555,-4.023371696472168,0.0
81,ACH-000711,-153.18316650390625,-157.61460876464844,3.8626725673675537,0.568763792514801,True,-8.59415340423584,0.25,-8.673621477469698,1.0543938875198364,-10.0,-4.376613616943359,-5.183089733123779,-3.1258583068847656,0.0
82,ACH-000725,-132.16648864746094,-136.49285888671875,3.758920669555664,0.5674549341201782,True,-8.468843460083008,0.28125,-8.65314367573103,0.9042622447013855,-10.0,-4.555886745452881,-5.088705062866211,-3.72121000289917,0.0
83,ACH-000755,-137.0111083984375,-141.45306396484375,3.8878333568573,0.5541270971298218,True,-8.51711654663086,0.265625,-8.639540962821012,0.9325679540634155,-10.0,-4.417381763458252,-4.942518711090088,-3.7995972633361816,0.0
84,ACH-000759,-171.0959014892578,-175.73245239257812,4.0637006759643555,0.5728536248207092,True,-8.5860595703125,0.25,-8.634192823570162,1.1095918416976929,-10.0,-4.344239234924316,-4.638061046600342,-3.9386680126190186,0.0
85,ACH-000768,-110.41111755371094,-114.93083953857422,3.9847140312194824,0.5350083112716675,True,-7.819681167602539,0.390625,-8.5527416579734,0.7698288559913635,-10.0,-4.418384075164795,-5.209751129150391,-3.809030294418335,0.0
86,ACH-000783,-127.35601043701172,-131.72927856445312,3.806915521621704,0.56635582447052,True,-8.711830139160156,0.234375,-8.568650506092075,0.7887762784957886,-10.0,-4.503806114196777,-5.54408073425293,-3.9024882316589355,0.0
87,ACH-000818,-209.89404296875,-214.4637908935547,3.994903087615967,0.5748375654220581,True,-8.39126968383789,0.234375,-8.550912423866656,1.294997215270996,-10.0,-3.13608717918396,-3.641572952270508,-2.9033870697021484,0.0
88,ACH-000828,-174.9793701171875,-179.5083770751953,3.964142322540283,0.5648659467697144,True,-8.64811897277832,0.203125,-8.560633078757823,1.0904121398925781,-10.0,-3.344586133956909,-3.8489620685577393,-2.9982941150665283,0.0
89,ACH-000849,-127.36585998535156,-131.85069274902344,3.954983711242676,0.5298500061035156,True,-7.961589813232422,0.34375,-8.500728752205282,0.812336802482605,-10.0,-4.070080280303955,-4.75563907623291,-3.423229217529297,0.0
90,ACH-000856,-131.107421875,-135.33314514160156,3.6755335330963135,0.5501827597618103,True,-7.9097442626953125,0.34375,-8.441630303254286,0.8034330606460571,-10.0,-3.9192540645599365,-4.854221820831299,-3.5688395500183105,0.0
91,ACH-000857,-94.59069061279297,-98.88320922851562,3.702692985534668,0.5898257493972778,True,-7.784103870391846,0.390625,-8.375877659968042,0.5964256525039673,-10.0,-4.327305316925049,-4.849977016448975,-3.7144711017608643,0.0
92,ACH-000859,-150.9407958984375,-155.6336212158203,4.107320785522461,0.5855112075805664,True,-8.71725082397461,0.234375,-8.410014976368698,0.816058874130249,-10.0,-4.526936054229736,-5.147833824157715,-3.915700912475586,0.0
93,ACH-000876,-142.83399963378906,-147.12684631347656,3.7376511096954346,0.5551916360855103,True,-8.435287475585938,0.28125,-8.412542226290421,0.7984335422515869,-10.0,-4.436579704284668,-4.829080581665039,-3.7637572288513184,0.0
94,ACH-000902,-111.84574890136719,-116.03868103027344,3.611844539642334,0.5810900926589966,True,-8.11028003692627,0.328125,-8.382316007354007,0.6713887453079224,-10.0,-4.240854740142822,-4.864104270935059,-3.170879364013672,0.0
95,ACH-000910,-147.2679443359375,-151.6114501953125,3.779970169067383,0.5635339021682739,True,-8.238225936889648,0.3125,-8.367907000307572,0.8234525322914124,-10.0,-4.362322807312012,-5.004636287689209,-3.0024209022521973,0.0
96,ACH-000927,-138.51028442382812,-143.0228729248047,3.938927173614502,0.5736569166183472,True,-7.948987007141113,0.359375,-8.326015000990926,0.7861936688423157,-10.0,-4.292832374572754,-4.7189860343933105,-3.418199062347412,0.0
97,ACH-000930,-127.8629379272461,-131.96360778808594,3.516277551651001,0.5843890905380249,True,-8.154291152954102,0.328125,-8.308842616187244,0.7014334797859192,-10.0,-4.374983787536621,-4.989434719085693,-3.521798610687256,0.0
98,ACH-000934,-166.70973205566406,-171.0046844482422,3.707667112350464,0.5872792601585388,True,-7.823401927947998,0.375,-8.26029854736332,0.8868191242218018,-10.0,-4.195738792419434,-5.072286605834961,-2.323596477508545,0.0
99,ACH-001390,-336.1348876953125,-341.7503662109375,4.99035120010376,0.6251190304756165,True,-9.412324905395508,0.109375,-8.375501183166538,1.6614537239074707,-10.0,-4.62696647644043,-5.023116111755371,-3.986166477203369,0.0
100,ACH-001819,-141.7354736328125,-146.18910217285156,3.883225917816162,0.5704048871994019,True,-8.258861541748047,0.296875,-8.363837219024688,0.8092004060745239,-10.0,-4.135110855102539,-4.519611358642578,-3.4063305854797363,0.0
101,ACH-001820,-95.11328125,-99.3810806274414,3.6910769939422607,0.5767263174057007,True,-7.258518218994141,0.5,-8.253305319021633,0.5715219974517822,-10.0,-4.517035484313965,-5.1864824295043945,-3.6219191551208496,0.0
102,ACH-000017,-119.57752990722656,-124.10617065429688,3.951183557510376,0.5774555206298828,True,-7.984300136566162,0.359375,-8.226404800776086,0.6453897953033447,-10.0,-4.3910956382751465,-5.081759929656982,-3.5584909915924072,0.0
103,ACH-000019,-230.4742889404297,-234.75082397460938,3.7326266765594482,0.5439031720161438,True,-8.166886329650879,0.328125,-8.220452953663566,1.1239330768585205,-10.0,-4.413369178771973,-5.036343097686768,-3.3772659301757812,0.0
104,ACH-000044,-252.69635009765625,-257.53460693359375,4.261535167694092,0.576724648475647,True,-8.58506965637207,0.21875,-8.256914623934417,1.2435588836669922,-10.0,-3.531744956970215,-3.7894699573516846,-3.22465443611145,0.0
105,ACH-000097,-108.0650634765625,-112.81330108642578,4.182109832763672,0.5661286115646362,True,-8.135128021240234,0.34375,-8.244735963664999,0.5858070254325867,-10.0,-4.574916839599609,-5.209274768829346,-3.803184747695923,0.0
106,ACH-000111,-190.72743225097656,-195.06265258789062,3.768460512161255,0.5667644143104553,True,-7.734087944030762,0.40625,-8.193671161701575,0.96622234582901,-10.0,-4.422371864318848,-5.27756929397583,-3.8362627029418945,0.0
107,ACH-000117,-130.80911254882812,-134.5260772705078,3.136317253112793,0.580647349357605,True,-7.889654636383057,0.375,-8.163269509169723,0.6607091426849365,-10.0,-4.372411727905273,-5.288780212402344,-3.2492568492889404,0.0
108,ACH-000147,-228.45370483398438,-232.84259033203125,3.859731435775757,0.5291471481323242,True,-8.22025203704834,0.3125,-8.168967761957585,1.108102560043335,-10.0,-4.304805755615234,-5.181596279144287,-3.3715829849243164,0.0
109,ACH-000148,-172.09121704101562,-176.39576721191406,3.7561981678009033,0.5483527779579163,True,-8.178346633911133,0.328125,-8.169905649152941,0.8472217917442322,-10.0,-4.448294639587402,-5.201489448547363,-3.3800134658813477,0.0
110,ACH-000196,-147.0075225830078,-150.97329711914062,3.3866376876831055,0.5791411399841309,True,-7.5079450607299805,0.40625,-8.103709590310645,0.7441073656082153,-10.0,-3.8657116889953613,-4.991672515869141,-2.284515857696533,0.0
111,ACH-000212,-164.791259765625,-168.84461975097656,3.4740376472473145,0.5793271064758301,True,-7.536223411560059,0.453125,-8.046960972435587,0.7918965816497803,-10.0,-4.562699794769287,-5.147704601287842,-4.039446830749512,0.0
112,ACH-000223,-190.30606079101562,-194.50364685058594,3.607142686843872,0.5904386043548584,True,-7.828760147094727,0.390625,-8.0251408899015,0.8799380660057068,-10.0,-4.441625118255615,-5.067060470581055,-3.414816379547119,0.0
113,ACH-000248,-119.71205139160156,-123.75635528564453,3.468729019165039,0.5755720734596252,True,-7.339892387390137,0.46875,-7.956616039650364,0.5815470218658447,-10.0,-4.325102806091309,-5.106605529785156,-3.8551039695739746,0.0
114,ACH-000258,-105.23885345458984,-109.37309265136719,3.538818597793579,0.5954199433326721,True,-7.252042293548584,0.4375,-7.8861586650401865,0.49887317419052124,-10.0,-3.7189550399780273,-4.882132530212402,-0.8672089576721191,0.0
115,ACH-000276,-145.26791381835938,-149.0994873046875,3.2533066272735596,0.5782705545425415,True,-7.787240028381348,0.40625,-7.876266801374302,0.632182776927948,-10.0,-4.553206443786621,-5.157947540283203,-3.3721187114715576,0.0
116,ACH-000277,-208.1095428466797,-212.1110382080078,3.420710563659668,0.580787718296051,True,-8.088451385498047,0.328125,-7.897485259786676,0.8521135449409485,-10.0,-4.174328804016113,-4.608165264129639,-3.4257659912109375,0.0
117,ACH-000288,-168.12208557128906,-172.3570098876953,3.715015172958374,0.5199018120765686,True,-8.13554859161377,0.34375,-7.921291592969386,0.713481068611145,-10.0,-4.576140403747559,-5.483345985412598,-3.943384885787964,0.0
118,ACH-000330,-119.33888244628906,-123.48351287841797,3.553556442260742,0.591070294380188,True,-7.798501491546631,0.390625,-7.90901258282711,0.5341414213180542,-10.0,-4.364163875579834,-5.123673915863037,-3.3732712268829346,0.0
119,ACH-000349,-180.97511291503906,-184.67608642578125,3.108999490737915,0.5919764041900635,True,-7.997217178344727,0.375,-7.917833042378872,0.7839164733886719,-10.0,-4.659246444702148,-5.218055725097656,-3.3753881454467773,0.0
120,ACH-000352,-132.12762451171875,-135.87940979003906,3.1691806316375732,0.5826003551483154,True,-7.3507490158081055,0.4375,-7.861124639721795,0.5786488652229309,-10.0,-3.9445688724517822,-4.560729503631592,-3.560790538787842,0.0
121,ACH-000374,-175.1414031982422,-179.05088806152344,3.2944536209106445,0.6150363087654114,True,-8.016918182373047,0.359375,-7.87670399398692,0.7432238459587097,-10.0,-4.4818572998046875,-5.2152509689331055,-3.735283374786377,0.0
122,ACH-000536,-75.2741928100586,-78.95276641845703,3.1101579666137695,0.568414568901062,True,-6.965055465698242,0.546875,-7.785539141158052,0.35302168130874634,-10.0,-4.4503865242004395,-5.152092933654785,-2.7790143489837646,0.0
123,ACH-000554,-72.37944030761719,-76.244873046875,3.275386095046997,0.590050458908081,True,-7.775313377380371,0.40625,-7.784516564780285,0.3233174681663513,-10.0,-4.523848533630371,-5.087512969970703,-3.791130781173706,0.0
124,ACH-000568,-139.5736846923828,-143.53871154785156,3.379364252090454,0.5856661796569824,True,-7.260180950164795,0.453125,-7.732083003318736,0.586790144443512,-10.0,-3.9535024166107178,-4.443751811981201,-3.3252980709075928,0.0
125,ACH-000573,-78.92790985107422,-82.68235778808594,3.160341262817383,0.5941077470779419,True,-7.0974955558776855,0.5,-7.6686242585746305,0.35013547539711,-10.0,-4.194991111755371,-4.955902099609375,-3.4725871086120605,0.0
126,ACH-000621,-144.385986328125,-148.431396484375,3.455148220062256,0.5902576446533203,True,-7.417203903198242,0.46875,-7.643482223036992,0.5586161613464355,-10.0,-4.490035057067871,-5.453218460083008,-3.803312063217163,0.0
127,ACH-000624,-161.9912567138672,-165.94015502929688,3.3416621685028076,0.6072414517402649,True,-7.568393230438232,0.40625,-7.635973323777116,0.6220939755439758,-10.0,-4.014505863189697,-4.526785373687744,-3.427873373031616,0.0
128,ACH-000643,-91.19434356689453,-94.8841552734375,3.0859971046447754,0.6038169264793396,True,-6.944167137145996,0.5625,-7.566792705114004,0.38751113414764404,-10.0,-4.567408084869385,-5.186069488525391,-3.3833088874816895,0.0
129,ACH-000668,-113.11961364746094,-116.9131851196289,3.193176507949829,0.6003942489624023,True,-6.819396495819092,0.578125,-7.492053084184513,0.4396408200263977,-10.0,-4.498415470123291,-5.139862060546875,-3.375890016555786,0.0
130,ACH-000691,-78.28286743164062,-82.11370849609375,3.2206552028656006,0.6101837754249573,True,-7.121415138244629,0.5,-7.454989289590524,0.31106647849082947,-10.0,-4.242830753326416,-5.054075717926025,-2.4288437366485596,0.0
131,ACH-000699,-108.37068176269531,-112.14924621582031,3.144077777862549,0.6344897747039795,True,-7.3834686279296875,0.46875,-7.4478372234244405,0.4196763336658478,-10.0,-4.418066024780273,-4.991279602050781,-3.7369048595428467,0.0
132,ACH-000711,-130.30935668945312,-134.07020568847656,3.1439733505249023,0.6168744564056396,True,-7.090010643005371,0.53125,-7.412054565382534,0.48028725385665894,-10.0,-4.522372722625732,-5.313816547393799,-3.8103957176208496,0.0
133,ACH-000725,-92.72468566894531,-96.33084869384766,3.0129547119140625,0.5932092070579529,True,-7.039362907409668,0.546875,-7.374785399585248,0.3401969373226166,-10.0,-4.5862627029418945,-5.088705062866211,-3.8335933685302734,0.0
134,ACH-000755,-152.32708740234375,-156.14280700683594,3.1943752765655518,0.6213516592979431,True,-7.62681770324707,0.421875,-7.39998862995143,0.5376296639442444,-10.0,-4.374678611755371,-4.974775314331055,-3.4206902980804443,0.0
135,ACH-000759,-163.42999267578125,-167.24131774902344,3.208179235458374,0.6031484603881836,True,-7.266781806945801,0.484375,-7.386667947650867,0.5595006942749023,-10.0,-4.357226848602295,-4.990405082702637,-3.430136203765869,0.0
136,ACH-000768,-167.22341918945312,-171.1776123046875,3.3943238258361816,0.559873104095459,True,-7.6959028244018555,0.421875,-7.417591435325965,0.5897467136383057,-10.0,-4.538435459136963,-5.300558567047119,-3.1716349124908447,0.0
137,ACH-000783,-111.16854095458984,-115.0514907836914,3.27055025100708,0.6124001741409302,True,-6.980327129364014,0.546875,-7.37386500472977,0.4039555788040161,-10.0,-4.478312969207764,-5.215610027313232,-3.37260365486145,0.0
138,ACH-000818,-197.5775604248047,-201.29159545898438,3.0583112239837646,0.6557250022888184,True,-7.395425319671631,0.375,-7.376021036223956,0.6790904402732849,-10.0,-3.0544679164886475,-3.571359634399414,-2.8102688789367676,0.0
139,ACH-000828,-194.07569885253906,-197.93309020996094,3.2466940879821777,0.610701322555542,True,-6.834710121154785,0.46875,-7.3218899447170385,0.6763541102409363,-10.0,-3.2473809719085693,-3.7543764114379883,-2.9764914512634277,0.0
140,ACH-000849,-122.52995300292969,-126.47299194335938,3.3886349201202393,0.5544027090072632,True,-6.898735046386719,0.515625,-7.279574454884006,0.43937480449676514,-10.0,-3.9854257106781006,-4.705036163330078,-2.4317567348480225,0.0
141,ACH-000856,-43.39393997192383,-47.09235763549805,3.076606273651123,0.6218112707138062,True,-6.483551025390625,0.578125,-7.199972111934668,0.17445902526378632,-10.0,-3.9174938201904297,-4.750304222106934,-3.5688393115997314,0.0
142,ACH-000857,-156.1146240234375,-159.8995361328125,3.1289448738098145,0.6559597253799438,True,-6.605490684509277,0.59375,-7.140523969192128,0.527863621711731,-10.0,-4.282932281494141,-4.970436096191406,-3.2723934650421143,0.0
143,ACH-000859,-142.65354919433594,-146.83114624023438,3.54154109954834,0.6360506415367126,True,-7.605513095855713,0.4375,-7.1870228818584865,0.46431195735931396,-10.0,-4.5268874168396,-5.147833824157715,-3.5467686653137207,0.0
144,ACH-000876,-135.69483947753906,-139.5255126953125,3.2120566368103027,0.6186103820800781,True,-6.766872406005859,0.578125,-7.1450078342732235,0.4522644579410553,-10.0,-4.407562732696533,-4.940001964569092,-3.7637569904327393,0.0
145,ACH-000902,-90.4588851928711,-94.36781311035156,3.278653383255005,0.6302714943885803,True,-6.763306140899658,0.5625,-7.106837664935867,0.31284376978874207,-10.0,-4.245877742767334,-4.921534538269043,-2.085392475128174,0.0
146,ACH-000910,-173.59339904785156,-177.423583984375,3.237952709197998,0.5922266244888306,True,-7.407759189605713,0.46875,-7.1369298174028515,0.5306903123855591,-10.0,-4.46988582611084,-4.927915096282959,-3.8629016876220703,0.0
147,ACH-000927,-141.50900268554688,-145.31295776367188,3.192593574523926,0.611355721950531,True,-7.151064872741699,0.5,-7.138343322936737,0.44112923741340637,-10.0,-4.302128791809082,-4.860347270965576,-3.430574893951416,0.0
148,ACH-000930,-147.3883056640625,-151.16758728027344,3.1630496978759766,0.6162366271018982,True,-6.820568561553955,0.578125,-7.106565846798459,0.4803512692451477,-10.0,-4.500442981719971,-4.98943567276001,-3.747857093811035,0.0
149,ACH-000934,-28.190074920654297,-31.861162185668945,3.044651508331299,0.6264363527297974,True,-6.112342834472656,0.703125,-7.007143545565878,0.12943416833877563,-10.0,-4.470887184143066,-5.017978668212891,-2.3235974311828613,0.0
150,ACH-001390,-215.1068878173828,-219.83311462402344,4.088109493255615,0.6381140351295471,True,-8.567102432250977,0.265625,-7.163139434234388,0.6447322368621826,-10.0,-4.605564594268799,-5.335005760192871,-3.986166477203369,0.0
151,ACH-001819,-121.14071655273438,-124.92709350585938,3.1513595581054688,0.6350166201591492,True,-6.870639801025391,0.53125,-7.133889470913489,0.4161917269229889,-10.0,-4.109439849853516,-4.482320785522461,-3.629234790802002,0.0
152,ACH-001820,-56.944435119628906,-60.731868743896484,3.1501412391662598,0.6372944116592407,True,-7.073077201843262,0.53125,-7.127808244006466,0.21166516840457916,-10.0,-4.490498065948486,-5.1864824295043945,-3.8037352561950684,0.0
153,ACH-000017,-115.32669067382812,-119.19078826904297,3.2351624965667725,0.6289370059967041,True,-6.5628156661987305,0.609375,-7.0713089862256915,0.3897428512573242,-10.0,-4.35949182510376,-5.002181529998779,-2.3569295406341553,0.0
154,ACH-000019,-78.65453338623047,-82.61775970458984,3.413080930709839,0.5501440763473511,True,-6.902716159820557,0.5625,-7.0544497035851785,0.26917511224746704,-10.0,-4.493717670440674,-5.036343097686768,-3.8460943698883057,0.0
155,ACH-000044,-216.19960021972656,-220.33033752441406,3.4968221187591553,0.6339088678359985,True,-6.866357803344727,0.484375,-7.035640513561133,0.6630574464797974,-10.0,-3.5305445194244385,-4.029636383056641,-3.137155771255493,0.0
156,ACH-000097,-114.86426544189453,-119.13776397705078,3.6676554679870605,0.6058447360992432,True,-6.958098411560059,0.546875,-7.027886303361026,0.37432047724723816,-10.0,-4.4376654624938965,-5.209274768829346,-3.8031845092773438,0.0
157,ACH-000111,-73.62601470947266,-77.39665222167969,3.1605641841888428,0.6100731492042542,True,-6.434830188751221,0.625,-6.968580691900045,0.2703660726547241,-10.0,-4.29572868347168,-4.877727031707764,-3.392284393310547,0.0
158,ACH-000117,-80.05691528320312,-83.59281921386719,2.89045786857605,0.6454460620880127,True,-6.504917621612549,0.625,-6.922214384871295,0.26231372356414795,-10.0,-4.407868385314941,-4.930613040924072,-3.7782492637634277,0.0
159,ACH-000147,-169.77471923828125,-173.5389404296875,3.233631134033203,0.5305887460708618,True,-7.099027633666992,0.53125,-6.939895709750865,0.499595046043396,-10.0,-4.539347171783447,-5.181596279144287,-3.677046060562134,0.0
160,ACH-000148,-102.14220428466797,-105.8869400024414,3.184457302093506,0.5602813959121704,True,-6.897342205047607,0.546875,-6.93564035928054,0.3086341321468353,-10.0,-4.326569080352783,-5.201488971710205,-3.7100448608398438,0.0
161,ACH-000196,-78.90567016601562,-82.45868682861328,2.9436233043670654,0.6093912124633789,True,-5.9755401611328125,0.671875,-6.839630339465767,0.266094446182251,-10.0,-4.010106086730957,-4.775885105133057,-3.4981343746185303,0.0
162,ACH-000212,-99.56940460205078,-103.0411605834961,2.823275327682495,0.6484802961349487,True,-6.282329559326172,0.671875,-6.783900261451808,0.30322226881980896,-10.0,-4.4667229652404785,-5.147704601287842,-3.629923105239868,0.0
163,ACH-000223,-85.42528533935547,-89.08152770996094,3.0193216800689697,0.6369216442108154,True,-6.485666275024414,0.640625,-6.754076862809068,0.2640500068664551,-10.0,-4.5142107009887695,-4.977197170257568,-3.3380391597747803,0.0
164,ACH-000248,-73.25810241699219,-76.90289306640625,3.0218305587768555,0.6229637861251831,True,-6.433592796325684,0.609375,-6.7220284561607295,0.23665517568588257,-10.0,-4.147433757781982,-5.059139251708984,-2.460981845855713,0.0
165,ACH-000258,-117.31441497802734,-121.0774917602539,3.1471102237701416,0.6159701347351074,True,-6.33254337310791,0.59375,-6.683079947855448,0.3395025134086609,-10.0,-3.8232316970825195,-4.996311664581299,-3.020577907562256,0.0
166,ACH-000276,-163.22695922851562,-166.7215118408203,2.9005823135375977,0.5939698219299316,True,-7.175390243530273,0.515625,-6.73231097742293,0.42896416783332825,-10.0,-4.521969318389893,-5.157947540283203,-3.8733911514282227,0.0
167,ACH-000277,-25.372112274169922,-29.00802230834961,2.9917640686035156,0.6441450119018555,True,-6.314408302307129,0.625,-6.69052070991135,0.10278499126434326,-10.0,-4.103052616119385,-4.781344413757324,-3.4257659912109375,0.0
168,ACH-000288,-130.43560791015625,-134.35430908203125,3.3499841690063477,0.5687097311019897,True,-6.943325042724609,0.5625,-6.715801143192676,0.3634788393974304,-10.0,-4.565912246704102,-5.205519199371338,-3.8399412631988525,0.0
169,ACH-000330,-91.95698547363281,-95.797607421875,3.208101749420166,0.6325169801712036,True,-6.884878635406494,0.5625,-6.732708892414058,0.2744055986404419,-10.0,-4.462005615234375,-5.123672962188721,-3.7840607166290283,0.0
170,ACH-000349,-54.86167907714844,-58.29496383666992,2.778973340988159,0.6543099880218506,True,-6.640961647033691,0.609375,-6.723534167876021,0.1818164885044098,-10.0,-4.487732887268066,-5.218055725097656,-3.801913261413574,0.0
171,ACH-000352,-72.77416229248047,-76.12138366699219,2.6943552494049072,0.6528652310371399,True,-6.26866340637207,0.609375,-6.6780470917256265,0.22147521376609802,-10.0,-3.876781463623047,-4.301859378814697,-3.4559073448181152,0.0
172,ACH-000374,-112.85186004638672,-116.4370346069336,2.9424514770507812,0.6427198052406311,True,-7.1699628829956055,0.53125,-6.727238670852624,0.3141043782234192,-10.0,-4.672871112823486,-5.2288432121276855,-4.007270812988281,0.0
173,ACH-000536,-68.46211242675781,-72.1047592163086,3.0222225189208984,0.6204229593276978,True,-6.205199241638184,0.6875,-6.6750347279311795,0.2171163111925125,-10.0,-4.480289936065674,-5.152092933654785,-3.6670114994049072,0.0
174,ACH-000554,-106.70796203613281,-110.37506866455078,2.9959073066711426,0.6711990237236023,True,-6.300238132476807,0.65625,-6.637555068385742,0.30753347277641296,-10.0,-4.36226749420166,-5.056384086608887,-3.5034964084625244,0.0
175,ACH-000568,-117.75245666503906,-121.65847778320312,3.260037660598755,0.6459853649139404,True,-6.459547996520996,0.578125,-6.619754361199268,0.3332352638244629,-10.0,-3.8759753704071045,-4.463496208190918,-3.1507229804992676,0.0
176,ACH-000573,-37.427711486816406,-40.86250686645508,2.7862088680267334,0.6485881805419922,True,-5.565549850463867,0.765625,-6.514333910125728,0.13314460217952728,-10.0,-4.208065032958984,-4.727904796600342,-3.5240237712860107,0.0
177,ACH-000621,-38.750431060791016,-42.32073211669922,2.941709280014038,0.6285908222198486,True,-6.189370155334473,0.703125,-6.481837534646603,0.13401156663894653,-10.0,-4.580437183380127,-5.2098588943481445,-3.235996723175049,0.0
178,ACH-000624,-32.373783111572266,-35.954891204833984,2.9260785579681396,0.6550312638282776,True,-5.3230695724487305,0.796875,-6.365960738426816,0.12414228916168213,-10.0,-4.130910873413086,-4.555360794067383,-3.4092111587524414,0.0
179,ACH-000643,-59.0958251953125,-62.39347839355469,2.6579408645629883,0.6397132873535156,True,-6.089666366577148,0.703125,-6.338331301241849,0.176357239484787,-10.0,-4.4386372566223145,-5.186069488525391,-3.3833084106445312,0.0
180,ACH-000668,-58.66785430908203,-62.259918212890625,2.9266180992126465,0.6654468774795532,True,-6.049053192138672,0.703125,-6.309403490331532,0.17454202473163605,-10.0,-4.380876541137695,-5.1165361404418945,-3.1643567085266113,0.0
181,ACH-000691,-54.046241760253906,-57.645328521728516,2.9133739471435547,0.6857110857963562,True,-5.96453857421875,0.703125,-6.274916998720254,0.16445103287696838,-10.0,-4.260677814483643,-4.898913383483887,-3.5393381118774414,0.0
182,ACH-000699,-101.94256591796875,-105.44203186035156,2.83370041847229,0.6657674312591553,True,-6.2799391746521,0.671875,-6.275419216313439,0.26215529441833496,-10.0,-4.463165283203125,-5.204733848571777,-3.4097647666931152,0.0
183,ACH-000711,-20.268409729003906,-23.644054412841797,2.713522434234619,0.6621214151382446,True,-5.562830924987793,0.8125,-6.204160387180874,0.08322004973888397,-10.0,-4.538869380950928,-5.566300392150879,-3.7923433780670166,0.0
184,ACH-000725,-48.625762939453125,-51.96233367919922,2.662097930908203,0.6744747161865234,True,-5.575803756713867,0.796875,-6.141324724134174,0.1436106562614441,-10.0,-4.448067665100098,-5.088705062866211,-3.398428201675415,0.0
185,ACH-000755,-107.89090728759766,-111.3460922241211,2.807814598083496,0.6473731994628906,True,-6.565547466278076,0.609375,-6.183746998348564,0.2634706497192383,-10.0,-4.363975524902344,-4.974775314331055,-3.7756519317626953,0.0
186,ACH-000759,-73.90208435058594,-77.56605529785156,3.0044336318969727,0.6595393419265747,True,-5.963533401489258,0.703125,-6.161725638662634,0.20253390073776245,-10.0,-4.25924825668335,-4.875296592712402,-3.71726393699646,0.0
187,ACH-000768,-90.43753051757812,-94.01753234863281,3.031891107559204,0.5481134057044983,True,-6.49029541015625,0.625,-6.194582615811995,0.23022876679897308,-10.0,-4.384472846984863,-5.209752082824707,-3.358032703399658,0.0
188,ACH-000783,-1.6900367736816406,-5.399660110473633,3.0454180240631104,0.6642052531242371,True,-5.708441734313965,0.78125,-6.145968527662192,0.20267871022224426,-10.0,-4.506805896759033,-5.215609550476074,-3.7988529205322266,0.0
189,ACH-000818,-91.6613998413086,-95.02815246582031,2.7074832916259766,0.6592722535133362,True,-5.852153778076172,0.59375,-6.11658705270359,0.23629598319530487,-10.0,-3.014153242111206,-3.9451870918273926,-2.4618825912475586,0.0
190,ACH-000828,-89.82687377929688,-93.2197036743164,2.7412283420562744,0.6516041159629822,True,-5.582854747772217,0.65625,-6.063213822210453,0.22789867222309113,-10.0,-3.2691116333007812,-3.7569785118103027,-2.9764914512634277,0.0
191,ACH-000849,-64.0106201171875,-67.94577026367188,3.339827537536621,0.5953238010406494,True,-5.711510181427002,0.734375,-6.028043458132108,0.17478322982788086,-10.0,-4.1603546142578125,-4.973036289215088,-2.8736038208007812,0.0
192,ACH-000856,-95.83613586425781,-99.36341094970703,2.8430302143096924,0.684248685836792,True,-5.130066871643066,0.8125,-5.938245799483203,0.24608173966407776,-10.0,-4.0062360763549805,-4.963080883026123,-3.5688400268554688,0.0
193,ACH-000857,0.11757874488830566,-3.2794840335845947,2.711477279663086,0.6855854392051697,True,-5.288726806640625,0.828125,-5.873293900198946,0.23820775747299194,-10.0,-4.310915946960449,-4.89497709274292,-3.4017627239227295,0.0
194,ACH-000859,-71.44474029541016,-75.1739273071289,3.077237129211426,0.6519495248794556,True,-5.945652484893799,0.75,-5.880529758668431,0.17588436603546143,-10.0,-4.594202995300293,-5.147832870483398,-3.7147088050842285,0.0
195,ACH-000876,-104.02600860595703,-107.597900390625,2.877039670944214,0.6948513388633728,True,-5.822892189025879,0.734375,-5.8747660017041765,0.24813948571681976,-10.0,-4.312023639678955,-4.78183650970459,-3.7637569904327393,0.0
196,ACH-000902,-3.779910087585449,-7.224897384643555,2.757403612136841,0.6875836849212646,True,-5.587063789367676,0.75,-5.845995780470526,0.2471064329147339,-10.0,-4.116085529327393,-4.877781867980957,-2.3913652896881104,0.0
197,ACH-000910,-70.31117248535156,-73.8904800415039,2.930086374282837,0.6492224335670471,True,-5.779886722564697,0.75,-5.839384874679943,0.1714242398738861,-10.0,-4.37318229675293,-5.1590256690979,-3.751059055328369,0.0
198,ACH-000927,-69.85806274414062,-73.50016784667969,2.9729413986206055,0.6691636443138123,True,-5.634548664093018,0.765625,-5.8189012536212505,0.17386597394943237,-10.0,-4.298185348510742,-5.081421852111816,-3.588829517364502,0.0
199,ACH-000930,-19.284591674804688,-22.70963478088379,2.7423861026763916,0.6826572418212891,True,-5.863753318786621,0.75,-5.823386460137788,0.07759132981300354,-10.0,-4.485004425048828,-5.104005336761475,-3.3548426628112793,0.0
200,ACH-000934,-21.52836036682129,-25.024444580078125,2.8235533237457275,0.6725302338600159,True,-5.743719100952148,0.765625,-5.815419724219224,0.07012544572353363,-10.0,-4.440775394439697,-5.017978668212891,-3.7589144706726074,0.0
201,ACH-001390,-60.25975799560547,-64.43022918701172,3.4994125366210938,0.6710591912269592,True,-6.1928558349609375,0.65625,-5.853163335293395,0.16072826087474823,-10.0,-4.198637962341309,-5.023115634918213,-3.3761799335479736,0.0
202,ACH-001819,-19.818527221679688,-23.422931671142578,2.910557746887207,0.6938474178314209,True,-5.233161449432373,0.8125,-5.7911631467072935,0.07569163292646408,-10.0,-4.133121967315674,-4.593500137329102,-3.46291446685791,0.0
203,ACH-001820,-30.023822784423828,-33.38222122192383,2.7287614345550537,0.6296367049217224,True,-6.250240325927734,0.6875,-5.837070864629338,0.08434642851352692,-10.0,-4.545804500579834,-5.1864824295043945,-2.6173300743103027,0.0
204,ACH-000017,-47.87158203125,-51.70125198364258,3.1824748516082764,0.6471952199935913,True,-5.65068244934082,0.765625,-5.8184320231004865,0.13408517837524414,-10.0,-4.319258689880371,-5.078071594238281,-3.745349407196045,0.0
205,ACH-000019,-22.611473083496094,-26.410356521606445,3.2006707191467285,0.5982118248939514,True,-5.673445701599121,0.765625,-5.80393339095035,0.08485065400600433,-10.0,-4.348990440368652,-5.036343097686768,-2.334873676300049,0.0
206,ACH-000044,-75.33102416992188,-79.2332534790039,3.242067575454712,0.6601611971855164,True,-6.028789520263672,0.609375,-5.826419003881682,0.18536615371704102,-10.0,-3.4831418991088867,-4.068340301513672,-3.135643243789673,0.0
207,ACH-000097,-18.248136520385742,-22.00934410095215,3.132737636566162,0.6284691691398621,True,-5.111530303955078,0.875,-5.7549301338890215,0.07596448808908463,-10.0,-4.413178443908691,-5.209274768829346,-3.790703058242798,0.0
208,ACH-000111,-46.05479431152344,-49.521488189697266,2.786410331726074,0.6802853941917419,True,-5.745266437530518,0.75,-5.753963764253171,0.12850002944469452,-10.0,-4.327021598815918,-5.097373962402344,-3.739835739135742,0.0
209,ACH-000117,-45.552188873291016,-48.773311614990234,2.5566534996032715,0.6644694805145264,True,-5.444449424743652,0.8125,-5.723012330302218,0.124552421271801,-10.0,-4.393169403076172,-4.894291877746582,-3.4191482067108154,0.0
210,ACH-000147,-183.3466796875,-186.7544708251953,2.828972578048706,0.5788133144378662,True,-6.162261962890625,0.703125,-5.766937293561059,0.3946499526500702,-10.0,-4.541884899139404,-5.181596279144287,-3.6211962699890137,0.0
211,ACH-000148,-117.99873352050781,-121.57775115966797,2.9674899578094482,0.6115314364433289,True,-6.369595527648926,0.65625,-5.827203116969846,0.26068395376205444,-10.0,-4.467954635620117,-5.201488971710205,-2.594752311706543,0.0
212,ACH-000196,-7.042660713195801,-10.547066688537598,2.825540781021118,0.6788654327392578,True,-5.126404285430908,0.796875,-5.757123233815952,0.12596723437309265,-10.0,-3.884115219116211,-5.659392833709717,-3.2843017578125,0.0
213,ACH-000212,-66.56980895996094,-69.87372589111328,2.6383299827575684,0.6655898094177246,True,-5.337198257446289,0.84375,-5.715130736178986,0.1673116832971573,-10.0,-4.473715782165527,-5.147704601287842,-3.4298202991485596,0.0
214,ACH-000223,-59.63395309448242,-63.208377838134766,2.9045610427856445,0.6698625087738037,True,-5.03855562210083,0.890625,-5.647473224771169,0.15745478868484497,-10.0,-4.429255485534668,-5.11624002456665,-3.6668410301208496,0.0
215,ACH-000248,-70.76490783691406,-74.22022247314453,2.7867469787597656,0.66856849193573,True,-5.529227256774902,0.78125,-5.635648627971543,0.16848289966583252,-10.0,-4.277411460876465,-4.6177978515625,-3.731180429458618,0.0
216,ACH-000258,-50.76811981201172,-54.40507125854492,2.9678921699523926,0.6690600514411926,True,-5.533960819244385,0.71875,-5.625479847098827,0.13074997067451477,-10.0,-3.7863807678222656,-5.228794574737549,-3.020577907562256,0.0
217,ACH-000276,-57.802452087402344,-61.09444808959961,2.668379306793213,0.6236164569854736,True,-5.959730625152588,0.734375,-5.658904924904203,0.14587338268756866,-10.0,-4.498356342315674,-5.234839916229248,-3.3721187114715576,0.0
218,ACH-000277,-66.73999786376953,-70.03721618652344,2.6071670055389404,0.6900547742843628,True,-5.137059211730957,0.84375,-5.606720353586878,0.16433297097682953,-10.0,-4.236515045166016,-4.67948055267334,-3.561553716659546,0.0
219,ACH-000288,-77.14226531982422,-80.61827087402344,2.867854356765747,0.6081528663635254,True,-5.990415096282959,0.71875,-5.645089827856486,0.17463383078575134,-10.0,-4.421447277069092,-5.205519199371338,-3.8040456771850586,0.0
220,ACH-000330,2.9612913131713867,-0.41250377893447876,2.707044839859009,0.6667501926422119,True,-5.144766330718994,0.875,-5.595057478142737,0.20012839138507843,-10.0,-4.451161861419678,-5.123673439025879,-2.3919577598571777,0.0
221,ACH-000349,-48.548580169677734,-51.79311752319336,2.5631086826324463,0.6814283728599548,True,-5.175854682922363,0.875,-5.5531371986207,0.12945181131362915,-10.0,-4.486691951751709,-5.218055725097656,-3.801913261413574,0.0
222,ACH-000352,-77.63026428222656,-80.94730377197266,2.607135772705078,0.7099019885063171,True,-4.968103408813477,0.8125,-5.4946338196399775,0.17267906665802002,-10.0,-3.806896448135376,-4.301859378814697,-3.342472553253174,0.0
223,ACH-000374,-0.9260847568511963,-4.3800177574157715,2.7527809143066406,0.7011520862579346,True,-5.220603942871094,0.859375,-5.467230831963089,0.21719029545783997,-10.0,-4.438520431518555,-5.2152509689331055,-3.372551441192627,0.0
224,ACH-000536,-46.572303771972656,-49.948123931884766,2.74110746383667,0.6347126960754395,True,-5.499736785888672,0.8125,-5.470481427355648,0.1194067895412445,-10.0,-4.461214065551758,-5.152092933654785,-2.6494455337524414,0.0
225,ACH-000554,-74.38916778564453,-77.8407211303711,2.7783143520355225,0.6732409596443176,True,-5.92375373840332,0.734375,-5.515808658460415,0.16357120871543884,-10.0,-4.449366569519043,-5.056384086608887,-3.62776780128479,0.0
226,ACH-000568,-42.28165817260742,-45.672542572021484,2.712594985961914,0.6782898902893066,True,-5.202673435211182,0.78125,-5.484495136135491,0.12200421094894409,-10.0,-3.859421968460083,-4.80132532119751,-3.34765362739563,0.0
227,ACH-000573,-54.9674186706543,-58.18599319458008,2.545166015625,0.6734084486961365,True,-5.441065788269043,0.78125,-5.480152201348846,0.13455353677272797,-10.0,-4.164565086364746,-5.3017497062683105,-3.415773630142212,0.0
228,ACH-000621,-80.48388671875,-83.78669738769531,2.631945848464966,0.6708657741546631,True,-5.948698043823242,0.734375,-5.527006785596286,0.16919264197349548,-10.0,-4.483333587646484,-5.2098588943481445,-3.378504991531372,0.0
229,ACH-000624,0.845517635345459,-2.6139652729034424,2.798679828643799,0.6608031392097473,True,-5.023690700531006,0.828125,-5.476675177089758,0.20621764659881592,-10.0,-3.9908721446990967,-4.756211280822754,-1.9328685998916626,0.0
230,ACH-000643,-46.5335807800293,-49.76739501953125,2.5667595863342285,0.6670562624931335,True,-5.715312957763672,0.78125,-5.5005389551571495,0.1162460520863533,-10.0,-4.515600681304932,-5.186069488525391,-3.6419360637664795,0.0
231,ACH-000668,-21.411014556884766,-24.686492919921875,2.6021361351013184,0.6733413338661194,True,-5.243809700012207,0.859375,-5.474866029642655,0.06862401217222214,-10.0,-4.465523719787598,-5.066219329833984,-3.375889778137207,0.0
232,ACH-000691,-20.432823181152344,-23.710384368896484,2.5642640590667725,0.7132967710494995,True,-4.76332426071167,0.90625,-5.403711852749557,0.07027245312929153,-10.0,-4.221599578857422,-4.96781063079834,-3.4024834632873535,0.0
233,ACH-000699,-58.810516357421875,-62.1892204284668,2.6960530281066895,0.6826529502868652,True,-5.578941345214844,0.796875,-5.421234801996086,0.1374076008796692,-10.0,-4.452004909515381,-4.991279125213623,-3.4097647666931152,0.0
234,ACH-000711,-47.811180114746094,-51.10417556762695,2.616908073425293,0.6760891675949097,True,-5.288361549377441,0.84375,-5.407947476734222,0.11824783682823181,-10.0,-4.415835857391357,-5.183089256286621,-2.984375,0.0
235,ACH-000725,-22.471145629882812,-25.706056594848633,2.548919439315796,0.6859914064407349,True,-4.9224700927734375,0.921875,-5.359399738338144,0.07459942996501923,-10.0,-4.492170333862305,-5.088705062866211,-3.6293601989746094,0.0
236,ACH-000755,-55.54876708984375,-59.00627136230469,2.7573330402374268,0.700170636177063,True,-5.688464164733887,0.765625,-5.392306180977719,0.13172324001789093,-10.0,-4.3686065673828125,-4.925709247589111,-3.712799549102783,0.0
237,ACH-000759,-26.805673599243164,-30.167661666870117,2.6599795818328857,0.7020091414451599,True,-5.609368801116943,0.765625,-5.414012442991641,0.08287497609853745,-10.0,-4.265298366546631,-4.737018585205078,-3.71726393699646,0.0
238,ACH-000768,-96.44912719726562,-100.02831268310547,2.9680256843566895,0.6111595630645752,True,-5.776958465576172,0.765625,-5.450307045250095,0.21174423396587372,-10.0,-4.484190464019775,-5.209752082824707,-2.2324161529541016,0.0
239,ACH-000783,-68.34169006347656,-71.76661682128906,2.738701581954956,0.6862249374389648,True,-5.578332901000977,0.8125,-5.4631096308251825,0.1532338559627533,-10.0,-4.557948589324951,-5.215609550476074,-3.798860788345337,0.0
240,ACH-000818,-96.23837280273438,-99.51144409179688,2.549729347229004,0.7233408093452454,True,-4.363788604736328,0.8125,-5.353177528216298,0.21215827763080597,-10.0,-3.0631251335144043,-3.7645034790039062,-2.7422611713409424,0.0
241,ACH-000828,-68.9957504272461,-72.37899780273438,2.6964213848114014,0.6868278384208679,True,-4.547652244567871,0.8125,-5.272624999851455,0.1615191251039505,-10.0,-3.2894182205200195,-4.000936985015869,-2.9764914512634277,0.0
242,ACH-000849,-25.293489456176758,-28.702512741088867,2.7691783905029297,0.6398448944091797,True,-4.988332271575928,0.84375,-5.244195727023903,0.07992207258939743,-10.0,-4.060245513916016,-4.874687671661377,-2.1187126636505127,0.0
243,ACH-000856,-0.5864195823669434,-3.995945692062378,2.703432559967041,0.7060936093330383,True,-4.459517478942871,0.90625,-5.165727902215799,0.17693817615509033,-10.0,-3.8863635063171387,-4.785651206970215,-3.5688400268554688,0.0
244,ACH-000857,-3.532170057296753,-6.859055995941162,2.6313817501068115,0.6955041289329529,True,-5.13128662109375,0.828125,-5.162283774103594,0.2107001543045044,-10.0,-4.120799541473389,-4.558854579925537,-2.130537509918213,0.0
245,ACH-000859,-52.664825439453125,-56.2979621887207,2.945345878601074,0.687790036201477,True,-5.274036884307861,0.84375,-5.173459085124021,0.12232761085033417,-10.0,-4.398858547210693,-5.147832870483398,-3.7976574897766113,0.0
246,ACH-000876,-1.0673785209655762,-4.4734978675842285,2.69600248336792,0.7101168632507324,True,-4.815097808837891,0.90625,-5.137622957495408,0.17814484238624573,-10.0,-4.278728485107422,-4.78183650970459,-3.744288206100464,0.0
247,ACH-000902,0.6554455757141113,-2.5440549850463867,2.5221593379974365,0.677341103553772,True,-4.715579032897949,0.921875,-5.095418565035662,0.12412068247795105,-10.0,-4.267746448516846,-4.877781867980957,-3.4073710441589355,0.0
248,ACH-000910,-83.58595275878906,-87.03166961669922,2.80351185798645,0.6422011852264404,True,-5.534901142120361,0.78125,-5.139366822744132,0.1719859540462494,-10.0,-4.284673690795898,-4.840490341186523,-3.0743114948272705,0.0
249,ACH-000927,-78.79366302490234,-82.52397155761719,3.0386126041412354,0.6916995048522949,True,-5.3075385093688965,0.8125,-5.156183991406609,0.17332331836223602,-10.0,-4.224662780761719,-4.805353164672852,-3.738924741744995,0.0
250,ACH-000930,2.9226181507110596,-0.4519917964935303,2.6736397743225098,0.7009701728820801,True,-4.8430328369140625,0.921875,-5.124868875957354,0.29593729972839355,-10.0,-4.406001567840576,-4.98943567276001,-3.5108120441436768,0.0
251,ACH-000934,-0.08922052383422852,-3.741968870162964,2.956280469894409,0.6964678168296814,True,-5.095279216766357,0.875,-5.121909910038254,0.21675050258636475,-10.0,-4.3946051597595215,-5.017978668212891,-3.572249412536621,0.0
252,ACH-001390,-8.177078247070312,-12.000065803527832,3.118690013885498,0.7042969465255737,True,-5.211862564086914,0.828125,-5.13090517544312,0.24759404361248016,-10.0,-4.2180986404418945,-5.107490062713623,-3.3761799335479736,0.0
253,ACH-001819,-53.89417266845703,-57.12642288208008,2.5314700603485107,0.7007814645767212,True,-4.867548942565918,0.859375,-5.1045695521554,0.11944608390331268,-10.0,-4.027692794799805,-4.549282550811768,-3.6292343139648438,0.0
254,ACH-001820,-27.152719497680664,-30.517831802368164,2.6680662631988525,0.6970467567443848,True,-5.1529998779296875,0.875,-5.109412584732829,0.07835513353347778,-10.0,-4.4605712890625,-5.1864824295043945,-3.383453130722046,0.0
255,ACH-000017,-25.589221954345703,-29.332611083984375,3.0571184158325195,0.6862707138061523,True,-5.1188812255859375,0.859375,-5.11035944881814,0.0808105617761612,-10.0,-4.320152759552002,-5.078071594238281,-3.558490753173828,0.0
256,ACH-000019,-29.061037063598633,-32.716163635253906,3.0539488792419434,0.6011775732040405,True,-5.468713760375977,0.8125,-5.146194879973923,0.08717474341392517,-10.0,-4.423032283782959,-5.036343097686768,-3.716963529586792,0.0
257,ACH-000044,-31.01186180114746,-34.62866973876953,2.9209811687469482,0.6958263516426086,True,-4.4801554679870605,0.84375,-5.079590938775237,0.08631395548582077,-10.0,-3.4579620361328125,-4.093235492706299,-3.135643243789673,0.0
258,ACH-000097,2.4510207176208496,-1.159209966659546,2.924355983734131,0.6858747601509094,True,-4.75606632232666,0.921875,-5.04723847713038,0.27401238679885864,-10.0,-4.311665058135986,-5.209274768829346,-3.78723406791687,0.0
259,ACH-000111,-25.886690139770508,-29.341266632080078,2.749572277069092,0.7050043344497681,True,-4.79209041595459,0.90625,-5.021723671012801,0.07634270936250687,-10.0,-4.253341197967529,-5.231093883514404,-2.29136061668396,0.0
260,ACH-000117,-26.42812728881836,-29.679332733154297,2.5305187702178955,0.7206867933273315,True,-5.107805252075195,0.875,-5.03033182911904,0.07056824862957001,-10.0,-4.4089202880859375,-4.952988147735596,-3.4191482067108154,0.0
261,ACH-000147,-80.2403564453125,-83.5595932006836,2.683307409286499,0.6359325647354126,True,-5.695744037628174,0.78125,-5.096873049969954,0.16253125667572021,-10.0,-4.4905524253845215,-5.181596279144287,-3.3715829849243164,0.0
262,ACH-000148,-85.44080352783203,-88.8829574584961,2.835172176361084,0.6069815158843994,True,-6.057717323303223,0.703125,-5.192957477303281,0.17735879123210907,-10.0,-4.393198013305664,-5.201488971710205,-3.3800132274627686,0.0
263,ACH-000196,-21.330211639404297,-24.686975479125977,2.642735004425049,0.7140299081802368,True,-4.462287425994873,0.90625,-5.1198904721724405,0.06800784170627594,-10.0,-3.889420509338379,-5.426974296569824,-3.4981343746185303,0.0
264,ACH-000212,-0.26999402046203613,-3.5947697162628174,2.6101083755493164,0.7146672606468201,True,-4.983619689941406,0.90625,-5.106263393949337,0.13372483849525452,-10.0,-4.464684009552002,-5.147704601287842,-3.802515983581543,0.0
265,ACH-000223,-2.354498863220215,-5.564707279205322,2.4828286170959473,0.7273797988891602,True,-5.030861854553223,0.875,-5.0987232400097255,0.1522386372089386,-10.0,-4.320985317230225,-4.938186168670654,-3.620992660522461,0.0
266,ACH-000248,-6.0427751541137695,-9.389768600463867,2.6255195140838623,0.7214736938476562,True,-5.266100883483887,0.8125,-5.115461004357142,0.21820507943630219,-10.0,-4.1736626625061035,-4.895081520080566,-3.711641788482666,0.0
267,ACH-000258,-24.27564811706543,-27.801481246948242,2.8182454109191895,0.7075881958007812,True,-4.459679126739502,0.90625,-5.049882816595378,0.07268808782100677,-10.0,-3.886542797088623,-5.1844305992126465,-1.7676572799682617,0.0
268,ACH-000276,-24.762014389038086,-28.111148834228516,2.6206886768341064,0.7284454703330994,True,-5.084153175354004,0.890625,-5.053309852471241,0.0704759806394577,-10.0,-4.4804534912109375,-5.157947540283203,-3.3721187114715576,0.0
269,ACH-000277,-22.355329513549805,-25.72054100036621,2.6557817459106445,0.7094303369522095,True,-4.991780757904053,0.859375,-5.047156943014523,0.0695679560303688,-10.0,-4.172253608703613,-4.608165740966797,-3.4257659912109375,0.0
270,ACH-000288,-9.421855926513672,-12.701228141784668,2.6713614463806152,0.6080113053321838,True,-5.656695365905762,0.796875,-5.108110785303647,0.16952350735664368,-10.0,-4.54957914352417,-5.205519199371338,-3.8034586906433105,0.0
271,ACH-000330,-31.217472076416016,-34.56101989746094,2.6251165866851807,0.7184308767318726,True,-5.1892499923706055,0.859375,-5.1162247060103425,0.08049827814102173,-10.0,-4.402036666870117,-5.123673439025879,-3.522984743118286,0.0
272,ACH-000349,0.4293820858001709,-2.775787591934204,2.4946205615997314,0.7105492353439331,True,-4.923128128051758,0.9375,-5.096915048214484,0.16405558586120605,-10.0,-4.584670066833496,-5.218055725097656,-3.3753881454467773,0.0
273,ACH-000352,-0.8082911968231201,-4.055547714233398,2.512213706970215,0.7350427508354187,True,-4.856692314147949,0.828125,-5.072892774807831,0.2326175421476364,-10.0,-3.7892136573791504,-4.458641529083252,-3.377026319503784,0.0
274,ACH-000374,-27.201396942138672,-30.536964416503906,2.627484083175659,0.7080839276313782,True,-5.370809555053711,0.84375,-5.102684452832419,0.0698823556303978,-10.0,-4.513552188873291,-5.2152509689331055,-3.2555744647979736,0.0
275,ACH-000536,-1.7995057106018066,-5.051797866821289,2.593153715133667,0.6591383218765259,True,-5.286233425140381,0.859375,-5.121039350063215,0.22170858085155487,-10.0,-4.514889717102051,-5.152092933654785,-3.3894357681274414,0.0
276,ACH-000554,0.8026695251464844,-2.478206157684326,2.569003105163574,0.7118726968765259,True,-5.121808052062988,0.875,-5.121116220263193,0.18636292219161987,-10.0,-4.424923419952393,-5.056384086608887,-3.5577399730682373,0.0
277,ACH-000568,-23.64224624633789,-26.99652099609375,2.641308546066284,0.7129659056663513,True,-4.422186374664307,0.90625,-5.051223235703304,0.07186147570610046,-10.0,-3.8451712131500244,-4.182220458984375,-3.361823081970215,0.0
278,ACH-000573,3.4334516525268555,0.2101639211177826,2.47979474067688,0.7434931397438049,True,-4.357090473175049,0.953125,-4.981809959450478,0.2558143734931946,-10.0,-4.0795698165893555,-4.559545040130615,-3.654759168624878,0.0
279,ACH-000621,3.0038552284240723,-0.22935152053833008,2.5094311237335205,0.7237755060195923,True,-4.724760055541992,0.9375,-4.95610496905963,0.19189488887786865,-10.0,-4.373077392578125,-5.2098588943481445,-3.2653048038482666,0.0
280,ACH-000624,-27.845382690429688,-31.160221099853516,2.6252901554107666,0.6895479559898376,True,-4.6897406578063965,0.890625,-4.929468537934307,0.07077838480472565,-10.0,-4.037603378295898,-4.744806289672852,-2.0375325679779053,0.0
281,ACH-000643,-0.25301623344421387,-3.4142959117889404,2.4357805252075195,0.725499153137207,True,-4.604535102844238,0.984375,-4.8969751944253,0.11604969203472137,-10.0,-4.518893241882324,-5.186069488525391,-2.616576671600342,0.0
282,ACH-000668,4.127194881439209,0.7705017328262329,2.6337788105010986,0.722914457321167,True,-4.553178787231445,0.953125,-4.862595553705916,0.25473231077194214,-10.0,-4.285301685333252,-5.31755256652832,-3.2071385383605957,0.0
283,ACH-000691,2.8335635662078857,-0.44446325302124023,2.5582962036132812,0.7197305560112,True,-4.639089584350586,0.921875,-4.840244956770382,0.19359390437602997,-10.0,-4.184775352478027,-4.898913383483887,-2.479003429412842,0.0
284,ACH-000699,-26.49334716796875,-29.678085327148438,2.46504545211792,0.7196917533874512,True,-5.160283088684082,0.859375,-4.872248769961752,0.07212972640991211,-10.0,-4.368329048156738,-4.991279125213623,-3.3941376209259033,0.0
285,ACH-000711,0.8333468437194824,-2.581916332244873,2.6654586791992188,0.7498044967651367,True,-4.84239387512207,0.9375,-4.869263280477784,0.12423845380544662,-10.0,-4.49855375289917,-5.183089256286621,-3.7923433780670166,0.0
286,ACH-000725,-0.7428150177001953,-3.920931339263916,2.4637835025787354,0.7143326997756958,True,-4.863461494445801,0.921875,-4.868683101874586,0.15052761137485504,-10.0,-4.42816162109375,-5.088705062866211,-3.7873265743255615,0.0
287,ACH-000755,-1.96199631690979,-5.3033905029296875,2.6121840476989746,0.7292101979255676,True,-5.039145469665527,0.875,-4.885729338653681,0.1742248237133026,-10.0,-4.330451965332031,-5.192415237426758,-2.8832993507385254,0.0
288,ACH-000759,0.401226282119751,-2.8745713233947754,2.5395348072052,0.7362627387046814,True,-4.8543701171875,0.875,-4.882593416507063,0.29897540807724,-10.0,-4.119279861450195,-4.614528656005859,-3.6642439365386963,0.0
289,ACH-000768,-3.5791687965393066,-6.963084697723389,2.7241785526275635,0.6597373485565186,True,-4.8181047439575195,0.921875,-4.876144549252109,0.13651856780052185,-10.0,-4.378961563110352,-5.209752082824707,-3.332719564437866,0.0
290,ACH-000783,-50.308753967285156,-53.60422897338867,2.566908359527588,0.7285647392272949,True,-5.093236923217773,0.875,-4.897853786648675,0.11590605974197388,-10.0,-4.392271518707275,-5.215609550476074,-3.798860788345337,0.0
291,ACH-000818,-1.5274043083190918,-4.7114715576171875,2.4379770755767822,0.7460900545120239,True,-4.343876361846924,0.8125,-4.8424560441685,0.28161191940307617,-10.0,-3.0386171340942383,-3.7162606716156006,-2.8102686405181885,0.0
292,ACH-000828,2.3354783058166504,-0.8879477977752686,2.5135433673858643,0.7098827362060547,True,-4.0442609786987305,0.875,-4.762636537621524,0.21017730236053467,-10.0,-3.193441867828369,-3.7246618270874023,-2.9326915740966797,0.0
293,ACH-000849,0.40493202209472656,-2.820929527282715,2.5715763568878174,0.654285192489624,True,-4.666812419891357,0.890625,-4.753054125848507,0.2093813717365265,-10.0,-4.01185941696167,-4.868798732757568,-2.1187126636505127,0.0
294,ACH-000856,-0.7443962097167969,-3.9071295261383057,2.4565913677215576,0.7061419486999512,True,-4.345759391784668,0.921875,-4.712324652442124,0.15886381268501282,-10.0,-3.866586685180664,-4.826267242431641,-2.386410713195801,0.0
295,ACH-000857,-30.988296508789062,-34.27862548828125,2.576873302459717,0.713456392288208,True,-5.138608932495117,0.84375,-4.754953080447423,0.0734005868434906,-10.0,-4.238350868225098,-4.89497709274292,-3.7877817153930664,0.0
296,ACH-000859,1.1096646785736084,-2.34855318069458,2.760706663131714,0.6975111961364746,True,-5.062099456787109,0.890625,-4.785667718081392,0.16051819920539856,-10.0,-4.455689907073975,-5.147832870483398,-3.6659767627716064,0.0
297,ACH-000876,-3.680121898651123,-6.923664569854736,2.5110080242156982,0.7325347065925598,True,-4.931619644165039,0.875,-4.8002629106897565,0.11794570833444595,-10.0,-4.207564830780029,-4.940001964569092,-3.744288206100464,0.0
298,ACH-000902,-0.7897157669067383,-4.053065299987793,2.5335912704467773,0.7297583818435669,True,-4.585007667541504,0.921875,-4.778737386374932,0.1661556363105774,-10.0,-4.126110076904297,-5.337058067321777,-3.0365443229675293,0.0
299,ACH-000910,0.49394869804382324,-2.8566136360168457,2.6416101455688477,0.7089521884918213,True,-4.849831581115723,0.890625,-4.785846805849011,0.1610671877861023,-10.0,-4.217355251312256,-4.840490341186523,-3.2939889430999756,0.0
300,ACH-000927,-2.242885112762451,-5.631814956665039,2.670381784439087,0.7185479402542114,True,-4.657549858093262,0.921875,-4.773017111073436,0.15909095108509064,-10.0,-4.204799652099609,-4.7189860343933105,-2.5491204261779785,0.0
301,ACH-000930,2.034040927886963,-1.1908210515975952,2.4968223571777344,0.7280396223068237,True,-4.634056091308594,0.953125,-4.759121009096952,0.1708238422870636,-10.0,-4.370156764984131,-5.477473258972168,-3.667753219604492,0.0
302,ACH-000934,2.0332260131835938,-1.3125081062316895,2.6144707202911377,0.7312633991241455,True,-4.768059730529785,0.9375,-4.760014881240235,0.18822884559631348,-10.0,-4.4192633628845215,-5.017978668212891,-3.7715301513671875,0.0
303,ACH-001390,-3.999431610107422,-7.5065999031066895,2.7868759632110596,0.7202923893928528,True,-4.79429292678833,0.875,-4.763442685795045,0.11763229221105576,-10.0,-4.050621032714844,-4.663071632385254,-3.3761799335479736,0.0
304,ACH-001819,-1.873835563659668,-5.169589042663574,2.5815811157226562,0.7141724228858948,True,-4.727972030639648,0.890625,-4.759895620279505,0.16094644367694855,-10.0,-4.080530166625977,-4.557322978973389,-3.6116714477539062,0.0
305,ACH-001820,1.483106255531311,-1.7732526063919067,2.5402231216430664,0.7161357402801514,True,-4.682879447937012,0.953125,-4.752194003045256,0.20860114693641663,-10.0,-4.42138147354126,-5.1864824295043945,-3.676459312438965,0.0
306,ACH-000017,-7.6931962966918945,-11.323530197143555,2.924288034439087,0.7060461044311523,True,-5.264984607696533,0.8125,-4.803473063510383,0.17645493149757385,-10.0,-4.1722893714904785,-4.874605655670166,-3.3855385780334473,0.0
307,ACH-000019,-1.398676872253418,-4.62631893157959,2.6015663146972656,0.6260756254196167,True,-5.098047256469727,0.875,-4.832930482806318,0.1687522679567337,-10.0,-4.397768974304199,-5.062697410583496,-3.7737607955932617,0.0
308,ACH-000044,-49.9257926940918,-53.412933349609375,2.787311553955078,0.699828028678894,True,-4.498597621917725,0.84375,-4.799497196717459,0.11275915801525116,-10.0,-3.4798195362091064,-4.234522342681885,-3.137155771255493,0.0
309,ACH-000097,2.683110475540161,-0.6493292450904846,2.631631851196289,0.7008077502250671,True,-4.555169582366943,0.953125,-4.775064435282408,0.2523818910121918,-10.0,-4.28739070892334,-5.209274768829346,-3.8031845092773438,0.0
310,ACH-000111,-26.135005950927734,-29.272336959838867,2.4248170852661133,0.7125135064125061,True,-4.6019439697265625,0.953125,-4.757752388726823,0.07221585512161255,-10.0,-4.336465835571289,-4.7545623779296875,-3.82749342918396,0.0
311,ACH-000117,3.120422601699829,0.035526376217603683,2.3901281356811523,0.6947681307792664,True,-4.465811729431152,0.984375,-4.728558322797256,0.1746465563774109,-10.0,-4.377967834472656,-4.907634735107422,-3.7782492637634277,0.0
312,ACH-000147,-0.5329241752624512,-3.6494641304016113,2.4975383281707764,0.6190015077590942,True,-5.211350440979004,0.875,-4.7768375346154315,0.26649755239486694,-10.0,-4.527257919311523,-5.181596279144287,-3.848646879196167,0.0
313,ACH-000148,-28.572912216186523,-31.83502960205078,2.6254632472991943,0.6366547346115112,True,-5.124729633331299,0.875,-4.811626744487018,0.07131253182888031,-10.0,-4.428262233734131,-5.201488971710205,-3.8034451007843018,0.0
314,ACH-000196,3.5727121829986572,0.3300474286079407,2.508124589920044,0.7345401048660278,True,-4.226387023925781,0.953125,-4.7531027724308945,0.11852428317070007,-10.0,-3.942438840866089,-4.800485610961914,-3.4981343746185303,0.0
315,ACH-000212,-24.511884689331055,-27.74558448791504,2.51176381111145,0.7219357490539551,True,-4.920592784881592,0.90625,-4.769851773675964,0.06311041116714478,-10.0,-4.395136833190918,-5.147704601287842,-2.725477695465088,0.0
316,ACH-000223,2.48132586479187,-0.6753079891204834,2.437532663345337,0.7191011905670166,True,-4.659028053283691,0.953125,-4.758769401636737,0.1387024223804474,-10.0,-4.39635705947876,-4.938186168670654,-3.414815902709961,0.0
317,ACH-000248,-26.232515335083008,-29.51240348815918,2.5577547550201416,0.722132682800293,True,-4.498230934143066,0.953125,-4.7327155548873705,0.07229501754045486,-10.0,-4.227652072906494,-5.020029067993164,-3.711641788482666,0.0
318,ACH-000258,2.2852659225463867,-1.0858293771743774,2.658175468444824,0.7129197120666504,True,-4.344154357910156,0.90625,-4.6938594351896485,0.17696166038513184,-10.0,-3.7590668201446533,-4.811980724334717,-1.572048544883728,0.0
319,ACH-000276,-1.719987392425537,-4.9191765785217285,2.490020990371704,0.7091683149337769,True,-5.0179901123046875,0.890625,-4.726272502901152,0.16536054015159607,-10.0,-4.406164169311523,-5.157947540283203,-3.3721187114715576,0.0
320,ACH-000277,0.5397093296051025,-2.630213499069214,2.4710967540740967,0.6988259553909302,True,-4.663372039794922,0.921875,-4.719982456590529,0.13310851156711578,-10.0,-4.21111536026001,-4.62666654586792,-3.6917104721069336,0.0
321,ACH-000288,-1.0914864540100098,-4.274840354919434,2.541811227798462,0.6415427923202515,True,-4.933226585388184,0.90625,-4.741306869470295,0.12802517414093018,-10.0,-4.4090776443481445,-5.704950332641602,-3.379532814025879,0.0
322,ACH-000330,0.07441520690917969,-3.152092695236206,2.4898335933685303,0.7366742491722107,True,-4.9796037673950195,0.90625,-4.765136559262767,0.19009661674499512,-10.0,-4.460251808166504,-5.123673439025879,-3.3732709884643555,0.0
323,ACH-000349,-4.572298049926758,-7.704835891723633,2.392526626586914,0.7400110960006714,True,-5.209885597229004,0.859375,-4.80961146305939,0.10562673211097717,-10.0,-4.426048278808594,-5.218055725097656,-3.801913261413574,0.0
324,ACH-000352,-24.74745750427246,-27.844606399536133,2.364407777786255,0.7327413558959961,True,-4.268230438232422,0.9375,-4.755473360576694,0.06974577903747559,-10.0,-3.886112689971924,-4.682201862335205,-3.313678503036499,0.0
325,ACH-000374,3.9626336097717285,0.7131510376930237,2.5349888801574707,0.7144937515258789,True,-4.574222564697266,0.96875,-4.737348280988751,0.2504195272922516,-10.0,-4.399197578430176,-5.2152509689331055,-3.7891781330108643,0.0
326,ACH-000536,-27.114154815673828,-30.395235061645508,2.5663862228393555,0.7146933078765869,True,-5.009291172027588,0.890625,-4.764542570092635,0.07144322991371155,-10.0,-4.396396636962891,-5.152092933654785,-3.802726984024048,0.0
327,ACH-000554,-25.35506820678711,-28.50836181640625,2.430600881576538,0.7226933240890503,True,-5.017171859741211,0.890625,-4.7898054990574925,0.0684875100851059,-10.0,-4.405245780944824,-5.056384086608887,-3.2560906410217285,0.0
328,ACH-000568,-78.71408081054688,-81.9560775756836,2.547900438308716,0.6940971612930298,True,-4.422472953796387,0.90625,-4.753072244531381,0.1549723744392395,-10.0,-3.845486879348755,-4.572981357574463,-3.348574638366699,0.0
329,ACH-000573,3.894899845123291,0.8111962676048279,2.395843029022217,0.6878604888916016,True,-4.368094444274902,0.953125,-4.714574464505734,0.1539679765701294,-10.0,-4.091114521026611,-4.559545040130615,-3.4111976623535156,0.0
330,ACH-000621,2.9735770225524902,-0.2313814014196396,2.498310089111328,0.7066482901573181,True,-4.676153182983398,0.953125,-4.710732336353501,0.22669625282287598,-10.0,-4.4143242835998535,-5.2098588943481445,-3.378504991531372,0.0
331,ACH-000624,0.9970204830169678,-2.0984854698181152,2.4017152786254883,0.6937906742095947,True,-4.462291717529297,0.921875,-4.685888274471081,0.18888616561889648,-10.0,-3.992994785308838,-4.841696262359619,-3.636064291000366,0.0
332,ACH-000643,2.094909191131592,-0.9855724573135376,2.3695757389068604,0.710905909538269,True,-4.640293121337891,0.96875,-4.681328759157762,0.2567256689071655,-10.0,-4.4673991203308105,-5.186069488525391,-3.7733957767486572,0.0
333,ACH-000668,1.6209906339645386,-1.5392881631851196,2.4611260890960693,0.6991525888442993,True,-4.670632362365723,0.953125,-4.680259119478558,0.16187094151973724,-10.0,-4.40853214263916,-5.066219329833984,-3.7493534088134766,0.0
334,ACH-000691,0.5017063617706299,-2.620656967163086,2.4313602447509766,0.691003143787384,True,-4.575262069702148,0.9375,-4.669759414500917,0.19283437728881836,-10.0,-4.2136125564575195,-4.819593906402588,-3.714376211166382,0.0
335,ACH-000699,1.1517528295516968,-1.9512139558792114,2.380786180496216,0.7221807241439819,True,-4.845649719238281,0.90625,-4.687348444974654,0.1335294246673584,-10.0,-4.312441349029541,-4.991279125213623,-3.2541353702545166,0.0
336,ACH-000711,3.197188138961792,-0.00826045498251915,2.490248203277588,0.7152003645896912,True,-4.517155647277832,0.96875,-4.670329165204971,0.17767813801765442,-10.0,-4.34028959274292,-5.183089256286621,-3.1258580684661865,0.0
337,ACH-000725,-2.1156866550445557,-5.130276679992676,2.3140251636505127,0.7005648612976074,True,-4.958446502685547,0.890625,-4.699140898953028,0.17159408330917358,-10.0,-4.339308261871338,-5.088705062866211,-3.398428201675415,0.0
338,ACH-000755,2.349350929260254,-0.7674960494041443,2.4242966175079346,0.6925504803657532,True,-4.648157119750977,0.9375,-4.694042521032823,0.14290009438991547,-10.0,-4.291368007659912,-4.865811347961426,-3.4206900596618652,0.0
339,ACH-000759,1.8358466625213623,-1.3747835159301758,2.486598014831543,0.7240321636199951,True,-4.390657424926758,0.953125,-4.663704011422216,0.24084590375423431,-10.0,-4.114788055419922,-4.614528656005859,-3.5772063732147217,0.0
340,ACH-000768,-27.95311737060547,-31.060483932495117,2.4456005096435547,0.6617655754089355,True,-4.6905646324157715,0.953125,-4.666390073521572,0.06892357021570206,-10.0,-4.429445266723633,-5.247647285461426,-3.797050952911377,0.0
341,ACH-000783,0.05237984657287598,-2.9799649715423584,2.32944917678833,0.7028957605361938,True,-4.8343095779418945,0.921875,-4.683182023963604,0.16699948906898499,-10.0,-4.396539211273193,-5.215609550476074,-3.2557809352874756,0.0
342,ACH-000818,-27.51127052307129,-30.469867706298828,2.2068395614624023,0.7517575025558472,True,-3.7286734580993652,0.90625,-4.58773116737718,0.08013062179088593,-10.0,-3.0799155235290527,-3.8933191299438477,-2.8102686405181885,0.0
343,ACH-000828,3.7565536499023438,0.546850323677063,2.4903087615966797,0.7193948030471802,True,-3.704803943634033,0.921875,-4.499438445002865,0.2492770254611969,-10.0,-3.1713128089904785,-3.859962224960327,-2.9764914512634277,0.0
344,ACH-000849,-0.7511866092681885,-3.845299482345581,2.4416842460632324,0.6524285674095154,True,-4.416849136352539,0.953125,-4.491179514137833,0.1067291647195816,-10.0,-4.142268180847168,-5.101231098175049,-3.423229217529297,0.0
345,ACH-000856,1.3967528343200684,-1.7214610576629639,2.402555227279663,0.7156586647033691,True,-4.296694278717041,0.9375,-4.471730990595753,0.2105448842048645,-10.0,-3.9164743423461914,-4.687778949737549,-3.5688400268554688,0.0
346,ACH-000857,1.9571717977523804,-1.1256238222122192,2.378758430480957,0.7040371894836426,True,-4.42869758605957,0.96875,-4.467427650142135,0.20935460925102234,-10.0,-4.248978137969971,-4.7893571853637695,-3.715911865234375,0.0
347,ACH-000859,1.1178174018859863,-2.2214279174804688,2.629739761352539,0.7095056772232056,True,-4.729944705963135,0.953125,-4.493679355724234,0.1937219202518463,-10.0,-4.470760822296143,-5.147832870483398,-3.7858753204345703,0.0
348,ACH-000876,3.838669538497925,0.6537429690361023,2.4737277030944824,0.7111987471580505,True,-4.310544967651367,1.0,-4.475365916916948,0.22063970565795898,-10.0,-4.310544967651367,-4.829081058502197,-3.7637569904327393,0.0
349,ACH-000902,3.2627992630004883,0.1032000258564949,2.4519834518432617,0.707615852355957,True,-4.226926803588867,0.984375,-4.450522005584141,0.1399838924407959,-10.0,-4.135290622711182,-5.037683486938477,-3.4073710441589355,0.0
350,ACH-000910,1.6886141300201416,-1.479923963546753,2.4767985343933105,0.6917396783828735,True,-4.564502716064453,0.9375,-4.461920076632172,0.22088611125946045,-10.0,-4.202136039733887,-4.840490341186523,-3.751059055328369,0.0
351,ACH-000927,1.4622952938079834,-1.6490135192871094,2.361349582672119,0.7499592304229736,True,-4.534755706787109,0.953125,-4.469203639647666,0.23017071187496185,-10.0,-4.265973091125488,-4.7189860343933105,-3.430574893951416,0.0
352,ACH-000930,-4.584068298339844,-7.606714248657227,2.2979278564453125,0.7247182130813599,True,-4.860259532928467,0.890625,-4.508309228975746,0.17406609654426575,-10.0,-4.229063510894775,-4.98943567276001,-3.3796792030334473,0.0
353,ACH-000934,2.405766010284424,-0.7608253955841064,2.4314968585968018,0.7350945472717285,True,-4.426360130310059,0.96875,-4.500114319109177,0.14136771857738495,-10.0,-4.246565341949463,-5.0465192794799805,-3.7715301513671875,0.0
354,ACH-001390,0.800429105758667,-2.4401962757110596,2.528869390487671,0.7117559909820557,True,-4.616970062255859,0.921875,-4.511799893423845,0.3277994394302368,-10.0,-4.160780906677246,-4.663071632385254,-3.793147087097168,0.0
355,ACH-001819,0.23608064651489258,-2.8703339099884033,2.4099621772766113,0.6964523792266846,True,-4.475828170776367,0.921875,-4.508202721159097,0.21413829922676086,-10.0,-4.007678508758545,-4.567903518676758,-3.6279778480529785,0.0
356,ACH-001820,3.0307717323303223,-0.06105026975274086,2.3869500160217285,0.7048718333244324,True,-4.510221481323242,0.96875,-4.508404597175511,0.16184793412685394,-10.0,-4.333131790161133,-5.1864824295043945,-3.8037352561950684,0.0
357,ACH-000017,2.3459339141845703,-0.83342444896698,2.484300374984741,0.6950581669807434,True,-4.521246910095215,0.953125,-4.509688828467482,0.15473735332489014,-10.0,-4.251799583435059,-4.874605655670166,-3.2964673042297363,0.0
358,ACH-000019,1.697310209274292,-1.3455712795257568,2.418205499649048,0.6246760487556458,True,-4.591282844543457,0.953125,-4.51784823007508,0.16236662864685059,-10.0,-4.32528018951416,-5.036343097686768,-3.3772661685943604,0.0
359,ACH-000044,4.718968391418457,1.4553399085998535,2.561537504196167,0.7020907402038574,True,-3.6486546993255615,0.96875,-4.430928877000128,0.22049447894096375,-10.0,-3.443772315979004,-4.209842681884766,-3.135643243789673,0.0
360,ACH-000097,2.117203950881958,-0.9950137138366699,2.4092659950256348,0.7029517292976379,True,-4.449547290802002,0.953125,-4.432790718380316,0.15278160572052002,-10.0,-4.176573753356934,-5.209274768829346,-3.8031845092773438,0.0
361,ACH-000111,2.5485098361968994,-0.5817257761955261,2.436927556991577,0.6933079957962036,True,-4.387310981750488,0.96875,-4.428242744717333,0.2341330498456955,-10.0,-4.20625638961792,-4.9412102699279785,-3.739835739135742,0.0
362,ACH-000117,2.221195936203003,-0.7381437420845032,2.26357102394104,0.6957687139511108,True,-4.402011871337891,0.96875,-4.425619657379389,0.14237116277217865,-10.0,-4.221431255340576,-4.894291877746582,-3.2492566108703613,0.0
363,ACH-000147,-0.20117425918579102,-3.275951623916626,2.440195083618164,0.6345822811126709,True,-4.907404899597168,0.90625,-4.473798181601167,0.2211095094680786,-10.0,-4.380585670471191,-5.5374979972839355,-3.7920432090759277,0.0
364,ACH-000148,-29.893766403198242,-32.94713592529297,2.418555974960327,0.6348128318786621,True,-4.762792587280273,0.921875,-4.502697622169078,0.082340769469738,-10.0,-4.3189616203308105,-5.201488971710205,-3.3800132274627686,0.0
365,ACH-000196,2.42863130569458,-0.6984562873840332,2.4116435050964355,0.7154439687728882,True,-4.154458999633789,0.953125,-4.467873759915549,0.22099706530570984,-10.0,-3.8669731616973877,-5.5427937507629395,-3.4596805572509766,0.0
366,ACH-000212,-2.021780252456665,-5.064647674560547,2.3387725353240967,0.7040948271751404,True,-4.9340434074401855,0.890625,-4.514490724668013,0.1821732372045517,-10.0,-4.31190824508667,-5.147704601287842,-3.3898751735687256,0.0
367,ACH-000223,3.000230073928833,-0.025770314037799835,2.3109328746795654,0.7150676846504211,True,-4.3329620361328125,0.984375,-4.4963378558144935,0.240553081035614,-10.0,-4.243009567260742,-4.938186168670654,-3.414815902709961,0.0
368,ACH-000248,1.1156736612319946,-1.8908203840255737,2.3223977088928223,0.6840963363647461,True,-4.587080001831055,0.9375,-4.50541207041615,0.19151034951210022,-10.0,-4.226218223571777,-4.7757768630981445,-3.711641788482666,0.0
369,ACH-000258,3.9102087020874023,0.8348606824874878,2.3839504718780518,0.6913976073265076,True,-3.837949275970459,0.984375,-4.43866579097158,0.17905005812644958,-10.0,-3.7401390075683594,-4.8313069343566895,-1.7676572799682617,0.0
370,ACH-000276,2.8445799350738525,-0.232405424118042,2.3630530834198,0.71393221616745,True,-4.4132256507873535,0.984375,-4.436121776953157,0.15319713950157166,-10.0,-4.324546813964844,-5.157947540283203,-3.3721187114715576,0.0
371,ACH-000277,0.6292097568511963,-2.3928983211517334,2.3088505268096924,0.7132576704025269,True,-4.482278823852539,0.9375,-4.440737481643095,0.18846696615219116,-10.0,-4.114431381225586,-4.895989894866943,-3.687541961669922,0.0
372,ACH-000288,0.5158872604370117,-2.4074220657348633,2.3287155628204346,0.5945936441421509,True,-4.5535993576049805,0.96875,-4.452023669239283,0.15029676258563995,-10.0,-4.377908706665039,-5.205519199371338,-3.2395784854888916,0.0
373,ACH-000330,2.4360673427581787,-0.6262531280517578,2.386413812637329,0.6759066581726074,True,-4.447312355041504,0.96875,-4.451552537819506,0.16511908173561096,-10.0,-4.268193244934082,-5.123673439025879,-3.6101014614105225,0.0
374,ACH-000349,2.7286267280578613,-0.3490927815437317,2.3551180362701416,0.7226013541221619,True,-4.3693437576293945,0.984375,-4.443331659800494,0.19208715856075287,-10.0,-4.27996826171875,-5.218055725097656,-3.3753881454467773,0.0
375,ACH-000352,1.6962320804595947,-1.2813999652862549,2.2638890743255615,0.7137429118156433,True,-4.192440986633301,0.9375,-4.418242592483775,0.13416287302970886,-10.0,-3.8052706718444824,-4.489424705505371,-3.3075523376464844,0.0
376,ACH-000374,-1.9835705757141113,-4.9644083976745605,2.3208487033843994,0.6599892377853394,True,-4.591160774230957,0.953125,-4.4355344106584935,0.1483229696750641,-10.0,-4.3251519203186035,-5.2152509689331055,-3.7035884857177734,0.0
377,ACH-000536,-1.0043776035308838,-3.8864588737487793,2.235499382019043,0.6465818285942078,True,-4.843062400817871,0.90625,-4.476287209674432,0.2085113823413849,-10.0,-4.309586524963379,-5.152092933654785,-3.3894357681274414,0.0
378,ACH-000554,2.7511725425720215,-0.3134397268295288,2.3608977794647217,0.7037147283554077,True,-4.301041126251221,0.984375,-4.45876260133211,0.1566164493560791,-10.0,-4.210581302642822,-5.056384086608887,-3.40220046043396,0.0
379,ACH-000568,-30.898731231689453,-33.98027801513672,2.397449254989624,0.6840970516204834,True,-4.349475383758545,0.90625,-4.447833879574754,0.07642261683940887,-10.0,-3.7649383544921875,-4.450844764709473,-3.348574638366699,0.0
380,ACH-000573,3.0683295726776123,0.11535613238811493,2.2551944255828857,0.6977788805961609,True,-4.133190155029297,0.984375,-4.4163695071202085,0.20941926538944244,-10.0,-4.040066242218018,-4.4851861000061035,-3.654759168624878,0.0
381,ACH-000621,0.0677192211151123,-2.988414764404297,2.3485794067382812,0.7075545191764832,True,-4.572659492492676,0.953125,-4.431998505657456,0.16582269966602325,-10.0,-4.3057403564453125,-5.2098588943481445,-3.7952463626861572,0.0
382,ACH-000624,3.7500391006469727,0.7340421080589294,2.3295536041259766,0.6864434480667114,True,-4.081233024597168,0.984375,-4.396921957551427,0.2053428590297699,-10.0,-3.9872844219207764,-4.782414436340332,-3.636064291000366,0.0
383,ACH-000643,1.0527960062026978,-1.9217809438705444,2.2811079025268555,0.6934689879417419,True,-4.612062454223633,0.96875,-4.418436007218648,0.146442711353302,-10.0,-4.438257694244385,-5.186069488525391,-3.3833086490631104,0.0
384,ACH-000668,1.8940702676773071,-1.193315863609314,2.3629837036132812,0.7244025468826294,True,-4.402374267578125,0.96875,-4.416829833254596,0.14169394969940186,-10.0,-4.221805572509766,-5.066219329833984,-3.7773237228393555,0.0
385,ACH-000691,0.14327120780944824,-2.743553876876831,2.1953659057617188,0.6914591789245605,True,-4.5229082107543945,0.9375,-4.427437671004576,0.16164129972457886,-10.0,-4.157768726348877,-4.6765618324279785,-3.773886203765869,0.0
386,ACH-000699,2.4186019897460938,-0.5565575361251831,2.263371706008911,0.7117878198623657,True,-4.3924455642700195,0.984375,-4.4239384603311205,0.20128779113292694,-10.0,-4.303437232971191,-4.991279125213623,-3.772911548614502,0.0
387,ACH-000711,2.535275459289551,-0.5336641669273376,2.3495306968688965,0.7194088697433472,True,-4.360548973083496,0.96875,-4.417599511606358,0.16934144496917725,-10.0,-4.17863130569458,-5.183089256286621,-2.44978928565979,0.0
388,ACH-000725,-2.231963634490967,-5.079300403594971,2.179777145385742,0.6675596833229065,True,-4.6839094161987305,0.9375,-4.4442305020655954,0.13716167211532593,-10.0,-4.329503536224365,-5.088705062866211,-2.685234785079956,0.0
389,ACH-000755,2.1127493381500244,-0.8447450995445251,2.2682085037231445,0.6892860531806946,True,-4.415417671203613,0.96875,-4.441349218979397,0.25638800859451294,-10.0,-4.235269546508789,-4.865811347961426,-3.7556257247924805,0.0
390,ACH-000759,-2.796443462371826,-5.754787445068359,2.2662692070007324,0.6920747756958008,True,-4.7027177810668945,0.90625,-4.467486075188146,0.16021469235420227,-10.0,-4.154723167419434,-4.627814769744873,-3.4763333797454834,0.0
391,ACH-000768,-29.77655601501465,-32.70952606201172,2.330613136291504,0.6023561954498291,True,-4.794821739196777,0.921875,-4.50021964158901,0.07341201603412628,-10.0,-4.353704452514648,-5.209752082824707,-3.371900796890259,0.0
392,ACH-000783,3.3639755249023438,0.4072050452232361,2.283219337463379,0.6735510230064392,True,-4.377265930175781,1.0,-4.487924270447687,0.25463688373565674,-10.0,-4.377265930175781,-5.215609073638916,-3.798860549926758,0.0
393,ACH-000818,-25.679641723632812,-28.57405662536621,2.196519136428833,0.6978956460952759,True,-3.4310526847839355,0.953125,-4.382237111881312,0.07598289847373962,-10.0,-3.107989549636841,-3.8067259788513184,-2.7709994316101074,0.0
394,ACH-000828,2.0968456268310547,-0.8825920820236206,2.294325351715088,0.6851123571395874,True,-3.8145058155059814,0.921875,-4.325463982243779,0.16070030629634857,-10.0,-3.290311336517334,-4.04796838760376,-2.9764914512634277,0.0
395,ACH-000849,1.3698673248291016,-1.60406494140625,2.3362879753112793,0.6376442909240723,True,-4.395602703094482,0.953125,-4.332477854328849,0.19155094027519226,-10.0,-4.11997652053833,-5.218696594238281,-2.873603582382202,0.0
396,ACH-000856,3.5641422271728516,0.5734027624130249,2.3027007579803467,0.6880386471748352,True,-3.9619269371032715,0.984375,-4.295422762606291,0.2328951060771942,-10.0,-3.8660848140716553,-4.443638324737549,-3.5688397884368896,0.0
397,ACH-000857,1.2479572296142578,-1.7399702072143555,2.323807954788208,0.6641196012496948,True,-4.3590569496154785,0.96875,-4.30178618130721,0.1273660808801651,-10.0,-4.177091121673584,-5.12203311920166,-3.715911865234375,0.0
398,ACH-000859,-2.796285629272461,-6.008467674255371,2.5186517238616943,0.693530261516571,True,-4.903130054473877,0.890625,-4.3619205686238764,0.1874774992465973,-10.0,-4.277198314666748,-5.147832870483398,-3.5467686653137207,0.0
399,ACH-000876,0.1484830379486084,-2.7704710960388184,2.2392361164093018,0.679718017578125,True,-4.655631065368652,0.9375,-4.391291618298355,0.25172892212867737,-10.0,-4.29934024810791,-4.78183650970459,-3.2435741424560547,0.0
400,ACH-000902,0.5768928527832031,-2.486527681350708,2.3867154121398926,0.6767050623893738,True,-4.343230724334717,0.953125,-4.386485528901991,0.17112895846366882,-10.0,-4.065028667449951,-4.627667427062988,-3.700496196746826,0.0
401,ACH-000910,-31.85442352294922,-34.82796096801758,2.2981443405151367,0.6753941774368286,True,-4.584723949432373,0.921875,-4.406309370955029,0.07035631686449051,-10.0,-4.125802993774414,-4.927915573120117,-2.608757495880127,0.0
402,ACH-000927,1.6141318082809448,-1.3058303594589233,2.2088098526000977,0.7111523747444153,True,-4.327105522155762,0.96875,-4.398388986075102,0.12064136564731598,-10.0,-4.144108772277832,-4.69467306137085,-3.430574893951416,0.0
403,ACH-000930,1.069288969039917,-1.8220479488372803,2.2027411460876465,0.6885958909988403,True,-4.59613037109375,0.9375,-4.418163124576967,0.17795175313949585,-10.0,-4.235872268676758,-4.98943567276001,-3.7682502269744873,0.0
404,ACH-000934,3.0897600650787354,0.15536096692085266,2.238774061203003,0.6956250667572021,True,-4.321627616882324,0.984375,-4.408509573807502,0.12627384066581726,-10.0,-4.231494903564453,-5.017978668212891,-3.771531105041504,0.0
405,ACH-001390,-5.44358491897583,-8.422602653503418,2.317617654800415,0.6614000797271729,True,-4.567463397979736,0.921875,-4.424404956224726,0.12346536666154861,-10.0,-4.107079029083252,-4.63010835647583,-3.802349328994751,0.0
406,ACH-001819,-1.6229243278503418,-4.560356616973877,2.2593140602111816,0.678118109703064,True,-4.278360843658447,0.953125,-4.409800544968098,0.11267584562301636,-10.0,-3.9969680309295654,-4.706786155700684,-3.183042049407959,0.0
407,ACH-001820,-8.483875274658203,-11.445063591003418,2.288431167602539,0.6727569103240967,True,-4.779088497161865,0.9375,-4.446729340187474,0.08450868725776672,-10.0,-4.431027889251709,-5.1864824295043945,-3.383453130722046,0.0
408,ACH-000017,1.2845816612243652,-1.4813308715820312,2.1104087829589844,0.6555038690567017,True,-4.415499687194824,0.9375,-4.443606374888209,0.21126523613929749,-10.0,-4.0432000160217285,-4.927433967590332,-3.077244758605957,0.0
409,ACH-000019,0.2797837257385254,-2.6380996704101562,2.3321990966796875,0.5856844186782837,True,-4.506441593170166,0.953125,-4.449889896716405,0.2129054069519043,-10.0,-4.236266136169434,-5.036343097686768,-3.7737607955932617,0.0
410,ACH-000044,-23.132221221923828,-26.082469940185547,2.283263921737671,0.666985273361206,True,-3.9698758125305176,0.921875,-4.401888488297816,0.06511764973402023,-10.0,-3.458848237991333,-4.212299346923828,-3.135643243789673,0.0
411,ACH-000097,-27.243560791015625,-30.09416389465332,2.157615900039673,0.692986249923706,True,-4.502252578735352,0.9375,-4.411924897341569,0.06391282379627228,-10.0,-4.135735988616943,-5.209274768829346,-3.8031845092773438,0.0
412,ACH-000111,0.32509875297546387,-2.5448403358459473,2.2047011852264404,0.6652379035949707,True,-4.415358543395996,0.953125,-4.412268261947012,0.21733358502388,-10.0,-4.1407036781311035,-4.784106731414795,-2.886589527130127,0.0
413,ACH-000117,2.5608885288238525,-0.3723217844963074,2.2380807399749756,0.6951296925544739,True,-4.36662483215332,0.984375,-4.407703918967643,0.18518005311489105,-10.0,-4.2772064208984375,-4.952988147735596,-3.7584574222564697,0.0
414,ACH-000147,-2.215944290161133,-4.979884147644043,2.1679587364196777,0.5959810018539429,True,-4.8719868659973145,0.90625,-4.4541322136706105,0.11629132926464081,-10.0,-4.341502666473389,-5.181596279144287,-3.7920432090759277,0.0
415,ACH-000148,-26.368576049804688,-29.122459411621094,2.1730620861053467,0.5808206796646118,True,-4.641671180725098,0.9375,-4.472886110376059,0.07737354934215546,-10.0,-4.284449577331543,-5.201488971710205,-3.7027275562286377,0.0
416,ACH-000196,4.148479461669922,1.1516004800796509,2.308990478515625,0.6878887414932251,True,-3.8669402599334717,1.0,-4.412291525331801,0.176356703042984,-10.0,-3.8669402599334717,-4.749623775482178,-3.4981343746185303,0.0
417,ACH-000212,1.949194073677063,-0.9951838254928589,2.278392791748047,0.6659852266311646,True,-4.4791154861450195,0.96875,-4.418973921413123,0.16639116406440735,-10.0,-4.301022529602051,-5.147704601287842,-2.651106357574463,0.0
418,ACH-000223,0.152235746383667,-2.6738317012786865,2.1519174575805664,0.6741498708724976,True,-4.45262336730957,0.96875,-4.422338866002768,0.14231427013874054,-10.0,-4.273674964904785,-4.938186168670654,-3.7654027938842773,0.0
419,ACH-000248,0.19709467887878418,-2.7517664432525635,2.2667603492736816,0.6821008324623108,True,-4.45533561706543,0.953125,-4.425638541109034,0.22705382108688354,-10.0,-4.182647228240967,-4.768212795257568,-3.711641788482666,0.0
420,ACH-000258,0.28963232040405273,-2.5568909645080566,2.187666416168213,0.658856987953186,True,-4.000072956085205,0.96875,-4.383081982606652,0.09952028095722198,-10.0,-3.8065266609191895,-4.8783087730407715,-3.020577907562256,0.0
421,ACH-000276,1.5156066417694092,-1.404000997543335,2.2503416538238525,0.6692661046981812,True,-4.3726067543029785,0.984375,-4.382034459776285,0.12154478579759598,-10.0,-4.28328275680542,-5.157947540283203,-3.783491611480713,0.0
422,ACH-000277,0.2652738094329834,-2.6720376014709473,2.2555994987487793,0.6817119121551514,True,-4.553539276123047,0.921875,-4.399184941410961,0.19321703910827637,-10.0,-4.091974258422852,-4.620276927947998,-3.687541961669922,0.0
423,ACH-000288,-35.82256317138672,-38.62773132324219,2.2217648029327393,0.583403468132019,True,-5.003831386566162,0.890625,-4.45964958592648,0.07900109142065048,-10.0,-4.390266418457031,-5.205519199371338,-3.8034586906433105,0.0
424,ACH-000330,-0.6809272766113281,-3.5982682704925537,2.223949432373047,0.6933916211128235,True,-4.595017433166504,0.9375,-4.473186370650483,0.12349356710910797,-10.0,-4.234684944152832,-5.123673439025879,-3.784060478210449,0.0
425,ACH-000349,1.404807686805725,-1.5267845392227173,2.2532851696014404,0.678307056427002,True,-4.41292142868042,0.96875,-4.467159876453477,0.14479313790798187,-10.0,-4.232692241668701,-5.218055725097656,-3.801913261413574,0.0
426,ACH-000352,-0.5434515476226807,-3.4095871448516846,2.1955771446228027,0.6705583333969116,True,-4.292908668518066,0.921875,-4.449734755659935,0.19118043780326843,-10.0,-3.8092567920684814,-4.452059745788574,-3.4559073448181152,0.0
427,ACH-000374,3.5163321495056152,0.6343569159507751,2.20536208152771,0.6766130328178406,True,-4.26521110534668,1.0,-4.431282390628609,0.20294511318206787,-10.0,-4.26521110534668,-5.2152509689331055,-3.7987263202667236,0.0
428,ACH-000536,0.2623298168182373,-2.5431532859802246,2.181203842163086,0.6242793202400208,True,-4.650864124298096,0.953125,-4.453240563995558,0.20431017875671387,-10.0,-4.387792110443115,-5.152092933654785,-3.3894360065460205,0.0
429,ACH-000554,1.5873254537582397,-1.2323237657546997,2.1704769134521484,0.6491724252700806,True,-4.501491069793701,0.953125,-4.458065614575372,0.1269262135028839,-10.0,-4.231072902679443,-5.056384086608887,-3.40220046043396,0.0
430,ACH-000568,-36.756587982177734,-39.60117721557617,2.1825687885284424,0.6620219945907593,True,-4.392409324645996,0.90625,-4.451499985582434,0.08247839659452438,-10.0,-3.8123130798339844,-4.414064884185791,-3.4252750873565674,0.0
431,ACH-000573,1.5499217510223389,-1.2795159816741943,2.168682336807251,0.6607553958892822,True,-4.3001933097839355,0.953125,-4.436369318002585,0.22049571573734283,-10.0,-4.019874572753906,-4.644834995269775,-3.415773630142212,0.0
432,ACH-000621,1.7830795049667358,-1.0892068147659302,2.200068473815918,0.6722177267074585,True,-4.3842926025390625,0.984375,-4.431161646456233,0.14791983366012573,-10.0,-4.295154571533203,-5.2098588943481445,-3.6859350204467773,0.0
433,ACH-000624,4.0208563804626465,1.1146401166915894,2.243486166000366,0.6627298593521118,True,-3.9613075256347656,1.0,-4.384176234374086,0.1978236734867096,-10.0,-3.9613075256347656,-4.829289436340332,-3.636064291000366,0.0
434,ACH-000643,1.6760294437408447,-1.2408936023712158,2.2419025897979736,0.6750205755233765,True,-4.461200714111328,0.96875,-4.39187868234781,0.12151864171028137,-10.0,-4.282530307769775,-5.186069488525391,-3.803544759750366,0.0
435,ACH-000668,1.4812240600585938,-1.3742361068725586,2.1765618324279785,0.6788983941078186,True,-4.501613140106201,0.953125,-4.40285212812365,0.20907539129257202,-10.0,-4.231200218200684,-5.066219329833984,-3.7773237228393555,0.0
436,ACH-000691,2.8038530349731445,-0.15962831676006317,2.2909867763519287,0.6724947690963745,True,-4.235583305358887,0.984375,-4.386125245847174,0.17644058167934418,-10.0,-4.1440839767456055,-4.770524024963379,-3.714376211166382,0.0
437,ACH-000699,-1.138850450515747,-4.029487609863281,2.242692232131958,0.647944986820221,True,-4.727045059204102,0.9375,-4.420217227182866,0.1653481125831604,-10.0,-4.375514984130859,-4.991279125213623,-3.790212631225586,0.0
438,ACH-000711,2.325453281402588,-0.555010974407196,2.20973539352417,0.6707289218902588,True,-4.347254753112793,0.984375,-4.412920979775859,0.21379803121089935,-10.0,-4.257528781890869,-5.183089256286621,-3.3715360164642334,0.0
439,ACH-000725,3.140286445617676,0.2906116545200348,2.1800851821899414,0.6695894598960876,True,-4.360928535461426,1.0,-4.407721735344416,0.12136413156986237,-10.0,-4.360928535461426,-5.088705062866211,-3.7873265743255615,0.0
440,ACH-000755,1.7444465160369873,-1.1518146991729736,2.2147111892700195,0.6815500259399414,True,-4.383998394012451,0.96875,-4.40534940121122,0.18315520882606506,-10.0,-4.202836990356445,-4.865811347961426,-3.7556257247924805,0.0
441,ACH-000759,1.428057312965393,-1.4761475324630737,2.223520278930664,0.6806844472885132,True,-4.390861511230469,0.953125,-4.403900612213145,0.22795814275741577,-10.0,-4.115002155303955,-4.638061046600342,-3.706197738647461,0.0
442,ACH-000768,-0.8383302688598633,-3.6307036876678467,2.187594175338745,0.6047792434692383,True,-4.644702911376953,0.9375,-4.427980842129526,0.2130318582057953,-10.0,-4.287683010101318,-5.27412748336792,-3.1716341972351074,0.0
443,ACH-000783,2.20939302444458,-0.6851600408554077,2.2091989517211914,0.6853542327880859,True,-4.412595748901367,0.96875,-4.42644233280671,0.2089572250843048,-10.0,-4.232356548309326,-5.215609550476074,-3.3726038932800293,0.0
444,ACH-000818,1.945941686630249,-0.8561366200447083,2.1209537982940674,0.6811245679855347,True,-3.6401562690734863,0.921875,-4.347813726433388,0.09949681162834167,-10.0,-3.101186513900757,-3.936309337615967,-2.8102686405181885,0.0
445,ACH-000828,4.694061279296875,1.8586314916610718,2.1575124263763428,0.6779172420501709,True,-3.346776008605957,0.984375,-4.247709954650645,0.24589361250400543,-10.0,-3.2411694526672363,-3.983457565307617,-2.9764914512634277,0.0
446,ACH-000849,2.614668130874634,-0.08766581118106842,2.0839388370513916,0.6183949708938599,True,-4.080559730529785,0.984375,-4.230994932238559,0.18189960718154907,-10.0,-3.986600637435913,-4.700740814208984,-2.873603582382202,0.0
447,ACH-000856,1.0957525968551636,-1.7127171754837036,2.151170253753662,0.6572994589805603,True,-4.1654582023620605,0.953125,-4.224441259250909,0.1470235288143158,-10.0,-3.8785133361816406,-4.56065559387207,-3.4514617919921875,0.0
448,ACH-000857,2.4498372077941895,-0.38345101475715637,2.1786420345306396,0.6546462774276733,True,-4.172564506530762,0.984375,-4.219253583978895,0.11381296068429947,-10.0,-4.080065727233887,-4.583812236785889,-3.715911865234375,0.0
449,ACH-000859,0.9858859777450562,-1.8637968301773071,2.205775737762451,0.6439069509506226,True,-4.430449962615967,0.96875,-4.240373221842602,0.24768280982971191,-10.0,-4.250786781311035,-5.147832870483398,-3.574439764022827,0.0
450,ACH-000876,1.2433140277862549,-1.6125342845916748,2.1824285984039307,0.6734195947647095,True,-4.293774127960205,0.984375,-4.245713312454362,0.12525030970573425,-10.0,-4.20319938659668,-4.8794660568237305,-3.4258205890655518,0.0
451,ACH-000902,2.4267029762268066,-0.4517117142677307,2.219679832458496,0.6587346792221069,True,-4.152280807495117,0.984375,-4.2363700619584375,0.2515442967414856,-10.0,-4.059460163116455,-4.7586822509765625,-3.700496196746826,0.0
452,ACH-000910,0.7907999753952026,-1.9973417520523071,2.1595094203948975,0.6286324262619019,True,-4.334507942199707,0.96875,-4.246183849982565,0.16699106991291046,-10.0,-4.151750087738037,-4.840490341186523,-3.751059055328369,0.0
453,ACH-000927,0.5565216541290283,-2.261247396469116,2.175542116165161,0.642227053642273,True,-4.176342964172363,0.984375,-4.239199761401545,0.11589917540550232,-10.0,-4.083903789520264,-4.660800457000732,-3.0732269287109375,0.0
454,ACH-000930,2.010272741317749,-0.7847896218299866,2.150235414505005,0.6448269486427307,True,-4.261425495147705,0.984375,-4.241422334776161,0.15021663904190063,-10.0,-4.170336723327637,-4.98943567276001,-3.5842654705047607,0.0
455,ACH-000934,1.5046786069869995,-1.3604930639266968,2.21219801902771,0.6529736518859863,True,-4.389736652374268,0.96875,-4.256253766535971,0.20264855027198792,-10.0,-4.2087602615356445,-5.017978668212891,-2.925567150115967,0.0
456,ACH-001390,1.1932802200317383,-1.6247320175170898,2.1752114295959473,0.6428009271621704,True,-4.307544231414795,0.96875,-4.261382813023853,0.3020325303077698,-10.0,-4.1239166259765625,-4.814966201782227,-3.802349328994751,0.0
457,ACH-001819,-0.022700071334838867,-2.8689310550689697,2.2023024559020996,0.6439285278320312,True,-4.343833923339844,0.9375,-4.2696279240554516,0.16398915648460388,-10.0,-3.966756582260132,-4.433881759643555,-3.6116714477539062,0.0
458,ACH-001820,0.25261664390563965,-2.5273008346557617,2.134122610092163,0.6457948684692383,True,-4.526601791381836,0.953125,-4.2953253107880895,0.1136387288570404,-10.0,-4.257418155670166,-5.1864824295043945,-3.8037352561950684,0.0
459,ACH-000017,1.5295294523239136,-1.1072221994400024,1.9908746480941772,0.6458771228790283,True,-4.3398284912109375,0.96875,-4.299775628830374,0.16380248963832855,-10.0,-4.157242298126221,-4.874605655670166,-3.7551681995391846,0.0
460,ACH-000019,1.5085821151733398,-1.1589791774749756,2.1000864505767822,0.567474901676178,True,-4.440740585327148,0.96875,-4.313872124480051,0.08508840948343277,-10.0,-4.261409282684326,-5.036343097686768,-3.1361026763916016,0.0
461,ACH-000044,-0.18457937240600586,-2.8925693035125732,2.06626033782959,0.6417295932769775,True,-3.960526943206787,0.921875,-4.2785376063527245,0.1813865303993225,-10.0,-3.448707103729248,-4.087867736816406,-3.137155771255493,0.0
462,ACH-000097,-3.2454276084899902,-5.948613166809082,2.0423471927642822,0.6608384251594543,True,-4.51682710647583,0.921875,-4.302366556365035,0.11322278529405594,-10.0,-4.052151679992676,-5.209274768829346,-3.8031845092773438,0.0
463,ACH-000111,-0.1388378143310547,-2.9312050342559814,2.159433126449585,0.6329341530799866,True,-4.458737850189209,0.9375,-4.318003685747453,0.10767263174057007,-10.0,-4.089320659637451,-4.942814350128174,-3.392284393310547,0.0
464,ACH-000117,-1.0513229370117188,-3.8614866733551025,2.155409812927246,0.6547539234161377,True,-4.398679256439209,0.953125,-4.326071242816628,0.14084240794181824,-10.0,-4.123203754425049,-4.787934303283691,-3.6350269317626953,0.0
465,ACH-000147,1.02101469039917,-1.6912763118743896,2.137232780456543,0.5750582218170166,True,-4.554526329040527,0.9375,-4.348916751439018,0.22644919157028198,-10.0,-4.191494464874268,-5.181596279144287,-3.122023582458496,0.0
466,ACH-000148,-8.578971862792969,-11.396772384643555,2.2463979721069336,0.5714019536972046,True,-4.898611068725586,0.890625,-4.403886183167675,0.1676206886768341,-10.0,-4.272124767303467,-5.201488971710205,-3.3800132274627686,0.0
467,ACH-000196,2.9312095642089844,0.06427229940891266,2.21272349357605,0.6542136669158936,True,-4.061098098754883,0.96875,-4.369607374726395,0.14538592100143433,-10.0,-3.8695199489593506,-4.503611087799072,-3.4981343746185303,0.0
468,ACH-000212,1.6507842540740967,-1.1754181385040283,2.1774954795837402,0.6487069129943848,True,-4.472733497619629,0.96875,-4.379919987015718,0.15584172308444977,-10.0,-4.294434547424316,-5.147704601287842,-3.7350659370422363,0.0
469,ACH-000223,-0.15806913375854492,-2.926572561264038,2.1362874507904053,0.6322159767150879,True,-4.3824567794799805,0.96875,-4.380173666262144,0.1496436595916748,-10.0,-4.2012457847595215,-4.938186168670654,-3.7654027938842773,0.0
470,ACH-000248,2.2553226947784424,-0.4726943075656891,2.090944766998291,0.6370723247528076,True,-4.229204177856445,0.984375,-4.365076717421575,0.17054715752601624,-10.0,-4.137604713439941,-4.944341659545898,-3.711641788482666,0.0
471,ACH-000258,2.281338691711426,-0.5228713750839233,2.1530957221984863,0.6511142253875732,True,-3.9259915351867676,0.984375,-4.321168199198095,0.14138489961624146,-10.0,-3.8295791149139404,-4.670152187347412,-3.020577907562256,0.0
472,ACH-000276,3.202547550201416,0.4030021131038666,2.160756826400757,0.6387887001037598,True,-4.153748035430908,1.0,-4.304426182821376,0.16037467122077942,-10.0,-4.153748035430908,-4.76430082321167,-3.3721184730529785,0.0
473,ACH-000277,0.6392004489898682,-2.1335432529449463,2.1394333839416504,0.6333104372024536,True,-4.295257091522217,0.953125,-4.30350927369146,0.14605164527893066,-10.0,-4.014695644378662,-4.697296142578125,-3.518646240234375,0.0
474,ACH-000288,1.395005702972412,-1.327446460723877,2.1606533527374268,0.5617986917495728,True,-4.478305816650391,0.96875,-4.320988927987353,0.19800157845020294,-10.0,-4.300186634063721,-5.205519199371338,-3.8034586906433105,0.0
475,ACH-000330,2.962038040161133,0.19792518019676208,2.1294641494750977,0.6346487998962402,True,-4.19401741027832,1.0,-4.308291776216449,0.20851057767868042,-10.0,-4.19401741027832,-5.123672962188721,-3.7840609550476074,0.0
476,ACH-000349,2.681722402572632,-0.11260835826396942,2.1611571311950684,0.6331737637519836,True,-4.311502456665039,0.984375,-4.308612844261308,0.2259042114019394,-10.0,-4.221209526062012,-5.218055725097656,-3.592585802078247,0.0
477,ACH-000352,1.215282917022705,-1.5745031833648682,2.1664645671844482,0.6233215928077698,True,-3.931194305419922,0.984375,-4.270870990377169,0.13250994682312012,-10.0,-3.834864377975464,-4.605526924133301,-3.4559073448181152,0.0
478,ACH-000374,2.945842981338501,0.0630357563495636,2.2581324577331543,0.6246747970581055,True,-4.250225067138672,1.0,-4.26880639805332,0.22190773487091064,-10.0,-4.250225067138672,-5.2152509689331055,-3.7987263202667236,0.0
479,ACH-000536,-0.5164275169372559,-3.1949665546417236,2.079172372817993,0.5993666052818298,True,-4.507105350494385,0.953125,-4.292636293297426,0.09291872382164001,-10.0,-4.236962795257568,-5.152092933654785,-3.7985074520111084,0.0
480,ACH-000554,-25.298818588256836,-28.056190490722656,2.1349692344665527,0.622402548789978,True,-4.248707294464111,0.984375,-4.288243393414095,0.06550440192222595,-10.0,-4.157417297363281,-5.056384086608887,-3.7821717262268066,0.0
481,ACH-000568,0.2692718505859375,-2.4777235984802246,2.1347970962524414,0.6121982336044312,True,-4.244340419769287,0.921875,-4.283853096049614,0.20680029690265656,-10.0,-3.756572723388672,-4.423344135284424,-3.469183921813965,0.0
482,ACH-000573,2.0851192474365234,-0.5969928503036499,2.0553653240203857,0.6267470121383667,True,-4.041762828826904,0.984375,-4.259644069327344,0.1956178992986679,-10.0,-3.947187662124634,-4.564416885375977,-3.654759168624878,0.0
483,ACH-000621,2.865016460418701,0.19395166635513306,2.0573172569274902,0.6137477159500122,True,-4.215127944946289,1.0,-4.2551924568892385,0.24235770106315613,-10.0,-4.215127944946289,-5.209858417510986,-3.378505229949951,0.0
484,ACH-000624,1.947977900505066,-0.7831608057022095,2.1227309703826904,0.608407735824585,True,-4.10768461227417,0.96875,-4.240441672427732,0.14364683628082275,-10.0,-3.917609691619873,-5.205238342285156,-2.0375325679779053,0.0
485,ACH-000643,3.0394623279571533,0.2748108506202698,2.134577512741089,0.6300739645957947,True,-4.143314361572266,1.0,-4.230728941342185,0.2664340138435364,-10.0,-4.143314361572266,-5.186069488525391,-3.5210227966308594,0.0
486,ACH-000668,2.7960658073425293,0.02585175819694996,2.1441240310668945,0.6260900497436523,True,-4.25023889541626,1.0,-4.232679936749592,0.16211137175559998,-10.0,-4.25023889541626,-5.066219329833984,-3.7773237228393555,0.0
487,ACH-000691,3.0346102714538574,0.2686781585216522,2.156566858291626,0.6093651652336121,True,-4.05063533782959,1.0,-4.214475476857592,0.23506709933280945,-10.0,-4.05063533782959,-4.985681533813477,-2.7180252075195312,0.0
488,ACH-000699,1.8846186399459839,-0.8731170892715454,2.148120164871216,0.6096154451370239,True,-4.402502059936523,0.96875,-4.233278135165485,0.2374180555343628,-10.0,-4.221937656402588,-4.991279125213623,-3.772911548614502,0.0
489,ACH-000711,0.5826756954193115,-2.2041468620300293,2.161068916320801,0.62575364112854,True,-4.368309020996094,0.96875,-4.246781223748546,0.11478099226951599,-10.0,-4.186641216278076,-5.183089256286621,-3.7923433780670166,0.0
490,ACH-000725,0.5273745059967041,-2.2329587936401367,2.149832010269165,0.6105012893676758,True,-4.4676361083984375,0.96875,-4.268866712213535,0.14308083057403564,-10.0,-4.289172649383545,-6.18799352645874,-3.7873265743255615,0.0
491,ACH-000755,0.8439317941665649,-1.8273268938064575,2.0767569541931152,0.5945016741752625,True,-4.4287800788879395,0.96875,-4.2848580488809755,0.2033788412809372,-10.0,-4.249063014984131,-4.865811347961426,-3.7556257247924805,0.0
492,ACH-000759,2.0766215324401855,-0.6002910137176514,2.083430290222168,0.593482255935669,True,-4.165625095367432,0.984375,-4.272934753529621,0.24288862943649292,-10.0,-4.073016166687012,-4.729991912841797,-3.706197738647461,0.0
493,ACH-000768,-0.44283461570739746,-3.138646125793457,2.14504337310791,0.5507681965827942,True,-4.4462714195251465,0.953125,-4.290268420129173,0.1613021194934845,-10.0,-4.173137187957764,-5.209752082824707,-3.371900796890259,0.0
494,ACH-000783,1.2148106098175049,-1.4724667072296143,2.068695068359375,0.6185821294784546,True,-4.263700485229492,0.96875,-4.2876116266392055,0.18376943469047546,-10.0,-4.078658103942871,-5.215609550476074,-3.798860788345337,0.0
495,ACH-000818,1.778813362121582,-0.8409209251403809,2.007734775543213,0.6119993925094604,True,-3.3978781700134277,0.953125,-4.198638280976628,0.1532852202653885,-10.0,-3.073183536529541,-3.854365825653076,-2.8102686405181885,0.0
496,ACH-000828,-3.139604091644287,-5.8407979011535645,2.0985922813415527,0.6026015281677246,True,-3.869278907775879,0.90625,-4.165702343656553,0.17551083862781525,-10.0,-3.2350664138793945,-3.9234211444854736,-2.9282705783843994,0.0
497,ACH-000849,1.04157555103302,-1.4870861768722534,1.9914182424545288,0.5372436046600342,True,-4.207979202270508,0.96875,-4.169930029517948,0.12530465424060822,-10.0,-4.021139621734619,-4.440367221832275,-3.652202606201172,0.0
498,ACH-000856,2.187530040740967,-0.46424099802970886,2.0277204513549805,0.6240505576133728,True,-4.0110015869140625,0.984375,-4.154037185257559,0.2064543068408966,-10.0,-3.91593861579895,-4.799041748046875,-3.4514617919921875,0.0
499,ACH-000857,2.0811946392059326,-0.6049547791481018,2.0767929553985596,0.6093564033508301,True,-4.1509599685668945,0.984375,-4.153729463588493,0.14375513792037964,-10.0,-4.0581183433532715,-4.984630584716797,-3.2723939418792725,0.0
500,ACH-000859,1.240796446800232,-1.4409099817276,2.0815231800079346,0.6001833081245422,True,-4.358405113220215,0.96875,-4.174197028551665,0.27910012006759644,-10.0,-4.176417827606201,-5.147832870483398,-3.7976574897766113,0.0
501,ACH-000876,-0.1499314308166504,-2.82523775100708,2.0745506286621094,0.6007556915283203,True,-4.3283610343933105,0.96875,-4.1896134291358305,0.1610136330127716,-10.0,-4.145404815673828,-4.78183650970459,-3.744288206100464,0.0
502,ACH-000902,-1.4523882865905762,-4.094769477844238,2.056952476501465,0.5854288339614868,True,-4.318202018737793,0.953125,-4.202472288096027,0.1208016574382782,-10.0,-4.038768768310547,-4.7586822509765625,-1.6550430059432983,0.0
503,ACH-000910,-0.5732986927032471,-3.2500545978546143,2.100074052810669,0.5766818523406982,True,-4.347740173339844,0.953125,-4.216999076620409,0.236684188246727,-10.0,-4.069759845733643,-4.840490341186523,-3.751059055328369,0.0
504,ACH-000927,2.367103099822998,-0.30948925018310547,2.059454917907715,0.6171374320983887,True,-4.154743194580078,0.984375,-4.210773488416375,0.2822273075580597,-10.0,-4.061961650848389,-4.865492343902588,-3.738924741744995,0.0
505,ACH-000930,2.7189440727233887,0.047337427735328674,2.0877063274383545,0.5839000940322876,True,-4.183696746826172,1.0,-4.208065814257355,0.2318672090768814,-10.0,-4.183696746826172,-4.989435195922852,-3.7682502269744873,0.0
506,ACH-000934,-0.5098953247070312,-3.2809395790100098,2.1561498641967773,0.6148943901062012,True,-4.417290687561035,0.953125,-4.228988301587723,0.18790799379348755,-10.0,-4.142731189727783,-5.017978668212891,-3.6761631965637207,0.0
507,ACH-001390,1.5044753551483154,-1.1672303676605225,2.0787301063537598,0.5929757356643677,True,-4.203643798828125,0.96875,-4.226453851311763,0.31327953934669495,-10.0,-4.016664505004883,-4.663071632385254,-3.802349328994751,0.0
508,ACH-001819,1.2738474607467651,-1.431827187538147,2.099525213241577,0.6061493158340454,True,-4.1501569747924805,0.953125,-4.218824163659835,0.22407984733581543,-10.0,-3.862459659576416,-4.549282550811768,-3.5937130451202393,0.0
509,ACH-001820,2.0968759059906006,-0.49733060598373413,2.0051968097686768,0.5890097618103027,True,-4.238226890563965,0.984375,-4.2207644363502475,0.11149518191814423,-10.0,-4.146770477294922,-5.040591239929199,-3.383453130722046,0.0
510,ACH-000017,-4.851069450378418,-7.267640113830566,1.8528871536254883,0.5636832118034363,True,-4.384660720825195,0.953125,-4.237154064797742,0.09819857776165009,-10.0,-4.108496189117432,-5.362030982971191,-3.7551681995391846,0.0
511,ACH-000019,-39.16560745239258,-41.6837272644043,2.0069518089294434,0.5111688375473022,True,-4.741218566894531,0.890625,-4.287560515007421,0.07550184428691864,-10.0,-4.09540319442749,-4.905779838562012,-3.7737607955932617,0.0
512,ACH-000044,-5.489039897918701,-8.021147727966309,1.9565327167510986,0.5755749940872192,True,-4.02962064743042,0.90625,-4.261766528249721,0.1364709436893463,-10.0,-3.4119951725006104,-4.095731735229492,-3.137155771255493,0.0
513,ACH-000097,1.1711918115615845,-1.2777327299118042,1.8460901975631714,0.6028342843055725,True,-4.297715187072754,0.96875,-4.265361394132024,0.18367283046245575,-10.0,-4.113770484924316,-5.209274768829346,-3.8031845092773438,0.0
514,ACH-000111,0.5704995393753052,-1.9936350584030151,1.981109857559204,0.5830247402191162,True,-4.2607645988464355,0.984375,-4.264901714603465,0.14680367708206177,-10.0,-4.169666290283203,-4.784106731414795,-3.739835739135742,0.0
515,ACH-000117,0.30257701873779297,-2.332486629486084,2.0531527996063232,0.5819107294082642,True,-4.418501377105713,0.953125,-4.28026168085369,0.12446105480194092,-10.0,-4.144001483917236,-4.886593818664551,-3.758457660675049,0.0
516,ACH-000147,-30.13994026184082,-32.718387603759766,2.0462281703948975,0.532218873500824,True,-4.475864410400391,0.953125,-4.29982195380836,0.06897179037332535,-10.0,-4.204185485839844,-5.181596279144287,-3.7920432090759277,0.0
517,ACH-000148,-3.6668710708618164,-6.184517860412598,1.9834270477294922,0.5342196226119995,True,-4.739945411682129,0.90625,-4.343834299595737,0.12472867965698242,-10.0,-4.195802211761475,-5.201488971710205,-3.8034451007843018,0.0
518,ACH-000196,0.4201622009277344,-2.222710609436035,2.0533082485198975,0.5895646810531616,True,-4.093809127807617,0.96875,-4.3188317824169244,0.16983181238174438,-10.0,-3.9032866954803467,-5.182982921600342,-3.4596805572509766,0.0
519,ACH-000212,0.41186022758483887,-2.2301137447357178,2.0426580905914307,0.5993157625198364,True,-4.388909339904785,0.96875,-4.32583953816571,0.2045675814151764,-10.0,-4.207906246185303,-5.147704601287842,-3.7876455783843994,0.0
520,ACH-000223,1.9407734870910645,-0.6762997508049011,2.02398419380188,0.5930891036987305,True,-4.27968168258667,0.984375,-4.321223752607807,0.11930832266807556,-10.0,-4.188883304595947,-5.008861541748047,-3.7654027938842773,0.0
521,ACH-000248,0.3120086193084717,-2.406193971633911,2.1267685890197754,0.591434121131897,True,-4.11988639831543,0.984375,-4.301090017178569,0.1291300356388092,-10.0,-4.026551723480225,-4.812882900238037,-3.711641788482666,0.0
522,ACH-000258,1.6178122758865356,-1.0428680181503296,2.0847558975219727,0.575924277305603,True,-3.9646763801574707,0.96875,-4.2674486534764595,0.20584914088249207,-10.0,-3.7699882984161377,-4.68241024017334,-3.020577907562256,0.0
523,ACH-000276,-0.07911372184753418,-2.6914658546447754,2.030366897583008,0.5819852948188782,True,-4.3220672607421875,0.96875,-4.272910514203033,0.22129172086715698,-10.0,-4.138907432556152,-5.157947540283203,-3.2654690742492676,0.0
524,ACH-000277,2.710850238800049,0.08764370530843735,2.036749839782715,0.5864567756652832,True,-4.0639777183532715,0.984375,-4.252017234618057,0.13325253129005432,-10.0,-3.9697554111480713,-4.608165740966797,-3.553454875946045,0.0
525,ACH-000288,-5.899258613586426,-8.469338417053223,2.0600879192352295,0.5099915862083435,True,-4.472770690917969,0.953125,-4.274092580248048,0.10865017771720886,-10.0,-4.200939655303955,-5.205519199371338,-3.7959561347961426,0.0
526,ACH-000330,0.15166759490966797,-2.515531301498413,2.0851175785064697,0.5820813179016113,True,-4.2579216957092285,0.96875,-4.272475491794166,0.1488833874464035,-10.0,-4.07269287109375,-5.123673439025879,-3.784060478210449,0.0
527,ACH-000349,-0.4041624069213867,-2.9590845108032227,1.9922926425933838,0.5626295804977417,True,-4.541376113891602,0.953125,-4.29936555400391,0.23671317100524902,-10.0,-4.27292013168335,-5.218055725097656,-3.801913261413574,0.0
528,ACH-000352,4.047072410583496,1.3510009050369263,2.1101198196411133,0.5859519243240356,True,-3.7337942123413086,1.0,-4.24280841983765,0.15621784329414368,-10.0,-3.7337942123413086,-4.194345951080322,-3.4559073448181152,0.0
529,ACH-000374,0.6313583850860596,-2.0136682987213135,2.0512828826904297,0.5937439203262329,True,-4.387434959411621,0.953125,-4.257271073795048,0.18112343549728394,-10.0,-4.111406326293945,-5.2152509689331055,-3.188319683074951,0.0
530,ACH-000536,-3.03574538230896,-5.584028244018555,1.9744240045547485,0.5738587975502014,True,-4.4194560050964355,0.9375,-4.2734895669251864,0.23660053312778473,-10.0,-4.047420501708984,-5.152092933654785,-3.310238838195801,0.0
531,ACH-000554,-0.02043008804321289,-2.667782783508301,2.04410982131958,0.6032428741455078,True,-4.386801719665527,0.953125,-4.284820782199221,0.2582619786262512,-10.0,-4.110742092132568,-5.056384086608887,-3.7821717262268066,0.0
532,ACH-000568,2.6143505573272705,-0.016281932592391968,2.0403270721435547,0.5903052091598511,True,-3.935802459716797,0.96875,-4.249918949950978,0.24286507070064545,-10.0,-3.7401833534240723,-4.418978691101074,-3.469183921813965,0.0
533,ACH-000573,2.610532283782959,-0.03128667548298836,2.065347671508789,0.5764714479446411,True,-4.018695831298828,0.984375,-4.226796638085763,0.14369063079357147,-10.0,-3.9237546920776367,-4.549914836883545,-3.648155689239502,0.0
534,ACH-000621,-0.1784520149230957,-2.803539991378784,2.024930238723755,0.6001577377319336,True,-4.373166084289551,0.953125,-4.241433582706142,0.14905062317848206,-10.0,-4.096436023712158,-5.2098588943481445,-3.682746171951294,0.0
535,ACH-000624,1.8241052627563477,-0.7818917632102966,2.023693561553955,0.5823034048080444,True,-4.134537220001221,0.984375,-4.23074394643565,0.2664874792098999,-10.0,-4.0414347648620605,-5.22545862197876,-3.636064291000366,0.0
536,ACH-000643,0.7961947917938232,-1.7870447635650635,2.0046637058258057,0.578575849533081,True,-4.368036270141602,0.953125,-4.2444731788062455,0.23331572115421295,-10.0,-4.091054439544678,-5.186069488525391,-3.6763386726379395,0.0
537,ACH-000668,2.6421709060668945,0.033958710730075836,2.028372287750244,0.5798398852348328,True,-4.1706647872924805,1.0,-4.237092339654869,0.2215014547109604,-10.0,-4.1706647872924805,-5.066219329833984,-3.7773237228393555,0.0
538,ACH-000691,1.8815414905548096,-0.733073890209198,2.0376076698303223,0.5770078301429749,True,-4.111345291137695,0.984375,-4.224517634803152,0.1627662479877472,-10.0,-4.017874717712402,-4.546578884124756,-3.714376211166382,0.0
539,ACH-000699,2.044881582260132,-0.5958375334739685,2.030482769012451,0.610236406326294,True,-4.174962997436523,0.984375,-4.219562171066489,0.1688697338104248,-10.0,-4.082502365112305,-4.991279125213623,-3.772911548614502,0.0
540,ACH-000711,2.6862363815307617,0.10048212110996246,1.9972422122955322,0.5885120034217834,True,-4.126428604125977,1.0,-4.210248814372438,0.17839254438877106,-10.0,-4.126428604125977,-5.183089256286621,-3.7923433780670166,0.0
541,ACH-000725,-33.42355728149414,-36.0791015625,2.0725293159484863,0.5830132961273193,True,-4.391852378845215,0.96875,-4.228409170819716,0.07134760916233063,-10.0,-4.210944652557373,-5.088705062866211,-3.6294403076171875,0.0
542,ACH-000755,0.708533525466919,-1.8937292098999023,2.0132012367248535,0.5890614986419678,True,-4.236371994018555,0.953125,-4.2292054531396,0.24182313680648804,-10.0,-3.9529147148132324,-4.702614784240723,-3.3555541038513184,0.0
543,ACH-000759,1.736654281616211,-0.9628591537475586,2.118544340133667,0.580968976020813,True,-4.101072311401367,0.96875,-4.216392138965777,0.24839282035827637,-10.0,-3.9107840061187744,-4.627814769744873,-3.706197738647461,0.0
544,ACH-000768,-3.7867608070373535,-6.26068115234375,1.9770312309265137,0.49688902497291565,True,-4.415981769561768,0.953125,-4.236351102025376,0.12434478104114532,-10.0,-4.141357421875,-5.209752082824707,-3.797050952911377,0.0
545,ACH-000783,0.018540143966674805,-2.5737481117248535,2.0068135261535645,0.5854747891426086,True,-4.437731742858887,0.953125,-4.256489166108727,0.1697174608707428,-10.0,-4.164177417755127,-5.336484432220459,-3.798860788345337,0.0
546,ACH-000818,-1.694138526916504,-4.29125452041626,2.014723777770996,0.5823922157287598,True,-3.4804913997650146,0.9375,-4.178889389474356,0.0966472178697586,-10.0,-3.0458574295043945,-3.623570203781128,-2.8102686405181885,0.0
547,ACH-000828,2.855633020401001,0.2233283519744873,2.0570812225341797,0.5752233266830444,True,-3.610363483428955,0.953125,-4.122036798869816,0.22399450838565826,-10.0,-3.296118974685669,-4.08331298828125,-2.9764914512634277,0.0
548,ACH-000849,2.6382524967193604,0.19077233970165253,1.9260790348052979,0.521401047706604,True,-3.950835704803467,1.0,-4.104916689463181,0.12086160480976105,-10.0,-3.950835704803467,-4.763699531555176,-3.65220308303833,0.0
549,ACH-000856,2.090926170349121,-0.5367028117179871,2.0461206436157227,0.581508457660675,True,-3.9499640464782715,0.984375,-4.08942142516469,0.23114944994449615,-10.0,-3.8539319038391113,-4.833077430725098,-3.5688397884368896,0.0
550,ACH-000857,2.6844489574432373,0.09568370133638382,2.011186122894287,0.5775790214538574,True,-3.990823745727539,1.0,-4.0795616572209745,0.2187933325767517,-10.0,-3.990823745727539,-4.773296356201172,-3.715911865234375,0.0
551,ACH-000859,0.0827484130859375,-2.484776020050049,1.9976158142089844,0.569908618927002,True,-4.421319007873535,0.953125,-4.113737392286231,0.2466265857219696,-10.0,-4.146956920623779,-4.829713344573975,-3.7976574897766113,0.0
552,ACH-000876,-3.368769645690918,-5.942941188812256,1.9972432851791382,0.5769283771514893,True,-4.369908809661865,0.953125,-4.139354534023794,0.1011577844619751,-10.0,-4.093019008636475,-4.78183650970459,-3.744288206100464,0.0
553,ACH-000902,-0.34567999839782715,-2.9701762199401855,2.0469436645507812,0.5775525569915771,True,-4.178605079650879,0.96875,-4.143279588586503,0.2442791610956192,-10.0,-3.9908177852630615,-4.7586822509765625,-3.700496196746826,0.0
554,ACH-000910,2.598888635635376,0.07411500066518784,1.9671391248703003,0.5576345920562744,True,-4.031315326690674,1.0,-4.13208316239692,0.1268514096736908,-10.0,-4.031315326690674,-4.785085678100586,-3.7510592937469482,0.0
555,ACH-000927,1.1815268993377686,-1.3763511180877686,1.9992731809616089,0.5586048364639282,True,-4.189239025115967,0.96875,-4.137798748668825,0.23458576202392578,-10.0,-4.001794815063477,-4.805353164672852,-3.7230827808380127,0.0
556,ACH-000930,0.9393594264984131,-1.7441718578338623,2.1094279289245605,0.5741032958030701,True,-4.262727737426758,0.953125,-4.150291647544618,0.18856200575828552,-10.0,-3.9805665016174316,-4.98943567276001,-3.7682502269744873,0.0
557,ACH-000934,2.550612449645996,0.018151624128222466,1.9704588651657104,0.5620020031929016,True,-4.060919284820557,1.0,-4.141354411272212,0.16260993480682373,-10.0,-4.060919284820557,-5.017978668212891,-3.7715301513671875,0.0
558,ACH-001390,1.1755937337875366,-1.4213498830795288,2.031639814376831,0.5653037428855896,True,-4.125760078430176,0.96875,-4.139794977988008,0.20583444833755493,-10.0,-3.9362688064575195,-4.663071632385254,-3.802349328994751,0.0
559,ACH-001819,3.0782454013824463,0.4778411090373993,2.007965564727783,0.5924386382102966,True,-3.845724105834961,1.0,-4.110387890772703,0.15430957078933716,-10.0,-3.845724105834961,-4.714804649353027,-3.5605852603912354,0.0
560,ACH-001820,2.7039496898651123,0.11278454959392548,2.0162882804870605,0.5748767852783203,True,-4.031648635864258,1.0,-4.102513965281858,0.18942877650260925,-10.0,-4.031648635864258,-4.8912858963012695,-3.7042195796966553,0.0
561,ACH-000017,0.6452935934066772,-1.8417717218399048,1.9086692333221436,0.578396201133728,True,-4.165672779083252,0.984375,-4.1088298466619975,0.1867973506450653,-10.0,-4.073065280914307,-4.943833827972412,-3.7551681995391846,0.0
562,ACH-000019,-2.0785770416259766,-4.482098579406738,1.9024038314819336,0.5011178255081177,True,-4.540063858032227,0.9375,-4.15195324779902,0.22295470535755157,-10.0,-4.1760687828063965,-5.036343097686768,-3.7737607955932617,0.0
563,ACH-000044,3.0786869525909424,0.6475278735160828,1.8774292469024658,0.5537298321723938,True,-3.423035144805908,0.984375,-4.079061437499709,0.17402371764183044,-10.0,-3.318639039993286,-3.9096813201904297,-3.135643243789673,0.0
564,ACH-000097,2.413158893585205,0.024547282606363297,1.822405457496643,0.5662060976028442,True,-4.004107475280762,1.0,-4.071566041277814,0.22808048129081726,-10.0,-4.004107475280762,-4.978998184204102,-3.8031845092773438,0.0
565,ACH-000111,0.8269414901733398,-1.805091381072998,2.078289747238159,0.5537430047988892,True,-4.235328674316406,0.96875,-4.087942304581674,0.20073828101158142,-10.0,-4.049371242523193,-4.784106731414795,-3.3942205905914307,0.0
566,ACH-000117,1.951948881149292,-0.6933819651603699,2.075352191925049,0.5699788331985474,True,-4.1334428787231445,0.984375,-4.092492361995821,0.21374565362930298,-10.0,-4.040322780609131,-4.886593818664551,-3.6115827560424805,0.0
567,ACH-000147,0.40244150161743164,-2.0519378185272217,1.962525486946106,0.4918539226055145,True,-4.330319404602051,0.984375,-4.116275066256444,0.1816134750843048,-10.0,-4.2403244972229,-5.181596279144287,-3.7547900676727295,0.0
568,ACH-000148,-0.06989860534667969,-2.5373148918151855,1.9646897315979004,0.502726674079895,True,-4.364781379699707,0.96875,-4.14112569760077,0.15268069505691528,-10.0,-4.183000087738037,-5.201488971710205,-3.8034451007843018,0.0
569,ACH-000196,3.1242175102233887,0.6074748635292053,1.9603922367095947,0.556350588798523,True,-3.7950172424316406,1.0,-4.106514852083857,0.20352746546268463,-10.0,-3.7950172424316406,-4.527962684631348,-3.4981343746185303,0.0
570,ACH-000212,-3.0020930767059326,-5.590672969818115,2.0418388843536377,0.5467410087585449,True,-4.619993209838867,0.921875,-4.157862687859358,0.2288837432861328,-10.0,-4.164060115814209,-5.147704601287842,-3.7976760864257812,0.0
571,ACH-000223,-0.541860818862915,-2.9915952682495117,1.900498390197754,0.5492360591888428,True,-4.239171981811523,0.96875,-4.165993617254575,0.14883697032928467,-10.0,-4.053338527679443,-4.938186168670654,-3.7654027938842773,0.0
572,ACH-000248,1.4377577304840088,-0.9539611339569092,1.8752145767211914,0.5165043473243713,True,-4.153870582580566,0.96875,-4.164781313787174,0.20943528413772583,-10.0,-3.965285539627075,-4.57517147064209,-3.5117650032043457,0.0
573,ACH-000258,0.4409749507904053,-2.0850789546966553,1.9568452835083008,0.5692087411880493,True,-3.926786422729492,0.984375,-4.140981824681406,0.14107424020767212,-10.0,-3.8303864002227783,-4.625025272369385,-3.020577907562256,0.0
574,ACH-000276,1.0529818534851074,-1.4556641578674316,1.966779351234436,0.541866660118103,True,-4.168086528778076,0.984375,-4.143692295091073,0.12333715707063675,-10.0,-4.075516700744629,-5.157947540283203,-3.788621187210083,0.0
575,ACH-000277,2.842538356781006,0.3219034671783447,1.9606506824493408,0.5599842071533203,True,-3.934610366821289,1.0,-4.122784102264095,0.17549848556518555,-10.0,-3.934610366821289,-4.558126449584961,-3.687541961669922,0.0
576,ACH-000288,-1.7108325958251953,-4.222744464874268,2.0287787914276123,0.4831330180168152,True,-4.46646785736084,0.953125,-4.15715247777377,0.22259195148944855,-10.0,-4.194326400756836,-5.205519199371338,-3.2395784854888916,0.0
577,ACH-000330,1.9076576232910156,-0.6081799864768982,1.9607666730880737,0.5550710558891296,True,-4.158105850219727,0.984375,-4.157247815018366,0.1687031388282776,-10.0,-4.065378189086914,-4.753240585327148,-3.784060478210449,0.0
578,ACH-000349,-0.12435698509216309,-2.684316873550415,2.0137767791748047,0.546183168888092,True,-4.264771461486816,0.96875,-4.168000179665211,0.20198634266853333,-10.0,-4.079763412475586,-5.218055725097656,-3.220301389694214,0.0
579,ACH-000352,-0.7299759387969971,-3.2083592414855957,1.944675326347351,0.5337080359458923,True,-4.134641647338867,0.9375,-4.164664326432576,0.172557532787323,-10.0,-3.7436180114746094,-4.307201862335205,-3.342472553253174,0.0
580,ACH-000374,2.5918993949890137,0.04123552143573761,2.0100603103637695,0.5406035780906677,True,-4.112709045410156,1.0,-4.159468798330335,0.19549965858459473,-10.0,-4.112709045410156,-5.2152509689331055,-3.7987263202667236,0.0
581,ACH-000536,2.1932005882263184,-0.2827749252319336,1.94144606590271,0.5345295667648315,True,-4.193321704864502,1.0,-4.162854088983751,0.2301158905029297,-10.0,-4.193321704864502,-5.152092933654785,-3.7985074520111084,0.0
582,ACH-000554,1.5013527870178223,-1.0304174423217773,1.9800209999084473,0.5517492294311523,True,-4.22010612487793,0.984375,-4.1685792925731695,0.13322293758392334,-10.0,-4.12836217880249,-5.056384086608887,-3.7821717262268066,0.0
583,ACH-000568,2.9057364463806152,0.3817178010940552,1.9764323234558105,0.5475864410400391,True,-3.8534672260284424,0.984375,-4.137068085918697,0.17816540598869324,-10.0,-3.755903482437134,-4.414064884185791,-3.469183921813965,0.0
584,ACH-000573,-30.883522033691406,-33.35548782348633,1.9308677911758423,0.5410988330841064,True,-4.264294147491455,0.9375,-4.149790692075973,0.06375648826360703,-10.0,-3.881913900375366,-4.637908458709717,-3.654759168624878,0.0
585,ACH-000621,-32.19456481933594,-34.69230651855469,1.953358769416809,0.5443823337554932,True,-4.641848564147949,0.921875,-4.198996479283171,0.06400704383850098,-10.0,-4.187767505645752,-5.2098588943481445,-3.8033125400543213,0.0
586,ACH-000624,1.62594473361969,-0.9445346593856812,2.0177342891693115,0.5527451038360596,True,-4.024457931518555,0.984375,-4.181542624506709,0.19289934635162354,-10.0,-3.9296083450317383,-4.5830397605896,-3.636064291000366,0.0
587,ACH-000643,2.0737602710723877,-0.5166404843330383,2.0318992137908936,0.5585013628005981,True,-4.193170547485352,0.984375,-4.182705416804573,0.16529196500778198,-10.0,-4.100998878479004,-4.815037250518799,-3.3006718158721924,0.0
588,ACH-000668,0.019359827041625977,-2.5331783294677734,2.0039165019989014,0.5486215949058533,True,-4.33188009262085,0.953125,-4.197622884386202,0.17542879283428192,-10.0,-4.053119659423828,-4.936481952667236,-3.381136655807495,0.0
589,ACH-000691,-5.041266441345215,-7.522402286529541,1.9490453004837036,0.532090425491333,True,-4.151182651519775,0.96875,-4.192978861099559,0.0979103147983551,-10.0,-3.9625110626220703,-4.770524024963379,-3.714376211166382,0.0
590,ACH-000699,-31.103853225708008,-33.5485725402832,1.8999849557876587,0.5447338819503784,True,-4.14652156829834,0.984375,-4.188333131819437,0.06838680803775787,-10.0,-4.053609371185303,-4.991279125213623,-3.6023123264312744,0.0
591,ACH-000711,2.58553147315979,0.054257940500974655,1.976413607597351,0.55485999584198,True,-4.064888954162598,1.0,-4.175988714053753,0.19719871878623962,-10.0,-4.064888954162598,-5.183089256286621,-3.7923433780670166,0.0
592,ACH-000725,2.6793134212493896,0.10311634838581085,2.0261502265930176,0.5500468611717224,True,-4.04340124130249,1.0,-4.162729966778627,0.10410819202661514,-10.0,-4.04340124130249,-5.088705062866211,-3.256944417953491,0.0
593,ACH-000755,1.2948771715164185,-1.2223018407821655,1.9745376110076904,0.5426413416862488,True,-4.109621047973633,0.984375,-4.157419074898127,0.14060881733894348,-10.0,-4.0161237716674805,-4.779079914093018,-3.7556257247924805,0.0
594,ACH-000759,1.6673789024353027,-0.8906506896018982,2.0063681602478027,0.5516616106033325,True,-3.992558240890503,0.984375,-4.1409329914973645,0.15033802390098572,-10.0,-3.897202491760254,-4.577892303466797,-3.706197738647461,0.0
595,ACH-000768,0.4517934322357178,-2.009275197982788,1.9648022651672363,0.4962664246559143,True,-4.242946147918701,0.96875,-4.151134307139499,0.21483081579208374,-10.0,-4.057234764099121,-4.768464088439941,-3.797050952911377,0.0
596,ACH-000783,2.35495662689209,-0.12154354900121689,1.94680655002594,0.5296937227249146,True,-4.107974052429199,1.0,-4.146818281668469,0.2386854588985443,-10.0,-4.107974052429199,-4.727637767791748,-3.798860549926758,0.0
597,ACH-000818,-29.48435401916504,-31.938236236572266,1.913512945175171,0.5403696894645691,True,-3.2384543418884277,0.96875,-4.055981887690464,0.0704423189163208,-10.0,-3.0203397274017334,-3.864861488342285,-2.8102686405181885,0.0
598,ACH-000828,0.04060626029968262,-2.4542694091796875,1.9791072607040405,0.5157683491706848,True,-3.4981746673583984,0.953125,-4.000201165657257,0.2251458764076233,-10.0,-3.178412437438965,-3.8356668949127197,-2.9764914512634277,0.0
599,ACH-000849,-4.769715309143066,-7.1581549644470215,1.9087032079696655,0.4797365963459015,True,-4.397464752197266,0.921875,-4.039927524311258,0.17234602570533752,-10.0,-3.9226737022399902,-4.594199180603027,-3.652202606201172,0.0
600,ACH-000856,2.797931671142578,0.3829117715358734,1.897187352180481,0.5178327560424805,True,-3.821422576904297,1.0,-4.018077029570562,0.29135093092918396,-10.0,-3.821422576904297,-4.3529744148254395,-3.5688395500183105,0.0
601,ACH-000857,0.1975233554840088,-2.2937989234924316,1.9592903852462769,0.5320318937301636,True,-4.148615837097168,0.96875,-4.031130910323222,0.20203974843025208,-10.0,-3.959861993789673,-5.056031703948975,-3.715911865234375,0.0
602,ACH-000859,0.75075364112854,-1.6498157978057861,1.8753327131271362,0.5252367854118347,True,-4.132353782653809,0.984375,-4.041253197556281,0.14388397336006165,-10.0,-4.0392165184021,-4.745877742767334,-3.7976574897766113,0.0
603,ACH-000876,1.8576388359069824,-0.6359017491340637,1.9694956541061401,0.5240448713302612,True,-4.0946574211120605,0.984375,-4.046593619911859,0.23036229610443115,-10.0,-4.000922203063965,-4.8973236083984375,-3.744288206100464,0.0
604,ACH-000902,1.7629683017730713,-0.7089893817901611,1.9566948413848877,0.5152627825737,True,-3.969061851501465,0.984375,-4.03884044307082,0.21617722511291504,-10.0,-3.873333215713501,-4.43992805480957,-3.700496196746826,0.0
605,ACH-000910,2.040388822555542,-0.4093157649040222,1.9366190433502197,0.5130854845046997,True,-4.040830612182617,0.984375,-4.039039459982,0.25022774934768677,-10.0,-3.9462411403656006,-4.571285247802734,-3.751059055328369,0.0
606,ACH-000927,1.3846858739852905,-1.0614219903945923,1.9115461111068726,0.5345617532730103,True,-4.034923076629639,0.984375,-4.038627821646764,0.23570984601974487,-10.0,-3.940239667892456,-4.660800457000732,-3.7230827808380127,0.0
607,ACH-000930,0.22038555145263672,-2.256281614303589,1.9618855714797974,0.5147815942764282,True,-4.167771816253662,0.96875,-4.051542221107454,0.14778700470924377,-10.0,-3.979635238647461,-4.74030065536499,-3.4026401042938232,0.0
608,ACH-000934,1.2073310613632202,-1.2219856977462769,1.8829679489135742,0.5463488101959229,True,-4.078795433044434,0.984375,-4.054267542301152,0.16758732497692108,-10.0,-3.9848082065582275,-4.761072635650635,-3.7715301513671875,0.0
609,ACH-001390,-0.8184318542480469,-3.272909164428711,1.9300637245178223,0.5244134664535522,True,-4.132857322692871,0.96875,-4.062126520340324,0.11593149602413177,-10.0,-3.9435949325561523,-4.663071632385254,-3.802349328994751,0.0
610,ACH-001819,-2.2953133583068848,-4.79301643371582,1.9692937135696411,0.5284093022346497,True,-4.106380462646484,0.953125,-4.06655191457094,0.14603033661842346,-10.0,-3.8165299892425537,-4.519826889038086,-3.6279778480529785,0.0
611,ACH-001820,2.462031602859497,-0.028922269120812416,1.9802325963974,0.5107213258743286,True,-4.00779914855957,1.0,-4.060676637969803,0.2635142207145691,-10.0,-4.00779914855957,-4.808403968811035,-3.8037352561950684,0.0
612,ACH-000017,2.3078856468200684,-0.041374608874320984,1.8191032409667969,0.5301570296287537,True,-3.9494972229003906,1.0,-4.049558696462862,0.1276225745677948,-10.0,-3.9494972229003906,-4.633420944213867,-3.7551681995391846,0.0
613,ACH-000019,1.8475489616394043,-0.5860744118690491,1.952756404876709,0.48086684942245483,True,-4.098890781402588,0.984375,-4.054491904956834,0.17044860124588013,-10.0,-4.005222797393799,-5.036343097686768,-3.7137062549591064,0.0
614,ACH-000044,1.7223618030548096,-0.5975790023803711,1.809301733970642,0.5106390118598938,True,-3.6237521171569824,0.96875,-4.01141792617685,0.1668681800365448,-10.0,-3.4180667400360107,-4.130070686340332,-3.137155771255493,0.0
615,ACH-000097,-0.07352423667907715,-2.3906633853912354,1.7864532470703125,0.5306858420372009,True,-4.183311462402344,0.96875,-4.028607279799399,0.2038411796092987,-10.0,-3.995676279067993,-4.792365074157715,-3.8031845092773438,0.0
616,ACH-000111,2.0342626571655273,-0.43607068061828613,1.9598273038864136,0.5105060338973999,True,-4.09776496887207,0.984375,-4.035523048706666,0.11121177673339844,-10.0,-4.0040788650512695,-4.784106731414795,-3.739835739135742,0.0
617,ACH-000117,-1.777503252029419,-4.243767738342285,1.933855414390564,0.5324090719223022,True,-4.259313106536865,0.953125,-4.057902054489686,0.1485847681760788,-10.0,-3.9769842624664307,-4.787934303283691,-3.758457660675049,0.0
618,ACH-000147,-7.302942752838135,-9.78249454498291,2.0127511024475098,0.46680060029029846,True,-4.547600746154785,0.921875,-4.106871923656196,0.1166030690073967,-10.0,-4.085533142089844,-5.181596279144287,-3.7920432090759277,0.0
619,ACH-000148,-37.558895111083984,-39.998558044433594,1.9765902757644653,0.46307337284088135,True,-4.669590950012207,0.890625,-4.163143826291797,0.07387030124664307,-10.0,-4.014979362487793,-5.201488971710205,-3.8034451007843018,0.0
620,ACH-000196,3.022817611694336,0.632077693939209,1.8677786588668823,0.5229611992835999,True,-3.7898669242858887,1.0,-4.125816136091205,0.20867720246315002,-10.0,-3.7898669242858887,-4.447361946105957,-3.5496933460235596,0.0
621,ACH-000212,2.1799771785736084,-0.2767126262187958,1.9493565559387207,0.5073332190513611,True,-4.1484456062316895,1.0,-4.128079083105254,0.14935234189033508,-10.0,-4.1484456062316895,-5.147704601287842,-3.797675848007202,0.0
622,ACH-000223,1.421814203262329,-1.0608727931976318,1.9704757928848267,0.5122110843658447,True,-4.114254474639893,0.984375,-4.126696622258717,0.1450137197971344,-10.0,-4.020830154418945,-4.949385643005371,-3.7654027938842773,0.0
623,ACH-000248,1.572812795639038,-0.9220554828643799,1.992583155632019,0.5022851228713989,True,-4.030707359313965,0.984375,-4.117097695964242,0.24764421582221985,-10.0,-3.9359569549560547,-4.768212795257568,-3.711641788482666,0.0
624,ACH-000258,-0.5597546100616455,-2.957753896713257,1.891638994216919,0.5063604116439819,True,-4.142513275146484,0.953125,-4.119639253882466,0.14125500619411469,-10.0,-3.854440450668335,-4.746417999267578,-3.0958642959594727,0.0
625,ACH-000276,-0.4752540588378906,-2.8934028148651123,1.9189119338989258,0.49923673272132874,True,-4.227168083190918,0.96875,-4.130392136813311,0.12936268746852875,-10.0,-4.040947914123535,-4.740911483764648,-3.749488592147827,0.0
626,ACH-000277,1.3227012157440186,-1.1388025283813477,1.9472301006317139,0.5142737030982971,True,-4.038047790527344,0.96875,-4.121157702184714,0.18739809095859528,-10.0,-3.84572696685791,-4.781344413757324,-2.738949775695801,0.0
627,ACH-000288,-3.373368263244629,-5.807498455047607,1.9373953342437744,0.4967349171638489,True,-4.467448711395264,0.9375,-4.155786803105769,0.20039576292037964,-10.0,-4.098612308502197,-5.034789562225342,-3.8034586906433105,0.0
628,ACH-000330,2.573589563369751,0.1556265652179718,1.9162040948867798,0.5017589330673218,True,-4.015973091125488,1.0,-4.141805431907741,0.23161935806274414,-10.0,-4.015973091125488,-4.687503337860107,-3.7840609550476074,0.0
629,ACH-000349,2.6579980850219727,0.19873997569084167,1.955765724182129,0.5034922361373901,True,-4.056013107299805,1.0,-4.1332261994469475,0.20800529420375824,-10.0,-4.056013107299805,-5.218055725097656,-3.801913261413574,0.0
630,ACH-000352,2.4601805210113525,0.03991255164146423,1.9112545251846313,0.5090134739875793,True,-3.7982077598571777,0.984375,-4.099724355487971,0.16964372992515564,-10.0,-3.6997668743133545,-4.369462966918945,-3.4559073448181152,0.0
631,ACH-000374,2.13280987739563,-0.271589070558548,1.9021848440170288,0.5022140741348267,True,-4.073629379272461,1.0,-4.09711485786642,0.1364973783493042,-10.0,-4.073629379272461,-5.2152509689331055,-3.7987263202667236,0.0
632,ACH-000536,2.2646942138671875,-0.06994736939668655,1.8540948629379272,0.48054689168930054,True,-4.058838844299316,1.0,-4.09328725650971,0.1486932784318924,-10.0,-4.058838844299316,-5.152092933654785,-3.802726984024048,0.0
633,ACH-000554,0.5224214792251587,-1.8866790533065796,1.9079400300979614,0.5011605620384216,True,-4.275613784790039,0.96875,-4.111519909337742,0.15301595628261566,-10.0,-4.09095573425293,-4.941629409790039,-3.7821717262268066,0.0
634,ACH-000568,0.3321216106414795,-2.14096736907959,1.9615216255187988,0.5115673542022705,True,-3.927216053009033,0.953125,-4.0930895237048714,0.17526334524154663,-10.0,-3.628554582595825,-4.392478942871094,-3.469183921813965,0.0
635,ACH-000573,2.6499686241149902,0.26390543580055237,1.8826967477798462,0.503366231918335,True,-3.8703372478485107,1.0,-4.070814296119235,0.20108002424240112,-10.0,-3.8703372478485107,-4.555977821350098,-3.196709632873535,0.0
636,ACH-000621,2.1288676261901855,-0.2571454644203186,1.8971668481826782,0.4888461232185364,True,-4.094841957092285,1.0,-4.07321706221654,0.24361556768417358,-10.0,-4.094841957092285,-5.209858417510986,-3.8033125400543213,0.0
637,ACH-000624,1.0867156982421875,-1.3828277587890625,1.9530794620513916,0.516464114189148,True,-4.050256252288818,0.96875,-4.070920981223768,0.23580801486968994,-10.0,-3.8583285808563232,-4.677008628845215,-3.636064291000366,0.0
638,ACH-000643,0.8548702001571655,-1.534816861152649,1.892808437347412,0.4968787133693695,True,-4.155028343200684,0.96875,-4.07933171742146,0.22924846410751343,-10.0,-3.9664807319641113,-4.742500305175781,-3.342717409133911,0.0
639,ACH-000668,0.8299700021743774,-1.606167197227478,1.9333441257476807,0.5027930736541748,True,-4.184046745300293,0.96875,-4.089803220209343,0.1895313858985901,-10.0,-3.9964351654052734,-4.76585054397583,-3.7773237228393555,0.0
640,ACH-000691,-0.5211679935455322,-2.957458972930908,1.9453462362289429,0.4909447729587555,True,-4.129486560821533,0.96875,-4.093771554270562,0.1452365517616272,-10.0,-3.940114974975586,-5.128754615783691,-3.714376211166382,0.0
641,ACH-000699,2.1757161617279053,-0.2320241630077362,1.9032024145126343,0.5045379400253296,True,-4.06440544128418,1.0,-4.090834942971924,0.19706159830093384,-10.0,-4.06440544128418,-4.991279602050781,-3.7729110717773438,0.0
642,ACH-000711,0.0194094181060791,-2.3425111770629883,1.8540254831314087,0.5078951716423035,True,-4.134016513824463,0.96875,-4.0951531000571775,0.16027101874351501,-10.0,-3.944790840148926,-5.183089256286621,-3.5069308280944824,0.0
643,ACH-000725,-2.72383189201355,-5.146125793457031,1.918806552886963,0.5034873485565186,True,-4.381494045257568,0.953125,-4.123787194577217,0.1108972430229187,-10.0,-4.105173587799072,-5.088705062866211,-3.2569446563720703,0.0
644,ACH-000755,2.5912821292877197,0.19676968455314636,1.8798211812973022,0.514691174030304,True,-4.004358768463135,1.0,-4.111844351965808,0.15796047449111938,-10.0,-4.004358768463135,-4.779080390930176,-3.696237564086914,0.0
645,ACH-000759,2.573258638381958,0.24983996152877808,1.8381383419036865,0.48528027534484863,True,-3.9248006343841553,1.0,-4.093139980207643,0.13682827353477478,-10.0,-3.9248006343841553,-4.638061046600342,-3.706198215484619,0.0
646,ACH-000768,0.8139289617538452,-1.5726960897445679,1.9320018291473389,0.454623281955719,True,-4.138321876525879,0.984375,-4.097658169839466,0.17494475841522217,-10.0,-4.045279502868652,-4.709789276123047,-3.797050952911377,0.0
647,ACH-000783,0.9658467769622803,-1.420480728149414,1.8875632286071777,0.4987642467021942,True,-4.099947929382324,0.984375,-4.097887145793752,0.18111899495124817,-10.0,-4.006296157836914,-4.727637767791748,-3.798860788345337,0.0
648,ACH-000818,3.859161853790283,1.5185072422027588,1.8267333507537842,0.5139212608337402,True,-3.129382610321045,0.984375,-4.0010366922464815,0.22010831534862518,-10.0,-3.0203256607055664,-3.5195014476776123,-2.7709994316101074,0.0
649,ACH-000828,3.8214738368988037,1.4375455379486084,1.895560383796692,0.48836779594421387,True,-3.2777347564697266,0.984375,-3.928706498668806,0.26691222190856934,-10.0,-3.171032428741455,-3.8625118732452393,-2.9764914512634277,0.0
650,ACH-000849,2.075190782546997,-0.2187362164258957,1.8394695520401,0.4544574022293091,True,-3.897407293319702,1.0,-3.9255765781338954,0.2579399049282074,-10.0,-3.897407293319702,-4.6576738357543945,-3.65220308303833,0.0
651,ACH-000856,2.512686252593994,0.08774580806493759,1.9299691915512085,0.4949711561203003,True,-3.7966811656951904,1.0,-3.912687036890025,0.2320842146873474,-10.0,-3.7966811656951904,-4.56065559387207,-3.5688395500183105,0.0
652,ACH-000857,0.07954859733581543,-2.3820226192474365,1.9627362489700317,0.498835027217865,True,-4.027701377868652,0.984375,-3.924188470987888,0.12720926105976105,-10.0,-3.932903528213501,-4.629288196563721,-2.7287750244140625,0.0
653,ACH-000859,-1.6466641426086426,-4.075400352478027,1.9437975883483887,0.4849386513233185,True,-4.196998119354248,0.96875,-3.951469435824524,0.23555105924606323,-10.0,-4.0098042488098145,-4.829713344573975,-3.3104238510131836,0.0
654,ACH-000876,2.1045308113098145,-0.2548862099647522,1.863191843032837,0.49622517824172974,True,-3.9441263675689697,1.0,-3.9507351289989687,0.19380271434783936,-10.0,-3.9441263675689697,-4.750851631164551,-3.744288206100464,0.0
655,ACH-000902,1.2219700813293457,-1.1748547554016113,1.9122271537780762,0.48459768295288086,True,-4.026906490325928,0.984375,-3.9583522651316647,0.14023083448410034,-10.0,-3.932095766067505,-4.914620399475098,-3.700496196746826,0.0
656,ACH-000910,2.07417631149292,-0.30787622928619385,1.9083553552627563,0.473697304725647,True,-3.958953619003296,1.0,-3.958412400518828,0.21278178691864014,-10.0,-3.958953619003296,-4.773892879486084,-3.7510592937469482,0.0
657,ACH-000927,0.41715896129608154,-1.915885090827942,1.8483352661132812,0.4847087562084198,True,-4.098325729370117,0.96875,-3.972403733403957,0.10730809718370438,-10.0,-3.9079484939575195,-4.660800457000732,-3.7230827808380127,0.0
658,ACH-000930,-1.8261356353759766,-4.2315263748168945,1.9114726781845093,0.4939180910587311,True,-4.278450012207031,0.953125,-4.003008361284264,0.17279011011123657,-10.0,-3.9970626831054688,-4.98943567276001,-3.7682502269744873,0.0
659,ACH-000934,0.7832831144332886,-1.5038985013961792,1.8038536310195923,0.48332804441452026,True,-4.112670421600342,0.984375,-4.013974567315872,0.14689166843891144,-10.0,-4.01922082901001,-5.017978668212891,-3.7715301513671875,0.0
660,ACH-001390,2.4593207836151123,0.10955318808555603,1.872846007347107,0.47692179679870605,True,-3.8973681926727295,1.0,-4.0023139298515575,0.16929204761981964,-10.0,-3.8973681926727295,-4.469578266143799,-3.802349328994751,0.0
661,ACH-001819,2.780513048171997,0.3552234172821045,1.93364679813385,0.49164295196533203,True,-3.7777037620544434,1.0,-3.979852913071846,0.21098892390727997,-10.0,-3.7777037620544434,-4.378943920135498,-3.6279778480529785,0.0
662,ACH-001820,-0.02208232879638672,-2.3471696376800537,1.8525166511535645,0.47257065773010254,True,-4.071972846984863,0.984375,-3.9890649064631476,0.12400196492671967,-10.0,-3.977877378463745,-4.709506034851074,-3.8037352561950684,0.0
663,ACH-000017,-0.5948925018310547,-2.730085849761963,1.6459561586380005,0.48923730850219727,True,-4.173052787780762,0.96875,-4.007463694594909,0.21012403070926666,-10.0,-3.985086441040039,-4.582335472106934,-3.6698436737060547,0.0
664,ACH-000019,-1.964756727218628,-4.22481632232666,1.8179948329925537,0.4420648217201233,True,-4.46256685256958,0.921875,-4.052974010392377,0.22350841760635376,-10.0,-3.993292808532715,-4.646883964538574,-3.759258985519409,0.0
665,ACH-000044,-11.000444412231445,-13.234989166259766,1.7589057683944702,0.47563886642456055,True,-3.6685192584991455,0.953125,-4.014528535203054,0.09337952733039856,-10.0,-3.3571348190307617,-4.219061851501465,-3.137155771255493,0.0
666,ACH-000097,2.202934741973877,0.018971413373947144,1.7134783267974854,0.4704850912094116,True,-3.9681944847106934,1.0,-4.009895130153818,0.21066446602344513,-10.0,-3.9681944847106934,-4.735925197601318,-3.6859734058380127,0.0
667,ACH-000111,2.1168975830078125,-0.17036929726600647,1.809179425239563,0.478087455034256,True,-3.9996228218078613,1.0,-4.008867899319222,0.15434329211711884,-10.0,-3.9996228218078613,-4.745816230773926,-3.739835739135742,0.0
668,ACH-000117,0.2767970561981201,-2.1003754138946533,1.8873034715652466,0.489869087934494,True,-4.1600117683410645,0.96875,-4.023982286221407,0.18803372979164124,-10.0,-3.9716248512268066,-4.525825500488281,-3.758457660675049,0.0
669,ACH-000147,-2.968291759490967,-5.202523708343506,1.8170933723449707,0.4171384572982788,True,-4.2866082191467285,0.953125,-4.050244879513939,0.09594063460826874,-10.0,-4.005621433258057,-4.955573558807373,-3.7920432090759277,0.0
670,ACH-000148,-2.0657286643981934,-4.271984577178955,1.7795878648757935,0.4266679286956787,True,-4.304355621337891,0.953125,-4.075655953696334,0.18980279564857483,-10.0,-4.024241924285889,-4.802168846130371,-3.636657953262329,0.0
671,ACH-000196,-32.147003173828125,-34.46157455444336,1.850934624671936,0.46363499760627747,True,-4.088136196136475,0.953125,-4.076903977940348,0.06791442632675171,-10.0,-3.7973885536193848,-4.743125915527344,-3.5496933460235596,0.0
672,ACH-000212,2.163536310195923,-0.11391328275203705,1.8119839429855347,0.4654657244682312,True,-4.048694610595703,1.0,-4.074083041205883,0.2572188973426819,-10.0,-4.048694610595703,-4.990213871002197,-3.7976760864257812,0.0
673,ACH-000223,1.6211825609207153,-0.7485495805740356,1.87921941280365,0.49051278829574585,True,-4.028477668762207,0.984375,-4.069522503961515,0.1593565195798874,-10.0,-3.9336915016174316,-4.806580543518066,-3.7654027938842773,0.0
674,ACH-000248,0.49614131450653076,-1.8266593217849731,1.84806489944458,0.4747357666492462,True,-4.118435382843018,0.96875,-4.074413791849666,0.17195433378219604,-10.0,-3.9287071228027344,-4.467369079589844,-3.711641788482666,0.0
675,ACH-000258,-8.892637252807617,-11.18062686920166,1.7990374565124512,0.4889519214630127,True,-3.879517078399658,0.984375,-4.054924120504665,0.046471670269966125,-10.0,-3.782366991043091,-4.56312370300293,-3.020577907562256,0.0
676,ACH-000276,2.244462251663208,-0.010392524302005768,1.7947018146514893,0.4601527452468872,True,-3.9828836917877197,1.0,-4.04772007763297,0.17697851359844208,-10.0,-3.9828836917877197,-4.702801704406738,-3.788620948791504,0.0
677,ACH-000277,-1.8791627883911133,-4.205231666564941,1.8587627410888672,0.4673061966896057,True,-4.133387088775635,0.953125,-4.0562867787472365,0.09566089510917664,-10.0,-3.844865083694458,-4.608165740966797,-3.687541961669922,0.0
678,ACH-000288,-0.904437780380249,-3.1495091915130615,1.8203102350234985,0.42476123571395874,True,-4.431512832641602,0.953125,-4.093809384136673,0.162049800157547,-10.0,-4.157651901245117,-4.800992488861084,-3.8034586906433105,0.0
679,ACH-000330,2.1054229736328125,-0.24230916798114777,1.8792357444763184,0.4684963524341583,True,-4.059565544128418,1.0,-4.090385000135847,0.2593826651573181,-10.0,-4.059565544128418,-5.0371503829956055,-3.7840609550476074,0.0
680,ACH-000349,2.1206862926483154,-0.24301129579544067,1.9004894495010376,0.4632081985473633,True,-4.066086769104004,1.0,-4.087955177032663,0.16332024335861206,-10.0,-4.066086769104004,-5.218055725097656,-3.801913261413574,0.0
681,ACH-000352,3.086226224899292,0.7284014821052551,1.8817592859268188,0.4760655462741852,True,-3.6059014797210693,1.0,-4.039749807301504,0.19789427518844604,-10.0,-3.6059014797210693,-4.194345951080322,-3.4559073448181152,0.0
682,ACH-000374,0.42424309253692627,-1.929080605506897,1.8781912326812744,0.4751325249671936,True,-4.1403045654296875,0.984375,-4.049805283114322,0.12910747528076172,-10.0,-4.047293663024902,-5.2152509689331055,-3.7987263202667236,0.0
683,ACH-000536,1.3345082998275757,-0.8961845636367798,1.7640970945358276,0.4665958881378174,True,-4.090239524841309,0.984375,-4.053848707287021,0.1783771812915802,-10.0,-3.996433734893799,-4.830743312835693,-3.7985074520111084,0.0
684,ACH-000554,0.8681086301803589,-1.4493931531906128,1.859179973602295,0.45832186937332153,True,-4.06915283203125,0.984375,-4.055379119761444,0.1300063282251358,-10.0,-3.9750125408172607,-5.056384086608887,-3.7175657749176025,0.0
685,ACH-000568,2.1929547786712646,-0.0776238813996315,1.8186933994293213,0.4518851935863495,True,-3.743847370147705,0.984375,-4.02422594480007,0.1613239347934723,-10.0,-3.6445436477661133,-4.392478942871094,-3.469183921813965,0.0
686,ACH-000573,0.5449669361114502,-1.7419795989990234,1.8290817737579346,0.4578646719455719,True,-4.011340141296387,0.96875,-4.022937364449701,0.13223832845687866,-10.0,-3.818157911300659,-4.431588172912598,-3.196709632873535,0.0
687,ACH-000621,-0.8141469955444336,-3.092583179473877,1.8302836418151855,0.4481526017189026,True,-4.322751045227051,0.953125,-4.052918732527436,0.14976158738136292,-10.0,-4.04354190826416,-5.2098588943481445,-3.204206943511963,0.0
688,ACH-000624,1.7725331783294678,-0.4774017035961151,1.783495545387268,0.4664393663406372,True,-3.982696533203125,0.984375,-4.045896512595005,0.14534762501716614,-10.0,-3.887183904647827,-4.677008628845215,-3.636064291000366,0.0
689,ACH-000643,0.39586663246154785,-1.8999099731445312,1.8258299827575684,0.46994656324386597,True,-4.200381278991699,0.96875,-4.061344989234675,0.13504615426063538,-10.0,-4.013296604156494,-5.186069488525391,-3.803544759750366,0.0
690,ACH-000668,2.260035514831543,-0.03711594268679619,1.8326932191848755,0.46445825695991516,True,-3.987989902496338,1.0,-4.0540094805608415,0.12215110659599304,-10.0,-3.987989902496338,-4.765850067138672,-3.7773237228393555,0.0
691,ACH-000691,2.5002996921539307,0.19651171565055847,1.8578858375549316,0.4459020495414734,True,-3.9190990924835205,1.0,-4.040518441753109,0.1798502504825592,-10.0,-3.9190990924835205,-4.546578884124756,-3.714376211166382,0.0
692,ACH-000699,0.7198868989944458,-1.5608447790145874,1.8128371238708496,0.46789443492889404,True,-4.1014862060546875,0.96875,-4.046615218183267,0.24446064233779907,-10.0,-3.9112114906311035,-4.73187780380249,-3.7489688396453857,0.0
693,ACH-000711,2.4651033878326416,0.16415053606033325,1.8431904315948486,0.4577624201774597,True,-3.923358678817749,1.0,-4.034289564246715,0.17860464751720428,-10.0,-3.923358678817749,-5.183089256286621,-3.7923433780670166,0.0
694,ACH-000725,2.296251058578491,-0.03721553832292557,1.873490571975708,0.4599759578704834,True,-3.99362850189209,1.0,-4.030223458011253,0.13929827511310577,-10.0,-3.99362850189209,-4.835768699645996,-3.6970396041870117,0.0
695,ACH-000755,1.312914252281189,-0.9716943502426147,1.829452633857727,0.4551560580730438,True,-4.064532279968262,0.984375,-4.0336543402069545,0.20778518915176392,-10.0,-3.970318555831909,-4.942518711090088,-3.6915054321289062,0.0
696,ACH-000759,1.985144019126892,-0.3386112451553345,1.8682204484939575,0.45553475618362427,True,-3.990119695663452,0.984375,-4.029300875752604,0.21614384651184082,-10.0,-3.8947248458862305,-4.614528656005859,-3.706197738647461,0.0
697,ACH-000768,-1.231356143951416,-3.5172481536865234,1.8667300939559937,0.4191617965698242,True,-4.4282050132751465,0.9375,-4.069191289504858,0.1562051624059677,-10.0,-4.0567522048950195,-4.728670597076416,-3.797050952911377,0.0
698,ACH-000783,-2.5952980518341064,-4.851556777954102,1.8081434965133667,0.4481152594089508,True,-4.247481346130371,0.953125,-4.0870202951674095,0.12559020519256592,-10.0,-3.9645702838897705,-5.215609550476074,-3.1899611949920654,0.0
699,ACH-000818,-4.17083740234375,-6.389549255371094,1.7583140134811401,0.4603979289531708,True,-3.5781123638153076,0.921875,-4.0361295020322,0.12616515159606934,-10.0,-3.0338845252990723,-4.275002956390381,-2.7422611713409424,0.0
700,ACH-000828,-0.23970413208007812,-2.522369384765625,1.8307465314865112,0.4519187808036804,True,-3.435903787612915,0.96875,-3.976106930590271,0.20125485956668854,-10.0,-3.224159002304077,-4.055627822875977,-2.9764914512634277,0.0
701,ACH-000849,2.2184677124023438,0.0343187190592289,1.7569161653518677,0.42723292112350464,True,-3.8468985557556152,1.0,-3.9631860931068057,0.19747233390808105,-10.0,-3.8468985557556152,-4.452086448669434,-3.65220308303833,0.0
702,ACH-000856,-33.144351959228516,-35.44926452636719,1.8572438955307007,0.4476698637008667,True,-4.175717353820801,0.9375,-3.984439219178205,0.06153130531311035,-10.0,-3.7874319553375244,-4.56065559387207,-3.5688397884368896,0.0
703,ACH-000857,1.4441955089569092,-0.8374993801116943,1.8365422487258911,0.44515252113342285,True,-4.015782356262207,0.984375,-3.987573532886605,0.16712354123592377,-10.0,-3.92079496383667,-4.631432056427002,-3.603468179702759,0.0
704,ACH-000859,1.0714377164840698,-1.1861506700515747,1.8207136392593384,0.43687477707862854,True,-4.159071922302246,0.984375,-4.004723371828169,0.11533164978027344,-10.0,-4.066359043121338,-4.995373249053955,-3.7876358032226562,0.0
705,ACH-000876,1.1994352340698242,-1.087740421295166,1.8390135765075684,0.44816216826438904,True,-4.08481502532959,0.984375,-4.012732537178311,0.15450087189674377,-10.0,-3.9909234046936035,-4.739692687988281,-3.744288206100464,0.0
706,ACH-000902,1.5010814666748047,-0.8058467507362366,1.8506988286972046,0.45622938871383667,True,-3.9722156524658203,0.984375,-4.008680848707062,0.16437190771102905,-10.0,-3.8765368461608887,-4.4474873542785645,-3.700496196746826,0.0
707,ACH-000910,1.9461584091186523,-0.3260374665260315,1.8236680030822754,0.44852787256240845,True,-4.012187957763672,0.984375,-4.009031559612723,0.22726860642433167,-10.0,-3.9171440601348877,-4.650052547454834,-3.5266430377960205,0.0
708,ACH-000927,2.0459413528442383,-0.12017522752285004,1.7143239974975586,0.4517924189567566,True,-3.950294256210327,1.0,-4.0031578292724825,0.14616268873214722,-10.0,-3.950294256210327,-4.6525983810424805,-3.7230827808380127,0.0
709,ACH-000930,0.25531649589538574,-2.071707010269165,1.8808114528656006,0.4462120831012726,True,-4.1231279373168945,0.984375,-4.0151548400769235,0.15653187036514282,-10.0,-4.029844760894775,-4.98943567276001,-3.7682502269744873,0.0
710,ACH-000934,2.1523232460021973,-0.007177059073001146,1.714876651763916,0.4446236491203308,True,-3.935612916946411,1.0,-4.007200647763872,0.14099633693695068,-10.0,-3.935612916946411,-4.858092308044434,-2.925567388534546,0.0
711,ACH-001390,0.7147601842880249,-1.5093873739242554,1.7830111980438232,0.44113630056381226,True,-4.113682746887207,0.96875,-4.0178488576762055,0.2203223556280136,-10.0,-3.9238014221191406,-4.730879783630371,-3.802349328994751,0.0
712,ACH-001819,1.0556799173355103,-1.2235034704208374,1.8356882333755493,0.4434952139854431,True,-3.919199228286743,0.96875,-4.00798389473726,0.14715975522994995,-10.0,-3.7230443954467773,-4.482320785522461,-3.183042049407959,0.0
713,ACH-001820,1.8510408401489258,-0.3906996548175812,1.7961900234222412,0.44555044174194336,True,-4.033322334289551,1.0,-4.010517738692489,0.18163157999515533,-10.0,-4.033322334289551,-4.815788745880127,-3.8037352561950684,0.0
714,ACH-000017,1.5599453449249268,-0.6345391273498535,1.7551544904708862,0.4393300414085388,True,-3.993290901184082,0.984375,-4.008795054941648,0.12572866678237915,-10.0,-3.89794659614563,-4.6383795738220215,-2.7820796966552734,0.0
715,ACH-000019,1.034809947013855,-1.1061421632766724,1.7347240447998047,0.4062279462814331,True,-4.132624626159668,0.984375,-4.02117801206345,0.10790164768695831,-10.0,-4.039492130279541,-4.905779838562012,-3.7737607955932617,0.0
716,ACH-000044,2.9632294178009033,0.8672518134117126,1.6668038368225098,0.4291737377643585,True,-3.41916823387146,1.0,-3.9609770342442507,0.1511964350938797,-10.0,-3.41916823387146,-4.845839500427246,-3.137155771255493,0.0
717,ACH-000097,-2.7044284343719482,-4.790244102478027,1.6608880758285522,0.4249275028705597,True,-4.230705738067627,0.96875,-3.9879499046265883,0.13044114410877228,-10.0,-4.044599533081055,-5.095989227294922,-3.8031845092773438,0.0
718,ACH-000111,1.575256109237671,-0.6933221817016602,1.8381556272506714,0.43042266368865967,True,-4.035586833953857,0.984375,-3.992713597559315,0.20968376100063324,-10.0,-3.9409139156341553,-4.540568828582764,-3.739835739135742,0.0
719,ACH-000117,1.4671348333358765,-0.8041640520095825,1.840789556503296,0.4305092692375183,True,-4.040777206420898,0.984375,-3.9975199584454733,0.14655819535255432,-10.0,-3.9461870193481445,-4.931533336639404,-3.503225803375244,0.0
720,ACH-000147,-4.303397178649902,-6.486356735229492,1.7783416509628296,0.4046176075935364,True,-4.299370765686035,0.953125,-4.027705039169529,0.13741405308246613,-10.0,-4.019011497497559,-4.713663578033447,-3.7920432090759277,0.0
721,ACH-000148,-41.34544372558594,-43.68701934814453,1.9393298625946045,0.40224480628967285,True,-4.621326923370361,0.90625,-4.087067227589612,0.07337280362844467,-10.0,-4.06491231918335,-5.027072906494141,-3.7926437854766846,0.0
722,ACH-000196,-29.90315055847168,-32.10024642944336,1.7701483964920044,0.42694759368896484,True,-4.016931056976318,0.96875,-4.0800536105282825,0.06503559648990631,-10.0,-3.8239283561706543,-4.527963161468506,-3.350095272064209,0.0
723,ACH-000212,0.8589825630187988,-1.4401788711547852,1.8740804195404053,0.42508089542388916,True,-4.091251373291016,0.984375,-4.081173386804556,0.2062312215566635,-10.0,-3.997462272644043,-4.8295512199401855,-3.7976760864257812,0.0
724,ACH-000223,1.3619903326034546,-0.7710140943527222,1.711464762687683,0.42153963446617126,True,-4.051255226135254,0.984375,-4.078181570737626,0.12820105254650116,-10.0,-3.9568309783935547,-4.949385643005371,-3.7654027938842773,0.0
725,ACH-000248,-2.7340097427368164,-4.989690780639648,1.8212573528289795,0.43442365527153015,True,-4.178055763244629,0.953125,-4.088168989988326,0.06779640913009644,-10.0,-3.891730785369873,-4.526416301727295,-3.711641788482666,0.0
726,ACH-000258,1.929654598236084,-0.33421802520751953,1.8257774114608765,0.4380953013896942,True,-3.873006820678711,0.984375,-4.066652773057364,0.21993404626846313,-10.0,-3.7757532596588135,-4.496015548706055,-3.020577907562256,0.0
727,ACH-000276,2.083620309829712,-0.17922452092170715,1.8255990743637085,0.4372456669807434,True,-3.9853718280792236,1.0,-4.05852467855955,0.15040063858032227,-10.0,-3.9853718280792236,-5.157947540283203,-3.788620948791504,0.0
728,ACH-000277,-4.1047515869140625,-6.426751613616943,1.8755972385406494,0.44640296697616577,True,-4.31924295425415,0.921875,-4.08459650612901,0.12144786864519119,-10.0,-3.837822914123535,-4.608165740966797,-3.687541961669922,0.0
729,ACH-000288,-0.8913683891296387,-3.152928590774536,1.8491268157958984,0.4124334752559662,True,-4.0730977058410645,0.984375,-4.083446626100216,0.11828499287366867,-10.0,-3.979020118713379,-4.943357467651367,-3.487400531768799,0.0
730,ACH-000330,1.4057855606079102,-0.864260196685791,1.8271604776382446,0.44288522005081177,True,-4.151333808898926,0.984375,-4.090235344380087,0.22550716996192932,-10.0,-4.058497905731201,-4.687503337860107,-3.784060478210449,0.0
731,ACH-000349,-1.4781579971313477,-3.7848756313323975,1.8659367561340332,0.44078078866004944,True,-4.222425937652588,0.953125,-4.103454403707337,0.09223160147666931,-10.0,-3.9382827281951904,-5.218055725097656,-3.793550491333008,0.0
732,ACH-000352,2.027193069458008,-0.21034294366836548,1.7945932149887085,0.44294285774230957,True,-3.778661012649536,0.984375,-4.070975064601557,0.11830805242061615,-10.0,-3.6799097061157227,-4.745523929595947,-3.4559073448181152,0.0
733,ACH-000374,-2.1155550479888916,-4.424331188201904,1.8608934879302979,0.44788259267807007,True,-4.446160316467285,0.921875,-4.10849358978813,0.09705402702093124,-10.0,-3.9754960536956787,-4.715888977050781,-3.7987263202667236,0.0
734,ACH-000536,-9.392122268676758,-11.557726860046387,1.7406764030456543,0.4249277710914612,True,-4.408552646636963,0.9375,-4.138499495473013,0.10176517069339752,-10.0,-4.035789489746094,-5.152092933654785,-3.802726984024048,0.0
735,ACH-000554,2.166105270385742,-0.07222691178321838,1.7953522205352783,0.4429800510406494,True,-4.054696559906006,1.0,-4.130119201916313,0.15526236593723297,-10.0,-4.054696559906006,-4.833117961883545,-3.7821717262268066,0.0
736,ACH-000568,1.959884762763977,-0.22912397980690002,1.7659744024276733,0.4230344295501709,True,-3.7208991050720215,0.984375,-4.089197192231883,0.26712748408317566,-10.0,-3.6212310791015625,-4.3207783699035645,-3.469183921813965,0.0
737,ACH-000573,0.4446260929107666,-1.8637444972991943,1.8685123920440674,0.4398583173751831,True,-4.012281894683838,0.96875,-4.0815056624770785,0.13734084367752075,-10.0,-3.819129467010498,-4.559545040130615,-3.654759168624878,0.0
738,ACH-000621,-1.5119659900665283,-3.7922494411468506,1.8545153141021729,0.42576825618743896,True,-4.1638641357421875,0.96875,-4.08974150980359,0.06222563982009888,-10.0,-3.975602149963379,-5.2098588943481445,-3.8033125400543213,0.0
739,ACH-000624,0.9310157299041748,-1.3226077556610107,1.8119016885757446,0.44172173738479614,True,-3.9623775482177734,0.984375,-4.077005113645008,0.15170235931873322,-10.0,-3.8665425777435303,-4.4688897132873535,-3.636064291000366,0.0
740,ACH-000643,0.07728838920593262,-2.1419591903686523,1.791712999343872,0.4275344908237457,True,-4.057767391204834,0.984375,-4.07508134140099,0.1339992731809616,-10.0,-3.9634463787078857,-4.815037250518799,-3.803544759750366,0.0
741,ACH-000668,2.4274511337280273,0.15050095319747925,1.8478833436965942,0.4290667772293091,True,-3.9520230293273926,1.0,-4.06277551019363,0.27176499366760254,-10.0,-3.9520230293273926,-4.660999298095703,-3.7773237228393555,0.0
742,ACH-000691,1.5801366567611694,-0.7068926095962524,1.8419386148452759,0.44509074091911316,True,-3.991041898727417,0.984375,-4.055602149047009,0.24344006180763245,-10.0,-3.8956620693206787,-4.474231243133545,-3.714376211166382,0.0
743,ACH-000699,2.450157403945923,0.17576716840267181,1.8395353555679321,0.4348548352718353,True,-3.9065256118774414,1.0,-4.040694495330053,0.11333592981100082,-10.0,-3.9065256118774414,-4.8224897384643555,-3.7729110717773438,0.0
744,ACH-000711,-1.244215726852417,-3.5238900184631348,1.8468550443649292,0.4328192174434662,True,-4.176029205322266,0.96875,-4.0542279663292735,0.16870766878128052,-10.0,-3.988158702850342,-5.183089256286621,-3.7923433780670166,0.0
745,ACH-000725,-1.1033539772033691,-3.3638765811920166,1.8276371955871582,0.4328854978084564,True,-4.160024642944336,0.96875,-4.06480763399078,0.17013433575630188,-10.0,-3.9716384410858154,-4.98059606552124,-3.398428201675415,0.0
746,ACH-000755,0.015921831130981445,-2.154367208480835,1.749706745147705,0.42058229446411133,True,-4.065855026245117,0.96875,-4.064912373216214,0.16253608465194702,-10.0,-3.8744313716888428,-4.726649761199951,-3.7556257247924805,0.0
747,ACH-000759,1.0126489400863647,-1.2278763055801392,1.8082294464111328,0.43229588866233826,True,-3.9561524391174316,0.984375,-4.054036379806336,0.2418515682220459,-10.0,-3.8602185249328613,-4.567963123321533,-3.706197738647461,0.0
748,ACH-000768,1.3324158191680908,-0.8114619851112366,1.7234543561935425,0.42042338848114014,True,-4.079675197601318,0.984375,-4.056600261585834,0.08923017978668213,-10.0,-3.9857020378112793,-4.950013160705566,-3.797050952911377,0.0
749,ACH-000783,-3.609163284301758,-5.827167510986328,1.7865599393844604,0.4314441978931427,True,-4.335140705108643,0.9375,-4.084454305938115,0.08440681546926498,-10.0,-3.9574830532073975,-4.744351387023926,-3.798860788345337,0.0
750,ACH-000818,3.1128201484680176,0.8485881090164185,1.8105313777923584,0.45370084047317505,True,-3.1125850677490234,0.984375,-3.9872673821192057,0.27588924765586853,-10.0,-3.003261089324951,-3.4912405014038086,-2.8102686405181885,0.0
751,ACH-000828,3.855536699295044,1.5763108730316162,1.8487173318862915,0.430508553981781,True,-3.19889497756958,1.0,-3.908430141664243,0.24237599968910217,-10.0,-3.19889497756958,-3.794074058532715,-2.9764914512634277,0.0
752,ACH-000849,0.3699932098388672,-1.770451307296753,1.7407466173171997,0.3996979594230652,True,-4.065573692321777,0.96875,-3.9241444967299963,0.13217461109161377,-10.0,-3.874140739440918,-4.700740814208984,-3.652202606201172,0.0
753,ACH-000856,2.2636749744415283,0.09094390273094177,1.7379142045974731,0.4348168969154358,True,-3.781893730163574,1.0,-3.909919420073354,0.19439443945884705,-10.0,-3.781893730163574,-4.56065559387207,-3.5688395500183105,0.0
754,ACH-000857,1.972139835357666,-0.20920372009277344,1.759043574333191,0.4223000407218933,True,-3.941861152648926,1.0,-3.913113593330911,0.15220561623573303,-10.0,-3.941861152648926,-4.558854579925537,-3.715911865234375,0.0
755,ACH-000859,1.7255477905273438,-0.506568968296051,1.815521001815796,0.41659557819366455,True,-3.9901232719421387,1.0,-3.9208145611920338,0.14549294114112854,-10.0,-3.9901232719421387,-5.147833824157715,-3.7976574897766113,0.0
756,ACH-000876,2.285559892654419,-0.03001796081662178,1.8945810794830322,0.4209967255592346,True,-3.865515947341919,1.0,-3.9152846998070223,0.26820266246795654,-10.0,-3.865515947341919,-4.8472981452941895,-3.744288206100464,0.0
757,ACH-000902,-1.6061196327209473,-3.869948387145996,1.85060453414917,0.4132242202758789,True,-4.1458330154418945,0.953125,-3.93833953137051,0.09255851805210114,-10.0,-3.8579232692718506,-4.456603050231934,-3.691460132598877,0.0
758,ACH-000910,1.9702914953231812,-0.2070268839597702,1.7552272081375122,0.4220910668373108,True,-3.945249319076538,1.0,-3.9390305101411127,0.12550373375415802,-10.0,-3.945249319076538,-4.785085678100586,-3.635927677154541,0.0
759,ACH-000927,1.3465222120285034,-0.8299282789230347,1.7471239566802979,0.42932653427124023,True,-3.9685606956481934,0.984375,-3.941983528691821,0.16154992580413818,-10.0,-3.87282395362854,-4.6535491943359375,-3.7230827808380127,0.0
760,ACH-000930,1.4313368797302246,-0.7416205406188965,1.7577826976776123,0.41517478227615356,True,-4.055330276489258,0.984375,-3.9533182034715644,0.20293791592121124,-10.0,-3.960970640182495,-4.74030065536499,-3.7682502269744873,0.0
761,ACH-000934,-1.1258940696716309,-3.3321309089660645,1.7913684844970703,0.4148682951927185,True,-4.067702293395996,0.984375,-3.9647566124640075,0.10495050996541977,-10.0,-3.973539113998413,-4.732026100158691,-3.7715301513671875,0.0
762,ACH-001390,2.244189739227295,0.05571618676185608,1.7756911516189575,0.4127822816371918,True,-3.8898963928222656,1.0,-3.957270590499833,0.1960262656211853,-10.0,-3.8898963928222656,-4.469578266143799,-3.802349328994751,0.0
763,ACH-001819,2.350451946258545,0.15236887335777283,1.7755049467086792,0.4225783050060272,True,-3.7472598552703857,1.0,-3.936269516976888,0.16536736488342285,-10.0,-3.7472598552703857,-4.490887641906738,-3.6279778480529785,0.0
764,ACH-001820,-1.318176507949829,-3.57125186920166,1.8384140729904175,0.4146612882614136,True,-4.1473283767700195,0.96875,-3.957375402956201,0.165207177400589,-10.0,-3.9585325717926025,-4.838860511779785,-3.8037352561950684,0.0
765,ACH-000017,1.0890192985534668,-0.8972055315971375,1.5713775157928467,0.4148474335670471,True,-4.063337326049805,0.984375,-3.967971595265561,0.15296322107315063,-10.0,-3.969104528427124,-4.715035915374756,-3.7551681995391846,0.0
766,ACH-000019,1.1341681480407715,-1.0273406505584717,1.7624521255493164,0.39905670285224915,True,-3.9903364181518555,0.984375,-3.9702080775541906,0.1209835559129715,-10.0,-3.8949451446533203,-4.487614154815674,-3.7737607955932617,0.0
767,ACH-000044,-2.9143948554992676,-4.954151153564453,1.626177191734314,0.41357916593551636,True,-3.6318094730377197,0.953125,-3.9363682171025434,0.1820390820503235,-10.0,-3.3186192512512207,-4.205759048461914,-3.137155771255493,0.0
768,ACH-000097,0.04184317588806152,-1.9667377471923828,1.6129597425460815,0.395621120929718,True,-4.1061601638793945,0.96875,-3.9533474117802285,0.15825724601745605,-10.0,-3.9160361289978027,-5.031013488769531,-3.8031845092773438,0.0
769,ACH-000111,1.3742153644561768,-0.8994100093841553,1.8541404008865356,0.4194849729537964,True,-4.026558876037598,0.984375,-3.9606685582059655,0.18330565094947815,-10.0,-3.9317426681518555,-4.700407981872559,-3.714594841003418,0.0
770,ACH-000117,2.1777124404907227,-0.06349234282970428,1.8100050687789917,0.4311997890472412,True,-3.9049477577209473,1.0,-3.9550964781574636,0.08368578553199768,-10.0,-3.9049477577209473,-4.787934303283691,-3.758457660675049,0.0
771,ACH-000147,1.9933662414550781,-0.26008179783821106,1.851477026939392,0.4019709527492523,True,-4.01983642578125,1.0,-3.961570472919842,0.1234096884727478,-10.0,-4.01983642578125,-4.692320346832275,-3.6075050830841064,0.0
772,ACH-000148,-2.09717059135437,-4.337195873260498,1.8469328880310059,0.3930923342704773,True,-4.189052581787109,0.96875,-3.9843186838065687,0.1753465235233307,-10.0,-4.001602649688721,-5.201488971710205,-3.8034451007843018,0.0
773,ACH-000196,-2.3524410724639893,-4.594361782073975,1.8154034614562988,0.4265173077583313,True,-3.8981425762176514,0.984375,-3.975701073047677,0.08010028302669525,-10.0,-3.801287889480591,-4.575665473937988,-3.4981343746185303,0.0
774,ACH-000212,-0.19139599800109863,-2.4018285274505615,1.8000519275665283,0.4103805124759674,True,-4.025089263916016,0.984375,-3.9806398921345107,0.13610310852527618,-10.0,-3.9302496910095215,-5.147704601287842,-3.7976760864257812,0.0
775,ACH-000223,-0.8274216651916504,-3.0539848804473877,1.8063089847564697,0.42025429010391235,True,-4.083370685577393,0.96875,-3.9909129714787985,0.09286956489086151,-10.0,-3.8925116062164307,-4.806580543518066,-3.7654027938842773,0.0
776,ACH-000248,1.4253268241882324,-0.7188963294029236,1.7462154626846313,0.3980078101158142,True,-3.9892096519470215,0.984375,-3.9907426395256205,0.1508876532316208,-10.0,-3.8938004970550537,-4.768212795257568,-3.711641788482666,0.0
777,ACH-000258,2.4781222343444824,0.26949024200439453,1.8012953996658325,0.40733659267425537,True,-3.755859851837158,1.0,-3.967254360756774,0.1273145228624344,-10.0,-3.755859851837158,-4.578217029571533,-3.5194358825683594,0.0
778,ACH-000276,0.04596304893493652,-2.0673816204071045,1.7083766460418701,0.40496811270713806,True,-4.02108097076416,0.984375,-3.9726370217575124,0.14875388145446777,-10.0,-3.926178216934204,-5.157947540283203,-3.788621187210083,0.0
779,ACH-000277,2.143251419067383,-0.006450796499848366,1.7333924770355225,0.4163098931312561,True,-3.8370561599731445,1.0,-3.959078935579076,0.24223721027374268,-10.0,-3.8370561599731445,-4.608165740966797,-3.687541961669922,0.0
780,ACH-000288,-3.6150875091552734,-5.8653740882873535,1.8527727127075195,0.39751383662223816,True,-4.175710678100586,0.96875,-3.980742109831227,0.12145276367664337,-10.0,-3.987830400466919,-4.857465744018555,-3.8034586906433105,0.0
781,ACH-000330,1.789749026298523,-0.3716012239456177,1.747199535369873,0.4141506254673004,True,-3.9674205780029297,1.0,-3.979409956648397,0.12752653658390045,-10.0,-3.9674205780029297,-5.008365154266357,-3.7840609550476074,0.0
782,ACH-000349,1.6277785301208496,-0.591649055480957,1.8065754175186157,0.41285228729248047,True,-4.006087779998779,0.984375,-3.982077738983435,0.13323824107646942,-10.0,-3.9109463691711426,-4.727781772613525,-3.801913261413574,0.0
783,ACH-000352,1.8157861232757568,-0.3715441823005676,1.7710943222045898,0.4162359833717346,True,-3.6981518268585205,0.984375,-3.9536851477709436,0.20212583243846893,-10.0,-3.5981223583221436,-4.149500846862793,-3.4559073448181152,0.0
784,ACH-000374,1.038838505744934,-1.086459994316101,1.7160155773162842,0.4092828333377838,True,-4.044305324554443,0.984375,-3.9627471654492936,0.23630757629871368,-10.0,-3.94977068901062,-4.742875099182129,-3.7987263202667236,0.0
785,ACH-000536,-2.996664524078369,-5.0950703620910645,1.7035725116729736,0.39483341574668884,True,-4.262277126312256,0.953125,-3.99270016153559,0.10354438424110413,-10.0,-3.9800937175750732,-4.7465972900390625,-3.7985074520111084,0.0
786,ACH-000554,2.1282877922058105,-0.0009305496932938695,1.7165074348449707,0.4127108156681061,True,-3.952648639678955,1.0,-3.9886950093499265,0.10505934804677963,-10.0,-3.952648639678955,-5.056384563446045,-3.648776054382324,0.0
787,ACH-000568,1.456615924835205,-0.7418556809425354,1.7955745458602905,0.4028968811035156,True,-3.6993484497070312,0.984375,-3.959760353385637,0.14974567294120789,-10.0,-3.5993382930755615,-4.154263973236084,-3.3266687393188477,0.0
788,ACH-000573,2.322937250137329,0.17378106713294983,1.7473503351211548,0.4018057882785797,True,-3.7647440433502197,1.0,-3.940258722382095,0.1661931276321411,-10.0,-3.7647440433502197,-4.468026638031006,-3.5681986808776855,0.0
789,ACH-000621,1.8984642028808594,-0.23234008252620697,1.739269495010376,0.39153486490249634,True,-3.9744973182678223,1.0,-3.943682581970668,0.1932157278060913,-10.0,-3.9744973182678223,-4.795920372009277,-3.8033125400543213,0.0
790,ACH-000624,-0.014821290969848633,-2.2036173343658447,1.794449806213379,0.3943461775779724,True,-3.949636459350586,0.984375,-3.9442779697086596,0.0949259102344513,-10.0,-3.8535990715026855,-5.593344211578369,-3.636064291000366,0.0
791,ACH-000643,0.5247620344161987,-1.6793009042739868,1.804610252380371,0.3994526267051697,True,-4.0691022872924805,0.984375,-3.9567604014670414,0.15048520267009735,-10.0,-3.974961757659912,-5.186069488525391,-3.803544759750366,0.0
792,ACH-000668,-1.579594373703003,-3.687453031539917,1.7135521173477173,0.394306480884552,True,-4.045139312744141,0.984375,-3.9655982925947515,0.08771908283233643,-10.0,-3.950618267059326,-4.660999298095703,-3.7773237228393555,0.0
793,ACH-000691,-0.8295974731445312,-3.0175368785858154,1.7754875421524048,0.41245192289352417,True,-4.108467102050781,0.96875,-3.9798851735403544,0.1381467580795288,-10.0,-3.918417453765869,-4.628672122955322,-3.714376211166382,0.0
794,ACH-000699,1.8966110944747925,-0.2751065492630005,1.774288296699524,0.3974294066429138,True,-3.9596991539001465,1.0,-3.9778665715763335,0.060603417456150055,-10.0,-3.9596991539001465,-4.999812602996826,-3.7729110717773438,0.0
795,ACH-000711,1.9364783763885498,-0.23370486497879028,1.75590181350708,0.4142812490463257,True,-3.9453353881835938,1.0,-3.9746134532370596,0.1259543001651764,-10.0,-3.9453353881835938,-4.966150760650635,-3.7923433780670166,0.0
796,ACH-000725,2.0399961471557617,-0.11219054460525513,1.7522304058074951,0.3999561667442322,True,-3.9611244201660156,1.0,-3.9732645499299553,0.14477181434631348,-10.0,-3.9611244201660156,-4.835768699645996,-3.7873265743255615,0.0
797,ACH-000755,-0.4210953712463379,-2.556856155395508,1.737241506576538,0.398519366979599,True,-4.105507850646973,0.96875,-3.986488880001657,0.13049238920211792,-10.0,-3.91536283493042,-4.779079914093018,-3.7556257247924805,0.0
798,ACH-000759,-0.15634560585021973,-2.3638834953308105,1.803653359413147,0.4038844406604767,True,-3.9318149089813232,0.984375,-3.9810214828996235,0.17624875903129578,-10.0,-3.8354945182800293,-4.369822978973389,-3.706197738647461,0.0
799,ACH-000768,-3.2732489109039307,-5.468986511230469,1.8232635259628296,0.3724740147590637,True,-4.3246846199035645,0.953125,-4.0153877966000175,0.16373389959335327,-10.0,-4.045570373535156,-5.209752082824707,-3.764767646789551,0.0
800,ACH-000783,-3.697850227355957,-5.802974700927734,1.7100541591644287,0.395070344209671,True,-4.2144880294799805,0.953125,-4.035297819888013,0.12201143801212311,-10.0,-3.929954767227173,-4.716585159301758,-3.798860788345337,0.0
801,ACH-000818,4.1172637939453125,1.9934957027435303,1.7325247526168823,0.39124342799186707,True,-2.9760775566101074,1.0,-3.929375793560223,0.26540350914001465,-10.0,-2.9760775566101074,-3.2426304817199707,-2.8102691173553467,0.0
802,ACH-000828,3.170727491378784,0.9832071661949158,1.7935160398483276,0.39400413632392883,True,-3.3040709495544434,0.984375,-3.866845309159645,0.2960144281387329,-10.0,-3.197786569595337,-3.6516642570495605,-2.9764914512634277,0.0
803,ACH-000849,0.3123512268066406,-1.7437758445739746,1.7005356550216675,0.35559147596359253,True,-3.889178991317749,0.984375,-3.8690786773754557,0.1161765530705452,-10.0,-3.7921817302703857,-4.643017768859863,-2.1187124252319336,0.0
804,ACH-000856,2.227144241333008,0.13973242044448853,1.689520239830017,0.3978917598724365,True,-3.733976364135742,1.0,-3.855568446051484,0.18308138847351074,-10.0,-3.733976364135742,-4.365537166595459,-3.5699844360351562,0.0
805,ACH-000857,-0.8599951267242432,-3.0149290561676025,1.7677429914474487,0.3871909976005554,True,-4.069852828979492,0.96875,-3.876996884344285,0.18382450938224792,-10.0,-3.8785576820373535,-4.629288196563721,-3.715911865234375,0.0
806,ACH-000859,0.6740027666091919,-1.413122296333313,1.6809625625610352,0.4061625599861145,True,-4.022120952606201,0.984375,-3.8915092911704763,0.1626933217048645,-10.0,-3.927233934402466,-4.829713344573975,-3.770944118499756,0.0
807,ACH-000876,0.9755429029464722,-1.1390780210494995,1.7266513109207153,0.3879696726799011,True,-4.03276252746582,0.984375,-3.9056346148000105,0.21233266592025757,-10.0,-3.938044786453247,-4.7086501121521,-3.675261974334717,0.0
808,ACH-000902,1.8602176904678345,-0.2309667021036148,1.7058902978897095,0.385294109582901,True,-3.916719436645508,1.0,-3.90674309698456,0.24680764973163605,-10.0,-3.916719436645508,-4.575615406036377,-3.700496196746826,0.0
809,ACH-000910,-0.651360273361206,-2.82434344291687,1.7922968864440918,0.38068631291389465,True,-4.010993957519531,0.984375,-3.917168183038057,0.07377785444259644,-10.0,-3.9159302711486816,-4.785085678100586,-3.751059055328369,0.0
810,ACH-000927,-2.954261064529419,-5.02012300491333,1.6784626245498657,0.387399286031723,True,-3.9975433349609375,0.96875,-3.9252056982303447,0.07703617215156555,-10.0,-3.803915500640869,-4.619628429412842,-3.427051544189453,0.0
811,ACH-000930,1.8386116027832031,-0.30459338426589966,1.7443550825119019,0.3988499343395233,True,-3.9417684078216553,1.0,-3.926861969189476,0.1686863750219345,-10.0,-3.9417684078216553,-4.636312484741211,-3.093623399734497,0.0
812,ACH-000934,0.7754215002059937,-1.3654447793960571,1.7451801300048828,0.3956861197948456,True,-4.020133972167969,0.984375,-3.9361891694873252,0.1204962506890297,-10.0,-3.92521595954895,-5.279996871948242,-3.7715301513671875,0.0
813,ACH-001390,2.0932698249816895,0.014743221923708916,1.7023084163665771,0.37621814012527466,True,-3.8726232051849365,1.0,-3.9298325730570864,0.24395307898521423,-10.0,-3.8726232051849365,-4.579348564147949,-3.802349328994751,0.0
814,ACH-001819,-2.232448101043701,-4.352924823760986,1.7291123867034912,0.39136433601379395,True,-3.9110350608825684,0.96875,-3.927952821839635,0.088448166847229,-10.0,-3.7146167755126953,-4.867560386657715,-3.6279778480529785,0.0
815,ACH-001820,-0.10014843940734863,-2.2084152698516846,1.7235549688339233,0.38471174240112305,True,-4.0437703132629395,0.984375,-3.9395345709819654,0.1441660374403,-10.0,-3.9492275714874268,-5.1864824295043945,-3.8037352561950684,0.0
816,ACH-000017,-3.9987945556640625,-5.946150302886963,1.5747973918914795,0.3725583255290985,True,-4.019649505615234,0.96875,-3.947546064445292,0.0912775844335556,-10.0,-3.826735019683838,-4.422188758850098,-2.7820796966552734,0.0
817,ACH-000019,-1.829637050628662,-3.862790584564209,1.6777701377868652,0.35538336634635925,True,-4.292962551116943,0.9375,-3.9820877131124575,0.24157434701919556,-10.0,-3.9124937057495117,-5.036343097686768,-3.716963768005371,0.0
818,ACH-000044,1.5051085948944092,-0.4599330425262451,1.5947680473327637,0.37027353048324585,True,-3.511101722717285,0.96875,-3.93498911407294,0.27617746591567993,-10.0,-3.3017821311950684,-3.8739380836486816,-3.137155771255493,0.0
819,ACH-000097,0.2537829875946045,-1.7260793447494507,1.5922845602035522,0.3875778019428253,True,-4.085512638092041,0.96875,-3.95004146647485,0.1224951446056366,-10.0,-3.8947227001190186,-4.627880573272705,-3.8031845092773438,0.0
820,ACH-000111,0.18424177169799805,-1.943906545639038,1.7314059734344482,0.39674240350723267,True,-3.9786252975463867,0.984375,-3.952899849582004,0.12368275970220566,-10.0,-3.8830480575561523,-4.746052265167236,-3.739835739135742,0.0
821,ACH-000117,1.7337048053741455,-0.4451548457145691,1.7921466827392578,0.3867131471633911,True,-3.9518373012542725,1.0,-3.9527935947492305,0.1296297013759613,-10.0,-3.9518373012542725,-4.934226989746094,-3.7515769004821777,0.0
822,ACH-000147,-5.481753349304199,-7.5865302085876465,1.7477277517318726,0.35704928636550903,True,-4.306910514831543,0.9375,-3.9882052867574616,0.1118088960647583,-10.0,-3.9273715019226074,-5.001508712768555,-3.7920432090759277,0.0
823,ACH-000148,-2.530548095703125,-4.614625453948975,1.7365323305130005,0.3475450277328491,True,-4.284011363983154,0.9375,-4.017785894480031,0.1868516355752945,-10.0,-3.9029457569122314,-4.738646507263184,-3.8034451007843018,0.0
824,ACH-000196,1.2545108795166016,-0.8491801619529724,1.7110854387283325,0.392605721950531,True,-3.8637242317199707,0.984375,-4.002379728204025,0.1749214231967926,-10.0,-3.7663233280181885,-4.4200592041015625,-3.5496933460235596,0.0
825,ACH-000212,-3.159719228744507,-5.204885959625244,1.6780422925949097,0.3671244978904724,True,-4.3520073890686035,0.9375,-4.037342494290483,0.14195556938648224,-10.0,-3.9754748344421387,-4.8295512199401855,-3.7976760864257812,0.0
826,ACH-000223,2.145369052886963,-0.004729355685412884,1.7697701454162598,0.38032805919647217,True,-3.905601978302002,1.0,-4.024168442691635,0.21884891390800476,-10.0,-3.905601978302002,-4.938185691833496,-3.7654030323028564,0.0
827,ACH-000248,-2.1917781829833984,-4.358243465423584,1.7807714939117432,0.38569387793540955,True,-4.2767181396484375,0.9375,-4.0494234123873145,0.12264908850193024,-10.0,-3.8951659202575684,-4.768212795257568,-3.711641788482666,0.0
828,ACH-000258,1.4613993167877197,-0.6501376032829285,1.7265081405639648,0.3850289583206177,True,-3.8501837253570557,0.984375,-4.029499443684289,0.08615373075008392,-10.0,-3.752567768096924,-4.496015548706055,-3.020577907562256,0.0
829,ACH-000276,-2.8170814514160156,-4.975826740264893,1.7617063522338867,0.3970390558242798,True,-4.364099502563477,0.9375,-4.062959449572207,0.1643000692129135,-10.0,-3.988373041152954,-4.681424617767334,-3.788621187210083,0.0
830,ACH-000277,0.9627271890640259,-1.2237261533737183,1.7903704643249512,0.3960827887058258,True,-3.898555278778076,0.984375,-4.046519032492794,0.13941523432731628,-10.0,-3.8017072677612305,-4.507667541503906,-3.687541961669922,0.0
831,ACH-000288,-1.6093356609344482,-3.7086288928985596,1.7393741607666016,0.3599189817905426,True,-4.241715908050537,0.953125,-4.066038720048569,0.1047484278678894,-10.0,-3.9585213661193848,-4.800992488861084,-3.8034586906433105,0.0
832,ACH-000330,-0.25948262214660645,-2.3784875869750977,1.732965111732483,0.3860398232936859,True,-4.097036361694336,0.96875,-4.069138484213146,0.16793927550315857,-10.0,-3.9066176414489746,-5.060800552368164,-3.784060478210449,0.0
833,ACH-000349,1.4466025829315186,-0.6849908828735352,1.7526352405548096,0.3789582848548889,True,-4.037869453430176,0.984375,-4.066011581134849,0.08608616888523102,-10.0,-3.943232774734497,-4.9562788009643555,-3.801913261413574,0.0
834,ACH-000352,2.0423624515533447,-0.04474389925599098,1.711255431175232,0.37585097551345825,True,-3.675830841064453,0.984375,-4.02699350712781,0.211787611246109,-10.0,-3.5754473209381104,-4.135425567626953,-3.1092324256896973,0.0
835,ACH-000374,0.6705825328826904,-1.4261081218719482,1.7183321714401245,0.3783586025238037,True,-4.025383472442627,0.984375,-4.026832503659292,0.12509983777999878,-10.0,-3.930548667907715,-5.2152509689331055,-3.758936882019043,0.0
836,ACH-000536,1.9128639698028564,-0.1421627402305603,1.6835455894470215,0.37148118019104004,True,-3.9305691719055176,1.0,-4.017206170483915,0.14160282909870148,-10.0,-3.9305691719055176,-4.6965227127075195,-3.7985074520111084,0.0
837,ACH-000554,2.1167826652526855,0.005406620446592569,1.7334283590316772,0.3779476284980774,True,-3.9383273124694824,1.0,-4.009318284682472,0.22142654657363892,-10.0,-3.9383273124694824,-5.056384563446045,-3.7821717262268066,0.0
838,ACH-000568,-3.132810115814209,-5.257620334625244,1.7475923299789429,0.3772179186344147,True,-3.880662441253662,0.953125,-3.9964527003395904,0.07403978705406189,-10.0,-3.5797111988067627,-4.154263973236084,-3.469183921813965,0.0
839,ACH-000573,2.4145805835723877,0.30202531814575195,1.7327954769134521,0.3797597289085388,True,-3.759838104248047,1.0,-3.9727912407304364,0.18292269110679626,-10.0,-3.759838104248047,-4.485185623168945,-3.5555336475372314,0.0
840,ACH-000621,-3.0747640132904053,-5.220116138458252,1.7582757472991943,0.38707631826400757,True,-3.979198694229126,0.984375,-3.9734319860803056,0.062237825244665146,-10.0,-3.8836307525634766,-4.377858638763428,-3.802870750427246,0.0
841,ACH-000624,0.5809783935546875,-1.4903299808502197,1.6975691318511963,0.3737393319606781,True,-3.8916244506835938,0.984375,-3.965251232540634,0.1146111860871315,-10.0,-3.794666290283203,-4.439882278442383,-3.636064291000366,0.0
842,ACH-000643,2.091024398803711,-0.09656699746847153,1.8074392080307007,0.3801521956920624,True,-3.9183521270751953,1.0,-3.9605613219940903,0.2397284209728241,-10.0,-3.9183521270751953,-4.742500305175781,-3.8035449981689453,0.0
843,ACH-000668,2.101945161819458,0.01216911431401968,1.7075964212417603,0.38217949867248535,True,-3.9163990020751953,1.0,-3.9561450900022006,0.2072899341583252,-10.0,-3.9163990020751953,-4.646127223968506,-3.7176036834716797,0.0
844,ACH-000691,0.2747795581817627,-1.8524508476257324,1.7476990222930908,0.3795313239097595,True,-4.1058526039123535,0.96875,-3.971115841393216,0.11442085355520248,-10.0,-3.9157190322875977,-4.6544952392578125,-3.714376211166382,0.0
845,ACH-000699,-8.23784065246582,-10.379014015197754,1.7611087560653687,0.3800642490386963,True,-4.354755401611328,0.9375,-4.009479797415027,0.07556191086769104,-10.0,-3.9784059524536133,-4.946954250335693,-3.772911548614502,0.0
846,ACH-000711,2.076552391052246,-0.004315576516091824,1.706229567527771,0.3746384084224701,True,-3.9308948516845703,1.0,-4.001621302841982,0.13816198706626892,-10.0,-3.9308948516845703,-5.183089256286621,-3.7923433780670166,0.0
847,ACH-000725,1.388614535331726,-0.7311519384384155,1.7478044033050537,0.3719621002674103,True,-4.008444786071777,0.984375,-4.0023036511649615,0.14829948544502258,-10.0,-3.9133410453796387,-4.835768699645996,-3.7873265743255615,0.0
848,ACH-000755,0.43197786808013916,-1.6874173879623413,1.741474986076355,0.37792032957077026,True,-3.9768948554992676,0.984375,-3.999762771598392,0.11987791955471039,-10.0,-3.8812901973724365,-4.779079914093018,-3.7556257247924805,0.0
849,ACH-000759,-0.576279878616333,-2.6977286338806152,1.7364860773086548,0.3849627375602722,True,-3.9263925552368164,0.984375,-3.9924257499622344,0.0958130955696106,-10.0,-3.829986333847046,-4.878243446350098,-3.706197738647461,0.0
850,ACH-000768,-10.109550476074219,-12.213926315307617,1.7383251190185547,0.3660503625869751,True,-4.417346000671387,0.9375,-4.03491777503315,0.0970228761434555,-10.0,-4.045169353485107,-4.728670597076416,-3.797050952911377,0.0
851,ACH-000783,0.16764533519744873,-1.953065276145935,1.7479918003082275,0.37271881103515625,True,-4.084489822387695,0.984375,-4.039874979768604,0.10577382147312164,-10.0,-3.990593194961548,-5.215609550476074,-3.798860788345337,0.0
852,ACH-000818,0.3897984027862549,-1.7037274837493896,1.7113157510757446,0.38221001625061035,True,-3.210599899291992,0.96875,-3.9569474717209427,0.11698765307664871,-10.0,-2.9915871620178223,-3.861959457397461,-2.8102686405181885,0.0
853,ACH-000828,2.6034774780273438,0.4938715398311615,1.7297998666763306,0.37980616092681885,True,-3.2583608627319336,0.984375,-3.887088810822042,0.23932194709777832,-10.0,-3.151350975036621,-3.709005832672119,-2.9764914512634277,0.0
854,ACH-000849,-0.4249589443206787,-2.4435007572174072,1.6680830717086792,0.35045868158340454,True,-3.9453766345977783,0.984375,-3.892917593199616,0.0946359857916832,-10.0,-3.849271535873413,-4.594199180603027,-3.652202606201172,0.0
855,ACH-000856,2.069445848464966,-0.07064585387706757,1.7638391256332397,0.37625259160995483,True,-3.7818703651428223,1.0,-3.8818128703939365,0.16190364956855774,-10.0,-3.7818703651428223,-4.752321720123291,-3.5699844360351562,0.0
856,ACH-000857,1.568718671798706,-0.4919874668121338,1.6846425533294678,0.37606364488601685,True,-3.959134340286255,0.984375,-3.8895450173831683,0.13347190618515015,-10.0,-3.863248109817505,-4.771752834320068,-2.4898574352264404,0.0
857,ACH-000859,-3.1667535305023193,-5.245674133300781,1.6993738412857056,0.37954676151275635,True,-4.2154316902160645,0.953125,-3.922133684666458,0.08111564815044403,-10.0,-3.9309446811676025,-4.7457122802734375,-3.7976574897766113,0.0
858,ACH-000876,0.23117005825042725,-1.8422502279281616,1.697424292564392,0.37599608302116394,True,-3.9785304069519043,0.984375,-3.9277733568950026,0.13492944836616516,-10.0,-3.8829517364501953,-4.739692687988281,-3.744288206100464,0.0
859,ACH-000902,1.232618808746338,-0.8330444693565369,1.7038551568984985,0.361808180809021,True,-3.9496679306030273,0.984375,-3.9299628142658047,0.2661884129047394,-10.0,-3.853631019592285,-4.43992805480957,-3.700496196746826,0.0
860,ACH-000910,1.691433072090149,-0.33657702803611755,1.6794142723083496,0.34859585762023926,True,-3.9219770431518555,1.0,-3.92916423715441,0.1723925769329071,-10.0,-3.9219770431518555,-4.927915096282959,-3.7510592937469482,0.0
861,ACH-000927,0.5307741165161133,-1.4999935626983643,1.6672959327697754,0.3634718358516693,True,-3.9942312240600586,0.984375,-3.935670935844975,0.19117802381515503,-10.0,-3.8989017009735107,-4.698511123657227,-3.738924741744995,0.0
862,ACH-000930,0.8132044076919556,-1.2551840543746948,1.6906946897506714,0.377693772315979,True,-4.033709526062012,0.984375,-3.9454747948666786,0.1577489823102951,-10.0,-3.939006805419922,-4.654610633850098,-3.7682502269744873,0.0
863,ACH-000934,0.3610420227050781,-1.656076431274414,1.6538702249526978,0.36324816942214966,True,-4.049558639526367,0.96875,-3.9558831793326474,0.18350861966609955,-10.0,-3.8576090335845947,-4.6293230056762695,-3.7715301513671875,0.0
864,ACH-001390,-1.6400799751281738,-3.6896321773529053,1.6853593587875366,0.3641928434371948,True,-4.048928260803223,0.96875,-3.965187687479705,0.0736139789223671,-10.0,-3.8569583892822266,-4.63010835647583,-3.77896785736084,0.0
865,ACH-001819,1.8428581953048706,-0.27032387256622314,1.7282636165618896,0.3849184513092041,True,-3.815767765045166,1.0,-3.950245695236251,0.15861153602600098,-10.0,-3.815767765045166,-4.735764980316162,-3.6279778480529785,0.0
866,ACH-001820,-1.357313871383667,-3.365757465362549,1.6372371912002563,0.37120646238327026,True,-4.203092575073242,0.953125,-3.97553038321995,0.11701732873916626,-10.0,-3.917998790740967,-4.7429609298706055,-3.8037352561950684,0.0
867,ACH-000017,1.0803130865097046,-0.8277326822280884,1.5374916791915894,0.37055402994155884,True,-4.004696846008301,0.984375,-3.9784470294987853,0.17061114311218262,-10.0,-3.9095335006713867,-4.582335472106934,-3.7551681995391846,0.0
868,ACH-000019,0.9309800863265991,-1.0747071504592896,1.6571762561798096,0.3485109806060791,True,-3.9973256587982178,0.984375,-3.9803348924287287,0.17564889788627625,-10.0,-3.9020450115203857,-4.770883560180664,-3.7737607955932617,0.0
869,ACH-000044,2.2680039405822754,0.3536190390586853,1.5502556562423706,0.36412930488586426,True,-3.4248995780944824,0.984375,-3.9247913609953042,0.20814518630504608,-10.0,-3.320533037185669,-3.8771562576293945,-3.137155771255493,0.0
870,ACH-000097,-0.4494441747665405,-2.384389638900757,1.5745809078216553,0.3603645861148834,True,-4.130582809448242,0.96875,-3.945370505840598,0.1603524535894394,-10.0,-3.941246747970581,-4.79440450668335,-3.8031845092773438,0.0
871,ACH-000111,0.5882235765457153,-1.4784547090530396,1.700465202331543,0.3662131428718567,True,-3.9393789768218994,0.984375,-3.944771352938728,0.1854153275489807,-10.0,-3.8431785106658936,-4.396843910217285,-3.739835739135742,0.0
872,ACH-000117,-0.30844640731811523,-2.389908790588379,1.7147011756896973,0.36676111817359924,True,-4.014435768127441,0.984375,-3.9517377944575993,0.12377382814884186,-10.0,-3.9194271564483643,-4.787934303283691,-3.758457660675049,0.0
873,ACH-000147,-2.1985983848571777,-4.256242275238037,1.7045820951461792,0.35306188464164734,True,-4.170162200927734,0.96875,-3.973580235104613,0.10414344072341919,-10.0,-3.982102870941162,-5.359271049499512,-3.7180209159851074,0.0
874,ACH-000148,-5.747858047485352,-7.755417823791504,1.657273292541504,0.35028642416000366,True,-4.136897087097168,0.96875,-3.9899119203038684,0.050001729279756546,-10.0,-3.9477646350860596,-4.802168846130371,-3.5506443977355957,0.0
875,ACH-000196,0.24640071392059326,-1.8042875528335571,1.6814533472061157,0.36923500895500183,True,-3.8418850898742676,0.984375,-3.9751092372609085,0.16937118768692017,-10.0,-3.7441375255584717,-4.432234764099121,-3.554774761199951,0.0
876,ACH-000212,0.2150890827178955,-1.8441660404205322,1.697176456451416,0.3620787262916565,True,-3.9828829765319824,0.984375,-3.975886611188016,0.09649208188056946,-10.0,-3.887373447418213,-5.008553504943848,-3.7976760864257812,0.0
877,ACH-000223,-1.6112473011016846,-3.645073175430298,1.6823657751083374,0.3514600694179535,True,-3.9980859756469727,0.984375,-3.9781065476339115,0.058461397886276245,-10.0,-3.902817726135254,-4.736581802368164,-3.7654027938842773,0.0
878,ACH-000248,-0.0072247982025146484,-2.0538642406463623,1.6797051429748535,0.3669344186782837,True,-4.064862251281738,0.96875,-3.9867821179986938,0.17766505479812622,-10.0,-3.873406171798706,-4.467369079589844,-3.711641788482666,0.0
879,ACH-000258,-1.0243463516235352,-3.1107702255249023,1.7106989622116089,0.37572503089904785,True,-3.9958014488220215,0.953125,-3.9876840510810263,0.09602747857570648,-10.0,-3.7005128860473633,-4.51929235458374,-1.2129665613174438,0.0
880,ACH-000276,1.967025637626648,-0.08834348618984222,1.6900688409805298,0.3653002083301544,True,-3.9367516040802,1.0,-3.9825908063809434,0.21374118328094482,-10.0,-3.9367516040802,-4.702801704406738,-3.788620948791504,0.0
881,ACH-000277,-2.1789448261260986,-4.269724369049072,1.7211030721664429,0.36967647075653076,True,-4.005499362945557,0.96875,-3.9848816620374046,0.08089438825845718,-10.0,-3.8121283054351807,-4.49596643447876,-3.687541961669922,0.0
882,ACH-000288,2.064628839492798,-0.05377853661775589,1.7523211240768433,0.36608627438545227,True,-3.900432586669922,1.0,-3.9764367545006563,0.169241264462471,-10.0,-3.900432586669922,-5.025933742523193,-3.2395782470703125,0.0
883,ACH-000330,0.12010645866394043,-1.9765241146087646,1.7274119853973389,0.36921846866607666,True,-4.118358612060547,0.96875,-3.990628940256645,0.20591863989830017,-10.0,-3.9286282062530518,-4.93459415435791,-3.784060478210449,0.0
884,ACH-000349,-2.347930908203125,-4.439015865325928,1.716906189918518,0.37417882680892944,True,-4.1351518630981445,0.96875,-4.005081232540795,0.09584281593561172,-10.0,-3.9459633827209473,-4.729049205780029,-3.801913261413574,0.0
885,ACH-000352,-29.315380096435547,-31.38774299621582,1.7068318128585815,0.36553138494491577,True,-3.7324695587158203,0.984375,-3.977820065158298,0.059489183127880096,-10.0,-3.6329851150512695,-4.608631134033203,-3.4559073448181152,0.0
886,ACH-000374,-0.20515799522399902,-2.3316447734832764,1.757232904434204,0.3692539930343628,True,-4.021222114562988,0.984375,-3.982160270098767,0.10761949419975281,-10.0,-3.926321029663086,-4.742875099182129,-3.7987263202667236,0.0
887,ACH-000536,-4.660688400268555,-6.623035907745361,1.6094717979431152,0.3528759777545929,True,-4.146480560302734,0.96875,-3.9985922991191636,0.10591846704483032,-10.0,-3.9576570987701416,-4.830743312835693,-3.7985074520111084,0.0
888,ACH-000554,-1.6583082675933838,-3.703237533569336,1.6804980039596558,0.3644311726093292,True,-4.0801849365234375,0.96875,-4.006751562859591,0.08989134430885315,-10.0,-3.889223098754883,-4.633273601531982,-3.7821717262268066,0.0
889,ACH-000568,-0.9916079044342041,-3.045072317123413,1.6812365055084229,0.3722277879714966,True,-3.8227334022521973,0.96875,-3.988349746798852,0.0870816558599472,-10.0,-3.623466968536377,-4.3207783699035645,-3.469183921813965,0.0
890,ACH-000573,-1.1366324424743652,-3.15881609916687,1.6760541200637817,0.34612947702407837,True,-3.9799575805664062,0.96875,-3.9875105301756073,0.17954781651496887,-10.0,-3.7857625484466553,-4.431588172912598,-3.654759168624878,0.0
891,ACH-000621,1.940953016281128,-0.09222958981990814,1.6704871654510498,0.3626953959465027,True,-3.9354517459869385,1.0,-3.98230465175674,0.17973896861076355,-10.0,-3.9354517459869385,-4.9799909591674805,-3.8033125400543213,0.0
892,ACH-000624,-0.8262245655059814,-2.886866807937622,1.6927109956741333,0.36793118715286255,True,-4.004674434661865,0.96875,-3.9845416300472527,0.1502242535352707,-10.0,-3.81127667427063,-4.6746320724487305,-3.636064291000366,0.0
893,ACH-000643,0.9785871505737305,-1.1339881420135498,1.7485703229904175,0.36400505900382996,True,-4.011396408081055,0.984375,-3.9872271078506327,0.14630472660064697,-10.0,-3.916339159011841,-4.742500305175781,-3.790548801422119,0.0
894,ACH-000668,1.991554617881775,-0.05243527889251709,1.6769753694534302,0.3670145273208618,True,-3.891112804412842,1.0,-3.977615677506854,0.17618533968925476,-10.0,-3.891112804412842,-4.646127223968506,-3.7773237228393555,0.0
895,ACH-000691,2.0355069637298584,-0.06961306184530258,1.7483333349227905,0.3567865192890167,True,-3.8577587604522705,1.0,-3.9656299858013955,0.20208489894866943,-10.0,-3.8577587604522705,-5.054075241088867,-3.714376211166382,0.0
896,ACH-000699,2.016421318054199,0.008959196507930756,1.6357218027114868,0.3717401623725891,True,-3.893033027648926,1.0,-3.958370289986149,0.2350524365901947,-10.0,-3.893033027648926,-4.731877326965332,-3.7729110717773438,0.0
897,ACH-000711,2.0550458431243896,-0.08091835677623749,1.7630720138549805,0.37289220094680786,True,-3.910555362701416,1.0,-3.9535887972576753,0.20578691363334656,-10.0,-3.910555362701416,-4.713893890380859,-3.6513147354125977,0.0
898,ACH-000725,-0.17139816284179688,-2.249220371246338,1.7246737480163574,0.35314834117889404,True,-4.089815139770508,0.96875,-3.967211431508958,0.07252776622772217,-10.0,-3.8991639614105225,-4.734804630279541,-3.7873265743255615,0.0
899,ACH-000755,2.104839563369751,0.03718727082014084,1.7086575031280518,0.35899463295936584,True,-3.850459098815918,1.0,-3.955536198239654,0.214704692363739,-10.0,-3.850459098815918,-4.865811347961426,-3.696237564086914,0.0
900,ACH-000759,2.0204925537109375,0.03698199242353439,1.631057858467102,0.35245275497436523,True,-3.8092479705810547,1.0,-3.940907375473794,0.23850557208061218,-10.0,-3.8092479705810547,-4.614528656005859,-3.706198215484619,0.0
901,ACH-000768,1.9225115776062012,-0.13929034769535065,1.7279009819030762,0.3339010179042816,True,-3.9276669025421143,1.0,-3.939583328180626,0.16026420891284943,-10.0,-3.9276669025421143,-4.725942611694336,-3.797050952911377,0.0
902,ACH-000783,1.587450385093689,-0.4799596071243286,1.7061656713485718,0.36124420166015625,True,-3.9794163703918457,1.0,-3.943566632401748,0.09969507157802582,-10.0,-3.9794163703918457,-5.215609073638916,-3.798860549926758,0.0
903,ACH-000818,1.615760087966919,-0.3812108635902405,1.64328932762146,0.35368165373802185,True,-3.239143133163452,0.96875,-3.873124282477918,0.16195061802864075,-10.0,-3.0210506916046143,-4.267534255981445,-2.8102686405181885,0.0
904,ACH-000828,-0.2508678436279297,-2.319498062133789,1.7178441286087036,0.3507859706878662,True,-3.3881516456604004,0.96875,-3.8246270187961664,0.13767606019973755,-10.0,-3.174866199493408,-3.751474380493164,-2.9764914512634277,0.0
905,ACH-000849,1.6520582437515259,-0.33020472526550293,1.6490795612335205,0.3331834077835083,True,-3.822421073913574,1.0,-3.8244064243079072,0.14814408123493195,-10.0,-3.822421073913574,-4.728778839111328,-3.65220308303833,0.0
906,ACH-000856,-0.7350449562072754,-2.8171346187591553,1.7441556453704834,0.3379339277744293,True,-3.9254817962646484,0.96875,-3.8345139615035815,0.07949699461460114,-10.0,-3.72952938079834,-4.170631408691406,-3.569984197616577,0.0
907,ACH-000857,-0.2944984436035156,-2.2560694217681885,1.618335485458374,0.34323549270629883,True,-4.044673442840576,0.96875,-3.855529909637281,0.22048068046569824,-10.0,-3.8525660037994385,-4.478355407714844,-3.715911865234375,0.0
908,ACH-000859,-0.3841824531555176,-2.4338717460632324,1.6985259056091309,0.35116347670555115,True,-4.081454753875732,0.96875,-3.878122394061126,0.18672549724578857,-10.0,-3.890533924102783,-4.60560417175293,-3.7976574897766113,0.0
909,ACH-000876,1.702508807182312,-0.3904038667678833,1.7309074401855469,0.36200517416000366,True,-3.8880743980407715,1.0,-3.8791175944590903,0.1578320562839508,-10.0,-3.8880743980407715,-4.7396931648254395,-3.5877089500427246,0.0
910,ACH-000902,0.47114861011505127,-1.5301719903945923,1.6519012451171875,0.3494192957878113,True,-4.015722274780273,0.96875,-3.8927780624912085,0.1922672688961029,-10.0,-3.822680950164795,-4.7586822509765625,-3.6170430183410645,0.0
911,ACH-000910,1.6615740060806274,-0.33189502358436584,1.6345897912979126,0.3588792085647583,True,-3.940732479095459,1.0,-3.8975735041516337,0.1501356065273285,-10.0,-3.940732479095459,-4.575689792633057,-3.7510592937469482,0.0
912,ACH-000927,-0.5040147304534912,-2.462188243865967,1.6180078983306885,0.3401656746864319,True,-4.015608787536621,0.96875,-3.9093770324901325,0.12590868771076202,-10.0,-3.822563886642456,-4.652597904205322,-3.7230827808380127,0.0
913,ACH-000930,0.332008957862854,-1.7342356443405151,1.7041107416152954,0.3621339201927185,True,-4.092963695526123,0.96875,-3.9277356987937315,0.14110690355300903,-10.0,-3.902414083480835,-4.619804859161377,-3.7682502269744873,0.0
914,ACH-000934,1.9575555324554443,-0.0015232674777507782,1.6152565479278564,0.34382230043411255,True,-3.8527541160583496,1.0,-3.9202375405201932,0.2360086888074875,-10.0,-3.8527541160583496,-4.6384782791137695,-3.7715301513671875,0.0
915,ACH-001390,2.0963315963745117,0.09509803354740143,1.6634455919265747,0.33778804540634155,True,-3.849531412124634,1.0,-3.9131669276806376,0.14853937923908234,-10.0,-3.849531412124634,-4.469578266143799,-3.639863967895508,0.0
916,ACH-001819,1.3828233480453491,-0.6434060335159302,1.6823753118515015,0.3438540995121002,True,-3.8570375442504883,0.984375,-3.9075539893376225,0.15198922157287598,-10.0,-3.7595303058624268,-4.941427230834961,-3.6279778480529785,0.0
917,ACH-001820,1.5925298929214478,-0.4429861307144165,1.7009127140045166,0.33460336923599243,True,-3.942620038986206,1.0,-3.911060594302481,0.1186179593205452,-10.0,-3.942620038986206,-4.7429609298706055,-3.8037352561950684,0.0
918,ACH-000017,1.8131381273269653,-0.06657130271196365,1.5431225299835205,0.33658701181411743,True,-3.893383264541626,1.0,-3.9092928613263953,0.16874469816684723,-10.0,-3.893383264541626,-4.874605655670166,-3.608264446258545,0.0
919,ACH-000019,-4.388045787811279,-6.277331829071045,1.566967487335205,0.32231855392456055,True,-4.063383102416992,0.96875,-3.924701885435455,0.060715433210134506,-10.0,-3.8718786239624023,-4.515122413635254,-3.716963768005371,0.0
920,ACH-000044,-2.3870246410369873,-4.260269641876221,1.539973497390747,0.3332715630531311,True,-3.637406826019287,0.953125,-3.895972379493838,0.11551926285028458,-10.0,-3.3244922161102295,-4.068340301513672,-3.137155771255493,0.0
921,ACH-000097,1.433688759803772,-0.42457422614097595,1.5196688175201416,0.33859413862228394,True,-3.93959903717041,1.0,-3.900335045261495,0.11613234877586365,-10.0,-3.93959903717041,-4.978998184204102,-3.7629342079162598,0.0
922,ACH-000111,0.42329609394073486,-1.536173939704895,1.6180897951126099,0.3413802981376648,True,-3.980632781982422,0.984375,-3.908364818933588,0.1270340383052826,-10.0,-3.885087728500366,-5.075224876403809,-3.739835739135742,0.0
923,ACH-000117,-3.1245641708374023,-5.117685794830322,1.6380423307418823,0.3550793528556824,True,-4.176146507263184,0.953125,-3.935142987766547,0.13035236299037933,-10.0,-3.8897275924682617,-4.525825500488281,-3.7782492637634277,0.0
924,ACH-000147,1.654587984085083,-0.4256051182746887,1.7413827180862427,0.33881038427352905,True,-3.9711780548095703,1.0,-3.9387464944708492,0.08416725695133209,-10.0,-3.9711780548095703,-4.951699733734131,-3.7920429706573486,0.0
925,ACH-000148,-0.8510496616363525,-2.9153404235839844,1.7304199934005737,0.3338708281517029,True,-4.165467739105225,0.96875,-3.9614186189342866,0.09598612040281296,-10.0,-3.977257013320923,-4.802168846130371,-3.8034451007843018,0.0
926,ACH-000196,2.1546905040740967,0.14287059009075165,1.6732354164123535,0.3385845124721527,True,-3.7403645515441895,1.0,-3.9393132121952767,0.19061067700386047,-10.0,-3.7403645515441895,-4.516225337982178,-3.4981343746185303,0.0
927,ACH-000212,-0.03955543041229248,-1.9471873044967651,1.567631721496582,0.3400001525878906,True,-4.027787208557129,0.984375,-3.948160611831462,0.1372224986553192,-10.0,-3.932990074157715,-4.917457580566406,-3.802515983581543,0.0
928,ACH-000223,-4.314885139465332,-6.317612171173096,1.6707707643508911,0.33195602893829346,True,-4.067442893981934,0.96875,-3.960088840046509,0.05434644967317581,-10.0,-3.8760697841644287,-4.806580543518066,-3.7654027938842773,0.0
929,ACH-000248,-0.5616753101348877,-2.5158307552337646,1.611274003982544,0.342881441116333,True,-3.9710259437561035,0.984375,-3.9611825504174685,0.11545239388942719,-10.0,-3.8753280639648438,-4.669034481048584,-3.711641788482666,0.0
930,ACH-000258,2.184011459350586,0.20431840419769287,1.656561017036438,0.32313188910484314,True,-3.725862741470337,1.0,-3.9376505695227553,0.19754721224308014,-10.0,-3.725862741470337,-4.419238567352295,-3.020577907562256,0.0
931,ACH-000276,-0.2885880470275879,-2.3394386768341064,1.7168711423873901,0.3339794874191284,True,-4.082408905029297,0.96875,-3.9521264030734096,0.11941719055175781,-10.0,-3.8915188312530518,-4.681424617767334,-3.788621187210083,0.0
932,ACH-000277,0.015367865562438965,-1.9307456016540527,1.618141531944275,0.3279719352722168,True,-3.8788561820983887,0.984375,-3.9447993809759074,0.11734070628881454,-10.0,-3.7816953659057617,-4.679219722747803,-3.687541961669922,0.0
933,ACH-000288,1.332396149635315,-0.5967984199523926,1.622705340385437,0.3064892292022705,True,-4.023029327392578,0.984375,-3.9526223756175742,0.15487608313560486,-10.0,-3.928156852722168,-4.800992488861084,-3.8034586906433105,0.0
934,ACH-000330,-0.1084451675415039,-2.061781167984009,1.6233426332473755,0.3299933075904846,True,-3.980203151702881,0.984375,-3.955380453226105,0.1147785633802414,-10.0,-3.884650707244873,-4.687503337860107,-3.784060478210449,0.0
935,ACH-000349,1.849250078201294,-0.09978453814983368,1.619873046875,0.32916155457496643,True,-3.8970184326171875,1.0,-3.9495442511652135,0.15751123428344727,-10.0,-3.8970184326171875,-4.775417327880859,-3.801913261413574,0.0
936,ACH-000352,0.24219059944152832,-1.741910457611084,1.6456583738327026,0.33844268321990967,True,-3.7482028007507324,0.96875,-3.929410106123765,0.13656605780124664,-10.0,-3.546531915664673,-3.810767412185669,-3.4559073448181152,0.0
937,ACH-000374,1.8066763877868652,-0.2282683551311493,1.6974595785140991,0.33748525381088257,True,-3.925261974334717,1.0,-3.9289952929448604,0.15482711791992188,-10.0,-3.925261974334717,-4.742875099182129,-3.7987263202667236,0.0
938,ACH-000536,1.6979867219924927,-0.22605322301387787,1.6030631065368652,0.3209768533706665,True,-3.9517760276794434,1.0,-3.931273366418319,0.11925835907459259,-10.0,-3.9517760276794434,-5.042370796203613,-3.7985074520111084,0.0
939,ACH-000554,-1.027117133140564,-2.894881010055542,1.542102575302124,0.3256613314151764,True,-4.072084426879883,0.96875,-3.945354472464475,0.1417793333530426,-10.0,-3.880861282348633,-4.740810394287109,-3.7821717262268066,0.0
940,ACH-000568,-0.3621397018432617,-2.41420841217041,1.7169203758239746,0.33514830470085144,True,-3.7192118167877197,0.984375,-3.9227402068968,0.07738395035266876,-10.0,-3.6195170879364014,-4.3207783699035645,-3.469183921813965,0.0
941,ACH-000573,2.0830390453338623,0.08481236547231674,1.6668916940689087,0.33133506774902344,True,-3.7669517993927,1.0,-3.90716136614639,0.21597474813461304,-10.0,-3.7669517993927,-4.431588172912598,-3.654758930206299,0.0
942,ACH-000621,-4.816219806671143,-6.852124214172363,1.7024848461151123,0.3334195911884308,True,-4.0665178298950195,0.984375,-3.9230970125212528,0.07530541718006134,-10.0,-3.9723360538482666,-4.795920372009277,-3.8033125400543213,0.0
943,ACH-000624,-2.3467905521392822,-4.317889213562012,1.6534801721572876,0.3176184892654419,True,-4.021402359008789,0.96875,-3.9329275471700065,0.09450654685497284,-10.0,-3.8285441398620605,-4.53369140625,-3.636064291000366,0.0
944,ACH-000643,1.6184536218643188,-0.3589569330215454,1.6531405448913574,0.32427000999450684,True,-3.94441819190979,1.0,-3.934076611643985,0.13163092732429504,-10.0,-3.94441819190979,-4.754409313201904,-3.8035449981689453,0.0
945,ACH-000668,0.33167850971221924,-1.6704939603805542,1.6689168214797974,0.33325570821762085,True,-3.992081880569458,0.984375,-3.939877138536532,0.22109606862068176,-10.0,-3.8967185020446777,-4.646127700805664,-3.7773237228393555,0.0
946,ACH-000691,-1.8603525161743164,-3.7842421531677246,1.603386640548706,0.3205029368400574,True,-4.057976722717285,0.96875,-3.951687096954607,0.07453137636184692,-10.0,-3.866298198699951,-5.374521255493164,-3.714376211166382,0.0
947,ACH-000699,1.0540516376495361,-0.9009706377983093,1.6305384635925293,0.324483722448349,True,-3.966754913330078,0.984375,-3.9531938785921543,0.19678783416748047,-10.0,-3.8709893226623535,-4.8224897384643555,-3.790212631225586,0.0
948,ACH-000711,1.0821213722229004,-0.8293105959892273,1.5818934440612793,0.32953864336013794,True,-3.987907886505127,0.984375,-3.9566652793834516,0.12522393465042114,-10.0,-3.8924779891967773,-4.693536758422852,-3.6225762367248535,0.0
949,ACH-000725,1.0275861024856567,-1.0015162229537964,1.6854711771011353,0.34363117814064026,True,-4.004265785217285,0.984375,-3.961425329966835,0.21103668212890625,-10.0,-3.909095525741577,-4.744190216064453,-3.7873265743255615,0.0
950,ACH-000755,1.7873345613479614,-0.11088600754737854,1.5631023645401,0.33511823415756226,True,-3.859074115753174,1.0,-3.951190208545469,0.10677153617143631,-10.0,-3.859074115753174,-4.950546741485596,-3.7756519317626953,0.0
951,ACH-000759,1.9023112058639526,-0.03236927464604378,1.5968486070632935,0.33783185482025146,True,-3.8509671688079834,1.0,-3.9411679045717203,0.2144438624382019,-10.0,-3.8509671688079834,-4.567963123321533,-3.6663479804992676,0.0
952,ACH-000768,1.3854930400848389,-0.5741188526153564,1.6571708917617798,0.30244094133377075,True,-4.0229339599609375,0.984375,-3.9493445101106417,0.12219954282045364,-10.0,-3.9280600547790527,-4.728670597076416,-3.797050952911377,0.0
953,ACH-000783,0.875579833984375,-1.1343340873718262,1.6785070896148682,0.33140674233436584,True,-4.043001651763916,0.984375,-3.958710224275969,0.10317115485668182,-10.0,-3.948446273803711,-4.727637767791748,-3.798860788345337,0.0
954,ACH-000818,-2.856151580810547,-4.781557559967041,1.6012870073318481,0.32411903142929077,True,-3.344564914703369,0.953125,-3.897295693318709,0.1117686778306961,-10.0,-3.0172479152679443,-3.9917659759521484,-2.8102686405181885,0.0
955,ACH-000828,1.177457571029663,-0.80103999376297,1.657410979270935,0.3210865259170532,True,-3.3375344276428223,0.96875,-3.84131956675112,0.20548957586288452,-10.0,-3.1226160526275635,-3.5175158977508545,-2.9764914512634277,0.0
956,ACH-000849,-4.830782413482666,-6.754361152648926,1.623273253440857,0.3003053665161133,True,-4.018874168395996,0.96875,-3.8590750269156078,0.09845277667045593,-10.0,-3.8259339332580566,-4.388458251953125,-3.652202606201172,0.0
957,ACH-000856,0.7004430294036865,-1.263486385345459,1.6399154663085938,0.32401397824287415,True,-3.9228923320770264,0.96875,-3.8654567574317493,0.20770031213760376,-10.0,-3.7268564701080322,-4.258881568908691,-3.5688397884368896,0.0
958,ACH-000857,-0.14575529098510742,-2.115835189819336,1.642383337020874,0.3276965916156769,True,-4.009167671203613,0.984375,-3.8798278488089357,0.1034456416964531,-10.0,-3.9140753746032715,-5.221820831298828,-3.715911865234375,0.0
959,ACH-000859,-0.6295613050460815,-2.584265947341919,1.6525696516036987,0.30213499069213867,True,-4.098997116088867,0.96875,-3.9017447755369288,0.16048064827919006,-10.0,-3.908642053604126,-4.7457122802734375,-3.7774558067321777,0.0
960,ACH-000876,0.16414690017700195,-1.798271656036377,1.6326072216033936,0.32981133460998535,True,-4.068209171295166,0.96875,-3.9183912151127527,0.14967049658298492,-10.0,-3.8768608570098877,-4.8973236083984375,-3.7637569904327393,0.0
961,ACH-000902,1.9498658180236816,-0.007339482195675373,1.6451001167297363,0.31210511922836304,True,-3.8159313201904297,1.0,-3.9081452256205202,0.24357134103775024,-10.0,-3.8159313201904297,-4.7586822509765625,-3.700496196746826,0.0
962,ACH-000910,-2.953233003616333,-4.8392486572265625,1.573107361793518,0.3129082918167114,True,-4.047111988067627,0.96875,-3.9220419018652306,0.09114798903465271,-10.0,-3.8550832271575928,-4.571285247802734,-3.751059055328369,0.0
963,ACH-000927,1.6984848976135254,-0.2738063931465149,1.6482148170471191,0.3240765631198883,True,-3.871574878692627,1.0,-3.91699519954797,0.08540767431259155,-10.0,-3.871574878692627,-4.6525983810424805,-3.7230827808380127,0.0
964,ACH-000930,0.4355074167251587,-1.463971495628357,1.576459288597107,0.3230195641517639,True,-3.9779176712036133,0.984375,-3.9230874467135344,0.12831716239452362,-10.0,-3.882329225540161,-4.624507427215576,-3.7682502269744873,0.0
965,ACH-000934,-2.6133999824523926,-4.55007266998291,1.619162917137146,0.3175097405910492,True,-4.118258953094482,0.96875,-3.9426045973516293,0.08583638072013855,-10.0,-3.92852520942688,-4.774682521820068,-3.7715301513671875,0.0
966,ACH-001390,1.9187532663345337,-0.0024680299684405327,1.6153230667114258,0.3058982491493225,True,-3.857414722442627,1.0,-3.934085609860729,0.18604424595832825,-10.0,-3.857414722442627,-4.730879783630371,-3.802349328994751,0.0
967,ACH-001819,-2.227520704269409,-4.148555278778076,1.5979386568069458,0.32309597730636597,True,-3.966197967529297,0.96875,-3.937296845627586,0.09674476087093353,-10.0,-3.771559000015259,-4.5196123123168945,-3.4791324138641357,0.0
968,ACH-001820,0.1404430866241455,-1.8701717853546143,1.6866438388824463,0.3239709734916687,True,-4.087852954864502,0.96875,-3.9523524565512775,0.10702577233314514,-10.0,-3.8971383571624756,-4.7429609298706055,-3.8037352561950684,0.0
969,ACH-000017,1.7104891538619995,-0.08693275600671768,1.4762769937515259,0.3211449980735779,True,-3.864220380783081,1.0,-3.943539248974458,0.18226787447929382,-10.0,-3.864220380783081,-4.582334995269775,-3.7551681995391846,0.0
970,ACH-000019,1.7243380546569824,-0.1797291338443756,1.6027417182922363,0.3013254404067993,True,-3.8831543922424316,1.0,-3.937500763301255,0.12440390884876251,-10.0,-3.8831543922424316,-4.942185401916504,-2.946770668029785,0.0
971,ACH-000044,1.9717671871185303,0.14495868980884552,1.5126898288726807,0.3141186237335205,True,-3.41896390914917,0.984375,-3.8856470778860466,0.12670573592185974,-10.0,-3.3145031929016113,-4.255429267883301,-3.135643243789673,0.0
972,ACH-000097,-6.17060661315918,-7.976973533630371,1.5007420778274536,0.30562466382980347,True,-4.36982536315918,0.921875,-3.9340649064133597,0.1145705059170723,-10.0,-3.8926916122436523,-4.722362995147705,-3.8031845092773438,0.0
973,ACH-000111,0.8841193914413452,-1.0707571506500244,1.6282377243041992,0.3266388177871704,True,-3.934861421585083,0.984375,-3.9341445579305323,0.10623836517333984,-10.0,-3.838589906692505,-4.636777400970459,-3.739835739135742,0.0
974,ACH-000117,2.010558605194092,0.011098671704530716,1.6729627847671509,0.3264971971511841,True,-3.828031063079834,1.0,-3.9235332084454626,0.15308593213558197,-10.0,-3.828031063079834,-4.708363056182861,-3.758457660675049,0.0
975,ACH-000147,-1.4554247856140137,-3.411433458328247,1.6379313468933105,0.31807729601860046,True,-4.264418125152588,0.9375,-3.9576217001161753,0.13696156442165375,-10.0,-3.8820459842681885,-4.89534854888916,-3.7920432090759277,0.0
976,ACH-000148,-0.5641007423400879,-2.516347646713257,1.6428747177124023,0.3093721270561218,True,-4.042086124420166,0.984375,-3.966068142546574,0.0999789834022522,-10.0,-3.9475162029266357,-5.0961761474609375,-3.8034451007843018,0.0
977,ACH-000196,2.1400954723358154,0.14873571693897247,1.6655569076538086,0.3258029520511627,True,-3.6993565559387207,1.0,-3.9393969838857887,0.14604482054710388,-10.0,-3.6993565559387207,-4.348154067993164,-3.5496933460235596,0.0
978,ACH-000212,-2.5204267501831055,-4.4381818771362305,1.5901850461959839,0.32757019996643066,True,-4.102879524230957,0.96875,-3.9557452379203055,0.09453606605529785,-10.0,-3.912649393081665,-4.745846271514893,-3.802515983581543,0.0
979,ACH-000223,-0.5334521532058716,-2.493509531021118,1.6500877141952515,0.3099696934223175,True,-4.046481609344482,0.96875,-3.9648188750627233,0.07844308763742447,-10.0,-3.8544325828552246,-4.720817565917969,-3.7654027938842773,0.0
980,ACH-000248,0.3654264211654663,-1.5663615465164185,1.6075869798660278,0.32420092821121216,True,-3.950108528137207,0.984375,-3.963347840370172,0.11194108426570892,-10.0,-3.854078769683838,-4.777166843414307,-3.711641788482666,0.0
981,ACH-000258,-34.0991096496582,-36.02120590209961,1.6064599752426147,0.31563717126846313,True,-3.973865032196045,0.953125,-3.964399559552759,0.058536939322948456,-10.0,-3.677497148513794,-4.070321083068848,-3.519435405731201,0.0
982,ACH-000276,1.7145545482635498,-0.27000942826271057,1.663869857788086,0.32069411873817444,True,-3.8796868324279785,1.0,-3.955928286840281,0.09082120656967163,-10.0,-3.8796868324279785,-4.843965530395508,-3.788620948791504,0.0
983,ACH-000277,1.142552375793457,-0.7921902537345886,1.611140489578247,0.3236020505428314,True,-3.8682665824890137,0.984375,-3.947162116405154,0.08152709901332855,-10.0,-3.770937442779541,-4.558126449584961,-3.687541961669922,0.0
984,ACH-000288,0.5815958976745605,-1.34979248046875,1.6220903396606445,0.309298038482666,True,-4.005943298339844,0.984375,-3.9530402345986233,0.1863158494234085,-10.0,-3.910799741744995,-4.800992488861084,-3.8034586906433105,0.0
985,ACH-000330,0.48410069942474365,-1.420531988143921,1.5915652513504028,0.3130674362182617,True,-3.9583563804626465,0.984375,-3.9535718491850256,0.14963805675506592,-10.0,-3.862457513809204,-4.667219638824463,-3.784060478210449,0.0
986,ACH-000349,-34.69329071044922,-36.66169738769531,1.6436675786972046,0.32474052906036377,True,-4.070609092712402,0.984375,-3.965275573537763,0.0605592206120491,-10.0,-3.976491928100586,-4.729049205780029,-3.801913261413574,0.0
987,ACH-000352,2.3782825469970703,0.43940433859825134,1.6171212196350098,0.32175692915916443,True,-3.57564640045166,1.0,-3.9263126562291526,0.07134288549423218,-10.0,-3.57564640045166,-4.301858901977539,-3.4559073448181152,0.0
988,ACH-000374,1.850817322731018,-0.07446339726448059,1.5962153673171997,0.32906532287597656,True,-3.8917975425720215,1.0,-3.922861144863439,0.15029998123645782,-10.0,-3.8917975425720215,-4.742875099182129,-3.7987263202667236,0.0
989,ACH-000536,0.8830689787864685,-0.967747151851654,1.5410150289535522,0.3098011314868927,True,-3.980290651321411,0.984375,-3.9286040955092365,0.21536587178707123,-10.0,-3.884739875793457,-4.7465972900390625,-3.802726984024048,0.0
990,ACH-000554,1.7783606052398682,-0.16871033608913422,1.620483160018921,0.32658782601356506,True,-3.882020950317383,1.0,-3.923945780990051,0.16397105157375336,-10.0,-3.882020950317383,-4.740810394287109,-3.7962820529937744,0.0
991,ACH-000568,-9.053544044494629,-10.962138175964355,1.5934982299804688,0.3150959014892578,True,-3.648569107055664,0.984375,-3.896408113596612,0.037208087742328644,-10.0,-3.547752857208252,-4.160295009613037,-3.310046434402466,0.0
992,ACH-000573,-1.2249884605407715,-3.130174160003662,1.5849684476852417,0.32021719217300415,True,-4.009206295013428,0.953125,-3.9076879317382938,0.10050861537456512,-10.0,-3.7145769596099854,-4.392326831817627,-3.654759168624878,0.0
993,ACH-000621,1.560679316520691,-0.3724229335784912,1.6129649877548218,0.32013726234436035,True,-3.9574530124664307,1.0,-3.9126644398111075,0.09391210973262787,-10.0,-3.9574530124664307,-4.9799909591674805,-3.8033125400543213,0.0
994,ACH-000624,0.5683873891830444,-1.4753233194351196,1.7260435819625854,0.31766724586486816,True,-3.852832078933716,0.984375,-3.9066812037233682,0.1716867983341217,-10.0,-3.755258083343506,-4.288365364074707,-3.636064291000366,0.0
995,ACH-000643,-0.2103792428970337,-2.1962392330169678,1.668114423751831,0.3177455961704254,True,-4.1144490242004395,0.96875,-3.9274579857710754,0.14559520781040192,-10.0,-3.9245924949645996,-4.815037250518799,-3.803544759750366,0.0
996,ACH-000668,-0.12172937393188477,-2.117879867553711,1.6730926036834717,0.3230578899383545,True,-3.9863085746765137,0.984375,-3.933343044661619,0.10557542741298676,-10.0,-3.8908536434173584,-4.660999298095703,-3.7773237228393555,0.0
997,ACH-000691,-2.737940788269043,-4.718197345733643,1.6492677927017212,0.33098891377449036,True,-4.010890483856201,0.96875,-3.9410977885810774,0.06033797189593315,-10.0,-3.8176932334899902,-4.474231243133545,-3.714376211166382,0.0
998,ACH-000699,0.41814935207366943,-1.5396133661270142,1.6371620893478394,0.32060056924819946,True,-3.9628942012786865,0.984375,-3.943277429850838,0.11069008708000183,-10.0,-3.8670670986175537,-4.713899612426758,-3.772911548614502,0.0
999,ACH-000711,-0.26301276683807373,-2.202443838119507,1.6196616888046265,0.31976938247680664,True,-4.00709342956543,0.984375,-3.949659029822297,0.11385440826416016,-10.0,-3.911968469619751,-4.7691121101379395,-3.7923433780670166,0.0
1000,ACH-000725,-0.2688271999359131,-2.231332540512085,1.651389718055725,0.31111568212509155,True,-4.077143669128418,0.96875,-3.9624074937529095,0.07236287742853165,-10.0,-3.8860838413238525,-4.907424449920654,-2.685234785079956,0.0
