epoch,ach_id,loss,rl_loss,vae_recon_loss,vae_kl_loss,used_encoder,mean_reward,validity,baseline,entropy,invalid_penalty,mean_reward_valid,min_reward_valid,max_reward_valid,frac_valid_below_penalty
1,ACH-000019,-986.97216796875,-993.5347290039062,6.013729095458984,0.5488321781158447,True,-4.943277359008789,0.109375,-0.4943277359008788,1.6631983518600464,-5.0,-4.481395721435547,-5.2233381271362305,-4.197456359863281,0.1428571492433548
2,ACH-000044,-1148.807861328125,-1155.7022705078125,6.335737705230713,0.5587237477302551,True,-4.8205647468566895,0.125,-0.9269514369964598,2.145955801010132,-5.0,-3.5645179748535156,-3.7894699573516846,-3.2612500190734863,0.0
3,ACH-000097,-681.5640258789062,-688.0985107421875,5.981008529663086,0.5534532070159912,True,-4.991137504577637,0.0625,-1.3333700437545775,1.4115657806396484,-5.0,-4.8581953048706055,-5.209224700927734,-4.4828715324401855,0.5
4,ACH-000111,-630.0358276367188,-636.4570922851562,5.869235992431641,0.5520351529121399,True,-4.962162017822266,0.0625,-1.6962492411613461,1.4419066905975342,-5.0,-4.394596576690674,-4.745954513549805,-4.1566691398620605,0.0
5,ACH-000117,-546.562255859375,-552.6461181640625,5.545004844665527,0.5388445854187012,True,-4.948473930358887,0.09375,-2.0214717100811,1.4111087322235107,-5.0,-4.450390815734863,-4.641740322113037,-4.010507106781006,0.0
6,ACH-000147,-682.0380859375,-688.7494506835938,6.13482141494751,0.5765520334243774,True,-4.987607955932617,0.046875,-2.318085334666252,1.9654552936553955,-5.0,-4.735633850097656,-4.89527702331543,-4.416347503662109,0.0
7,ACH-000148,-677.6266479492188,-683.9794311523438,5.811604022979736,0.5412063598632812,True,-4.945067405700684,0.09375,-2.580783541769695,2.126690626144409,-5.0,-4.414053440093994,-4.802177429199219,-3.7960166931152344,0.0
8,ACH-000196,-457.27032470703125,-463.676513671875,5.837479591369629,0.568706750869751,True,-4.844074726104736,0.140625,-2.8071126602031993,1.6068522930145264,-5.0,-3.89119815826416,-5.085062026977539,-3.4596805572509766,0.1111111119389534
9,ACH-000212,-428.63946533203125,-435.15093994140625,5.920973300933838,0.5905139446258545,True,-4.965602874755859,0.109375,-3.0229616816584652,1.6508809328079224,-5.0,-4.685510158538818,-5.147705078125,-4.219915390014648,0.1428571492433548
10,ACH-000223,-406.87994384765625,-413.2127685546875,5.7706451416015625,0.5621797442436218,True,-4.937582015991211,0.140625,-3.21442371509174,1.7673556804656982,-5.0,-4.556138038635254,-4.97719669342041,-3.7810568809509277,0.0
11,ACH-000248,-275.9597473144531,-282.2662353515625,5.744105339050293,0.5623962879180908,True,-4.897079944610596,0.171875,-3.3826893380436256,1.3124984502792358,-5.0,-4.401191711425781,-5.0888872146606445,-4.067816257476807,0.09090909361839294
12,ACH-000258,-247.33399963378906,-253.5200958251953,5.617424488067627,0.5686761140823364,True,-4.79995059967041,0.125,-3.524415464206304,1.3259022235870361,-5.0,-3.399603843688965,-4.365471839904785,-1.5138243436813354,0.0
13,ACH-000276,-306.6222839355469,-312.8468017578125,5.650523662567139,0.5739918351173401,True,-4.956472396850586,0.078125,-3.667621157470732,1.798799753189087,-5.0,-4.44285249710083,-4.872293949127197,-3.840078592300415,0.0
14,ACH-000277,-277.7138671875,-283.91290283203125,5.657265663146973,0.541771650314331,True,-4.90824031829834,0.09375,-3.7916830735534925,1.7909107208251953,-5.0,-4.0212297439575195,-4.527434349060059,-3.4257683753967285,0.0
15,ACH-000288,-221.7974395751953,-228.1250457763672,5.766079902648926,0.5615286827087402,True,-4.954571723937988,0.125,-3.9079719385919423,1.5842900276184082,-5.0,-4.636574745178223,-5.205519199371338,-4.234431743621826,0.125
16,ACH-000330,-195.94302368164062,-202.13052368164062,5.60560941696167,0.5818874835968018,True,-4.953788757324219,0.078125,-4.0125536204651695,1.5712928771972656,-5.0,-4.408497333526611,-5.123687744140625,-3.3732705116271973,0.20000000298023224
17,ACH-000349,-196.5833740234375,-202.5613555908203,5.416403293609619,0.561582088470459,True,-4.973954200744629,0.0625,-4.108693678493116,1.6970739364624023,-5.0,-4.58326530456543,-4.8955078125,-4.24191427230835,0.0
18,ACH-000352,-182.04541015625,-188.23458862304688,5.623735427856445,0.5654468536376953,True,-4.854866981506348,0.140625,-4.183311008794439,1.7570712566375732,-5.0,-3.967944622039795,-4.301857948303223,-3.515923023223877,0.0
19,ACH-000374,-139.26710510253906,-145.42547607421875,5.587886333465576,0.5704817771911621,True,-4.9861040115356445,0.046875,-4.26359030906856,1.4948012828826904,-5.0,-4.703551292419434,-4.942212104797363,-4.541036128997803,0.0
20,ACH-000536,-161.08094787597656,-167.27520751953125,5.640440940856934,0.5538117289543152,True,-4.971923351287842,0.078125,-4.334423613290488,1.9155529737472534,-5.0,-4.64061975479126,-5.152101993560791,-4.124195575714111,0.4000000059604645
21,ACH-000554,-109.38803100585938,-115.2975845336914,5.345824241638184,0.5637293457984924,True,-4.957150459289551,0.171875,-4.396696297890394,1.444351315498352,-5.0,-4.75069522857666,-5.056385040283203,-4.535921096801758,0.1818181872367859
22,ACH-000568,-117.70143127441406,-123.90251159667969,5.6464738845825195,0.5546053647994995,True,-4.9511871337890625,0.0625,-4.4521453814802605,1.702690601348877,-5.0,-4.218991756439209,-4.320643424987793,-3.9859957695007324,0.0
23,ACH-000573,-94.19989013671875,-100.22647857666016,5.4810261726379395,0.5455628037452698,True,-4.93269157409668,0.09375,-4.500200000741903,1.5366307497024536,-5.0,-4.282038688659668,-4.559538841247559,-3.8515007495880127,0.0
24,ACH-000621,-92.17430114746094,-97.91828918457031,5.185344219207764,0.5586451888084412,True,-4.951010704040527,0.125,-4.5452810710717655,1.6428536176681519,-5.0,-4.608086585998535,-5.209857940673828,-4.122739791870117,0.25
25,ACH-000624,-74.14297485351562,-80.0721206665039,5.381086826324463,0.5480614304542542,True,-4.877788066864014,0.125,-4.57853177065099,1.4839668273925781,-5.0,-4.022304534912109,-4.526785373687744,-3.278561592102051,0.0
26,ACH-000643,-47.525543212890625,-53.103336334228516,5.019927024841309,0.5578678846359253,True,-4.923213005065918,0.125,-4.612999894092483,1.065546989440918,-5.0,-4.385702610015869,-5.040208339691162,-3.3833086490631104,0.25
27,ACH-000668,-70.24349975585938,-76.26591491699219,5.444113254547119,0.5783045291900635,True,-4.968729496002197,0.09375,-4.648572854283454,1.6534652709960938,-5.0,-4.666446208953857,-5.066215515136719,-4.203089714050293,0.1666666716337204
28,ACH-000691,-53.05742645263672,-58.83234405517578,5.210474491119385,0.5644450187683105,True,-4.9261474609375,0.078125,-4.676330314948859,1.4125394821166992,-5.0,-4.054687023162842,-4.153421401977539,-3.817580223083496,0.0
29,ACH-000699,-48.53439712524414,-54.6611213684082,5.532421588897705,0.5943030118942261,True,-4.963696479797363,0.125,-4.705066931433709,1.4021564722061157,-5.0,-4.709568977355957,-5.346988677978516,-3.8509023189544678,0.125
30,ACH-000711,-45.73039245605469,-51.33272933959961,5.005870819091797,0.5964640974998474,True,-4.941473960876465,0.09375,-4.728707634377985,1.451709508895874,-5.0,-4.3757219314575195,-4.957945823669434,-3.6024491786956787,0.0
31,ACH-000725,-41.2591552734375,-46.91356658935547,5.109489917755127,0.5449230670928955,True,-4.944513320922852,0.109375,-4.750288203032471,1.4439213275909424,-5.0,-4.492692947387695,-5.0313720703125,-4.086406707763672,0.1428571492433548
32,ACH-000755,-40.22750473022461,-46.00682830810547,5.211336612701416,0.5679863095283508,True,-4.912293434143066,0.140625,-4.766488726143531,1.5387346744537354,-5.0,-4.3763108253479,-4.925708770751953,-3.4206900596618652,0.0
33,ACH-000759,-41.413631439208984,-47.101829528808594,5.1258134841918945,0.5623857975006104,True,-4.973590850830078,0.0625,-4.787198938612185,1.6567258834838867,-5.0,-4.577455520629883,-4.638025760650635,-4.522066593170166,0.0
34,ACH-000768,-31.493541717529297,-37.361175537109375,5.303447246551514,0.564186155796051,True,-4.938744068145752,0.15625,-4.8023534515655415,1.4569882154464722,-5.0,-4.607961177825928,-5.209752559661865,-3.9630181789398193,0.10000000149011612
35,ACH-000783,-38.31285095214844,-43.77074432373047,4.895603656768799,0.5622881650924683,True,-4.941789627075195,0.078125,-4.816297069116507,1.8466951847076416,-5.0,-4.25491189956665,-4.6284356117248535,-3.702063798904419,0.0
36,ACH-000818,-38.03635025024414,-44.14536666870117,5.520719528198242,0.5882979035377502,True,-4.882930755615234,0.0625,-4.82296043776638,1.989445447921753,-5.0,-3.1268911361694336,-3.242713689804077,-2.9899470806121826,0.0
37,ACH-000828,-31.915271759033203,-37.56654739379883,5.0845232009887695,0.5667518377304077,True,-4.892828464508057,0.0625,-4.829947240440547,1.7735660076141357,-5.0,-3.285254716873169,-3.5176877975463867,-2.9765937328338623,0.0
38,ACH-000849,-21.099760055541992,-26.4202938079834,4.7844438552856445,0.5360904932022095,True,-4.923409461975098,0.109375,-4.839293462594002,1.2812168598175049,-5.0,-4.299742698669434,-4.740655422210693,-3.888751268386841,0.0
39,ACH-000856,-19.248315811157227,-24.61653709411621,4.787362098693848,0.5808587074279785,True,-4.879217147827148,0.140625,-4.843285831117317,1.2746245861053467,-5.0,-4.1411004066467285,-5.143690586090088,-3.4514617919921875,0.1111111119389534
40,ACH-000857,-19.47382164001465,-24.945219039916992,4.8828301429748535,0.588566780090332,True,-4.898083686828613,0.140625,-4.848765616688446,1.3336498737335205,-5.0,-4.275261878967285,-4.763634204864502,-3.819258213043213,0.0
41,ACH-000859,-16.552932739257812,-22.063783645629883,4.933693885803223,0.5771580934524536,True,-4.904107093811035,0.171875,-4.8542997644007055,1.2399041652679443,-5.0,-4.442078590393066,-4.995373725891113,-3.981842517852783,0.0
42,ACH-000876,-24.13201904296875,-29.32933235168457,4.621656894683838,0.575655460357666,True,-4.950839042663574,0.125,-4.863953692226993,1.6738604307174683,-5.0,-4.606715202331543,-4.903553009033203,-3.9418320655822754,0.0
43,ACH-000902,-16.854705810546875,-21.962068557739258,4.528481483459473,0.578880250453949,True,-4.897826194763184,0.140625,-4.867340942480611,1.3599364757537842,-5.0,-4.273428916931152,-4.849865913391113,-3.758920669555664,0.0
44,ACH-000910,-14.209450721740723,-19.330055236816406,4.532067775726318,0.5885366201400757,True,-4.869035243988037,0.203125,-4.8675103726313536,1.2260420322418213,-5.0,-4.355250835418701,-4.89912748336792,-3.8629016876220703,0.0
45,ACH-000927,-21.620285034179688,-27.199005126953125,4.9670562744140625,0.611662745475769,True,-4.893828392028809,0.109375,-4.870142174571098,1.7119829654693604,-5.0,-4.029290676116943,-4.6535491943359375,-2.5491206645965576,0.0
46,ACH-000930,-12.255460739135742,-17.356365203857422,4.498522758483887,0.60238116979599,True,-4.893671035766602,0.1875,-4.872495060690649,1.109694004058838,-5.0,-4.432912826538086,-5.062946796417236,-3.3796792030334473,0.0833333358168602
47,ACH-000934,-12.318133354187012,-17.46903419494629,4.570254325866699,0.5806466341018677,True,-4.916518688201904,0.125,-4.876897423441774,1.1420016288757324,-5.0,-4.332150459289551,-4.910057544708252,-3.8958423137664795,0.0
48,ACH-001390,-27.319700241088867,-33.99374771118164,6.018634796142578,0.655413031578064,True,-5.0,0.0,-4.889207681097597,2.23636531829834,-5.0,nan,nan,nan,nan
49,ACH-001819,-12.094378471374512,-17.150178909301758,4.476406574249268,0.5793941020965576,True,-4.892035484313965,0.125,-4.889490461419234,1.2917616367340088,-5.0,-4.1362810134887695,-4.519611358642578,-3.673029661178589,0.0
50,ACH-001820,-11.559786796569824,-16.45677947998047,4.319416522979736,0.5775759220123291,True,-4.925288677215576,0.125,-4.893070282998869,1.2429829835891724,-5.0,-4.402308464050293,-5.007518291473389,-2.74953031539917,0.125
51,ACH-000017,-12.559026718139648,-17.253808975219727,4.138751983642578,0.556030809879303,True,-4.879477500915527,0.15625,-4.891711004790534,1.342882752418518,-5.0,-4.228654384613037,-4.874607086181641,-3.8766226768493652,0.0
52,ACH-000019,-9.042741775512695,-14.374920845031738,4.775406837463379,0.5567727088928223,True,-4.883578777313232,0.203125,-4.890897782042804,1.1302478313446045,-5.0,-4.426849365234375,-5.071116924285889,-2.9467709064483643,0.1538461595773697
53,ACH-000044,-18.94051170349121,-24.487953186035156,4.946432113647461,0.6010093092918396,True,-4.90910530090332,0.0625,-4.892718533928855,1.869836688041687,-5.0,-3.5456809997558594,-3.9846391677856445,-3.135624647140503,0.0
54,ACH-000097,-3.4841012954711914,-8.623775482177734,4.577375888824463,0.5622984170913696,True,-4.896075248718262,0.203125,-4.893054205407796,0.7209091186523438,-5.0,-4.488369941711426,-5.209274768829346,-3.7426211833953857,0.23076924681663513
55,ACH-000111,-7.886981964111328,-12.637269973754883,4.152283668518066,0.5980044603347778,True,-4.88452672958374,0.1875,-4.89220145782539,1.0037124156951904,-5.0,-4.384142875671387,-5.524831771850586,-3.3922841548919678,0.0833333358168602
56,ACH-000117,-9.610116958618164,-13.942081451416016,3.752161741256714,0.5798032283782959,True,-4.880776882171631,0.171875,-4.8910590002600145,1.0832405090332031,-5.0,-4.306338310241699,-5.2429399490356445,-3.3429131507873535,0.09090909361839294
57,ACH-000147,-16.270294189453125,-21.24502944946289,4.454249382019043,0.5204852819442749,True,-4.919053077697754,0.140625,-4.893858408003788,1.593133568763733,-5.0,-4.424378395080566,-5.181596279144287,-3.810662031173706,0.1111111119389534
58,ACH-000148,-13.69281005859375,-18.45457649230957,4.191647052764893,0.57011878490448,True,-4.961861610412598,0.078125,-4.900658728244668,1.427289605140686,-5.0,-4.511826515197754,-4.587958812713623,-4.453885078430176,0.0
59,ACH-000196,-7.977252006530762,-12.57512378692627,4.003806114196777,0.5940659046173096,True,-4.818706512451172,0.1875,-4.892463506665319,1.0944955348968506,-5.0,-4.033100128173828,-4.991672515869141,-3.3969244956970215,0.0
60,ACH-000212,-8.16606616973877,-12.695003509521484,3.9280476570129395,0.6008896827697754,True,-4.897446155548096,0.171875,-4.892961771553597,0.9839852452278137,-5.0,-4.403325080871582,-5.147705078125,-3.3898754119873047,0.09090909361839294
61,ACH-000223,-9.212068557739258,-13.69344425201416,3.88558030128479,0.5957949161529541,True,-4.9174604415893555,0.125,-4.895411638557173,1.0666613578796387,-5.0,-4.339682579040527,-4.97719669342041,-3.8532676696777344,0.0
62,ACH-000248,-10.12449836730957,-14.659107208251953,3.9321963787078857,0.602412223815918,True,-4.924829483032227,0.125,-4.898353423004678,1.1697930097579956,-5.0,-4.39863395690918,-4.901557922363281,-3.9828102588653564,0.0
63,ACH-000258,-6.506174087524414,-11.106279373168945,4.0027174949646,0.5973880290985107,True,-4.874298095703125,0.125,-4.895947890274523,0.9558820724487305,-5.0,-3.99438214302063,-4.697227478027344,-3.020577907562256,0.0
64,ACH-000276,-10.263140678405762,-14.655811309814453,3.7900993824005127,0.6025710105895996,True,-4.915154933929443,0.15625,-4.8978685946400145,1.1807501316070557,-5.0,-4.456991195678711,-5.0550312995910645,-4.022271633148193,0.10000000149011612
65,ACH-000277,-6.094792366027832,-10.420371055603027,3.7442588806152344,0.5813198089599609,True,-4.81414794921875,0.296875,-4.8894965300978885,0.9404221177101135,-5.0,-4.373972415924072,-5.637670993804932,-3.2938461303710938,0.05263157933950424
66,ACH-000288,-15.626615524291992,-20.256526947021484,4.059767723083496,0.57014399766922,True,-4.916204452514648,0.125,-4.892167322339565,1.5145429372787476,-5.0,-4.329634666442871,-4.982795715332031,-3.379532814025879,0.0
67,ACH-000330,-7.630819320678711,-11.941457748413086,3.694284439086914,0.6163539886474609,True,-4.919154167175293,0.171875,-4.894866006823139,0.9408254623413086,-5.0,-4.52962589263916,-5.1236724853515625,-3.5893197059631348,0.1818181872367859
68,ACH-000349,-9.129270553588867,-13.103347778320312,3.3957817554473877,0.5782954692840576,True,-4.950401306152344,0.15625,-4.9004195367560595,1.0140494108200073,-5.0,-4.682567596435547,-5.2180562019348145,-3.983198404312134,0.4000000059604645
69,ACH-000352,-8.454229354858398,-12.52938461303711,3.481265068054199,0.5938907265663147,True,-4.783236503601074,0.203125,-4.888701233440561,1.1177406311035156,-5.0,-3.9328556060791016,-4.399343967437744,-3.3424715995788574,0.0
70,ACH-000374,-9.406522750854492,-13.526029586791992,3.513587236404419,0.6059197783470154,True,-4.871855735778809,0.234375,-4.887016683674386,1.051928997039795,-5.0,-4.453251361846924,-5.215251445770264,-3.9073922634124756,0.13333334028720856
71,ACH-000536,-10.843522071838379,-14.998400688171387,3.586672306060791,0.5682064294815063,True,-4.910926342010498,0.203125,-4.889407649507997,1.1148715019226074,-5.0,-4.561482906341553,-5.152092933654785,-3.8017847537994385,0.1538461595773697
72,ACH-000554,-5.25568962097168,-9.344099998474121,3.4561543464660645,0.6322559118270874,True,-4.807221412658691,0.328125,-4.881189025823066,0.7587104439735413,-5.0,-4.4124836921691895,-5.056384086608887,-3.5069851875305176,0.190476194024086
73,ACH-000568,-10.499458312988281,-14.775518417358398,3.673365592956543,0.6026949286460876,True,-4.774580001831055,0.234375,-4.870528123423865,1.085355520248413,-5.0,-4.0382080078125,-4.411128044128418,-3.5077052116394043,0.0
74,ACH-000573,-12.071056365966797,-15.828672409057617,3.1493961811065674,0.6082204580307007,True,-4.866921424865723,0.21875,-4.870167453568051,1.0407600402832031,-5.0,-4.391639709472656,-4.843446731567383,-3.979459762573242,0.0
75,ACH-000621,-8.809334754943848,-12.718337059020996,3.32965350151062,0.5793485045433044,True,-4.833556652069092,0.296875,-4.866506373418154,0.8678991794586182,-5.0,-4.4393486976623535,-5.0176849365234375,-3.803312301635742,0.05263157933950424
76,ACH-000624,-4.377081394195557,-8.198200225830078,3.2479445934295654,0.5731743574142456,True,-4.735208511352539,0.328125,-4.853376587211593,0.629869818687439,-5.0,-4.19301700592041,-5.0644941329956055,-2.3530564308166504,0.0476190485060215
77,ACH-000643,-10.91557788848877,-14.734776496887207,3.2095839977264404,0.609614372253418,True,-4.865082740783691,0.25,-4.854547202568803,0.8624269962310791,-5.0,-4.460329532623291,-5.186069965362549,-3.7981815338134766,0.125
78,ACH-000668,-10.359700202941895,-14.186230659484863,3.2474894523620605,0.5790407657623291,True,-4.870781898498535,0.203125,-4.856170672161777,0.8337679505348206,-5.0,-4.363850116729736,-4.79714298248291,-3.9071431159973145,0.0
79,ACH-000691,-10.644582748413086,-14.537983894348145,3.2815911769866943,0.6118097901344299,True,-4.839900016784668,0.234375,-4.854543606624065,0.8624429106712341,-5.0,-4.316905975341797,-4.985241889953613,-3.4024834632873535,0.0
80,ACH-000699,-10.544984817504883,-14.368762969970703,3.2262299060821533,0.5975480079650879,True,-4.869342803955078,0.1875,-4.856023526357166,0.8489683866500854,-5.0,-4.303159713745117,-4.617852687835693,-3.5915908813476562,0.0
81,ACH-000711,-12.01498794555664,-15.792154312133789,3.1758804321289062,0.6012853980064392,True,-4.913385391235352,0.203125,-4.861759712844985,0.9316868782043457,-5.0,-4.573589324951172,-5.183089733123779,-3.1258583068847656,0.23076924681663513
82,ACH-000725,-12.381824493408203,-16.03825569152832,3.054574489593506,0.6018561720848083,True,-4.8165178298950195,0.28125,-4.8572355245499885,1.0264778137207031,-5.0,-4.347618579864502,-5.088705062866211,-3.6293604373931885,0.1666666716337204
83,ACH-000755,-11.186579704284668,-14.95103645324707,3.1756906509399414,0.5887663960456848,True,-4.845020771026611,0.21875,-4.856014049197651,0.8976601958274841,-5.0,-4.2915239334106445,-4.865811347961426,-3.8392446041107178,0.0
84,ACH-000759,-7.234746932983398,-11.153558731079102,3.3062984943389893,0.6125132441520691,True,-4.802700996398926,0.296875,-4.850682743917779,0.6969881057739258,-5.0,-4.335412502288818,-4.823952674865723,-3.8464853763580322,0.0
85,ACH-000768,-7.060398101806641,-10.901849746704102,3.2660932540893555,0.5753583908081055,True,-4.780309677124023,0.34375,-4.843645437238403,0.6482711434364319,-5.0,-4.36090087890625,-5.209751129150391,-3.5559544563293457,0.13636364042758942
86,ACH-000783,-6.647647857666016,-10.381425857543945,3.1239540576934814,0.6098241209983826,True,-4.895360946655273,0.234375,-4.84881698818009,0.5620803833007812,-5.0,-4.553540229797363,-5.968979358673096,-3.570584774017334,0.20000001788139343
87,ACH-000818,-15.425700187683105,-19.2211856842041,3.1820642948150635,0.6134209632873535,True,-4.793676853179932,0.109375,-4.843302974680075,1.0956034660339355,-5.0,-3.1136162281036377,-3.641573190689087,-2.929140090942383,0.0
88,ACH-000828,-9.065919876098633,-12.889991760253906,3.2235960960388184,0.6004762649536133,True,-4.719167709350586,0.171875,-4.830889448147126,0.7532199621200562,-5.0,-3.3660666942596436,-3.7916977405548096,-2.9982941150665283,0.0
89,ACH-000849,-12.275847434997559,-16.074565887451172,3.2313873767852783,0.5673309564590454,True,-4.82997989654541,0.21875,-4.830798492986954,0.8000913858413696,-5.0,-4.222766399383545,-5.2509894371032715,-3.86253023147583,0.0714285746216774
90,ACH-000856,-9.271442413330078,-12.850509643554688,2.9989664554595947,0.5801007151603699,True,-4.718938827514648,0.34375,-4.819612526439723,0.6950442790985107,-5.0,-4.18236780166626,-4.854221820831299,-3.5688395500183105,0.0
91,ACH-000857,-7.916528701782227,-11.543946266174316,3.0042645931243896,0.6231530904769897,True,-4.759560585021973,0.359375,-4.813607332297948,0.5838748216629028,-5.0,-4.330950736999512,-4.849977016448975,-3.7877817153930664,0.0
92,ACH-000859,-5.511604309082031,-9.443140029907227,3.3123676776885986,0.6191682815551758,True,-4.829396724700928,0.28125,-4.815186271538246,0.47414714097976685,-5.0,-4.393409729003906,-4.990062236785889,-3.915700912475586,0.0
93,ACH-000876,-8.934955596923828,-12.555445671081543,3.030242443084717,0.5902471542358398,True,-4.8388237953186035,0.21875,-4.817550023916282,0.593732476234436,-5.0,-4.263195991516113,-4.829081058502197,-3.747523784637451,0.0
94,ACH-000902,-4.336048603057861,-7.880927085876465,2.9313104152679443,0.6135679483413696,True,-4.740999221801758,0.375,-4.80989494370483,0.41838034987449646,-5.0,-4.30933141708374,-4.914620399475098,-3.4073710441589355,0.0
95,ACH-000910,-10.426836013793945,-14.090679168701172,3.0716938972473145,0.5921489000320435,True,-4.779340744018555,0.328125,-4.806839523736203,0.6531225442886353,-5.0,-4.327514171600342,-5.2676100730896,-3.0024194717407227,0.095238097012043
96,ACH-000927,-6.32919979095459,-10.171446800231934,3.242103338241577,0.6001439094543457,True,-4.754208564758301,0.3125,-4.8015764278384125,0.5188506841659546,-5.0,-4.213468074798584,-4.718985557556152,-3.4181995391845703,0.0
97,ACH-000930,-6.434885025024414,-9.845556259155273,2.7937562465667725,0.6169148683547974,True,-4.874460220336914,0.25,-4.808864807088263,0.4339854419231415,-5.0,-4.49783992767334,-4.989434242248535,-3.8435745239257812,0.0
98,ACH-000934,-9.604835510253906,-13.17372989654541,2.9484496116638184,0.6204452514648438,True,-4.8432512283325195,0.28125,-4.812303449212688,0.5996978282928467,-5.0,-4.442670822143555,-4.9433817863464355,-3.9720749855041504,0.0
99,ACH-001390,-21.043025970458984,-25.47793197631836,3.7881343364715576,0.646772027015686,True,-4.9410624504089355,0.125,-4.825179349332314,1.1362690925598145,-5.0,-4.528497219085693,-5.024109840393066,-3.84452486038208,0.375
100,ACH-001819,-8.246713638305664,-11.93514633178711,3.0870845317840576,0.6013482213020325,True,-4.766243934631348,0.265625,-4.819285807862217,0.6186723709106445,-5.0,-4.119977951049805,-4.756590366363525,-3.4063305854797363,0.0
101,ACH-001820,-8.197720527648926,-11.71363639831543,2.9155380725860596,0.6003779172897339,True,-4.722243309020996,0.4375,-4.8095815579780945,0.6295996904373169,-5.0,-4.365126609802246,-5.1864824295043945,-3.7022340297698975,0.1071428656578064
102,ACH-000017,-8.905826568603516,-12.658828735351562,3.1460607051849365,0.6069417595863342,True,-4.838189125061035,0.328125,-4.812442314686388,0.5984840989112854,-5.0,-4.506862640380859,-5.348888397216797,-3.876621723175049,0.190476194024086
103,ACH-000019,-13.042640686035156,-16.601947784423828,2.994032382965088,0.5652750134468079,True,-4.772047996520996,0.3125,-4.808402882869849,0.77991783618927,-5.0,-4.270554542541504,-4.942185878753662,-3.3772659301757812,0.0
104,ACH-000044,-20.779272079467773,-24.775802612304688,3.399813175201416,0.5967170000076294,True,-4.7129364013671875,0.203125,-4.798856234719583,1.1399421691894531,-5.0,-3.5867626667022705,-4.073390007019043,-3.1371564865112305,0.0
105,ACH-000097,-2.9075558185577393,-6.858731746673584,3.363971471786499,0.5872044563293457,True,-4.800124645233154,0.34375,-4.79898307577094,0.3380635976791382,-5.0,-4.418545246124268,-5.209274768829346,-3.8541462421417236,0.09090909361839294
106,ACH-000111,-10.567272186279297,-14.119332313537598,2.9649951457977295,0.5870647430419922,True,-4.841050148010254,0.234375,-4.803189782994872,0.6067599654197693,-5.0,-4.321813106536865,-4.834753513336182,-3.816951036453247,0.0
107,ACH-000117,-8.086118698120117,-11.20820140838623,2.517219066619873,0.6048638820648193,True,-4.71546745300293,0.4375,-4.794417549995678,0.5420407056808472,-5.0,-4.349640846252441,-4.9306135177612305,-3.2492568492889404,0.0
108,ACH-000147,-12.699810981750488,-16.25591468811035,3.010470390319824,0.5456332564353943,True,-4.789534568786621,0.28125,-4.793929251874772,0.7119832634925842,-5.0,-4.251679420471191,-5.181596279144287,-3.3715829849243164,0.1111111119389534
109,ACH-000148,-14.071647644042969,-17.552762985229492,2.9185409545898438,0.5625743865966797,True,-4.809942245483398,0.265625,-4.795530551235635,0.7392641305923462,-5.0,-4.284487724304199,-5.014583110809326,-3.52114200592041,0.05882352963089943
110,ACH-000196,-4.150692939758301,-7.420923233032227,2.670905351638794,0.5993247032165527,True,-4.649500846862793,0.375,-4.780927580798351,0.38056522607803345,-5.0,-4.065336227416992,-4.991672515869141,-2.2845160961151123,0.0
111,ACH-000212,-6.062445640563965,-9.33090877532959,2.6790778636932373,0.5893852710723877,True,-4.835496425628662,0.34375,-4.786384465281382,0.38373714685440063,-5.0,-4.521444797515869,-5.147704601287842,-4.039446830749512,0.04545454680919647
112,ACH-000223,-13.233304023742676,-16.575044631958008,2.740990161895752,0.6007506251335144,True,-4.814318656921387,0.34375,-4.789177884445383,0.691470742225647,-5.0,-4.459836959838867,-5.067060470581055,-3.7224040031433105,0.04545454680919647
113,ACH-000248,-4.389236927032471,-7.629669666290283,2.6453402042388916,0.5950925350189209,True,-4.6994171142578125,0.46875,-4.780201807426626,0.3621929883956909,-5.0,-4.3587565422058105,-5.0888872146606445,-3.8150551319122314,0.03333333507180214
114,ACH-000258,-7.618568420410156,-11.006532669067383,2.776010751724243,0.6119535565376282,True,-4.706707000732422,0.3125,-4.772852326757206,0.4557122588157654,-5.0,-4.061463356018066,-4.988142967224121,-0.8672089576721191,0.0
115,ACH-000276,-4.2044782638549805,-7.364088535308838,2.567659854888916,0.5919501185417175,True,-4.717288017272949,0.5,-4.76729589580878,0.3500850200653076,-5.0,-4.434575080871582,-5.157947540283203,-3.6383156776428223,0.125
116,ACH-000277,-16.248048782348633,-19.45954704284668,2.618293523788452,0.5932046175003052,True,-4.740535736083984,0.328125,-4.7646198798363,0.7299317717552185,-5.0,-4.2092509269714355,-4.781344413757324,-3.4257659912109375,0.0
117,ACH-000288,-9.295839309692383,-12.643166542053223,2.8184025287628174,0.5289243459701538,True,-4.803601264953613,0.328125,-4.768518018348032,0.46550971269607544,-5.0,-4.401451110839844,-4.745999336242676,-3.8400487899780273,0.0
118,ACH-000330,-4.377710342407227,-7.747178554534912,2.7620456218719482,0.6074228286743164,True,-4.714541435241699,0.40625,-4.763120360037399,0.3303462564945221,-5.0,-4.297331809997559,-4.9877729415893555,-2.8741235733032227,0.0
119,ACH-000349,-5.565703392028809,-8.599603652954102,2.431793451309204,0.602106511592865,True,-4.7737627029418945,0.453125,-4.7641845943278485,0.3360293507575989,-5.0,-4.500718593597412,-5.2180562019348145,-3.8427231311798096,0.17241379618644714
120,ACH-000352,-10.943477630615234,-13.98650074005127,2.4499473571777344,0.5930761098861694,True,-4.688421249389648,0.328125,-4.756608259834028,0.5273023247718811,-5.0,-4.0504279136657715,-4.426443576812744,-3.515923500061035,0.0
121,ACH-000374,-7.29398250579834,-10.462397575378418,2.5490121841430664,0.6194031238555908,True,-4.740984916687012,0.421875,-4.755045925519326,0.4036310315132141,-5.0,-4.386037826538086,-5.2152509689331055,-3.735283374786377,0.1111111119389534
122,ACH-000536,-3.2283310890197754,-6.217568397521973,2.415773630142212,0.5734636783599854,True,-4.651793956756592,0.515625,-4.744720728643053,0.2724493443965912,-5.0,-4.324691295623779,-5.152092933654785,-3.532496929168701,0.03030303120613098
123,ACH-000554,-13.249679565429688,-16.298595428466797,2.455615758895874,0.593299925327301,True,-4.756608486175537,0.390625,-4.745909504396301,0.5761789679527283,-5.0,-4.376917839050293,-5.056384086608887,-3.8072357177734375,0.03999999910593033
124,ACH-000568,-6.429783821105957,-9.59422492980957,2.5737130641937256,0.5907278060913086,True,-4.52054500579834,0.46875,-4.723373054536505,0.3791508078575134,-5.0,-3.977163791656494,-4.804591178894043,-3.325298309326172,0.0
125,ACH-000573,-3.342433214187622,-6.4193854331970215,2.4804177284240723,0.5965344905853271,True,-4.542566776275635,0.578125,-4.705292426710418,0.28270620107650757,-5.0,-4.20876407623291,-4.955902099609375,-3.5698041915893555,0.0
126,ACH-000621,-6.259543418884277,-9.527012825012207,2.680311679840088,0.5871577858924866,True,-4.816621780395508,0.296875,-4.716425362078928,0.2950916886329651,-5.0,-4.3823041915893555,-5.209857940673828,-3.5099501609802246,0.10526315867900848
127,ACH-000624,-8.994563102722168,-12.146167755126953,2.552389621734619,0.5992151498794556,True,-4.675614356994629,0.421875,-4.7123442615704985,0.4059430658817291,-5.0,-4.231085777282715,-5.0644941329956055,-3.427873134613037,0.03703703731298447
128,ACH-000643,-6.845732688903809,-9.85269546508789,2.410930871963501,0.5960322022438049,True,-4.755906105041504,0.4375,-4.716700445917599,0.3166171908378601,-5.0,-4.442071437835693,-5.186069488525391,-3.3833088874816895,0.1071428656578064
129,ACH-000668,-5.677548885345459,-8.73607349395752,2.473958730697632,0.5845658183097839,True,-4.695163726806641,0.484375,-4.714546774006503,0.30323517322540283,-5.0,-4.370659828186035,-5.139862060546875,-3.3703174591064453,0.09677419066429138
130,ACH-000691,-6.753763675689697,-9.85067367553711,2.4961535930633545,0.6007564067840576,True,-4.661293029785156,0.515625,-4.709221399584369,0.33578020334243774,-5.0,-4.343113899230957,-5.109858989715576,-2.4288430213928223,0.06060606241226196
131,ACH-000699,-8.754639625549316,-11.80183219909668,2.4236645698547363,0.6235278248786926,True,-4.677375793457031,0.453125,-4.7060368389716345,0.3889380097389221,-5.0,-4.28800106048584,-4.7992753982543945,-3.5859928131103516,0.0
132,ACH-000711,-9.96537971496582,-12.97887897491455,2.4193947315216064,0.5941044092178345,True,-4.676548957824707,0.515625,-4.703088050856942,0.4229321777820587,-5.0,-4.3727006912231445,-5.183089256286621,-3.581228494644165,0.09090909361839294
133,ACH-000725,-4.097763538360596,-7.042090892791748,2.3697686195373535,0.5745588541030884,True,-4.698061466217041,0.484375,-4.702585392392952,0.23712190985679626,-5.0,-4.37664270401001,-5.088705062866211,-3.2569446563720703,0.12903225421905518
134,ACH-000755,-11.701167106628418,-14.715680122375488,2.4107682704925537,0.6037449240684509,True,-4.710324287414551,0.421875,-4.7033592818951115,0.46446549892425537,-5.0,-4.313361167907715,-4.865811347961426,-3.7989072799682617,0.0
135,ACH-000759,-5.398629188537598,-8.470627784729004,2.48730206489563,0.5846962332725525,True,-4.647874355316162,0.484375,-4.6978107892372165,0.2848874628543854,-5.0,-4.273030757904053,-4.9904046058654785,-3.430136203765869,0.0
136,ACH-000768,-12.286369323730469,-15.433871269226074,2.5970773696899414,0.5504239797592163,True,-4.769645690917969,0.359375,-4.704994279405292,0.468923419713974,-5.0,-4.359015464782715,-5.040654182434082,-3.4073867797851562,0.043478261679410934
137,ACH-000783,-6.982211112976074,-10.047710418701172,2.477043390274048,0.5884559154510498,True,-4.726179122924805,0.515625,-4.707112763757243,0.3293558657169342,-5.0,-4.468953609466553,-5.215610027313232,-3.597865343093872,0.06060606241226196
138,ACH-000818,-10.060162544250488,-13.042741775512695,2.3542098999023438,0.6283693313598633,True,-4.3852715492248535,0.328125,-4.674928642304004,0.4332805275917053,-5.0,-3.12654185295105,-3.839928388595581,-2.8102688789367676,0.0
139,ACH-000828,-13.885494232177734,-16.96944808959961,2.497467041015625,0.5864865779876709,True,-4.409756660461426,0.375,-4.648411444119747,0.522355318069458,-5.0,-3.4260175228118896,-4.453146934509277,-2.9764912128448486,0.0
140,ACH-000849,-17.187530517578125,-20.26959228515625,2.5541086196899414,0.5279542207717896,True,-4.7084527015686035,0.375,-4.654415569864632,0.506759762763977,-5.0,-4.222540855407715,-4.945459365844727,-2.4317567348480225,0.0
141,ACH-000856,-4.7381086349487305,-7.6763129234313965,2.3583219051361084,0.5798825621604919,True,-4.554983139038086,0.546875,-4.644472326781977,0.2302325963973999,-5.0,-4.186254501342773,-4.750304222106934,-3.579336404800415,0.0
142,ACH-000857,-8.254207611083984,-11.26447868347168,2.3908896446228027,0.6193814873695374,True,-4.690605640411377,0.484375,-4.649085658144918,0.3041761517524719,-5.0,-4.361250400543213,-5.168478012084961,-3.603468418121338,0.06451612710952759
143,ACH-000859,-12.181022644042969,-15.479020118713379,2.6997764110565186,0.5982211828231812,True,-4.717648506164551,0.390625,-4.655941942946881,0.40816396474838257,-5.0,-4.27717924118042,-4.777556419372559,-3.5467684268951416,0.0
144,ACH-000876,-7.6625871658325195,-10.698824882507324,2.4529879093170166,0.5832498073577881,True,-4.687110900878906,0.5,-4.6590588387400835,0.29731878638267517,-5.0,-4.374222278594971,-4.834582328796387,-3.4258205890655518,0.0
145,ACH-000902,-7.127138137817383,-10.216538429260254,2.4955990314483643,0.593800961971283,True,-4.667832374572754,0.515625,-4.659936192323351,0.28679847717285156,-5.0,-4.3557963371276855,-5.087385177612305,-3.4073710441589355,0.03030303120613098
146,ACH-000910,-8.39765453338623,-11.407034873962402,2.4513168334960938,0.558063268661499,True,-4.749004364013672,0.40625,-4.668843009492384,0.30531302094459534,-5.0,-4.382164001464844,-4.927915096282959,-3.3872480392456055,0.0
147,ACH-000927,-2.8545331954956055,-5.872641563415527,2.4421768188476562,0.5759315490722656,True,-4.594159126281738,0.46875,-4.661374621171319,0.21123537421226501,-5.0,-4.134206295013428,-4.7189860343933105,-3.4491450786590576,0.0
148,ACH-000930,-8.348577499389648,-11.335431098937988,2.413302183151245,0.5735510587692261,True,-4.612961292266846,0.546875,-4.656533288280872,0.3305920958518982,-5.0,-4.292272090911865,-4.98943567276001,-3.3796792030334473,0.0
149,ACH-000934,-6.83457612991333,-9.702190399169922,2.287747383117676,0.5798670053482056,True,-4.674210548400879,0.5625,-4.6583010142928725,0.27638280391693115,-5.0,-4.420818328857422,-5.054849624633789,-3.847550868988037,0.1111111119389534
150,ACH-001390,-8.445368766784668,-11.763467788696289,2.7095227241516113,0.6085765361785889,True,-4.82115364074707,0.265625,-4.674586276938292,0.32365545630455017,-5.0,-4.326695919036865,-5.023115634918213,-3.3385634422302246,0.05882352963089943
151,ACH-001819,0.251192569732666,-2.7376656532287598,2.403608798980713,0.5852493047714233,True,-4.61097526550293,0.453125,-4.668225175794756,0.12581302225589752,-5.0,-4.141462802886963,-4.746579170227051,-3.18304181098938,0.0
152,ACH-001820,-4.804844856262207,-7.7689008712768555,2.375908613204956,0.5881476998329163,True,-4.695290565490723,0.515625,-4.670931714764352,0.23941542208194733,-5.0,-4.409047603607178,-5.1864824295043945,-3.542646884918213,0.09090909361839294
153,ACH-000017,-5.648563385009766,-8.665454864501953,2.4315550327301025,0.5853362679481506,True,-4.6703267097473145,0.53125,-4.6708712142626485,0.2552071213722229,-5.0,-4.379438400268555,-5.002181529998779,-3.7551681995391846,0.029411764815449715
154,ACH-000019,-9.595118522644043,-12.590310096740723,2.4812374114990234,0.5139544010162354,True,-4.806528091430664,0.328125,-4.68443690197945,0.3499048352241516,-5.0,-4.410372257232666,-5.057751178741455,-3.5152130126953125,0.095238097012043
155,ACH-000044,-9.096271514892578,-12.209221839904785,2.52933406829834,0.5836163759231567,True,-4.371496677398682,0.453125,-4.653142879521374,0.41637754440307617,-5.0,-3.6129586696624756,-4.164044380187988,-3.198422908782959,0.0
156,ACH-000097,-5.194480895996094,-8.359713554382324,2.5908663272857666,0.574366569519043,True,-4.652002811431885,0.46875,-4.653028872712425,0.25600680708885193,-5.0,-4.25760555267334,-5.209274768829346,-3.8031845092773438,0.03333333507180214
157,ACH-000111,-2.9838509559631348,-5.915266036987305,2.378024101257324,0.5533910989761353,True,-4.5947265625,0.59375,-4.647198641691182,0.19693851470947266,-5.0,-4.317434787750244,-4.9653544425964355,-3.398825168609619,0.0
158,ACH-000117,-0.3959677219390869,-3.2218074798583984,2.245136022567749,0.5807037353515625,True,-4.679492950439453,0.46875,-4.65042807256601,0.10862364619970322,-5.0,-4.316251277923584,-4.930613040924072,-3.6350274085998535,0.0
159,ACH-000147,-10.373738288879395,-13.300836563110352,2.4342644214630127,0.49283379316329956,True,-4.745362281799316,0.46875,-4.659921493489341,0.3503068685531616,-5.0,-4.456773281097412,-5.181596279144287,-3.677046060562134,0.06666667014360428
160,ACH-000148,-13.167495727539062,-16.064966201782227,2.3770787715911865,0.5203922986984253,True,-4.738385200500488,0.390625,-4.667767864190456,0.4168712794780731,-5.0,-4.330265522003174,-5.201489448547363,-3.341808557510376,0.03999999910593033
161,ACH-000196,-1.0472261905670166,-3.799863576889038,2.2098402976989746,0.5427970886230469,True,-4.517895698547363,0.578125,-4.652780647626146,0.14813078939914703,-5.0,-4.166090965270996,-5.0856828689575195,-3.516606569290161,0.027027027681469917
162,ACH-000212,-2.244274139404297,-4.999075889587402,2.1700387001037598,0.5847631692886353,True,-4.674348831176758,0.53125,-4.654937465981208,0.15841242671012878,-5.0,-4.387009620666504,-5.147704601287842,-3.651344060897827,0.05882352963089943
163,ACH-000223,-3.335913896560669,-6.187314987182617,2.274071216583252,0.5773299336433411,True,-4.66961669921875,0.546875,-4.656405389304962,0.20117250084877014,-5.0,-4.395870208740234,-4.977197170257568,-3.3380393981933594,0.0
164,ACH-000248,-4.15964412689209,-6.97437047958374,2.24137544631958,0.5733510851860046,True,-4.646410942077637,0.484375,-4.655405944582229,0.21122634410858154,-5.0,-4.270010471343994,-5.28533935546875,-3.484497547149658,0.032258063554763794
165,ACH-000258,-3.704929828643799,-6.649808883666992,2.383833169937134,0.5610458254814148,True,-4.487542629241943,0.59375,-4.638619613048201,0.2146318107843399,-5.0,-4.136914253234863,-4.996311664581299,-3.0958642959594727,0.0
166,ACH-000276,0.6799418926239014,-2.034200429916382,2.177929401397705,0.5362129211425781,True,-4.661447525024414,0.53125,-4.640902404245822,0.29923126101493835,-5.0,-4.362725257873535,-5.169401168823242,-3.7779603004455566,0.05882352963089943
167,ACH-000277,-2.449812889099121,-5.277864456176758,2.2469754219055176,0.5810760855674744,True,-4.473626136779785,0.59375,-4.624174777499219,0.19100363552570343,-5.0,-4.113475799560547,-4.558125972747803,-3.4739489555358887,0.0
168,ACH-000288,-8.7507963180542,-11.701298713684082,2.4198532104492188,0.5306490659713745,True,-4.682141304016113,0.578125,-4.629971430150908,0.3019023537635803,-5.0,-4.450190544128418,-5.205519199371338,-3.803459644317627,0.027027027681469917
169,ACH-000330,-3.743203639984131,-6.674678325653076,2.3605031967163086,0.5709714889526367,True,-4.691757678985596,0.5,-4.636150055034377,0.1917506456375122,-5.0,-4.383515357971191,-5.123673439025879,-3.587352991104126,0.03125
170,ACH-000349,1.0928186178207397,-1.636149525642395,2.1371021270751953,0.5918658971786499,True,-4.617980003356934,0.546875,-4.634333049866632,0.31736019253730774,-5.0,-4.301449775695801,-5.218055725097656,-3.538347005844116,0.08571428805589676
171,ACH-000352,-1.079176664352417,-3.7426950931549072,2.077584981918335,0.5859334468841553,True,-4.379519462585449,0.578125,-4.608851691138515,0.15214693546295166,-5.0,-3.926736354827881,-4.445492744445801,-3.2450308799743652,0.0
172,ACH-000374,-1.075352430343628,-3.8221707344055176,2.1742541790008545,0.5725641846656799,True,-4.693445205688477,0.578125,-4.617311042593512,0.11380965262651443,-5.0,-4.469743251800537,-5.2152509689331055,-3.7937686443328857,0.1621621698141098
173,ACH-000536,-0.7883162498474121,-3.5638155937194824,2.2062952518463135,0.5692040920257568,True,-4.557072162628174,0.546875,-4.611287154596978,0.1258029192686081,-5.0,-4.190074920654297,-5.152092933654785,-2.6494455337524414,0.02857142873108387
174,ACH-000554,-1.933091163635254,-4.779487133026123,2.2451603412628174,0.6012355089187622,True,-4.588727951049805,0.640625,-4.609031234242261,0.14082089066505432,-5.0,-4.35801362991333,-5.350765705108643,-3.6922876834869385,0.0731707289814949
175,ACH-000568,-2.884371280670166,-5.791906356811523,2.331012010574341,0.576522946357727,True,-4.490633964538574,0.46875,-4.5971915072718925,0.18349994719028473,-5.0,-3.9133527278900146,-4.519320964813232,-3.348574638366699,0.0
176,ACH-000573,-5.016819000244141,-7.705642223358154,2.1254076957702637,0.5634154677391052,True,-4.568454742431641,0.578125,-4.594317830787868,0.1935037076473236,-5.0,-4.253543853759766,-4.727904796600342,-3.654759168624878,0.0
177,ACH-000621,-6.763390064239502,-9.478261947631836,2.1620404720306396,0.5528314709663391,True,-4.611873626708984,0.640625,-4.596073410379979,0.23676341772079468,-5.0,-4.394144058227539,-5.2098588943481445,-3.8033125400543213,0.0731707289814949
178,ACH-000624,1.8008100986480713,-0.9461820125579834,2.167343854904175,0.5796481370925903,True,-4.568286895751953,0.59375,-4.593294758917176,0.29516011476516724,-5.0,-4.272904396057129,-4.904179573059082,-3.7291204929351807,0.0
179,ACH-000643,-0.13030266761779785,-2.7598190307617188,2.0642929077148438,0.5652234554290771,True,-4.559918403625488,0.65625,-4.589957123388007,0.1080549880862236,-5.0,-4.329399585723877,-5.013485908508301,-3.543877124786377,0.02380952425301075
180,ACH-000668,-2.505394697189331,-5.246397972106934,2.153702974319458,0.5873003005981445,True,-4.517756938934326,0.578125,-4.582737104942639,0.1575334370136261,-5.0,-4.1658501625061035,-5.066219329833984,-2.3527817726135254,0.054054055362939835
181,ACH-000691,0.8029682636260986,-2.0159175395965576,2.211143970489502,0.6077418327331543,True,-4.54326057434082,0.625,-4.578789451882457,0.23485901951789856,-5.0,-4.2692179679870605,-4.888219833374023,-3.714376211166382,0.0
182,ACH-000699,-0.5584468841552734,-3.2886524200439453,2.1404645442962646,0.5897411108016968,True,-4.479710578918457,0.65625,-4.568881564586057,0.12445272505283356,-5.0,-4.207178115844727,-4.991279125213623,-3.332911968231201,0.0
183,ACH-000711,2.251084089279175,-0.4347340166568756,2.1132593154907227,0.5725588798522949,True,-4.565943717956543,0.65625,-4.5685877799231065,0.23596477508544922,-5.0,-4.338581085205078,-5.183089256286621,-3.581228494644165,0.0714285746216774
184,ACH-000725,-2.1877636909484863,-4.851801872253418,2.0804924964904785,0.5835455656051636,True,-4.509591102600098,0.671875,-4.562688112190806,0.14495690166950226,-5.0,-4.270089149475098,-5.088705062866211,-3.5152387619018555,0.13953489065170288
185,ACH-000755,-3.190847635269165,-5.87714958190918,2.1244583129882812,0.5618436932563782,True,-4.565131187438965,0.625,-4.562932419715622,0.15723930299282074,-5.0,-4.304210186004639,-5.047115802764893,-3.7556257247924805,0.02500000037252903
186,ACH-000759,-2.686373710632324,-5.4324750900268555,2.1783385276794434,0.5677628517150879,True,-4.501014709472656,0.59375,-4.556740648691325,0.16105245053768158,-5.0,-4.159604072570801,-5.161665439605713,-3.71726393699646,0.02631578966975212
187,ACH-000768,-8.315013885498047,-10.960503578186035,2.161039113998413,0.4844506084918976,True,-4.6103715896606445,0.578125,-4.562103742788257,0.2535947561264038,-5.0,-4.326048374176025,-4.930389404296875,-3.582151174545288,0.0
188,ACH-000783,1.1354182958602905,-1.6450144052505493,2.2107460498809814,0.5696865916252136,True,-4.494832515716553,0.65625,-4.555376620081087,0.1674647033214569,-5.0,-4.230221271514893,-5.215609550476074,-2.923676013946533,0.0714285746216774
189,ACH-000818,-2.8441529273986816,-5.476136207580566,2.0753417015075684,0.5566414594650269,True,-3.9430713653564453,0.578125,-4.494146094608623,0.17564567923545837,-5.0,-3.171799421310425,-3.7192907333374023,-2.8410983085632324,0.0
190,ACH-000828,-2.591768741607666,-5.252867698669434,2.1100680828094482,0.5510307550430298,True,-3.806089401245117,0.703125,-4.425340425272273,0.18585747480392456,-5.0,-3.3019936084747314,-3.8573570251464844,-2.9139981269836426,0.0
191,ACH-000849,-7.867187976837158,-10.74276351928711,2.367371082305908,0.5082043409347534,True,-4.435546875,0.65625,-4.426361070245045,0.1905922144651413,-5.0,-4.139881134033203,-5.254791259765625,-2.1187124252319336,0.02380952425301075
192,ACH-000856,0.8994543552398682,-1.8047256469726562,2.126807928085327,0.5773720741271973,True,-4.4467597007751465,0.6875,-4.428400933298056,0.27578070759773254,-5.0,-4.195287227630615,-5.6111345291137695,-3.4391002655029297,0.022727273404598236
193,ACH-000857,-1.178560733795166,-3.8529272079467773,2.1052958965301514,0.5690704584121704,True,-4.427509307861328,0.8125,-4.428311770754383,0.10315174609422684,-5.0,-4.29539680480957,-5.088814735412598,-3.4017627239227295,0.01923076994717121
194,ACH-000859,-6.8729963302612305,-9.636773109436035,2.2116053104400635,0.5521711707115173,True,-4.563327789306641,0.625,-4.441813372609609,0.1623733937740326,-5.0,-4.301324844360352,-5.147832870483398,-3.5312697887420654,0.02500000037252903
195,ACH-000876,-1.7089087963104248,-4.444406509399414,2.146315336227417,0.5891823172569275,True,-4.533839702606201,0.546875,-4.451016005609268,0.1137327328324318,-5.0,-4.1475934982299805,-4.78183650970459,-3.6025915145874023,0.0
196,ACH-000902,-1.2536933422088623,-3.8873112201690674,2.0593249797821045,0.5742928981781006,True,-4.414523124694824,0.703125,-4.4473667175178235,0.09620913118124008,-5.0,-4.167321681976318,-4.914620399475098,-3.4578638076782227,0.0
197,ACH-000910,-5.341254711151123,-7.908814430236816,2.0253970623016357,0.5421626567840576,True,-4.537757396697998,0.640625,-4.456405785435841,0.15556639432907104,-5.0,-4.2784504890441895,-4.903911590576172,-3.0024197101593018,0.0
198,ACH-000927,-0.9938685894012451,-3.685670852661133,2.128122568130493,0.5636796951293945,True,-4.365663528442383,0.75,-4.4473315597364955,0.10675272345542908,-5.0,-4.1542181968688965,-5.065903663635254,-3.430574893951416,0.02083333395421505
199,ACH-000930,-2.9763689041137695,-5.630863666534424,2.086758613586426,0.5677362680435181,True,-4.517594337463379,0.71875,-4.454357837509184,0.12267988920211792,-5.0,-4.328826904296875,-5.001122951507568,-3.3796792030334473,0.021739130839705467
200,ACH-000934,1.4812730550765991,-1.1399811506271362,2.0649282932281494,0.5563259124755859,True,-4.438662528991699,0.671875,-4.452788306657435,0.24774713814258575,-5.0,-4.164520740509033,-5.017978668212891,-2.323596239089966,0.04651162773370743
201,ACH-001390,-3.149749279022217,-5.94793701171875,2.225187301635742,0.573000431060791,True,-4.534150123596191,0.53125,-4.460924488351311,0.1480047106742859,-5.0,-4.123106479644775,-4.841160297393799,-3.6251325607299805,0.0
202,ACH-001819,-0.8013086318969727,-3.4701342582702637,2.1050093173980713,0.563816249370575,True,-4.407805442810059,0.671875,-4.455612583797185,0.1097383052110672,-5.0,-4.118594169616699,-4.5552239418029785,-3.556288480758667,0.0
203,ACH-001820,-3.4578139781951904,-6.0370259284973145,2.055966377258301,0.5232455730438232,True,-4.710906028747559,0.515625,-4.481141928292223,0.11271396279335022,-5.0,-4.439332008361816,-5.47682523727417,-3.544006109237671,0.1515151560306549
204,ACH-000017,-3.6303491592407227,-6.246942043304443,2.0782370567321777,0.538355827331543,True,-4.5316362380981445,0.625,-4.486191359272815,0.1380489468574524,-5.0,-4.250617980957031,-5.081759452819824,-3.526292562484741,0.02500000037252903
205,ACH-000019,-6.020303249359131,-8.718817710876465,2.1938252449035645,0.50468909740448,True,-4.614748001098633,0.546875,-4.499047023455397,0.1777849644422531,-5.0,-4.295539379119873,-4.942185401916504,-3.679180145263672,0.0
206,ACH-000044,-1.3898844718933105,-4.114253520965576,2.1805808544158936,0.5437880754470825,True,-4.216250419616699,0.5,-4.470767363071527,0.13948005437850952,-5.0,-3.4325003623962402,-4.28036642074585,-2.9663991928100586,0.0
207,ACH-000097,-1.9137449264526367,-4.436445236206055,1.9939900636672974,0.5287101864814758,True,-4.453775405883789,0.609375,-4.469068167352754,0.11153121292591095,-5.0,-4.10363245010376,-4.978998184204102,-3.2935965061187744,0.0
208,ACH-000111,0.9845967292785645,-1.6591300964355469,2.0954220294952393,0.5483046770095825,True,-4.4876604080200195,0.703125,-4.4709273914194805,0.301347553730011,-5.0,-4.271339416503906,-5.098288536071777,-3.392284393310547,0.04444444552063942
209,ACH-000117,-2.150904893875122,-4.653450965881348,1.9704065322875977,0.5321395397186279,True,-4.5995001792907715,0.625,-4.483784670206609,0.10262646526098251,-5.0,-4.3592000007629395,-4.894291877746582,-3.7782492637634277,0.0
210,ACH-000147,-11.26449203491211,-13.744486808776855,2.0001020431518555,0.4798929691314697,True,-4.639520645141602,0.5,-4.499358267700108,0.25184571743011475,-5.0,-4.279041290283203,-5.181596279144287,-3.3269894123077393,0.03125
211,ACH-000148,-6.264746189117432,-8.804974555969238,2.027827501296997,0.5124008655548096,True,-4.578479766845703,0.546875,-4.507270417614668,0.17743125557899475,-5.0,-4.229219913482666,-5.201488971710205,-2.5947511196136475,0.05714285746216774
212,ACH-000196,-5.113216876983643,-7.716691970825195,2.05574369430542,0.5477313995361328,True,-4.340798377990723,0.6875,-4.490623213652274,0.18383818864822388,-5.0,-4.041162014007568,-4.957955360412598,-1.9419625997543335,0.0
213,ACH-000212,-4.125236988067627,-6.647231578826904,1.9821596145629883,0.5398349761962891,True,-4.536865234375,0.71875,-4.495247415724546,0.15393775701522827,-5.0,-4.35563850402832,-5.171076774597168,-3.472224235534668,0.1304347813129425
214,ACH-000223,-4.219209671020508,-6.771186828613281,2.0194551944732666,0.5325217247009277,True,-4.469550609588623,0.671875,-4.492677735110954,0.16203832626342773,-5.0,-4.210494041442871,-4.938186168670654,-2.731595516204834,0.0
215,ACH-000248,-2.1737048625946045,-4.760360240936279,2.043761968612671,0.5428934097290039,True,-4.366698265075684,0.703125,-4.480079788107427,0.126402348279953,-5.0,-4.09930419921875,-4.94166374206543,-2.7490031719207764,0.0
216,ACH-000258,-4.0306901931762695,-6.662442207336426,2.0899829864501953,0.5417692065238953,True,-4.379112243652344,0.65625,-4.4699830336619195,0.15043677389621735,-5.0,-4.053885459899902,-5.0915632247924805,-1.4337536096572876,0.02380952425301075
217,ACH-000276,-4.016193389892578,-6.445425987243652,1.9256666898727417,0.5035656094551086,True,-4.446157932281494,0.765625,-4.467600523523878,0.1506977528333664,-5.0,-4.276614189147949,-5.157947540283203,-2.4217145442962646,0.10204081237316132
218,ACH-000277,-0.20137500762939453,-2.689356565475464,1.9399523735046387,0.5480291843414307,True,-4.3021392822265625,0.78125,-4.451054399394146,0.09978505223989487,-5.0,-4.106738090515137,-4.781344413757324,-3.365612030029297,0.0
219,ACH-000288,-5.401906967163086,-7.94105339050293,2.035372734069824,0.5037735104560852,True,-4.585402488708496,0.640625,-4.464489208325581,0.14464935660362244,-5.0,-4.352822780609131,-5.205519199371338,-3.5866613388061523,0.09756097197532654
220,ACH-000330,-2.2316792011260986,-4.739760398864746,1.9818615913391113,0.5262195467948914,True,-4.53877067565918,0.625,-4.471917355058941,0.10958102345466614,-5.0,-4.262032508850098,-5.123673439025879,-3.7494125366210938,0.05000000074505806
221,ACH-000349,-0.3346531391143799,-2.827317237854004,1.9507153034210205,0.5419487953186035,True,-4.345553398132324,0.796875,-4.459280959366279,0.09408680349588394,-5.0,-4.178734302520752,-5.218055725097656,-3.3753881454467773,0.019607843831181526
222,ACH-000352,-2.54038667678833,-5.105041027069092,1.9978834390640259,0.5667707920074463,True,-4.232565879821777,0.703125,-4.4366094514118295,0.13393902778625488,-5.0,-3.908538818359375,-4.5142130851745605,-3.4559073448181152,0.0
223,ACH-000374,-1.4327359199523926,-4.077259540557861,2.088043212890625,0.5564804077148438,True,-4.463366508483887,0.765625,-4.439285157119035,0.10568079352378845,-5.0,-4.299090385437012,-5.2152509689331055,-3.5981085300445557,0.040816325694322586
224,ACH-000536,-4.820964813232422,-7.2609148025512695,1.9330884218215942,0.506861686706543,True,-4.44049072265625,0.65625,-4.439405713672756,0.15370026230812073,-5.0,-4.147414684295654,-4.735257148742676,-2.723315715789795,0.0
225,ACH-000554,-6.101856231689453,-8.62100601196289,1.9904565811157227,0.5286930799484253,True,-4.587066650390625,0.609375,-4.454171807344543,0.15433889627456665,-5.0,-4.322365760803223,-4.970806121826172,-3.536288022994995,0.0
226,ACH-000568,3.2661001682281494,0.7270864844322205,1.9983278512954712,0.540685772895813,True,-4.209485054016113,0.6875,-4.4297031320117,0.2576645612716675,-5.0,-3.850160837173462,-4.416707515716553,-2.6524250507354736,0.0
227,ACH-000573,-4.303766250610352,-6.78908634185791,1.9534871578216553,0.5318326354026794,True,-4.243050575256348,0.75,-4.411037876336165,0.15388110280036926,-5.0,-3.9907336235046387,-4.687582969665527,-3.2280690670013428,0.0
228,ACH-000621,-4.89453125,-7.387507915496826,1.9666041135787964,0.5263722538948059,True,-4.522768020629883,0.71875,-4.422210890765537,0.14635714888572693,-5.0,-4.336025238037109,-5.2098588943481445,-3.507387638092041,0.10869565606117249
229,ACH-000624,-1.2251012325286865,-3.769735097885132,2.0176899433135986,0.5269439220428467,True,-4.403176307678223,0.71875,-4.420307432456805,0.09186790883541107,-5.0,-4.169637203216553,-5.09882926940918,-2.013866424560547,0.06521739065647125
230,ACH-000643,2.0822391510009766,-0.42181533575057983,1.9852174520492554,0.5188369750976562,True,-4.442775726318359,0.796875,-4.4225542618429605,0.28415215015411377,-5.0,-4.3007378578186035,-5.186069488525391,-3.581982135772705,0.0784313753247261
231,ACH-000668,1.8548009395599365,-0.6471883654594421,1.9791772365570068,0.5228121280670166,True,-4.404844284057617,0.78125,-4.420783264064426,0.273281455039978,-5.0,-4.2382001876831055,-5.066219329833984,-3.6091487407684326,0.03999999910593033
232,ACH-000691,1.610642910003662,-0.8852286338806152,1.9460183382034302,0.5498532056808472,True,-4.415227890014648,0.796875,-4.420227726659448,0.2687177062034607,-5.0,-4.266168594360352,-5.048372745513916,-3.626418113708496,0.019607843831181526
233,ACH-000699,-1.8966786861419678,-4.376404762268066,1.95343017578125,0.5262959599494934,True,-4.499081611633301,0.71875,-4.428113115156833,0.09498030692338943,-5.0,-4.303069591522217,-5.123886585235596,-3.6056721210479736,0.043478261679410934
234,ACH-000711,-1.6203103065490723,-4.121821403503418,1.9834147691726685,0.5180964469909668,True,-4.523697853088379,0.734375,-4.437671588949987,0.09610024094581604,-5.0,-4.351418972015381,-5.183089256286621,-3.6024513244628906,0.08510638028383255
235,ACH-000725,-2.261042594909668,-4.690085411071777,1.9045073986053467,0.5245353579521179,True,-4.451867580413818,0.75,-4.43909118809637,0.11214490979909897,-5.0,-4.2691569328308105,-5.088705062866211,-3.398428201675415,0.0833333358168602
236,ACH-000755,-5.685995101928711,-8.211942672729492,1.9740300178527832,0.5519177913665771,True,-4.532732009887695,0.65625,-4.4484552702755025,0.15620271861553192,-5.0,-4.287972450256348,-5.121914386749268,-3.7756519317626953,0.02380952425301075
237,ACH-000759,0.9673904180526733,-1.4775711297988892,1.902971625328064,0.5419899225234985,True,-4.431450843811035,0.65625,-4.446754827629055,0.23090386390686035,-5.0,-4.133639335632324,-4.823952674865723,-2.749476671218872,0.0
238,ACH-000768,-10.333170890808105,-12.79813003540039,1.9772650003433228,0.48769402503967285,True,-4.590414524078369,0.59375,-4.461120797273987,0.22492040693759918,-5.0,-4.310172080993652,-5.209751129150391,-3.371900796890259,0.07894736528396606
239,ACH-000783,0.9241225719451904,-1.5794777870178223,1.9872349500656128,0.5163654685020447,True,-4.503378868103027,0.703125,-4.465346604356891,0.2305445820093155,-5.0,-4.293694019317627,-5.215609550476074,-3.5558085441589355,0.04444444552063942
240,ACH-000818,1.7451422214508057,-0.7297236323356628,1.9337104558944702,0.5411553382873535,True,-3.7591052055358887,0.6875,-4.394722464474791,0.1081748902797699,-5.0,-3.1950621604919434,-3.7704288959503174,-2.8102686405181885,0.0
241,ACH-000828,-4.218767166137695,-6.785144805908203,2.0490729808807373,0.5173048973083496,True,-4.062535285949707,0.578125,-4.361503746622282,0.1521642506122589,-5.0,-3.3784396648406982,-4.03468132019043,-3.0335161685943604,0.0
242,ACH-000849,-6.503731727600098,-8.948880195617676,1.9577953815460205,0.4873531460762024,True,-4.417297840118408,0.65625,-4.367083155971895,0.15517231822013855,-5.0,-4.112072467803955,-4.809864044189453,-3.607264518737793,0.0
243,ACH-000856,1.7477551698684692,-0.746402382850647,1.974179744720459,0.5199778079986572,True,-4.240947246551514,0.765625,-4.354469565029857,0.3535558879375458,-5.0,-4.008584022521973,-4.785358905792236,-3.36075496673584,0.0
244,ACH-000857,1.3352224826812744,-1.0911071300506592,1.909833312034607,0.5164964199066162,True,-4.334741115570068,0.75,-4.352496720083878,0.324901819229126,-5.0,-4.112988471984863,-4.9936113357543945,-2.4898574352264404,0.0
245,ACH-000859,-2.903109550476074,-5.368523597717285,1.9379345178604126,0.5274795889854431,True,-4.526826858520508,0.625,-4.369929733927541,0.09828360378742218,-5.0,-4.242923259735107,-4.829713344573975,-3.551224708557129,0.0
246,ACH-000876,-1.6859395503997803,-4.237741470336914,2.027132034301758,0.5246698260307312,True,-4.3724684715271,0.734375,-4.370183607687497,0.09763430804014206,-5.0,-4.145488739013672,-4.829081058502197,-3.5520997047424316,0.0
247,ACH-000902,1.0446454286575317,-1.361474871635437,1.911696195602417,0.49442416429519653,True,-4.310537338256836,0.8125,-4.364218980744431,0.15560847520828247,-5.0,-4.151431083679199,-4.914358139038086,-3.1708807945251465,0.0
248,ACH-000910,1.0115776062011719,-1.3713784217834473,1.8928614854812622,0.4900945723056793,True,-4.356461524963379,0.78125,-4.363443235166326,0.28182053565979004,-5.0,-4.176270484924316,-4.927915573120117,-3.4972076416015625,0.0
249,ACH-000927,0.42383432388305664,-2.16005277633667,2.059636116027832,0.524250864982605,True,-4.445409297943115,0.6875,-4.371639841444004,0.1850464791059494,-5.0,-4.193322658538818,-4.7189860343933105,-3.521818161010742,0.0
250,ACH-000930,0.15752220153808594,-2.246551990509033,1.880798101425171,0.523276150226593,True,-4.457077980041504,0.734375,-4.380183655303754,0.29432225227355957,-5.0,-4.260701656341553,-5.520144939422607,-3.2236084938049316,0.021276595070958138
251,ACH-000934,-2.579357385635376,-5.10894250869751,2.0108587741851807,0.5187263488769531,True,-4.469993591308594,0.703125,-4.389164648904238,0.10629992187023163,-5.0,-4.246213436126709,-5.087666034698486,-3.248318672180176,0.06666667014360428
252,ACH-001390,-1.8444695472717285,-4.347894668579102,1.9641441106796265,0.5392811298370361,True,-4.60383415222168,0.484375,-4.410631599235982,0.29080259799957275,-5.0,-4.1821088790893555,-5.0146403312683105,-3.660381555557251,0.032258063554763794
253,ACH-001819,1.6172964572906494,-0.7957485318183899,1.9039905071258545,0.5090544819831848,True,-4.264927864074707,0.71875,-4.396061225719855,0.22930583357810974,-5.0,-3.977290391921997,-4.869521141052246,-3.1108434200286865,0.0
254,ACH-001820,-2.4623706340789795,-4.906197547912598,1.9258753061294556,0.5179516673088074,True,-4.426142692565918,0.796875,-4.399069372404461,0.11069801449775696,-5.0,-4.279865741729736,-5.1864824295043945,-3.5171518325805664,0.05882353335618973
255,ACH-000017,1.210841417312622,-1.149388313293457,1.8398545980453491,0.52037513256073,True,-4.369318962097168,0.765625,-4.396094331373732,0.1759539097547531,-5.0,-4.176253318786621,-4.890852451324463,-3.5159478187561035,0.0
256,ACH-000019,-0.5281977653503418,-2.970937728881836,1.982184886932373,0.4605550169944763,True,-4.5307207107543945,0.640625,-4.409556969311798,0.1773834079504013,-5.0,-4.267466068267822,-5.062697410583496,-3.3772661685943604,0.0731707289814949
257,ACH-000044,-0.9600067138671875,-3.368971109390259,1.9046672582626343,0.5042970776557922,True,-4.022684574127197,0.65625,-4.3708697297933385,0.11213180422782898,-5.0,-3.5107574462890625,-4.539438247680664,-3.037083864212036,0.0
258,ACH-000097,1.2440485954284668,-1.052140235900879,1.7894399166107178,0.5067488551139832,True,-4.3918633460998535,0.75,-4.37296909142399,0.18890485167503357,-5.0,-4.189151287078857,-4.67996883392334,-3.4994935989379883,0.0
259,ACH-000111,0.8124686479568481,-1.6484421491622925,1.956733226776123,0.5041776895523071,True,-4.423474311828613,0.765625,-4.378019613464452,0.33934658765792847,-5.0,-4.2469868659973145,-4.8964691162109375,-3.579418659210205,0.0
260,ACH-000117,-4.7057061195373535,-7.207608699798584,1.9837226867675781,0.5181797742843628,True,-4.357532501220703,0.859375,-4.375970902240077,0.1534377932548523,-5.0,-4.252401351928711,-4.9555583000183105,-3.5464518070220947,0.0
261,ACH-000147,-3.4555089473724365,-5.779252052307129,1.850496768951416,0.47324633598327637,True,-4.537658214569092,0.640625,-4.392139633472978,0.10823129117488861,-5.0,-4.278295040130615,-4.955573558807373,-2.4465513229370117,0.0
262,ACH-000148,-6.1083221435546875,-8.505921363830566,1.937390923500061,0.4602084457874298,True,-4.554018020629883,0.578125,-4.4083274721886685,0.14233216643333435,-5.0,-4.22857141494751,-5.201488971710205,-2.5947518348693848,0.0810810849070549
263,ACH-000196,0.6709163188934326,-1.7799270153045654,1.9410392045974731,0.5098042488098145,True,-4.344788551330566,0.75,-4.401973580102858,0.29808664321899414,-5.0,-4.126385688781738,-5.672788619995117,-3.4596805572509766,0.02083333395421505
264,ACH-000212,1.6563279628753662,-0.7473750114440918,1.8984739780426025,0.5052290558815002,True,-4.366509437561035,0.796875,-4.398427165848676,0.28036409616470337,-5.0,-4.205031394958496,-4.995272159576416,-3.7583396434783936,0.0
265,ACH-000223,1.2895745038986206,-1.0366679430007935,1.8168764114379883,0.5093660354614258,True,-4.4459991455078125,0.84375,-4.4031843638145896,0.2750188708305359,-5.0,-4.3434062004089355,-5.125138759613037,-3.784545421600342,0.018518518656492233
266,ACH-000248,-1.976926326751709,-4.415269374847412,1.921297311782837,0.5170456767082214,True,-4.350006103515625,0.796875,-4.397866537784693,0.1123156026005745,-5.0,-4.184321880340576,-4.996099472045898,-3.466503143310547,0.0
267,ACH-000258,0.5226951837539673,-1.8960617780685425,1.9174185991287231,0.5013384819030762,True,-4.29156494140625,0.6875,-4.387236378146849,0.19700194895267487,-5.0,-3.9695491790771484,-5.084142208099365,-3.020577907562256,0.022727273404598236
268,ACH-000276,1.490737795829773,-0.8906456232070923,1.8724297285079956,0.5089538097381592,True,-4.438167095184326,0.828125,-4.392329449850597,0.2883013188838959,-5.0,-4.321560382843018,-5.159552574157715,-3.3721187114715576,0.03773584961891174
269,ACH-000277,-1.3426415920257568,-3.740797758102417,1.9097386598587036,0.4884174168109894,True,-4.362834930419922,0.71875,-4.389379997907529,0.09909944236278534,-5.0,-4.113509654998779,-5.0048298835754395,-3.304504156112671,0.021739130839705467
270,ACH-000288,-4.179465293884277,-6.483502388000488,1.857830286026001,0.4462064802646637,True,-4.615760803222656,0.59375,-4.412018078439042,0.11690616607666016,-5.0,-4.352860927581787,-5.704950332641602,-3.379532814025879,0.05263157933950424
271,ACH-000330,0.43716657161712646,-1.9891880750656128,1.9286736249923706,0.49768102169036865,True,-4.4323577880859375,0.75,-4.414052049403731,0.21999408304691315,-5.0,-4.2431440353393555,-5.123673439025879,-3.8396224975585938,0.02083333395421505
272,ACH-000349,1.104684591293335,-1.2813308238983154,1.9153577089309692,0.4706577658653259,True,-4.450183868408203,0.703125,-4.417665231304178,0.16685517132282257,-5.0,-4.218039035797119,-5.218055725097656,-3.2876322269439697,0.06666667014360428
273,ACH-000352,3.5392746925354004,1.1265652179718018,1.9226304292678833,0.4900791049003601,True,-4.03708553314209,0.828125,-4.379607261487969,0.33941709995269775,-5.0,-3.837235927581787,-4.682201862335205,-3.284667730331421,0.0
274,ACH-000374,-4.109612464904785,-6.513433933258057,1.9196794033050537,0.48414236307144165,True,-4.408159255981445,0.765625,-4.382462460937316,0.13069958984851837,-5.0,-4.226983070373535,-5.2152509689331055,-3.647663116455078,0.06122449040412903
275,ACH-000536,0.4598280191421509,-1.8052712678909302,1.8146435022354126,0.45045584440231323,True,-4.4595112800598145,0.75,-4.390167342849566,0.19311708211898804,-5.0,-4.279348850250244,-5.152092933654785,-3.2551767826080322,0.0625
276,ACH-000554,1.8545777797698975,-0.5416767597198486,1.9095162153244019,0.48673832416534424,True,-4.3381123542785645,0.8125,-4.384961843992466,0.2548213601112366,-5.0,-4.18536901473999,-5.056384086608887,-3.5604710578918457,0.07692307978868484
277,ACH-000568,-1.4990084171295166,-3.9213757514953613,1.948262333869934,0.47410500049591064,True,-4.140406131744385,0.765625,-4.360506272767658,0.10008732974529266,-5.0,-3.877265453338623,-4.701830863952637,-3.3055741786956787,0.0
278,ACH-000573,1.7513148784637451,-0.6420099139213562,1.901533842086792,0.4917909801006317,True,-4.211150169372559,0.828125,-4.345570662428148,0.22152011096477509,-5.0,-4.047426223754883,-4.695575714111328,-3.439462661743164,0.0
279,ACH-000621,0.7645859718322754,-1.603740930557251,1.8825719356536865,0.4857550263404846,True,-4.323924541473389,0.796875,-4.343406050332672,0.21009203791618347,-5.0,-4.151591777801514,-4.783066272735596,-3.4890706539154053,0.0
280,ACH-000624,1.8300633430480957,-0.5201442837715149,1.8852659463882446,0.4649416208267212,True,-4.124715328216553,0.796875,-4.32153697812106,0.11631312221288681,-5.0,-3.901604175567627,-4.782414436340332,-1.9328685998916626,0.0
281,ACH-000643,-2.285987615585327,-4.605179786682129,1.8338476419448853,0.48534443974494934,True,-4.436005115509033,0.78125,-4.332983791859857,0.1002163290977478,-5.0,-4.2780866622924805,-5.186069488525391,-3.7706854343414307,0.05999999865889549
282,ACH-000668,1.1266372203826904,-1.2678186893463135,1.9160377979278564,0.4784180521965027,True,-4.3672590255737305,0.796875,-4.336411315231245,0.2766447961330414,-5.0,-4.205972194671631,-5.066219329833984,-3.593205690383911,0.019607843831181526
283,ACH-000691,-7.501384735107422,-9.828204154968262,1.8481000661849976,0.47871923446655273,True,-4.512416362762451,0.640625,-4.354011819984365,0.15015199780464172,-5.0,-4.238893508911133,-4.770524024963379,-3.4024834632873535,0.0
284,ACH-000699,-3.3963236808776855,-5.701955318450928,1.8182995319366455,0.48733213543891907,True,-4.496723175048828,0.703125,-4.368282955490811,0.10460152477025986,-5.0,-4.284229278564453,-4.991279125213623,-3.74409556388855,0.0
285,ACH-000711,-3.8829777240753174,-6.21713924407959,1.835023283958435,0.4991381764411926,True,-4.471493721008301,0.65625,-4.37860403204256,0.10737442970275879,-5.0,-4.194657325744629,-5.217130184173584,-3.3715360164642334,0.0476190485060215
286,ACH-000725,1.8426790237426758,-0.45823997259140015,1.8396201133728027,0.4612990617752075,True,-4.342836856842041,0.828125,-4.375027314522508,0.27840474247932434,-5.0,-4.206444263458252,-5.088705062866211,-3.398428201675415,0.01886792480945587
287,ACH-000755,1.1485800743103027,-1.23215651512146,1.9066565036773682,0.47408002614974976,True,-4.366280555725098,0.765625,-4.374152638642767,0.2854729890823364,-5.0,-4.1722846031188965,-4.925709247589111,-2.7437429428100586,0.0
288,ACH-000759,-4.664765357971191,-7.073245525360107,1.9317586421966553,0.47672125697135925,True,-4.279621124267578,0.78125,-4.364699487205248,0.14074820280075073,-5.0,-4.077915668487549,-4.670098781585693,-3.5341005325317383,0.0
289,ACH-000768,-2.3352622985839844,-4.668675422668457,1.8795559406280518,0.45385706424713135,True,-4.414032936096191,0.703125,-4.369632832094342,0.10378305613994598,-5.0,-4.166624546051025,-5.040654182434082,-2.49129581451416,0.02222222276031971
290,ACH-000783,-2.955254554748535,-5.218963623046875,1.7842899560928345,0.4794190227985382,True,-4.488046646118164,0.65625,-4.381474213496724,0.10344650596380234,-5.0,-4.2198805809021,-4.943434238433838,-2.5117995738983154,0.0
291,ACH-000818,1.1387455463409424,-1.190711498260498,1.8460652828216553,0.4833917021751404,True,-3.903596878051758,0.578125,-4.333686479952227,0.17194244265556335,-5.0,-3.1035187244415283,-3.6236798763275146,-2.7738163471221924,0.0
292,ACH-000828,-2.8416764736175537,-5.218936920166016,1.9215235710144043,0.45573681592941284,True,-3.764357566833496,0.703125,-4.2767535886403545,0.11933637410402298,-5.0,-3.242642402648926,-3.8573570251464844,-2.9764914512634277,0.0
293,ACH-000849,0.8601893186569214,-1.362815499305725,1.7950236797332764,0.42798101902008057,True,-4.236954689025879,0.796875,-4.2727736986789076,0.20992915332317352,-5.0,-4.042452335357666,-4.855364799499512,-3.444549560546875,0.0
294,ACH-000856,-0.24363040924072266,-2.502232313156128,1.8001115322113037,0.45849037170410156,True,-4.289973735809326,0.734375,-4.27449370239195,0.16473406553268433,-5.0,-4.033155918121338,-5.0104217529296875,-3.5688397884368896,0.021276595070958138
295,ACH-000857,-4.074075698852539,-6.389845371246338,1.849583387374878,0.4661865234375,True,-4.402741432189941,0.734375,-4.287318475371748,0.1101018488407135,-5.0,-4.18671178817749,-4.870372772216797,-3.224508285522461,0.0
296,ACH-000859,-4.46427059173584,-6.794111728668213,1.8714497089385986,0.4583917260169983,True,-4.465453624725342,0.75,-4.305131990307108,0.11148807406425476,-5.0,-4.287271976470947,-5.270229816436768,-3.310455322265625,0.0833333358168602
297,ACH-000876,0.3941330909729004,-1.8709394931793213,1.7911739349365234,0.47389864921569824,True,-4.332789897918701,0.765625,-4.3078977810682675,0.32291167974472046,-5.0,-4.128541946411133,-4.919500350952148,-3.2435739040374756,0.0
298,ACH-000902,-3.0662612915039062,-5.409001350402832,1.8719128370285034,0.47082728147506714,True,-4.305471420288086,0.78125,-4.30765514499025,0.10110998153686523,-5.0,-4.111003398895264,-5.087385177612305,-3.304328441619873,0.019999999552965164
299,ACH-000910,0.3103976249694824,-2.037477970123291,1.882922649383545,0.46495282649993896,True,-4.410139560699463,0.734375,-4.317903586561171,0.23037713766098022,-5.0,-4.1967854499816895,-4.942961692810059,-3.6011576652526855,0.0
300,ACH-000927,1.6071799993515015,-0.703088641166687,1.85134756565094,0.45892101526260376,True,-4.289470672607422,0.828125,-4.315060295165796,0.30017781257629395,-5.0,-4.142002582550049,-4.660800457000732,-2.754767417907715,0.0
301,ACH-000930,-0.3284597396850586,-2.5276575088500977,1.735358715057373,0.4638391137123108,True,-4.47904109954834,0.75,-4.33145837560405,0.20571035146713257,-5.0,-4.305388450622559,-5.046869277954102,-3.7682502269744873,0.02083333395421505
302,ACH-000934,-0.37572455406188965,-2.7151105403900146,1.8694274425506592,0.4699586033821106,True,-4.3915557861328125,0.703125,-4.337468116656926,0.15698623657226562,-5.0,-4.134657859802246,-5.072286128997803,-2.323596239089966,0.06666667014360428
303,ACH-001390,0.17378735542297363,-2.165133237838745,1.8619794845581055,0.4769410490989685,True,-4.452581405639648,0.5625,-4.348979445555198,0.20425589382648468,-5.0,-4.026810646057129,-4.596574783325195,-3.3761799335479736,0.0
304,ACH-001819,0.5603554248809814,-1.714048147201538,1.8176816701889038,0.45672184228897095,True,-4.180507659912109,0.765625,-4.332132266990889,0.20509809255599976,-5.0,-3.929642677307129,-4.6444926261901855,-3.4063303470611572,0.0
305,ACH-001820,-1.8479151725769043,-4.204079627990723,1.8974610567092896,0.45870330929756165,True,-4.284347057342529,0.84375,-4.327353746026053,0.09638698399066925,-5.0,-4.151819229125977,-5.1864824295043945,-3.5822322368621826,0.03703703731298447
306,ACH-000017,0.3160731792449951,-1.9258887767791748,1.7621867656707764,0.47977524995803833,True,-4.365065574645996,0.75,-4.331124928888047,0.2994232177734375,-5.0,-4.153420925140381,-4.839536190032959,-3.6219255924224854,0.0
307,ACH-000019,-4.128848075866699,-6.2996368408203125,1.7402498722076416,0.43053901195526123,True,-4.493280410766602,0.671875,-4.347340477075902,0.10599005222320557,-5.0,-4.245812892913818,-5.036343097686768,-3.7737607955932617,0.04651162773370743
308,ACH-000044,-2.0555949211120605,-4.278729438781738,1.7692312002182007,0.4539034366607666,True,-4.135546684265137,0.5625,-4.3261610977948255,0.188678577542305,-5.0,-3.4631941318511963,-3.8752286434173584,-2.9663991928100586,0.0
309,ACH-000097,0.11511445045471191,-2.1000454425811768,1.7549536228179932,0.4602063298225403,True,-4.360312461853027,0.734375,-4.329576234200646,0.1733565628528595,-5.0,-4.128935813903809,-5.052032947540283,-3.714186668395996,0.042553190141916275
310,ACH-000111,-0.9683642387390137,-3.215951442718506,1.7969917058944702,0.450595498085022,True,-4.35859489440918,0.8125,-4.3324781002215,0.1278926134109497,-5.0,-4.210577964782715,-5.00811767578125,-3.739835739135742,0.01923076994717121
311,ACH-000117,0.8887690305709839,-1.3318427801132202,1.788764238357544,0.43184757232666016,True,-4.378363609313965,0.78125,-4.337066651130746,0.27842774987220764,-5.0,-4.204306125640869,-4.9764604568481445,-3.2492566108703613,0.0
312,ACH-000147,0.09451460838317871,-2.05963134765625,1.7351115942001343,0.41903430223464966,True,-4.512054443359375,0.703125,-4.354565430353609,0.29193809628486633,-5.0,-4.306033611297607,-5.181596279144287,-3.7920432090759277,0.04444444552063942
313,ACH-000148,-3.4294610023498535,-5.753563404083252,1.890060305595398,0.4340420365333557,True,-4.451932907104492,0.734375,-4.364302178028697,0.10351815819740295,-5.0,-4.253695964813232,-5.201488971710205,-3.240662097930908,0.08510638028383255
314,ACH-000196,0.6531938314437866,-1.6647666692733765,1.8476918935775757,0.4702685475349426,True,-4.275657653808594,0.75,-4.355437725606687,0.2423691749572754,-5.0,-4.034210205078125,-5.632414817810059,-3.5496933460235596,0.02083333395421505
315,ACH-000212,0.5153045654296875,-1.7689478397369385,1.829927921295166,0.45432448387145996,True,-4.303384304046631,0.71875,-4.350232383450681,0.19160416722297668,-5.0,-4.030795574188232,-5.147704601287842,-2.651106357574463,0.021739130839705467
316,ACH-000223,-1.8302364349365234,-4.117002487182617,1.8334027528762817,0.4533633887767792,True,-4.350963115692139,0.828125,-4.350305456674827,0.09438040852546692,-5.0,-4.216257572174072,-4.938186168670654,-3.3304333686828613,0.0
317,ACH-000248,-2.042585849761963,-4.31270694732666,1.8074207305908203,0.4627002477645874,True,-4.19989013671875,0.84375,-4.33526392467922,0.09786919504404068,-5.0,-4.051721572875977,-4.896328926086426,-2.1353273391723633,0.0
318,ACH-000258,-6.901331901550293,-9.132792472839355,1.7755388021469116,0.4559217095375061,True,-4.268455982208252,0.734375,-4.328583130432123,0.14651913940906525,-5.0,-4.003854751586914,-5.229821681976318,-3.020577907562256,0.042553190141916275
319,ACH-000276,-4.1318254470825195,-6.370761871337891,1.796180248260498,0.44275611639022827,True,-4.490513801574707,0.703125,-4.3447761975463814,0.09977371990680695,-5.0,-4.275397300720215,-5.157947540283203,-3.394505739212036,0.08888889104127884
320,ACH-000277,-1.247042179107666,-3.462432861328125,1.7733107805252075,0.4420798420906067,True,-4.161208152770996,0.84375,-4.326419393068843,0.09843182563781738,-5.0,-4.005876064300537,-4.608165740966797,-3.4689431190490723,0.0
321,ACH-000288,-2.18829607963562,-4.454853057861328,1.8242679834365845,0.44228896498680115,True,-4.532992362976074,0.65625,-4.347076690059566,0.33955278992652893,-5.0,-4.288369178771973,-5.723078727722168,-3.3647334575653076,0.0476190485060215
322,ACH-000330,-3.1162467002868652,-5.423489093780518,1.8483744859695435,0.45886778831481934,True,-4.399285316467285,0.734375,-4.352297552700338,0.0987398624420166,-5.0,-4.182004928588867,-5.123673439025879,-2.874124050140381,0.021276595070958138
323,ACH-000349,-9.633657455444336,-11.93448257446289,1.8294371366500854,0.4713883101940155,True,-4.376225471496582,0.796875,-4.3546903445799625,0.18287336826324463,-5.0,-4.21722412109375,-5.218055725097656,-3.3753881454467773,0.05882353335618973
324,ACH-000352,1.057582139968872,-1.1977899074554443,1.796213150024414,0.4591587781906128,True,-4.135627269744873,0.765625,-4.332784037096453,0.22450034320354462,-5.0,-3.871023654937744,-4.798397064208984,-3.3652071952819824,0.0
325,ACH-000374,-3.190185070037842,-5.4696879386901855,1.8296327590942383,0.44987013936042786,True,-4.407448768615723,0.734375,-4.34025051024838,0.09628559648990631,-5.0,-4.193121433258057,-5.2152509689331055,-3.372551441192627,0.021276595070958138
326,ACH-000536,0.30766797065734863,-1.9300487041473389,1.7856532335281372,0.4520634412765503,True,-4.368959903717041,0.71875,-4.343121449595246,0.23883025348186493,-5.0,-4.122031211853027,-5.152092933654785,-2.6494455337524414,0.021739130839705467
327,ACH-000554,1.3460369110107422,-0.9052383899688721,1.8006304502487183,0.450644850730896,True,-4.3392333984375,0.75,-4.342732644479471,0.2319677770137787,-5.0,-4.118978500366211,-5.056384086608887,-2.69808030128479,0.02083333395421505
328,ACH-000568,0.8744049072265625,-1.3270094394683838,1.7690725326538086,0.4323418438434601,True,-4.120694160461426,0.765625,-4.320528796077666,0.2127140611410141,-5.0,-3.8515188694000244,-4.414065361022949,-3.3169188499450684,0.0
329,ACH-000573,1.8630690574645996,-0.3742344081401825,1.8099703788757324,0.4273330569267273,True,-4.155191421508789,0.84375,-4.303995058620778,0.2177242636680603,-5.0,-3.9987449645996094,-4.717061519622803,-3.4916610717773438,0.0
330,ACH-000621,-1.8609819412231445,-4.177902698516846,1.8755570650100708,0.4413638114929199,True,-4.26095724105835,0.875,-4.299691276864535,0.09023866057395935,-5.0,-4.155379772186279,-5.2098588943481445,-3.5881001949310303,0.0357142873108387
331,ACH-000624,1.7326892614364624,-0.45640289783477783,1.7647767066955566,0.4243153929710388,True,-4.105162143707275,0.859375,-4.2802383635488095,0.159288227558136,-5.0,-3.9587340354919434,-4.744805812835693,-2.156904458999634,0.0
332,ACH-000643,0.8506860733032227,-1.3919062614440918,1.8012620210647583,0.4413301944732666,True,-4.333681583404541,0.78125,-4.285582685534383,0.25370657444000244,-5.0,-4.1471123695373535,-5.186069488525391,-3.34268856048584,0.019999999552965164
333,ACH-000668,1.078410267829895,-1.1468359231948853,1.778046727180481,0.4471994936466217,True,-4.39939022064209,0.8125,-4.296963439045153,0.22711017727851868,-5.0,-4.260788440704346,-5.066219329833984,-3.7083446979522705,0.05769231170415878
334,ACH-000691,1.4512369632720947,-0.8428922295570374,1.8464375734329224,0.4476916491985321,True,-4.202743053436279,0.84375,-4.287541400484265,0.2989621162414551,-5.0,-4.055103302001953,-4.664278507232666,-2.7180254459381104,0.0
335,ACH-000699,1.0607786178588867,-1.2192418575286865,1.827292561531067,0.4527279734611511,True,-4.323622226715088,0.84375,-4.291149483107348,0.22245903313159943,-5.0,-4.198367118835449,-4.991279125213623,-3.339231491088867,0.0
336,ACH-000711,1.1097041368484497,-1.1514967679977417,1.8133971691131592,0.4478038251399994,True,-4.315176010131836,0.84375,-4.293552135809796,0.21687600016593933,-5.0,-4.188356876373291,-5.183089256286621,-3.603872776031494,0.03703703731298447
337,ACH-000725,-2.00980806350708,-4.2233452796936035,1.7751784324645996,0.4383589029312134,True,-4.2819504737854,0.84375,-4.2923919696073565,0.08576695621013641,-5.0,-4.1489787101745605,-5.088705062866211,-2.6852338314056396,0.0555555559694767
338,ACH-000755,0.9703676700592041,-1.2650377750396729,1.80280601978302,0.4325994849205017,True,-4.276169776916504,0.796875,-4.290769750338271,0.1613842248916626,-5.0,-4.091663360595703,-4.865811347961426,-3.4630908966064453,0.0
339,ACH-000759,-1.391596794128418,-3.707988739013672,1.8566757440567017,0.4597163200378418,True,-4.197970390319824,0.8125,-4.281489814336426,0.09014683216810226,-5.0,-4.0128865242004395,-4.638061046600342,-3.4316725730895996,0.0
340,ACH-000768,0.35347533226013184,-1.8497719764709473,1.7817155122756958,0.4215317368507385,True,-4.302562713623047,0.78125,-4.283597104265088,0.26102298498153687,-5.0,-4.107280731201172,-5.209752082824707,-3.2755610942840576,0.019999999552965164
341,ACH-000783,1.1228560209274292,-1.0441051721572876,1.7276664972305298,0.43929457664489746,True,-4.392797470092773,0.859375,-4.294517140847857,0.2935602068901062,-5.0,-4.2934370040893555,-5.803216457366943,-3.535003662109375,0.072727270424366
342,ACH-000818,-0.6864290237426758,-2.8377225399017334,1.6843795776367188,0.4669138491153717,True,-3.558424949645996,0.765625,-4.220907921727671,0.10642175376415253,-5.0,-3.11712646484375,-4.260978698730469,-2.8102686405181885,0.0
343,ACH-000828,-2.0804080963134766,-4.421243667602539,1.8940178155899048,0.4468178153038025,True,-3.805802583694458,0.6875,-4.179397387924349,0.11062727868556976,-5.0,-3.2629857063293457,-3.981391429901123,-2.9326915740966797,0.0
344,ACH-000849,-0.8261470794677734,-2.9507927894592285,1.7146259546279907,0.41001975536346436,True,-4.328560829162598,0.78125,-4.194313732048174,0.22235700488090515,-5.0,-4.140557289123535,-5.461970329284668,-3.444549560546875,0.019999999552965164
345,ACH-000856,-3.57930850982666,-5.80814266204834,1.7797317504882812,0.4491022825241089,True,-4.1740031242370605,0.828125,-4.192282671267063,0.10022841393947601,-5.0,-4.002569675445557,-5.105124473571777,-3.5688397884368896,0.03773584961891174
346,ACH-000857,-3.6002674102783203,-5.8256049156188965,1.7930457592010498,0.4322916567325592,True,-4.245451927185059,0.828125,-4.197599596858863,0.0895838811993599,-5.0,-4.088848114013672,-4.900976181030273,-2.204624652862549,0.0
347,ACH-000859,-0.25594472885131836,-2.4731414318084717,1.770348072052002,0.4468485713005066,True,-4.327637195587158,0.734375,-4.210603356731692,0.1956346333026886,-5.0,-4.084442138671875,-5.147832870483398,-2.7251150608062744,0.042553190141916275
348,ACH-000876,-2.6471188068389893,-4.969839096069336,1.8644224405288696,0.4582977890968323,True,-4.274285316467285,0.828125,-4.216971552705251,0.08306466042995453,-5.0,-4.123665809631348,-4.78183650970459,-3.744288206100464,0.0
349,ACH-000902,-2.140829086303711,-4.382437705993652,1.7991793155670166,0.44242939352989197,True,-4.165907859802246,0.90625,-4.211865183414951,0.08106284588575363,-5.0,-4.079622268676758,-5.011714935302734,-2.165196418762207,0.017241379246115685
350,ACH-000910,-0.7183401584625244,-2.9012508392333984,1.742616891860962,0.4402937889099121,True,-4.339360237121582,0.796875,-4.224614688785614,0.1379052847623825,-5.0,-4.170961856842041,-4.927915573120117,-2.24007511138916,0.0
351,ACH-000927,1.3845577239990234,-0.794621467590332,1.712910771369934,0.46626853942871094,True,-4.188937187194824,0.890625,-4.221046938626535,0.2884713411331177,-5.0,-4.089332580566406,-4.660800457000732,-3.5061066150665283,0.0
352,ACH-000930,0.9823522567749023,-1.218977928161621,1.7512378692626953,0.4500923156738281,True,-4.233619689941406,0.828125,-4.222304213758022,0.2091394066810608,-5.0,-4.074559211730957,-5.010741233825684,-2.3088293075561523,0.01886792480945587
353,ACH-000934,0.2145686149597168,-2.03979229927063,1.7899980545043945,0.4643628001213074,True,-4.282340049743652,0.796875,-4.228307797356585,0.23479929566383362,-5.0,-4.099407196044922,-5.110738754272461,-3.5215020179748535,0.019607843831181526
354,ACH-001390,0.5818659067153931,-1.6877938508987427,1.8170459270477295,0.45261383056640625,True,-4.231046199798584,0.75,-4.228581637600785,0.2799341678619385,-5.0,-3.9747283458709717,-4.582074165344238,-3.0866732597351074,0.0
355,ACH-001819,0.618841290473938,-1.5519226789474487,1.7413556575775146,0.4294081926345825,True,-4.129536151885986,0.78125,-4.218677089029304,0.2629784941673279,-5.0,-3.8858065605163574,-4.683416843414307,-3.4063303470611572,0.0
356,ACH-001820,-4.358913421630859,-6.561651229858398,1.764983057975769,0.4377548098564148,True,-4.35993766784668,0.75,-4.232803146911042,0.0976594015955925,-5.0,-4.1465840339660645,-5.007518291473389,-2.617331027984619,0.0416666679084301
357,ACH-000017,0.4237741231918335,-1.7166448831558228,1.6917606592178345,0.4486582279205322,True,-4.286302089691162,0.8125,-4.2381530411890544,0.15988609194755554,-5.0,-4.121602535247803,-5.081759452819824,-3.5587716102600098,0.01923076994717121
358,ACH-000019,0.16934418678283691,-1.96474289894104,1.7313117980957031,0.40277522802352905,True,-4.2614216804504395,0.78125,-4.240479905115193,0.23220111429691315,-5.0,-4.054619789123535,-5.0359907150268555,-3.249696969985962,0.019999999552965164
359,ACH-000044,1.8163912296295166,-0.3075107932090759,1.687376856803894,0.43652528524398804,True,-3.8723809719085693,0.765625,-4.2036700117945305,0.3107895851135254,-5.0,-3.527191400527954,-4.195588111877441,-3.137155771255493,0.0
360,ACH-000097,0.4902247190475464,-1.6151968240737915,1.6650168895721436,0.44040465354919434,True,-4.288783073425293,0.828125,-4.212181317957606,0.10960835218429565,-5.0,-4.141171932220459,-5.209274768829346,-3.674293279647827,0.01886792480945587
361,ACH-000111,0.9179985523223877,-1.3225340843200684,1.814260482788086,0.42627209424972534,True,-4.269350528717041,0.84375,-4.217898239033549,0.234511137008667,-5.0,-4.134044647216797,-4.939310073852539,-3.739835739135742,0.0
362,ACH-000117,0.6854832172393799,-1.4601593017578125,1.7147974967956543,0.4308450222015381,True,-4.285638332366943,0.875,-4.224672248366889,0.25030648708343506,-5.0,-4.183587074279785,-5.169900417327881,-3.623795509338379,0.01785714365541935
363,ACH-000147,-3.5399487018585205,-5.8272504806518555,1.8621976375579834,0.42510417103767395,True,-4.369163513183594,0.796875,-4.239121374848559,0.09667645394802094,-5.0,-4.208362102508545,-5.181596279144287,-3.5703341960906982,0.03921568766236305
364,ACH-000148,-3.252422571182251,-5.467011451721191,1.7982757091522217,0.4163132607936859,True,-4.337442874908447,0.78125,-4.248953524854548,0.08554653823375702,-5.0,-4.1519269943237305,-5.303808212280273,-2.6547343730926514,0.03999999910593033
365,ACH-000196,-3.54148006439209,-5.758753776550293,1.774752140045166,0.4425215721130371,True,-4.19779634475708,0.765625,-4.243837806844801,0.09635810554027557,-5.0,-3.952223777770996,-5.306310653686523,-1.814581274986267,0.020408162847161293
366,ACH-000212,0.784671425819397,-1.431139588356018,1.7853831052780151,0.4304279386997223,True,-4.346100330352783,0.828125,-4.254064059195599,0.25297823548316956,-5.0,-4.210384845733643,-5.147704601287842,-3.3898751735687256,0.056603774428367615
367,ACH-000223,0.6865425109863281,-1.4733316898345947,1.7239727973937988,0.43590131402015686,True,-4.255550861358643,0.828125,-4.254212739411903,0.2372550070285797,-5.0,-4.101042747497559,-5.0167341232299805,-3.414815902709961,0.01886792480945587
368,ACH-000248,0.08135533332824707,-2.046661615371704,1.7034825086593628,0.42453455924987793,True,-4.346556186676025,0.828125,-4.263447084138315,0.23713475465774536,-5.0,-4.210936069488525,-5.0888872146606445,-3.711641788482666,0.03773584961891174
369,ACH-000258,-0.9445710182189941,-3.1348204612731934,1.7683525085449219,0.4218968152999878,True,-4.136831283569336,0.75,-4.250785504081417,0.17546749114990234,-5.0,-3.8491086959838867,-5.067799091339111,-1.4337536096572876,0.02083333395421505
370,ACH-000276,-2.3939881324768066,-4.583320140838623,1.7580872774124146,0.43124473094940186,True,-4.259834289550781,0.828125,-4.251690382628353,0.08659382164478302,-5.0,-4.106215000152588,-4.873307704925537,-3.5263664722442627,0.0
371,ACH-000277,0.4347822666168213,-1.75687575340271,1.751869797706604,0.439788281917572,True,-4.239495277404785,0.75,-4.250470872105996,0.33065760135650635,-5.0,-3.9859931468963623,-4.558126449584961,-3.584622859954834,0.0
372,ACH-000288,-3.4394547939300537,-5.591748237609863,1.773330807685852,0.3789626955986023,True,-4.403735160827637,0.859375,-4.265797300978161,0.09500730037689209,-5.0,-4.306164264678955,-5.704950332641602,-2.591294288635254,0.12727272510528564
373,ACH-000330,1.2779126167297363,-0.9448376297950745,1.809257984161377,0.4134922921657562,True,-4.214764595031738,0.890625,-4.260694030383519,0.23288461565971375,-5.0,-4.118332386016846,-5.123673439025879,-2.3919577598571777,0.017543859779834747
374,ACH-000349,-2.4898054599761963,-4.730985641479492,1.8055237531661987,0.4356563687324524,True,-4.239773273468018,0.859375,-4.258601954691969,0.09317724406719208,-5.0,-4.115372657775879,-4.727781772613525,-3.2875990867614746,0.0
375,ACH-000352,0.8173633813858032,-1.3292509317398071,1.7209323644638062,0.425682008266449,True,-3.9782798290252686,0.875,-4.230569742125298,0.12579283118247986,-5.0,-3.832320213317871,-4.613480091094971,-3.0107178688049316,0.0
376,ACH-000374,-0.3858921527862549,-2.5292186737060547,1.744541883468628,0.39878466725349426,True,-4.355579376220703,0.796875,-4.243070705534839,0.25331777334213257,-5.0,-4.191314697265625,-4.963698387145996,-2.5098462104797363,0.0
377,ACH-000536,-3.5515971183776855,-5.615039348602295,1.6583110094070435,0.40513134002685547,True,-4.313249588012695,0.859375,-4.250088593782625,0.09785148501396179,-5.0,-4.20087194442749,-5.08933687210083,-3.765862464904785,0.0181818176060915
378,ACH-000554,-0.04245567321777344,-2.218994617462158,1.7461938858032227,0.4303451180458069,True,-4.279676914215088,0.765625,-4.253047425825871,0.1486198902130127,-5.0,-4.059169769287109,-5.056384086608887,-3.3883235454559326,0.020408162847161293
379,ACH-000568,1.8754922151565552,-0.3436063230037689,1.797142744064331,0.4219558537006378,True,-4.048920631408691,0.796875,-4.232634746384153,0.24864649772644043,-5.0,-3.8064887523651123,-4.519320964813232,-3.348574638366699,0.0
380,ACH-000573,1.2189770936965942,-0.9813352823257446,1.7688578367233276,0.431454598903656,True,-4.175511360168457,0.828125,-4.226922407762583,0.3175415098667145,-5.0,-4.004391193389893,-4.668704986572266,-3.654758930206299,0.0
381,ACH-000621,1.2546346187591553,-0.9126212000846863,1.7354439496994019,0.431812047958374,True,-4.248889446258545,0.890625,-4.229119111612179,0.22134646773338318,-5.0,-4.1566481590271,-4.895456790924072,-3.653595447540283,0.0
382,ACH-000624,0.3008847236633301,-1.8866372108459473,1.771264910697937,0.41625696420669556,True,-4.249778747558594,0.765625,-4.23118507520682,0.21020516753196716,-5.0,-4.020118713378906,-4.856098175048828,-3.6013853549957275,0.0
383,ACH-000643,1.170732855796814,-1.005397915840149,1.7609593868255615,0.41517144441604614,True,-4.2726006507873535,0.890625,-4.235326632764874,0.1960228681564331,-5.0,-4.1832709312438965,-5.186069488525391,-2.616576671600342,0.035087719559669495
384,ACH-000668,1.158218502998352,-1.0740031003952026,1.788479208946228,0.4437424838542938,True,-4.232609272003174,0.859375,-4.235054896688704,0.1920548975467682,-5.0,-4.1070356369018555,-5.032057762145996,-2.3527815341949463,0.0181818176060915
385,ACH-000691,0.6212712526321411,-1.5239890813827515,1.7266714572906494,0.41858893632888794,True,-4.166545867919922,0.84375,-4.228203993811825,0.1750413477420807,-5.0,-4.012202739715576,-4.924864292144775,-2.1260159015655518,0.0
386,ACH-000699,0.7421163320541382,-1.4236994981765747,1.7353429794311523,0.43047285079956055,True,-4.268161773681641,0.859375,-4.232199771798807,0.25131016969680786,-5.0,-4.1484055519104,-4.991279125213623,-3.772911548614502,0.0
387,ACH-000711,-0.12408280372619629,-2.336071491241455,1.769374132156372,0.44261449575424194,True,-4.350910663604736,0.796875,-4.2440708609794,0.24220234155654907,-5.0,-4.1854567527771,-5.183089256286621,-3.7923433780670166,0.05882353335618973
388,ACH-000725,1.3315907716751099,-0.7500714063644409,1.6826106309890747,0.3990515470504761,True,-4.271759986877441,0.84375,-4.246839773569204,0.18258008360862732,-5.0,-4.136900424957275,-5.088705062866211,-1.7998621463775635,0.07407407462596893
389,ACH-000755,0.8604958057403564,-1.2687122821807861,1.7249475717544556,0.40426063537597656,True,-4.286256790161133,0.828125,-4.250781475228397,0.26509618759155273,-5.0,-4.138121128082275,-5.05450963973999,-3.644223213195801,0.01886792480945587
390,ACH-000759,-1.8138251304626465,-3.9224987030029297,1.6892998218536377,0.41937384009361267,True,-4.14483642578125,0.828125,-4.240186970283682,0.07802385091781616,-5.0,-3.9673502445220947,-4.597193717956543,-3.70003080368042,0.0
391,ACH-000768,-4.984211444854736,-7.166336536407471,1.7924302816390991,0.3896949291229248,True,-4.425689697265625,0.734375,-4.258737242981876,0.10301144421100616,-5.0,-4.217960357666016,-4.986019611358643,-3.371900796890259,0.0
392,ACH-000783,0.6635866165161133,-1.4529638290405273,1.7139121294021606,0.40263834595680237,True,-4.300910949707031,0.859375,-4.262954613654392,0.25942760705947876,-5.0,-4.186514377593994,-5.215609550476074,-3.570584535598755,0.0181818176060915
393,ACH-000818,-1.1706962585449219,-3.2906746864318848,1.7069114446640015,0.4130669832229614,True,-3.626155376434326,0.71875,-4.199274689932385,0.10027417540550232,-5.0,-3.0885636806488037,-3.6710009574890137,-2.8102686405181885,0.0
394,ACH-000828,-4.817584991455078,-7.025655746459961,1.7877038717269897,0.4203666150569916,True,-3.516603469848633,0.859375,-4.1310075679240095,0.13839325308799744,-5.0,-3.2738656997680664,-3.825719118118286,-2.9764914512634277,0.0
395,ACH-000849,-2.8292746543884277,-4.957009315490723,1.7241013050079346,0.4036334753036499,True,-4.137199401855469,0.84375,-4.131626751317156,0.0819070041179657,-5.0,-3.977421283721924,-4.763907432556152,-1.9709265232086182,0.0
396,ACH-000856,-4.782938003540039,-6.956453800201416,1.7564491033554077,0.41706645488739014,True,-4.095574378967285,0.84375,-4.128021514082168,0.09786322712898254,-5.0,-3.9280881881713867,-4.730402946472168,-3.5688397884368896,0.0
397,ACH-000857,-4.680688381195068,-6.850614070892334,1.766560435295105,0.4033653140068054,True,-4.248994827270508,0.8125,-4.140118845401002,0.09192313998937607,-5.0,-4.075686454772949,-4.900976181030273,-3.4697673320770264,0.0
398,ACH-000859,-0.0790553092956543,-2.211393117904663,1.7136259078979492,0.4187118709087372,True,-4.348945617675781,0.84375,-4.16100152262848,0.22437822818756104,-5.0,-4.22838020324707,-5.074984550476074,-3.5714190006256104,0.03703703731298447
399,ACH-000876,-3.86946439743042,-6.020015716552734,1.73967444896698,0.4108768105506897,True,-4.209885597229004,0.859375,-4.165889930088532,0.0917450487613678,-5.0,-4.080594062805176,-4.940001964569092,-2.751819133758545,0.0
400,ACH-000902,0.5643162727355957,-1.6492841243743896,1.803715467453003,0.4098850190639496,True,-4.192086696624756,0.90625,-4.1685096067421545,0.2709708511829376,-5.0,-4.108509540557861,-4.7586822509765625,-3.603231430053711,0.0
401,ACH-000910,-4.425796031951904,-6.603276252746582,1.7643390893936157,0.413141131401062,True,-4.262578010559082,0.84375,-4.177916447123847,0.09493696689605713,-5.0,-4.126018524169922,-5.650001049041748,-2.24007511138916,0.018518518656492233
402,ACH-000927,1.3539528846740723,-0.769268810749054,1.7042665481567383,0.41895508766174316,True,-4.074840545654297,0.875,-4.167608856976892,0.23683473467826843,-5.0,-3.9426751136779785,-5.031324863433838,-3.4088282585144043,0.01785714365541935
403,ACH-000930,0.34537291526794434,-1.7350070476531982,1.6670591831207275,0.4133208096027374,True,-4.234908103942871,0.875,-4.17433878167349,0.17203950881958008,-5.0,-4.125609874725342,-5.074636459350586,-2.3088293075561523,0.01785714365541935
404,ACH-000934,-3.0641679763793945,-5.1657915115356445,1.6871615648269653,0.4144618809223175,True,-4.171597957611084,0.90625,-4.174064699267249,0.0865001454949379,-5.0,-4.085901260375977,-5.067495346069336,-2.925567150115967,0.017241379246115685
405,ACH-001390,1.055783748626709,-1.1157262325286865,1.7644942998886108,0.4070156216621399,True,-4.216527938842773,0.8125,-4.1783110232248015,0.2399991750717163,-5.0,-4.035727024078369,-5.024110317230225,-3.5915260314941406,0.01923076994717121
406,ACH-001819,0.26792609691619873,-1.901596188545227,1.757971167564392,0.41155123710632324,True,-4.15805721282959,0.78125,-4.176285642185281,0.17962755262851715,-5.0,-3.9223127365112305,-4.534624099731445,-3.438166618347168,0.0
407,ACH-001820,-0.13130569458007812,-2.2860190868377686,1.7432565689086914,0.41145676374435425,True,-4.274465560913086,0.890625,-4.186103634058061,0.14053186774253845,-5.0,-4.185364723205566,-5.1864824295043945,-2.617331027984619,0.05263157933950424
408,ACH-000017,-0.10109591484069824,-2.0348873138427734,1.5376100540161133,0.3961814045906067,True,-4.180375576019287,0.84375,-4.185530828254183,0.1832769513130188,-5.0,-4.02859354019165,-5.110376834869385,-3.6931710243225098,0.018518518656492233
409,ACH-000019,0.0819472074508667,-1.9873441457748413,1.6965590715408325,0.3727321922779083,True,-4.242000579833984,0.875,-4.191177803412163,0.16556769609451294,-5.0,-4.133715629577637,-5.051984786987305,-2.946770668029785,0.0535714328289032
410,ACH-000044,1.8076810836791992,-0.24280166625976562,1.6520214080810547,0.39846134185791016,True,-3.8515381813049316,0.75,-4.1572138412014406,0.2324436902999878,-5.0,-3.468717336654663,-3.915067195892334,-3.137155771255493,0.0
411,ACH-000097,-0.15706777572631836,-2.219212770462036,1.6489025354385376,0.41324251890182495,True,-4.227601528167725,0.828125,-4.164252609898069,0.18219409883022308,-5.0,-4.0672926902771,-4.978998184204102,-3.279392719268799,0.0
412,ACH-000111,1.1283762454986572,-0.9429507255554199,1.6716407537460327,0.39968621730804443,True,-4.212189674377441,0.84375,-4.169046316346006,0.16561774909496307,-5.0,-4.066298961639404,-4.924792289733887,-3.2322006225585938,0.0
413,ACH-000117,1.2450470924377441,-0.9094810485839844,1.7439323663711548,0.41059568524360657,True,-4.233144760131836,0.890625,-4.17545616072459,0.23287084698677063,-5.0,-4.138969421386719,-4.894291877746582,-3.617182493209839,0.0
414,ACH-000147,-2.253514289855957,-4.300883769989014,1.6650484800338745,0.3823210597038269,True,-4.366065979003906,0.75,-4.194517142552521,0.17269712686538696,-5.0,-4.154755115509033,-5.181596279144287,-3.7920432090759277,0.0416666679084301
415,ACH-000148,-5.65645694732666,-7.707119941711426,1.6714943647384644,0.37916868925094604,True,-4.370207786560059,0.78125,-4.212086206953275,0.10598558187484741,-5.0,-4.193865776062012,-4.9825439453125,-3.24066162109375,0.0
416,ACH-000196,0.8254859447479248,-1.3474607467651367,1.758310317993164,0.41463643312454224,True,-4.062148094177246,0.859375,-4.197092395675672,0.146154522895813,-5.0,-3.9086809158325195,-4.946713924407959,-1.7138439416885376,0.0
417,ACH-000212,0.12542390823364258,-2.0509033203125,1.772247076034546,0.40408018231391907,True,-4.276598930358887,0.859375,-4.205043049143994,0.21536634862422943,-5.0,-4.158224105834961,-4.990213871002197,-3.091063976287842,0.0
418,ACH-000223,1.246493935585022,-0.8193527460098267,1.6599268913269043,0.4059198498725891,True,-4.20011043548584,0.921875,-4.204549787778178,0.2689712941646576,-5.0,-4.132323265075684,-5.125138759613037,-2.7315945625305176,0.016949152573943138
419,ACH-000248,0.5338174104690552,-1.6117490530014038,1.741312026977539,0.40425431728363037,True,-4.199212074279785,0.8125,-4.204016016428339,0.18927782773971558,-5.0,-4.014414310455322,-4.777166843414307,-2.1186227798461914,0.0
420,ACH-000258,-7.423065662384033,-9.519125938415527,1.7013664245605469,0.3946937322616577,True,-4.012388706207275,0.828125,-4.184853285406232,0.1320878118276596,-5.0,-3.80741286277771,-4.94338321685791,-1.433754801750183,0.0
421,ACH-000276,0.11974978446960449,-2.0257580280303955,1.7513786554336548,0.39412903785705566,True,-4.238986968994141,0.859375,-4.190266653765023,0.18341094255447388,-5.0,-4.114457607269287,-4.954837799072266,-2.421715497970581,0.0
422,ACH-000277,-3.2848639488220215,-5.453069686889648,1.7519508600234985,0.4162549078464508,True,-4.172464370727539,0.796875,-4.188486425461274,0.09039623290300369,-5.0,-3.96152400970459,-4.575881481170654,-3.2675020694732666,0.0
423,ACH-000288,-10.73546028137207,-12.851250648498535,1.746543288230896,0.36924684047698975,True,-4.391212463378906,0.71875,-4.208759029253037,0.15192735195159912,-5.0,-4.15299129486084,-5.205519199371338,-3.299478054046631,0.021739130839705467
424,ACH-000330,0.19763898849487305,-1.9326121807098389,1.72169828414917,0.40855294466018677,True,-4.324192047119141,0.8125,-4.2203023310396475,0.21567189693450928,-5.0,-4.16823673248291,-5.123673439025879,-3.7294771671295166,0.03846153989434242
425,ACH-000349,1.0616265535354614,-1.091553807258606,1.756143569946289,0.39703670144081116,True,-4.237029075622559,0.890625,-4.221975005497939,0.2812438905239105,-5.0,-4.1433305740356445,-5.2195143699646,-3.7109289169311523,0.017543859779834747
426,ACH-000352,-2.6007895469665527,-4.670459270477295,1.6734074354171753,0.39626219868659973,True,-4.051957607269287,0.828125,-4.204973265675074,0.09228439629077911,-5.0,-3.855194091796875,-4.570441246032715,-3.2496962547302246,0.0
427,ACH-000374,0.15767598152160645,-1.9656426906585693,1.7228524684906006,0.4004661440849304,True,-4.248497009277344,0.859375,-4.209325640035301,0.1932191252708435,-5.0,-4.125524044036865,-5.2152509689331055,-3.4297091960906982,0.072727270424366
428,ACH-000536,-1.9898486137390137,-4.043993949890137,1.6748979091644287,0.3792474865913391,True,-4.435233116149902,0.734375,-4.231916387646761,0.12588511407375336,-5.0,-4.230955123901367,-5.152092933654785,-3.7586781978607178,0.042553190141916275
429,ACH-000554,0.18286871910095215,-1.8908448219299316,1.6841108798980713,0.3896026313304901,True,-4.327727317810059,0.78125,-4.2414974806630905,0.23554615676403046,-5.0,-4.139490604400635,-5.056384086608887,-3.7962820529937744,0.03999999910593033
430,ACH-000568,-4.248149871826172,-6.314962387084961,1.671842336654663,0.3949700593948364,True,-4.0532426834106445,0.78125,-4.2226720009378464,0.10429912805557251,-5.0,-3.7881505489349365,-4.49406099319458,-2.6524250507354736,0.0
431,ACH-000573,0.9404940605163574,-1.1405138969421387,1.6912087202072144,0.3897993564605713,True,-4.127410888671875,0.859375,-4.2131458897112495,0.30206623673439026,-5.0,-3.984623432159424,-4.747142314910889,-3.5937938690185547,0.0
432,ACH-000621,-3.6381945610046387,-5.749974250793457,1.7212249040603638,0.39055484533309937,True,-4.2746124267578125,0.84375,-4.219292543415905,0.08984366059303284,-5.0,-4.140281677246094,-5.2098588943481445,-3.604069471359253,0.03703703731298447
433,ACH-000624,0.12219357490539551,-1.9878809452056885,1.721475601196289,0.38859885931015015,True,-4.112554550170898,0.828125,-4.208618744091405,0.13649946451187134,-5.0,-3.928367853164673,-4.677008628845215,-1.932868480682373,0.0
434,ACH-000643,0.8994040489196777,-1.2735729217529297,1.7727059125900269,0.400270938873291,True,-4.212191581726074,0.875,-4.208976027854872,0.17161858081817627,-5.0,-4.099647521972656,-4.815037250518799,-3.4082109928131104,0.0
435,ACH-000668,0.6079269647598267,-1.4827409982681274,1.6834968328475952,0.4071710705757141,True,-4.2237772941589355,0.84375,-4.2104561544852785,0.22223664820194244,-5.0,-4.0800323486328125,-5.066219329833984,-2.4132256507873535,0.03703703731298447
436,ACH-000691,-3.029829740524292,-5.19356632232666,1.7693171501159668,0.39441952109336853,True,-4.234196662902832,0.859375,-4.212830205327034,0.08353699743747711,-5.0,-4.108883380889893,-4.770524024963379,-3.714376211166382,0.0
437,ACH-000699,1.6721168756484985,-0.44213902950286865,1.7314157485961914,0.382840096950531,True,-4.218048095703125,0.90625,-4.213351994364643,0.343275785446167,-5.0,-4.1371564865112305,-5.123886585235596,-3.332942247390747,0.017241379246115685
438,ACH-000711,1.0020709037780762,-1.0752062797546387,1.679113507270813,0.3981636166572571,True,-4.225026607513428,0.859375,-4.214519455679522,0.26357021927833557,-5.0,-4.098212718963623,-5.183089256286621,-3.5717265605926514,0.036363635212183
439,ACH-000725,0.0643928050994873,-2.0011215209960938,1.6796518564224243,0.3858623802661896,True,-4.306885719299316,0.84375,-4.223756082041501,0.1689852774143219,-5.0,-4.178531646728516,-5.074186325073242,-3.56196665763855,0.018518518656492233
440,ACH-000755,0.13190436363220215,-2.0096402168273926,1.7404896020889282,0.4010549485683441,True,-4.1829514503479,0.84375,-4.219675618872142,0.17876780033111572,-5.0,-4.031646251678467,-4.865811347961426,-3.4403843879699707,0.0
441,ACH-000759,1.8120512962341309,-0.296127587556839,1.7070878744125366,0.401091068983078,True,-4.077005386352539,0.859375,-4.205408595620181,0.2801198363304138,-5.0,-3.9259703159332275,-4.577892303466797,-2.7494776248931885,0.0
442,ACH-000768,-0.36479926109313965,-2.4718434810638428,1.725974440574646,0.38106977939605713,True,-4.327503681182861,0.765625,-4.217618104176449,0.3553338646888733,-5.0,-4.121637344360352,-5.209752082824707,-3.332688331604004,0.020408162847161293
443,ACH-000783,0.5394651889801025,-1.551759958267212,1.6924805641174316,0.39874470233917236,True,-4.168125152587891,0.890625,-4.212668809017593,0.11799556016921997,-5.0,-4.065964698791504,-5.215609550476074,-2.511798858642578,0.05263157933950424
444,ACH-000818,0.6017310619354248,-1.444284439086914,1.653936505317688,0.39207908511161804,True,-3.4473142623901367,0.828125,-4.136133354354848,0.08617012202739716,-5.0,-3.125058889389038,-3.866367816925049,-2.7709994316101074,0.0
445,ACH-000828,1.1542444229125977,-0.9138984084129333,1.6769225597381592,0.39122021198272705,True,-3.7546463012695312,0.734375,-4.0979846490463165,0.19852590560913086,-5.0,-3.30419921875,-4.312110900878906,-2.9119718074798584,0.0
446,ACH-000849,-0.8954166173934937,-2.8433797359466553,1.58822500705719,0.35973814129829407,True,-4.177961349487305,0.84375,-4.1059823190904154,0.21564863622188568,-5.0,-4.025732517242432,-4.923189640045166,-3.652202606201172,0.0
447,ACH-000856,0.54183030128479,-1.5434932708740234,1.6868953704833984,0.39842814207077026,True,-4.095613479614258,0.84375,-4.1049454351428,0.30543726682662964,-5.0,-3.9281344413757324,-4.684125900268555,-3.5688397884368896,0.0
448,ACH-000857,-0.3042011260986328,-2.3835723400115967,1.695534110069275,0.3838370442390442,True,-4.23244571685791,0.875,-4.117695463314311,0.20876434445381165,-5.0,-4.122795581817627,-4.883224010467529,-3.715911865234375,0.0
449,ACH-000859,-0.640796422958374,-2.6658570766448975,1.6500880718231201,0.3749726116657257,True,-4.235074043273926,0.828125,-4.129433321310272,0.20341713726520538,-5.0,-4.0763163566589355,-5.147832870483398,-3.196608781814575,0.01886792480945587
450,ACH-000876,0.7456197738647461,-1.3491010665893555,1.6946254968643188,0.40009522438049316,True,-4.2289228439331055,0.859375,-4.139382273572556,0.23627908527851105,-5.0,-4.102746963500977,-4.78183650970459,-3.425121307373047,0.0
451,ACH-000902,0.8873864412307739,-1.240719199180603,1.7392425537109375,0.3888630270957947,True,-4.109626293182373,0.875,-4.136406675533538,0.23507006466388702,-5.0,-3.9824302196502686,-4.880157470703125,-2.0894267559051514,0.0
452,ACH-000910,-0.4654390811920166,-2.537842035293579,1.7036893367767334,0.36871373653411865,True,-4.27790641784668,0.828125,-4.150556649764852,0.0789598748087883,-5.0,-4.128037452697754,-4.840490341186523,-3.7267355918884277,0.0
453,ACH-000927,1.1011035442352295,-0.9006131291389465,1.626227617263794,0.37548911571502686,True,-4.164663314819336,0.875,-4.1519673162703,0.2625020742416382,-5.0,-4.045330047607422,-4.671794414520264,-3.234549045562744,0.0
454,ACH-000930,-0.34789490699768066,-2.4095277786254883,1.6813517808914185,0.38028112053871155,True,-4.290780067443848,0.8125,-4.165848591387654,0.27386853098869324,-5.0,-4.127114295959473,-4.978384971618652,-3.540238857269287,0.0
455,ACH-000934,1.0183466672897339,-1.1112357378005981,1.746429681777954,0.38315266370773315,True,-4.255322456359863,0.875,-4.174795977884875,0.35722941160202026,-5.0,-4.148940563201904,-5.04112434387207,-1.667449951171875,0.01785714365541935
456,ACH-001390,0.8584729433059692,-1.218178391456604,1.6980717182159424,0.3785795569419861,True,-4.2037835121154785,0.828125,-4.177694731307936,0.2104140669107437,-5.0,-4.038531303405762,-4.663071632385254,-3.4143543243408203,0.0
457,ACH-001819,0.5024417638778687,-1.6015201807022095,1.7243244647979736,0.3796374201774597,True,-4.043506622314453,0.859375,-4.1642759204085875,0.23911017179489136,-5.0,-3.886989116668701,-4.482320785522461,-2.7092125415802,0.0
458,ACH-001820,0.8431881666183472,-1.1759792566299438,1.634961724281311,0.38420581817626953,True,-4.169116973876953,0.890625,-4.164760025755424,0.26883140206336975,-5.0,-4.067078590393066,-5.1864824295043945,-3.4683914184570312,0.017543859779834747
459,ACH-000017,0.12230074405670166,-1.7879737615585327,1.533259630203247,0.37701481580734253,True,-4.165308475494385,0.84375,-4.1648148707293196,0.23674747347831726,-5.0,-4.010735988616943,-4.925933361053467,-2.2548837661743164,0.0
460,ACH-000019,-5.748991012573242,-7.723085880279541,1.606954574584961,0.36714038252830505,True,-4.362261772155762,0.78125,-4.184559560871964,0.10306285321712494,-5.0,-4.183694839477539,-5.036343097686768,-3.7737607955932617,0.019999999552965164
461,ACH-000044,-2.228976011276245,-4.1610517501831055,1.55363130569458,0.3784444332122803,True,-3.8010334968566895,0.796875,-4.146206954470436,0.09235731512308121,-5.0,-3.4954144954681396,-4.437754154205322,-3.128824234008789,0.0
462,ACH-000097,0.038010478019714355,-1.9907253980636597,1.6412848234176636,0.3874511122703552,True,-4.134908676147461,0.921875,-4.145077126638139,0.16262668371200562,-5.0,-4.061595439910889,-5.209274768829346,-3.8031845092773438,0.033898305147886276
463,ACH-000111,-0.2702627182006836,-2.3702163696289062,1.7124639749526978,0.3874896168708801,True,-4.285910606384277,0.828125,-4.159160474612753,0.1854546070098877,-5.0,-4.137703895568848,-5.376073360443115,-3.481544017791748,0.01886792480945587
464,ACH-000117,-2.857056140899658,-4.940195083618164,1.6984111070632935,0.3847277760505676,True,-4.157627582550049,0.875,-4.159007185406482,0.07928270846605301,-5.0,-4.037288665771484,-4.92978048324585,-3.6057000160217285,0.0
465,ACH-000147,0.28480231761932373,-1.8055907487869263,1.7278128862380981,0.36258023977279663,True,-4.302644729614258,0.8125,-4.17337093982726,0.19048473238945007,-5.0,-4.141716480255127,-4.955573558807373,-3.489716053009033,0.0
466,ACH-000148,-3.2324447631835938,-5.392587661743164,1.7971572875976562,0.3629857301712036,True,-4.298766136169434,0.78125,-4.1859104594614776,0.23127789795398712,-5.0,-4.102421283721924,-4.9906816482543945,-2.5947513580322266,0.0
467,ACH-000196,0.5739370584487915,-1.5022143125534058,1.6971136331558228,0.37903785705566406,True,-4.043789863586426,0.890625,-4.171698399873972,0.21271830797195435,-5.0,-3.9263601303100586,-5.0558624267578125,-2.284515619277954,0.017543859779834747
468,ACH-000212,0.2316511869430542,-1.8531614542007446,1.7063151597976685,0.37849754095077515,True,-4.189769268035889,0.875,-4.173505486690164,0.12831547856330872,-5.0,-4.07402229309082,-5.2987446784973145,-3.3429172039031982,0.0357142873108387
469,ACH-000223,0.790579080581665,-1.230757236480713,1.6447845697402954,0.3765518367290497,True,-4.197457313537598,0.921875,-4.175900669374908,0.22111903131008148,-5.0,-4.1294450759887695,-4.977197170257568,-3.5817527770996094,0.0
470,ACH-000248,1.039882779121399,-0.978714108467102,1.6399633884429932,0.3786335289478302,True,-4.112085342407227,0.890625,-4.16951913667814,0.20271961390972137,-5.0,-4.003043174743652,-4.804670810699463,-3.6023073196411133,0.0
471,ACH-000258,-0.389507532119751,-2.4603071212768555,1.6935184001922607,0.3772810995578766,True,-4.153144836425781,0.875,-4.167881706652905,0.20434880256652832,-5.0,-4.032165050506592,-5.480943202972412,-3.020577907562256,0.0714285746216774
472,ACH-000276,0.9517207145690918,-1.0839362144470215,1.6608359813690186,0.3748210072517395,True,-4.09058952331543,0.90625,-4.160152488319158,0.2357546091079712,-5.0,-3.9965126514434814,-4.9283928871154785,-3.263270616531372,0.0
473,ACH-000277,-9.203629493713379,-11.249114990234375,1.668347716331482,0.3771378993988037,True,-4.205357551574707,0.765625,-4.164672994644713,0.13857613503932953,-5.0,-3.96209979057312,-4.608165740966797,-3.4516496658325195,0.0
474,ACH-000288,0.1113283634185791,-1.9700262546539307,1.7275238037109375,0.3538307845592499,True,-4.2772216796875,0.828125,-4.175927863148991,0.19871829450130463,-5.0,-4.127211093902588,-5.034789562225342,-2.5102760791778564,0.01886792480945587
475,ACH-000330,0.22594666481018066,-1.8104102611541748,1.661170244216919,0.37518662214279175,True,-4.260263442993164,0.921875,-4.184361421133408,0.1505681276321411,-5.0,-4.197573184967041,-5.060800552368164,-3.359508514404297,0.016949152573943138
476,ACH-000349,1.283698558807373,-0.7901466488838196,1.7022621631622314,0.3715829849243164,True,-4.210109710693359,0.890625,-4.186936250089403,0.2961543798446655,-5.0,-4.113105773925781,-5.057166576385498,-3.793550491333008,0.017543859779834747
477,ACH-000352,2.561612606048584,0.5103524923324585,1.6874217987060547,0.3638383746147156,True,-3.8463263511657715,0.90625,-4.15287526019704,0.2074296623468399,-5.0,-3.726980686187744,-4.301859378814697,-3.1234073638916016,0.0
478,ACH-000374,0.12209296226501465,-2.031956911087036,1.7841922044754028,0.3698576092720032,True,-4.279153823852539,0.8125,-4.16550311656259,0.15310171246528625,-5.0,-4.112804889678955,-5.2152509689331055,-3.3347084522247314,0.03846153989434242
479,ACH-000536,-0.02265024185180664,-1.9786863327026367,1.5974133014678955,0.3586227297782898,True,-4.312853813171387,0.859375,-4.18023818622347,0.22807614505290985,-5.0,-4.200411796569824,-5.152092933654785,-3.5953688621520996,0.0181818176060915
480,ACH-000554,1.0180212259292603,-1.0316046476364136,1.6764272451400757,0.37319856882095337,True,-4.192046165466309,0.90625,-4.181418984147753,0.22673550248146057,-5.0,-4.10846471786499,-5.056384086608887,-2.6980810165405273,0.03448275849223137
481,ACH-000568,0.830965518951416,-1.2077815532684326,1.6715686321258545,0.3671785295009613,True,-4.000747203826904,0.828125,-4.163351806115668,0.13951203227043152,-5.0,-3.7933552265167236,-4.36665153503418,-3.138204574584961,0.0
482,ACH-000573,-1.2599055767059326,-3.240804672241211,1.6142538785934448,0.3666451871395111,True,-4.164522171020508,0.8125,-4.163468842606152,0.10364359617233276,-5.0,-3.971719264984131,-4.592816352844238,-3.39296293258667,0.0
483,ACH-000621,1.6494545936584473,-0.34785887598991394,1.6308075189590454,0.36650604009628296,True,-4.141113758087158,0.9375,-4.161233334154252,0.22299353778362274,-5.0,-4.083854675292969,-4.795920372009277,-3.6249566078186035,0.0
484,ACH-000624,1.4777324199676514,-0.5682289600372314,1.675604224205017,0.3703571557998657,True,-4.085696220397949,0.921875,-4.153679622778622,0.17505773901939392,-5.0,-4.008213043212891,-4.782414436340332,-1.9328685998916626,0.0
485,ACH-000643,0.2733038663864136,-1.7796608209609985,1.6721673011779785,0.3807973265647888,True,-4.191093444824219,0.859375,-4.157421004983181,0.17612239718437195,-5.0,-4.058727264404297,-5.186069488525391,-3.301644802093506,0.036363635212183
486,ACH-000668,0.2668764591217041,-1.8374419212341309,1.723637342453003,0.38068097829818726,True,-4.2221550941467285,0.859375,-4.163894413899536,0.16577118635177612,-5.0,-4.0948710441589355,-5.066219329833984,-3.5394928455352783,0.0181818176060915
487,ACH-000691,0.4279271364212036,-1.679085373878479,1.7397658824920654,0.3672466278076172,True,-4.184541702270508,0.84375,-4.165959142736633,0.19101354479789734,-5.0,-4.0335307121276855,-4.771778583526611,-3.3440475463867188,0.0
488,ACH-000699,-0.11576247215270996,-2.200340986251831,1.7118017673492432,0.3727767765522003,True,-4.256360054016113,0.875,-4.174999233864582,0.20564904808998108,-5.0,-4.150125980377197,-4.8224897384643555,-3.772911548614502,0.0
489,ACH-000711,0.3153938055038452,-1.7351032495498657,1.6609275341033936,0.3895694613456726,True,-4.12984561920166,0.859375,-4.1704838723982895,0.2205020636320114,-5.0,-3.9874563217163086,-4.921060562133789,-2.4497900009155273,0.0
490,ACH-000725,0.9133460521697998,-1.1755931377410889,1.7236248254776,0.3653144836425781,True,-4.200764179229736,0.90625,-4.173511903081434,0.23784708976745605,-5.0,-4.11808443069458,-4.98059606552124,-3.61273455619812,0.0
491,ACH-000755,0.5820962190628052,-1.4180954694747925,1.6391587257385254,0.36103305220603943,True,-4.2133941650390625,0.890625,-4.177500129277197,0.18364576995372772,-5.0,-4.116793632507324,-4.865811347961426,-3.4206900596618652,0.0
492,ACH-000759,1.2248859405517578,-0.7680228352546692,1.6329045295715332,0.3600042760372162,True,-4.0729827880859375,0.875,-4.167048395158071,0.232864648103714,-5.0,-3.940551996231079,-4.627814769744873,-3.177427053451538,0.0
493,ACH-000768,-3.2930853366851807,-5.391592502593994,1.7483302354812622,0.3501768708229065,True,-4.183459281921387,0.875,-4.168689483834402,0.08519446849822998,-5.0,-4.066810607910156,-5.209752082824707,-3.608670949935913,0.01785714365541935
494,ACH-000783,-0.10200834274291992,-2.108966588973999,1.63007390499115,0.3768843412399292,True,-4.199507713317871,0.859375,-4.171771306782749,0.1809101104736328,-5.0,-4.068518161773682,-4.818485260009766,-3.3726038932800293,0.0
495,ACH-000818,0.0499262809753418,-1.93336820602417,1.6105031967163086,0.3727912902832031,True,-3.651625633239746,0.703125,-4.119756739428449,0.19594860076904297,-5.0,-3.0823121070861816,-3.7302844524383545,-2.8102686405181885,0.0
496,ACH-000828,1.4035344123840332,-0.6365198493003845,1.6745132207870483,0.3655412197113037,True,-3.6036500930786133,0.796875,-4.068146074793465,0.20776882767677307,-5.0,-3.24771785736084,-3.8162918090820312,-2.9764914512634277,0.0
497,ACH-000849,0.6960021257400513,-1.1969778537750244,1.5623143911361694,0.33066555857658386,True,-4.055380344390869,0.875,-4.066869501753206,0.26698529720306396,-5.0,-3.9204349517822266,-4.582724094390869,-2.873603582382202,0.0
498,ACH-000856,0.934539794921875,-1.0622185468673706,1.6120131015777588,0.3847452402114868,True,-3.9570183753967285,0.90625,-4.055884389117558,0.18147869408130646,-5.0,-3.84912371635437,-4.626905918121338,-1.7621773481369019,0.0
499,ACH-000857,-0.2497718334197998,-2.2571518421173096,1.642358660697937,0.36502140760421753,True,-4.209488868713379,0.859375,-4.07124483707714,0.24388882517814636,-5.0,-4.080132007598877,-4.926052570343018,-3.715911865234375,0.0
500,ACH-000859,0.32961034774780273,-1.6860935688018799,1.6449756622314453,0.3707282245159149,True,-4.2102861404418945,0.828125,-4.085148967413615,0.12252403795719147,-5.0,-4.046383380889893,-5.147832870483398,-3.5312697887420654,0.01886792480945587
501,ACH-000876,-4.517561435699463,-6.533115863800049,1.6432737112045288,0.37228071689605713,True,-4.177289962768555,0.875,-4.094363066949109,0.08805263042449951,-5.0,-4.059760570526123,-4.829081058502197,-3.5486366748809814,0.0
502,ACH-000902,1.1141153573989868,-0.8821274042129517,1.6430838108062744,0.3531589210033417,True,-4.031221389770508,0.953125,-4.088048899231249,0.14804190397262573,-5.0,-3.983576536178589,-4.914733409881592,-3.428919792175293,0.0
503,ACH-000910,-4.910742282867432,-6.93087100982666,1.657310128211975,0.3628185987472534,True,-4.188690185546875,0.875,-4.098113027862811,0.08571609109640121,-5.0,-4.072789669036865,-5.05349588394165,-3.751059055328369,0.01785714365541935
504,ACH-000927,-3.9850409030914307,-6.001728534698486,1.6458191871643066,0.3708685040473938,True,-4.112658500671387,0.875,-4.099567575143669,0.08658509701490402,-5.0,-3.9858956336975098,-4.755671977996826,-3.293367385864258,0.0
505,ACH-000930,0.9621291160583496,-1.0904765129089355,1.6873072385787964,0.36529847979545593,True,-4.108671188354492,0.875,-4.100477936464751,0.20238545536994934,-5.0,-3.9813380241394043,-4.7774739265441895,-2.3088293075561523,0.0
506,ACH-000934,0.9487284421920776,-1.1864615678787231,1.7510606050491333,0.3841293454170227,True,-4.145009994506836,0.90625,-4.10493114226896,0.2485303431749344,-5.0,-4.056563377380371,-4.9433817863464355,-3.557637929916382,0.0
507,ACH-001390,-0.6738975048065186,-2.712825298309326,1.682851791381836,0.35607606172561646,True,-4.276371955871582,0.78125,-4.122075223629222,0.20611080527305603,-5.0,-4.073755264282227,-4.890720844268799,-3.6279280185699463,0.0
508,ACH-001819,0.8314173221588135,-1.2191355228424072,1.6722255945205688,0.37832725048065186,True,-4.0819010734558105,0.828125,-4.118057808611881,0.20382487773895264,-5.0,-3.891352415084839,-4.689474582672119,-3.210580587387085,0.0
509,ACH-001820,0.4249964952468872,-1.5511025190353394,1.606866478919983,0.36923253536224365,True,-4.176774024963379,0.875,-4.12392943024703,0.2358836531639099,-5.0,-4.059170246124268,-4.815789222717285,-3.6418204307556152,0.0
510,ACH-000017,0.6107196807861328,-1.2188441753387451,1.4721579551696777,0.3574058711528778,True,-4.054664134979248,0.921875,-4.117002900720252,0.17874617874622345,-5.0,-3.97455096244812,-5.081759452819824,-2.7820796966552734,0.016949152573943138
511,ACH-000019,-9.562713623046875,-11.512134552001953,1.6192095279693604,0.33021169900894165,True,-4.231168270111084,0.875,-4.1284194376593355,0.12948615849018097,-5.0,-4.121335506439209,-5.036343097686768,-3.7737607955932617,0.01785714365541935
512,ACH-000044,1.0243514776229858,-0.8609591722488403,1.5305688381195068,0.35474181175231934,True,-3.7724709510803223,0.796875,-4.092824589001434,0.24218818545341492,-5.0,-3.459571599960327,-4.453022480010986,-3.137155771255493,0.0
513,ACH-000097,-2.9868032932281494,-4.876106262207031,1.523845911026001,0.36545711755752563,True,-4.110875129699707,0.921875,-4.0946296430712605,0.06768231093883514,-5.0,-4.035525798797607,-4.722362995147705,-3.714268684387207,0.0
514,ACH-000111,1.1714088916778564,-0.7564392685890198,1.567210078239441,0.36063796281814575,True,-4.134278774261475,0.984375,-4.098594556190282,0.2316344976425171,-5.0,-4.120537281036377,-5.376073360443115,-3.739835739135742,0.01587301678955555
515,ACH-000117,0.4595528841018677,-1.554416298866272,1.6564042568206787,0.3575648367404938,True,-4.131584167480469,0.890625,-4.1018935173193,0.19622206687927246,-5.0,-4.024936199188232,-4.940879821777344,-3.538400173187256,0.0
516,ACH-000147,-0.21978116035461426,-2.225586175918579,1.6670920848846436,0.33871304988861084,True,-4.233536720275879,0.84375,-4.115057837614958,0.2141132950782776,-5.0,-4.091599464416504,-4.922262668609619,-3.556284189224243,0.0
517,ACH-000148,-3.56143856048584,-5.547936916351318,1.6402111053466797,0.346287339925766,True,-4.159157752990723,0.90625,-4.119467829152534,0.08511421084403992,-5.0,-4.072174072265625,-5.201488971710205,-3.682332992553711,0.03448275849223137
518,ACH-000196,1.5435460805892944,-0.4504719078540802,1.6300541162490845,0.3639638423919678,True,-3.9461474418640137,0.921875,-4.102135790423683,0.2009372115135193,-5.0,-3.8568379878997803,-4.623469829559326,-1.713845133781433,0.0
519,ACH-000212,0.7410625219345093,-1.275145411491394,1.6438074111938477,0.3724004626274109,True,-4.179536819458008,0.921875,-4.109875893327115,0.19407446682453156,-5.0,-4.110005855560303,-5.147704601287842,-3.6873340606689453,0.050847455859184265
520,ACH-000223,0.4944007396697998,-1.5069801807403564,1.629493236541748,0.3718876838684082,True,-4.127086639404297,0.84375,-4.111596967934833,0.23095248639583588,-5.0,-3.96543550491333,-4.720817565917969,-3.3380391597747803,0.0
521,ACH-000248,-4.6903228759765625,-6.774539470672607,1.7162913084030151,0.36792516708374023,True,-4.063283443450928,0.890625,-4.1067656154864425,0.08952535688877106,-5.0,-3.9482481479644775,-4.805807113647461,-2.1930150985717773,0.0
522,ACH-000258,0.5224674940109253,-1.4981099367141724,1.667449712753296,0.35312768816947937,True,-4.051469326019287,0.875,-4.101235986539727,0.15048760175704956,-5.0,-3.9159650802612305,-4.889012336730957,-3.3763067722320557,0.0
523,ACH-000276,0.7584097385406494,-1.2289135456085205,1.6271851062774658,0.3601381778717041,True,-4.048882484436035,0.921875,-4.096000636329358,0.15805235505104065,-5.0,-3.9682791233062744,-4.932351589202881,-2.4217145442962646,0.0
524,ACH-000277,0.8218224048614502,-1.1611584424972534,1.6236917972564697,0.3592890501022339,True,-4.137649059295654,0.890625,-4.100165478625988,0.1558976173400879,-5.0,-4.0317463874816895,-4.608165740966797,-3.687541961669922,0.0
525,ACH-000288,-0.5057270526885986,-2.4829394817352295,1.6480367183685303,0.32917577028274536,True,-4.190886974334717,0.90625,-4.109237628196861,0.08389174938201904,-5.0,-4.1071858406066895,-4.982795238494873,-3.379532814025879,0.0
526,ACH-000330,0.9936902523040771,-1.0564501285552979,1.6836117506027222,0.3665286898612976,True,-4.170187950134277,0.890625,-4.115332660390603,0.2002379596233368,-5.0,-4.068281650543213,-4.687503337860107,-3.6196019649505615,0.0
527,ACH-000349,2.0009450912475586,0.07806960493326187,1.578676462173462,0.34419888257980347,True,-4.0679755210876465,0.96875,-4.110596946460308,0.2037598043680191,-5.0,-4.037909984588623,-5.218055725097656,-3.185974597930908,0.032258063554763794
528,ACH-000352,1.6697992086410522,-0.35616692900657654,1.6694504022598267,0.35651567578315735,True,-3.818702459335327,0.890625,-4.08140749774781,0.23215927183628082,-5.0,-3.673630952835083,-4.301859378814697,-3.4559073448181152,0.0
529,ACH-000374,-4.553064346313477,-6.563770771026611,1.6470704078674316,0.36363619565963745,True,-4.147180557250977,0.875,-4.087984803698126,0.08331546187400818,-5.0,-4.0253496170043945,-4.997009754180908,-3.4244654178619385,0.0
530,ACH-000536,-0.17811810970306396,-2.1118907928466797,1.5783122777938843,0.35546040534973145,True,-4.180161476135254,0.859375,-4.0972024709418395,0.13661575317382812,-5.0,-4.046005725860596,-4.830743312835693,-3.5947561264038086,0.0
531,ACH-000554,0.501319408416748,-1.4839277267456055,1.6211074590682983,0.3641396164894104,True,-4.194419860839844,0.921875,-4.10692420993164,0.28452715277671814,-5.0,-4.126150608062744,-5.235465049743652,-3.7821717262268066,0.033898305147886276
532,ACH-000568,2.173786163330078,0.18069609999656677,1.6345561742782593,0.3585338890552521,True,-3.8427252769470215,0.90625,-4.080504316633179,0.3117372393608093,-5.0,-3.7230074405670166,-4.415505409240723,-3.0512993335723877,0.0
533,ACH-000573,-4.841561317443848,-6.838771820068359,1.644766092300415,0.3524443507194519,True,-4.062692165374756,0.890625,-4.078723101507336,0.08909814804792404,-5.0,-3.9475841522216797,-4.637908458709717,-3.425424575805664,0.0
534,ACH-000621,0.26086950302124023,-1.7417645454406738,1.6253610849380493,0.3772730231285095,True,-4.226202011108398,0.875,-4.093470992467442,0.19118452072143555,-5.0,-4.115659236907959,-4.942445755004883,-3.8033125400543213,0.0
535,ACH-000624,0.6052117347717285,-1.3642902374267578,1.6131244897842407,0.3563774824142456,True,-4.056646347045898,0.90625,-4.089788527925288,0.20785771310329437,-5.0,-3.9590580463409424,-4.677008628845215,-3.636064291000366,0.0
536,ACH-000643,0.5992171764373779,-1.3305504322052002,1.5851231813430786,0.3446444869041443,True,-4.150979518890381,0.90625,-4.095907627021797,0.2092181146144867,-5.0,-4.063149929046631,-5.00200080871582,-3.5903780460357666,0.017241379246115685
537,ACH-000668,1.6042524576187134,-0.38305339217185974,1.638896107673645,0.3484097719192505,True,-4.102867126464844,0.984375,-4.096603576966102,0.20715190470218658,-5.0,-4.088627338409424,-4.8834228515625,-3.2523646354675293,0.0
538,ACH-000691,-0.8648674488067627,-2.859736442565918,1.6431981325149536,0.35167092084884644,True,-4.154365062713623,0.84375,-4.102379725540853,0.1246347427368164,-5.0,-3.9977660179138184,-4.928422927856445,-2.1260159015655518,0.0
539,ACH-000699,1.1432393789291382,-0.8403151035308838,1.619062066078186,0.36449241638183594,True,-4.122155666351318,0.9375,-4.1043573196219,0.260020911693573,-5.0,-4.063633441925049,-4.946954250335693,-3.4874675273895264,0.0
540,ACH-000711,0.4055054187774658,-1.5445261001586914,1.5972639322280884,0.3527675271034241,True,-4.114604949951172,0.890625,-4.105382082654827,0.18125902116298676,-5.0,-4.00587272644043,-4.772580146789551,-3.384675979614258,0.0
541,ACH-000725,-0.7735388278961182,-2.7830207347869873,1.654325246810913,0.3551567792892456,True,-4.22218132019043,0.828125,-4.117062006408387,0.18396615982055664,-5.0,-4.0607476234436035,-4.851892948150635,-3.7873265743255615,0.0
542,ACH-000755,-0.8253986835479736,-2.7979280948638916,1.6139715909957886,0.358557790517807,True,-4.255649566650391,0.78125,-4.130920762432588,0.18586304783821106,-5.0,-4.047231674194336,-4.946166515350342,-3.2372097969055176,0.0
543,ACH-000759,0.6154086589813232,-1.4403729438781738,1.707215666770935,0.3485659956932068,True,-4.011937618255615,0.875,-4.11902244801489,0.1648879051208496,-5.0,-3.870785713195801,-4.577892303466797,-3.700374126434326,0.0
544,ACH-000768,-0.028958797454833984,-1.968227744102478,1.6264947652816772,0.3127741813659668,True,-4.208745956420898,0.890625,-4.127994798855491,0.22633396089076996,-5.0,-4.111575126647949,-5.209752082824707,-3.33591890335083,0.035087719559669495
545,ACH-000783,0.3558492660522461,-1.5936030149459839,1.602359652519226,0.3470926582813263,True,-4.134466171264648,0.9375,-4.128641936096407,0.1358368992805481,-5.0,-4.07676362991333,-5.075652122497559,-3.6257643699645996,0.01666666753590107
546,ACH-000818,-0.8544725179672241,-2.8013691902160645,1.60003662109375,0.34686005115509033,True,-3.394089698791504,0.84375,-4.055186712365916,0.09124534577131271,-5.0,-3.0966989994049072,-3.686335563659668,-2.8102686405181885,0.0
547,ACH-000828,-5.971479415893555,-7.984672546386719,1.6661324501037598,0.3470609784126282,True,-3.5506834983825684,0.84375,-4.004736390967581,0.11723138391971588,-5.0,-3.2822914123535156,-4.077800750732422,-2.9764914512634277,0.0
548,ACH-000849,-0.0005422830581665039,-1.8714509010314941,1.5601117610931396,0.3107968270778656,True,-4.06568717956543,0.875,-4.010831469827366,0.227087140083313,-5.0,-3.9322140216827393,-4.764630317687988,-3.2137622833251953,0.0
549,ACH-000856,-0.7637984752655029,-2.771491765975952,1.6561355590820312,0.3515578508377075,True,-4.133598804473877,0.84375,-4.023108203292017,0.18160448968410492,-5.0,-3.973154067993164,-5.258776664733887,-3.569984197616577,0.018518518656492233
550,ACH-000857,0.32149970531463623,-1.6292519569396973,1.6068607568740845,0.34389087557792664,True,-4.090014457702637,0.890625,-4.029798828733079,0.20847907662391663,-5.0,-3.978261947631836,-4.804285049438477,-3.224508285522461,0.0
551,ACH-000859,-1.0677956342697144,-2.9925639629364014,1.5838024616241455,0.3409658372402191,True,-4.214929580688477,0.859375,-4.048311903928619,0.11491768807172775,-5.0,-4.086463451385498,-4.995373249053955,-3.621554374694824,0.0
552,ACH-000876,0.07259500026702881,-1.8903592824935913,1.6174565553665161,0.34549766778945923,True,-4.1131439208984375,0.890625,-4.054795105625601,0.18805024027824402,-5.0,-4.0042314529418945,-4.739692687988281,-3.5926032066345215,0.0
553,ACH-000902,1.4745267629623413,-0.5307506322860718,1.6637616157531738,0.34151577949523926,True,-4.019219398498535,0.96875,-4.051237534912895,0.25264468789100647,-5.0,-3.987581491470337,-4.877781867980957,-3.428919792175293,0.0
554,ACH-000910,0.40176451206207275,-1.5021482706069946,1.5624319314956665,0.34148088097572327,True,-4.054357528686523,0.921875,-4.051549534290258,0.20472463965415955,-5.0,-3.9742181301116943,-4.955774784088135,-3.17512583732605,0.0
555,ACH-000927,-0.37920117378234863,-2.3431079387664795,1.6286457777023315,0.33526092767715454,True,-4.108968257904053,0.84375,-4.057291406651638,0.2683047652244568,-5.0,-3.943962574005127,-4.805353164672852,-3.4088282585144043,0.0
556,ACH-000930,-4.053733825683594,-6.105188369750977,1.7076722383499146,0.3437824845314026,True,-4.087775707244873,0.953125,-4.060339836710962,0.080968476831913,-5.0,-4.042912006378174,-4.7501444816589355,-3.6161110401153564,0.0
557,ACH-000934,0.45503735542297363,-1.4521484375,1.5773063898086548,0.3298794627189636,True,-4.080611705780029,0.90625,-4.062367023617869,0.17033326625823975,-5.0,-3.9855031967163086,-5.017978668212891,-2.323596239089966,0.017241379246115685
558,ACH-001390,0.4224599599838257,-1.5590311288833618,1.662184476852417,0.3193066418170929,True,-4.086502552032471,0.84375,-4.064780576459329,0.13270489871501923,-5.0,-3.9173364639282227,-4.579348087310791,-3.2506885528564453,0.0
559,ACH-001819,0.1354292631149292,-1.832767367362976,1.614652395248413,0.3535442352294922,True,-4.048470497131348,0.8125,-4.063149568526531,0.13915564119815826,-5.0,-3.8288869857788086,-4.689474582672119,-3.4605603218078613,0.0
560,ACH-001820,0.33480608463287354,-1.6309943199157715,1.6207549571990967,0.3450454771518707,True,-4.117925643920898,0.875,-4.068627176065967,0.16010087728500366,-5.0,-3.991915225982666,-4.865820407867432,-3.383453130722046,0.0
561,ACH-000017,-0.06826639175415039,-1.9717836380004883,1.5498851537704468,0.3536320924758911,True,-4.163131237030029,0.84375,-4.078077582162374,0.1774509847164154,-5.0,-4.008155345916748,-4.925933361053467,-3.176306962966919,0.0
562,ACH-000019,0.4856836795806885,-1.3896750211715698,1.566529393196106,0.30882930755615234,True,-4.180025577545166,0.921875,-4.088272381700653,0.14100679755210876,-5.0,-4.110536098480225,-5.036343097686768,-2.946770668029785,0.016949152573943138
563,ACH-000044,0.967502236366272,-0.8763543367385864,1.516745686531067,0.3271109461784363,True,-3.7698163986206055,0.78125,-4.056426783392649,0.20121288299560547,-5.0,-3.4253649711608887,-4.068340301513672,-3.045107126235962,0.0
564,ACH-000097,0.30720365047454834,-1.5503965616226196,1.5236504077911377,0.3339498043060303,True,-4.06109619140625,0.90625,-4.056893724194009,0.16128729283809662,-5.0,-3.963968276977539,-4.842738151550293,-2.5817830562591553,0.0
565,ACH-000111,-0.12287139892578125,-2.146641254425049,1.6856191158294678,0.33815065026283264,True,-4.146055698394775,0.859375,-4.065809921614086,0.16391682624816895,-5.0,-4.006319522857666,-4.745816230773926,-3.739835739135742,0.0
566,ACH-000117,1.91353440284729,-0.07946711778640747,1.6534771919250488,0.3395242691040039,True,-4.007613182067871,0.953125,-4.0599902476594645,0.27033090591430664,-5.0,-3.9588069915771484,-4.894291877746582,-3.2970995903015137,0.0
567,ACH-000147,0.42544054985046387,-1.5050153732299805,1.6173467636108398,0.3131090998649597,True,-4.106638431549072,0.90625,-4.0646550660484255,0.21800145506858826,-5.0,-4.014221668243408,-5.502843379974365,-2.446551561355591,0.03448275849223137
568,ACH-000148,-1.9226588010787964,-3.872568130493164,1.6298644542694092,0.3200449049472809,True,-4.253223419189453,0.84375,-4.083511901362528,0.17323355376720428,-5.0,-4.114931583404541,-5.201488971710205,-3.8034451007843018,0.018518518656492233
569,ACH-000196,0.4167674779891968,-1.5185539722442627,1.610655665397644,0.32466575503349304,True,-3.99587345123291,0.859375,-4.074748056349566,0.19577334821224213,-5.0,-3.831561803817749,-4.677735328674316,-3.2244255542755127,0.0
570,ACH-000212,0.016238927841186523,-2.0002739429473877,1.6793750524520874,0.33713793754577637,True,-4.1685919761657715,0.875,-4.084132448331187,0.30121344327926636,-5.0,-4.049819469451904,-5.147704601287842,-3.640019655227661,0.0357142873108387
571,ACH-000223,-0.3409712314605713,-2.220742702484131,1.5527645349502563,0.3270069360733032,True,-4.149773597717285,0.859375,-4.0906965632697965,0.1625603437423706,-5.0,-4.010645389556885,-4.887502193450928,-3.692368984222412,0.0
572,ACH-000248,1.0521492958068848,-0.7776529788970947,1.5244098901748657,0.30539238452911377,True,-4.023019790649414,0.90625,-4.083928886007758,0.19952251017093658,-5.0,-3.921952486038208,-4.768212795257568,-2.1186227798461914,0.0
573,ACH-000258,-4.092578887939453,-6.036507606506348,1.5956406593322754,0.3482878804206848,True,-3.963087320327759,0.890625,-4.071844729439758,0.08099473267793655,-5.0,-3.835747480392456,-4.740752220153809,-1.7676572799682617,0.0
574,ACH-000276,0.5072458982467651,-1.4220994710922241,1.6070011854171753,0.32234421372413635,True,-4.1838836669921875,0.890625,-4.083048623195001,0.16218045353889465,-5.0,-4.083659648895264,-4.902119159698486,-3.788621187210083,0.0
575,ACH-000277,0.16848111152648926,-1.749145746231079,1.578226089477539,0.3394007086753845,True,-4.062746047973633,0.859375,-4.081018365672865,0.15765006840229034,-5.0,-3.909377098083496,-4.621091842651367,-3.687541961669922,0.0
576,ACH-000288,0.006872892379760742,-2.0046181678771973,1.7057394981384277,0.30575165152549744,True,-4.244346618652344,0.8125,-4.097351190970812,0.235467791557312,-5.0,-4.069965362548828,-4.738454818725586,-3.78914213180542,0.0
577,ACH-000330,0.24933230876922607,-1.6821907758712769,1.5955381393432617,0.33598488569259644,True,-4.0869855880737305,0.90625,-4.096314630681104,0.20021294057369232,-5.0,-3.9925358295440674,-5.608112812042236,-2.027425527572632,0.017241379246115685
578,ACH-000349,-4.791841983795166,-6.727906703948975,1.6115859746932983,0.32447880506515503,True,-4.146498203277588,0.859375,-4.1013329879407525,0.08795331418514252,-5.0,-4.006834030151367,-5.019721984863281,-3.72224760055542,0.0181818176060915
579,ACH-000352,0.06612825393676758,-1.836708664894104,1.5768518447875977,0.3259850740432739,True,-3.902320623397827,0.859375,-4.08143175148646,0.19338193535804749,-5.0,-3.7226998805999756,-4.301859378814697,-3.245187759399414,0.0
580,ACH-000374,-0.3664442300796509,-2.3025002479553223,1.6162805557250977,0.31977546215057373,True,-4.217317581176758,0.875,-4.09502033445549,0.19024264812469482,-5.0,-4.10550594329834,-4.942230224609375,-3.647663116455078,0.0
581,ACH-000536,1.023406982421875,-0.8415162563323975,1.5462805032730103,0.3186427354812622,True,-4.080588340759277,0.90625,-4.0935771350858685,0.21215058863162994,-5.0,-3.9854767322540283,-4.991593360900879,-3.2172675132751465,0.0
582,ACH-000554,0.23168516159057617,-1.7194160223007202,1.614486813545227,0.33661437034606934,True,-4.15711784362793,0.90625,-4.0999312059400745,0.11767546087503433,-5.0,-4.069922924041748,-4.970806121826172,-3.7821717262268066,0.0
583,ACH-000568,1.5126421451568604,-0.4331424832344055,1.6190911531448364,0.32669347524642944,True,-3.7514145374298096,0.921875,-4.065079539089048,0.10000261664390564,-5.0,-3.645602226257324,-4.341856002807617,-2.652425765991211,0.0
584,ACH-000573,0.2938171625137329,-1.5768247842788696,1.552779197692871,0.31786268949508667,True,-4.03327751159668,0.890625,-4.0618993363398115,0.11813069880008698,-5.0,-3.9145569801330566,-4.642092704772949,-3.4819934368133545,0.0
585,ACH-000621,0.5708000659942627,-1.3579052686691284,1.5927565097808838,0.3359488248825073,True,-4.128191947937012,0.921875,-4.068528597499531,0.21997664868831635,-5.0,-4.054309844970703,-5.066884994506836,-3.495328903198242,0.016949152573943138
586,ACH-000624,0.6747744083404541,-1.306678056716919,1.6532962322235107,0.3281562030315399,True,-4.0801873207092285,0.875,-4.069694469820501,0.1800706535577774,-5.0,-3.9487857818603516,-5.0644941329956055,-2.156904935836792,0.0357142873108387
587,ACH-000643,1.3129589557647705,-0.6886760592460632,1.664352536201477,0.3372824490070343,True,-4.044793605804443,0.921875,-4.067204383418895,0.28135764598846436,-5.0,-3.963843822479248,-5.033174991607666,-2.616576671600342,0.016949152573943138
588,ACH-000668,0.7351826429367065,-1.2487584352493286,1.653252124786377,0.3306889533996582,True,-4.102252006530762,0.890625,-4.070709145730082,0.30754542350769043,-5.0,-3.9920027256011963,-4.76585054397583,-3.593205690383911,0.0
589,ACH-000691,0.2664238214492798,-1.6595042943954468,1.6081379652023315,0.31779012084007263,True,-4.071656227111816,0.875,-4.070803853868256,0.24593783915042877,-5.0,-3.9390358924865723,-4.67134952545166,-3.2241077423095703,0.0
590,ACH-000699,-0.08441781997680664,-1.961810827255249,1.5493619441986084,0.32803112268447876,True,-4.062102317810059,0.859375,-4.069933700262436,0.19912900030612946,-5.0,-3.908627986907959,-4.73187780380249,-2.7198007106781006,0.0
591,ACH-000711,0.0826711654663086,-1.8387342691421509,1.5875126123428345,0.333892822265625,True,-4.138021469116211,0.890625,-4.076742477147814,0.1330779492855072,-5.0,-4.032164573669434,-4.957953453063965,-3.5563132762908936,0.0
592,ACH-000725,0.9357337951660156,-1.0486114025115967,1.6533870697021484,0.33095818758010864,True,-4.129291534423828,0.90625,-4.081997382875415,0.17408743500709534,-5.0,-4.039218425750732,-5.088705062866211,-3.6496469974517822,0.017241379246115685
593,ACH-000755,-4.877058982849121,-6.8053364753723145,1.601983904838562,0.32629337906837463,True,-4.134401321411133,0.859375,-4.087237776728987,0.08216725289821625,-5.0,-3.992757797241211,-4.942518711090088,-3.248187303543091,0.0
594,ACH-000759,0.4208773374557495,-1.5475441217422485,1.6367597579956055,0.33166176080703735,True,-4.0146708488464355,0.90625,-4.079981083940732,0.1527135968208313,-5.0,-3.9127399921417236,-4.567963123321533,-3.706197738647461,0.0
595,ACH-000768,0.41569387912750244,-1.5147582292556763,1.6231132745742798,0.30733877420425415,True,-4.17413854598999,0.875,-4.089396830145658,0.2254326492547989,-5.0,-4.056158542633057,-4.986019611358643,-2.49129581451416,0.0
596,ACH-000783,0.4099017381668091,-1.494036078453064,1.5900689363479614,0.3138688802719116,True,-4.118680953979492,0.890625,-4.092325242529041,0.13530579209327698,-5.0,-4.010448932647705,-5.215609550476074,-3.798860788345337,0.017543859779834747
597,ACH-000818,2.646261215209961,0.7591940760612488,1.5671294927597046,0.3199375867843628,True,-3.3291263580322266,0.875,-4.016005354079359,0.18995234370231628,-5.0,-3.09043025970459,-3.63201904296875,-2.7727010250091553,0.0
598,ACH-000828,0.09257352352142334,-1.8570325374603271,1.6360019445419312,0.31360411643981934,True,-3.6035871505737305,0.8125,-3.9747635337287965,0.22791635990142822,-5.0,-3.2813382148742676,-3.8120362758636475,-2.9764914512634277,0.0
599,ACH-000849,-1.5916459560394287,-3.4297924041748047,1.5475661754608154,0.29058021306991577,True,-4.130135536193848,0.859375,-3.990300733975302,0.1706855297088623,-5.0,-3.987793445587158,-5.266758441925049,-3.652202606201172,0.0181818176060915
600,ACH-000856,-0.24499917030334473,-2.097810983657837,1.541656732559204,0.31115514039993286,True,-4.04976749420166,0.859375,-3.9962474099979377,0.2337881177663803,-5.0,-3.8942742347717285,-4.919665336608887,-3.345114231109619,0.0
601,ACH-000857,0.5783213376998901,-1.3545498847961426,1.6216562986373901,0.3112149238586426,True,-4.009979248046875,0.890625,-3.9976205938028313,0.1557966023683548,-5.0,-3.888397455215454,-4.814507007598877,-3.2723939418792725,0.0
602,ACH-000859,-5.015285491943359,-6.848711967468262,1.5230494737625122,0.3103771209716797,True,-4.113120079040527,0.90625,-4.009170542326601,0.08022677153348923,-5.0,-4.021373748779297,-5.147832870483398,-3.7582855224609375,0.03448275849223137
603,ACH-000876,0.339823842048645,-1.5890483856201172,1.615936040878296,0.3129361867904663,True,-4.132671356201172,0.890625,-4.021520623714058,0.18377642333507538,-5.0,-4.026157379150391,-4.677287578582764,-2.751819133758545,0.0
604,ACH-000902,0.8495093584060669,-1.0421310663223267,1.5876245498657227,0.3040158450603485,True,-4.058610439300537,0.9375,-4.025229605272706,0.23784592747688293,-5.0,-3.995851516723633,-4.768994331359863,-3.700496196746826,0.0
605,ACH-000910,0.1817253828048706,-1.7161272764205933,1.594355821609497,0.3034968376159668,True,-4.093148231506348,0.9375,-4.032021467896071,0.23603329062461853,-5.0,-4.032691478729248,-4.927915573120117,-2.965926170349121,0.0
606,ACH-000927,-3.4068760871887207,-5.299928188323975,1.577634572982788,0.31541743874549866,True,-4.179333686828613,0.796875,-4.046752689789325,0.10192731022834778,-5.0,-3.970144033432007,-4.660800457000732,-3.588454008102417,0.0
607,ACH-000930,0.4164266586303711,-1.491827130317688,1.5998830795288086,0.3083707094192505,True,-4.115365982055664,0.921875,-4.053614019015958,0.2149246782064438,-5.0,-4.040396690368652,-4.98943567276001,-3.7682502269744873,0.0
608,ACH-000934,0.4371371269226074,-1.435875415802002,1.5503913164138794,0.32262128591537476,True,-4.115217685699463,0.953125,-4.0597743856843085,0.17425525188446045,-5.0,-4.071703910827637,-5.017978668212891,-3.572249412536621,0.016393441706895828
609,ACH-001390,1.6028863191604614,-0.29819706082344055,1.6178951263427734,0.28318822383880615,True,-3.9755873680114746,0.9375,-4.051355683917025,0.2415297031402588,-5.0,-3.9072933197021484,-4.469577789306641,-3.776353359222412,0.0
610,ACH-001819,-0.4564880132675171,-2.361276626586914,1.589545726776123,0.3152429163455963,True,-4.066071510314941,0.8125,-4.052827266556816,0.1797623485326767,-5.0,-3.8505499362945557,-4.5425872802734375,-3.2527430057525635,0.0
611,ACH-001820,0.664535403251648,-1.226470947265625,1.5943230390548706,0.29668331146240234,True,-4.078522205352783,0.9375,-4.055396760436413,0.15926647186279297,-5.0,-4.017090797424316,-5.221190452575684,-3.70223331451416,0.01666666753590107
612,ACH-000017,0.8574466705322266,-0.9820979833602905,1.5230506658554077,0.31649401783943176,True,-3.996553897857666,0.90625,-4.049512474178539,0.11926250159740448,-5.0,-3.892749071121216,-4.582335472106934,-2.2548837661743164,0.0
613,ACH-000019,0.28141534328460693,-1.6511210203170776,1.6349568367004395,0.2975795865058899,True,-4.1624755859375,0.890625,-4.0608087853544355,0.3213070034980774,-5.0,-4.059621810913086,-5.062697410583496,-3.7737607955932617,0.05263157933950424
614,ACH-000044,1.5308130979537964,-0.25940629839897156,1.4922021627426147,0.298017293214798,True,-3.680272102355957,0.859375,-4.022755117054587,0.22897668182849884,-5.0,-3.4643166065216064,-4.2820868492126465,-2.913593292236328,0.0
615,ACH-000097,-5.139008045196533,-6.971933364868164,1.5267757177352905,0.3061497211456299,True,-4.090339660644531,0.890625,-4.029513571413582,0.07539962977170944,-5.0,-3.9786269664764404,-4.735925197601318,-3.8031845092773438,0.0
616,ACH-000111,0.8400709629058838,-1.0741312503814697,1.6059144735336304,0.30828776955604553,True,-4.103450775146484,0.953125,-4.036907291786872,0.12790918350219727,-5.0,-4.059357643127441,-4.754561901092529,-3.2322006225585938,0.0
617,ACH-000117,0.8190276622772217,-1.0641026496887207,1.569618582725525,0.31351178884506226,True,-4.1076812744140625,0.96875,-4.043984690049591,0.24656224250793457,-5.0,-4.078896999359131,-5.012807369232178,-3.758457660675049,0.016129031777381897
618,ACH-000147,-0.7435572147369385,-2.705735206604004,1.6734009981155396,0.2887769341468811,True,-4.175274848937988,0.890625,-4.057113705938431,0.1219724714756012,-5.0,-4.073992729187012,-5.141129970550537,-3.7839365005493164,0.035087719559669495
619,ACH-000148,-7.500400066375732,-9.475666046142578,1.6838665008544922,0.2913994789123535,True,-4.244447708129883,0.828125,-4.075847106157576,0.0939696729183197,-5.0,-4.087634563446045,-5.866751194000244,-3.698383092880249,0.03773584961891174
620,ACH-000196,-3.827777624130249,-5.642825603485107,1.5086339712142944,0.30641406774520874,True,-3.98677921295166,0.90625,-4.066940316836984,0.07486565411090851,-5.0,-3.8819632530212402,-4.797226428985596,-3.5496933460235596,0.0
621,ACH-000212,1.0495823621749878,-0.8745695352554321,1.6156734228134155,0.3084784746170044,True,-4.08303165435791,0.9375,-4.068549450589076,0.22063498198986053,-5.0,-4.021900653839111,-5.147704601287842,-2.5525808334350586,0.01666666753590107
622,ACH-000223,0.008173823356628418,-1.9333857297897339,1.6287645101547241,0.3127950429916382,True,-4.242166519165039,0.828125,-4.085911157446672,0.26609092950820923,-5.0,-4.0848798751831055,-4.921514987945557,-3.7237625122070312,0.0
623,ACH-000248,0.6988747119903564,-1.2340235710144043,1.6349745988845825,0.29792365431785583,True,-4.018197059631348,0.90625,-4.079139747665139,0.18010148406028748,-5.0,-3.9166314601898193,-4.768212795257568,-2.118623733520508,0.0
624,ACH-000258,0.5221484899520874,-1.3191032409667969,1.5411995649337769,0.3000521659851074,True,-3.9912447929382324,0.921875,-4.070350252192449,0.17726653814315796,-5.0,-3.905757427215576,-4.770473480224609,-3.020577907562256,0.0
625,ACH-000276,-0.36025822162628174,-2.2131664752960205,1.55906343460083,0.2938447892665863,True,-4.208457946777344,0.875,-4.084161021650938,0.23918527364730835,-5.0,-4.095380783081055,-4.887650489807129,-3.788621187210083,0.0
626,ACH-000277,0.8609555959701538,-1.0199235677719116,1.5718321800231934,0.30904701352119446,True,-4.059892654418945,0.890625,-4.081734184927739,0.20690414309501648,-5.0,-3.9444408416748047,-4.642596244812012,-3.5662379264831543,0.0
627,ACH-000288,-4.678948402404785,-6.652897357940674,1.6591026782989502,0.3148464560508728,True,-4.2032294273376465,0.921875,-4.09388370916873,0.08636905252933502,-5.0,-4.135706424713135,-5.029661655426025,-3.7704896926879883,0.033898305147886276
628,ACH-000330,-1.2512094974517822,-3.105384588241577,1.55520498752594,0.29897013306617737,True,-4.1585493087768555,0.875,-4.100350269129542,0.1163361519575119,-5.0,-4.038342475891113,-4.842428207397461,-3.7461538314819336,0.0
629,ACH-000349,-0.17029428482055664,-2.049717903137207,1.5719008445739746,0.307522714138031,True,-4.141046047210693,0.890625,-4.104419846937658,0.13913515210151672,-5.0,-4.035560607910156,-5.218055725097656,-2.553300380706787,0.017543859779834747
630,ACH-000352,1.866119146347046,0.010178912431001663,1.5490624904632568,0.3068777322769165,True,-3.8193750381469727,0.921875,-4.075915366058589,0.10920008271932602,-5.0,-3.7193219661712646,-4.409804344177246,-3.1092324256896973,0.0
631,ACH-000374,-0.07378005981445312,-1.922630786895752,1.54850435256958,0.3003464341163635,True,-4.150234222412109,0.90625,-4.083347251693941,0.16500720381736755,-5.0,-4.062327861785889,-5.074909687042236,-3.755002737045288,0.017241379246115685
632,ACH-000536,0.6678159236907959,-1.1475903987884521,1.522644281387329,0.29276207089424133,True,-4.1031036376953125,0.890625,-4.085322890294078,0.23357468843460083,-5.0,-3.9929587841033936,-4.987070560455322,-3.4536991119384766,0.0
633,ACH-000554,0.9598625898361206,-0.9201325178146362,1.579218864440918,0.30077627301216125,True,-4.062664031982422,0.921875,-4.083057004462913,0.22830703854560852,-5.0,-3.983229398727417,-4.970806121826172,-3.339245080947876,0.0
634,ACH-000568,2.6842498779296875,0.7489080429077148,1.6303826570510864,0.30495911836624146,True,-3.686514377593994,0.953125,-4.043402741776021,0.2691293954849243,-5.0,-3.6219165325164795,-4.160295009613037,-3.22470760345459,0.0
635,ACH-000573,0.43641746044158936,-1.398527979850769,1.537972331047058,0.2969730794429779,True,-4.020411968231201,0.890625,-4.04110366442154,0.1597016453742981,-5.0,-3.900111675262451,-4.881689071655273,-3.654759168624878,0.0
636,ACH-000621,0.2243422269821167,-1.6331621408462524,1.5596363544464111,0.29786795377731323,True,-4.161284923553467,0.9375,-4.053121790334733,0.24464701116085052,-5.0,-4.105370998382568,-5.2098588943481445,-3.664369821548462,0.01666666753590107
637,ACH-000624,0.9658928513526917,-0.9603788256645203,1.614991307258606,0.31128033995628357,True,-3.971320152282715,0.921875,-4.044941626529531,0.23325315117835999,-5.0,-3.884143829345703,-4.677008628845215,-2.7800076007843018,0.0
638,ACH-000643,0.5364514589309692,-1.3029460906982422,1.5412583351135254,0.29813918471336365,True,-4.130174160003662,0.9375,-4.053464879876945,0.19149762392044067,-5.0,-4.072185516357422,-5.113223552703857,-3.713101387023926,0.01666666753590107
639,ACH-000668,0.07741427421569824,-1.800338864326477,1.573181390762329,0.3045717477798462,True,-4.133386135101318,0.890625,-4.061457005399382,0.13330763578414917,-5.0,-4.0269598960876465,-4.8391947746276855,-2.3527815341949463,0.0
640,ACH-000691,1.1780792474746704,-0.7000062465667725,1.5840235948562622,0.29406192898750305,True,-4.014371395111084,0.953125,-4.056748444370553,0.16373267769813538,-5.0,-3.965897560119629,-4.923604488372803,-3.2241077423095703,0.0
641,ACH-000699,-0.30045056343078613,-2.1602659225463867,1.5541538000106812,0.3056616187095642,True,-4.128737926483154,0.90625,-4.063947392581813,0.1699797809123993,-5.0,-4.038607120513916,-4.8224897384643555,-3.790212631225586,0.0
642,ACH-000711,0.8162850141525269,-1.0040777921676636,1.5150259733200073,0.30533677339553833,True,-4.085481643676758,0.921875,-4.066100817691308,0.18151691555976868,-5.0,-4.007979869842529,-4.713893890380859,-3.267993211746216,0.0
643,ACH-000725,-0.09540736675262451,-1.9682611227035522,1.5649768114089966,0.30787697434425354,True,-4.173333168029785,0.890625,-4.076824052725156,0.1501062512397766,-5.0,-4.071812629699707,-4.98059606552124,-3.7251572608947754,0.0
644,ACH-000755,1.1568855047225952,-0.6976985931396484,1.5423927307128906,0.31219133734703064,True,-4.027292728424072,0.9375,-4.071870920295048,0.2515607178211212,-5.0,-3.9624454975128174,-4.865811347961426,-2.7437429428100586,0.0
645,ACH-000759,-6.392449855804443,-8.203771591186523,1.5157378911972046,0.29558369517326355,True,-4.146413326263428,0.8125,-4.0793251608918855,0.09098836779594421,-5.0,-3.949432134628296,-4.854938507080078,-3.6456263065338135,0.0
646,ACH-000768,0.6009443998336792,-1.318684458732605,1.6355772018432617,0.2840516269207001,True,-4.131325721740723,0.890625,-4.084525216976769,0.1711595058441162,-5.0,-4.024645805358887,-4.728670597076416,-3.730646848678589,0.0
647,ACH-000783,-0.5150337219238281,-2.366023540496826,1.5466963052749634,0.3042934536933899,True,-4.166539669036865,0.90625,-4.092726662182779,0.13132640719413757,-5.0,-4.080319404602051,-5.215609550476074,-3.2793140411376953,0.017241379246115685
648,ACH-000818,2.259394645690918,0.44377565383911133,1.506240963935852,0.309378057718277,True,-3.3413288593292236,0.84375,-4.017586881897423,0.21023821830749512,-5.0,-3.034167766571045,-3.8760409355163574,-2.7422611713409424,0.0
649,ACH-000828,-3.910188674926758,-5.781457901000977,1.573649525642395,0.2976195812225342,True,-3.552297592163086,0.84375,-3.9710579529239896,0.09369117021560669,-5.0,-3.2842044830322266,-3.713958978652954,-2.9764914512634277,0.0
650,ACH-000849,-0.5273910760879517,-2.317930221557617,1.5130881071090698,0.2774510383605957,True,-3.977034568786621,0.90625,-3.9716556145102526,0.1669551134109497,-5.0,-3.8712105751037598,-4.868798732757568,-1.9709265232086182,0.0
651,ACH-000856,1.0315730571746826,-0.8557879328727722,1.5874139070510864,0.29994720220565796,True,-3.947404146194458,0.96875,-3.969230467678673,0.23897242546081543,-5.0,-3.9134490489959717,-4.700689792633057,-3.336667060852051,0.0
652,ACH-000857,0.0356675386428833,-1.9134966135025024,1.643258810043335,0.30590540170669556,True,-4.021704196929932,0.9375,-3.9744778406037993,0.18384145200252533,-5.0,-3.9564850330352783,-5.113408088684082,-3.715911865234375,0.01666666753590107
653,ACH-000859,-0.12491774559020996,-2.0076568126678467,1.5905077457427979,0.29223138093948364,True,-4.153972625732422,0.90625,-3.9924273191166617,0.18463067710399628,-5.0,-4.066452503204346,-5.147832870483398,-3.7976574897766113,0.017241379246115685
654,ACH-000876,0.09740972518920898,-1.7577283382415771,1.5481457710266113,0.3069922924041748,True,-4.0535712242126465,0.90625,-3.9985417096262603,0.16219279170036316,-5.0,-3.95566463470459,-4.78183650970459,-3.551464557647705,0.0
655,ACH-000902,0.13200759887695312,-1.763546347618103,1.599056601524353,0.2964973449707031,True,-4.087861061096191,0.859375,-4.0074736447732535,0.23341138660907745,-5.0,-3.93860125541687,-4.7586822509765625,-3.700496196746826,0.0
656,ACH-000910,1.2859067916870117,-0.5872853398323059,1.5773802995681763,0.2958117127418518,True,-3.9868643283843994,0.953125,-4.005412713134368,0.2373409867286682,-5.0,-3.937037706375122,-4.942961692810059,-2.24007511138916,0.0
657,ACH-000927,0.4892183542251587,-1.366722583770752,1.5582913160324097,0.297649621963501,True,-3.9602737426757812,0.953125,-4.00089881608851,0.0858374685049057,-5.0,-3.909139394760132,-4.6535491943359375,-3.593845844268799,0.0
658,ACH-000930,-0.3756401538848877,-2.2839860916137695,1.5992363691329956,0.3091095983982086,True,-4.178844451904297,0.890625,-4.018693379670089,0.13633422553539276,-5.0,-4.078000545501709,-4.925138473510742,-3.5847396850585938,0.0
659,ACH-000934,-0.36536622047424316,-2.145697832107544,1.4886448383331299,0.2916867434978485,True,-4.105969429016113,0.90625,-4.027420984604691,0.1584726870059967,-5.0,-4.013483047485352,-5.2881317138671875,-3.7715301513671875,0.017241379246115685
660,ACH-001390,1.0505189895629883,-0.8057272434234619,1.5925483703613281,0.26369786262512207,True,-4.018077850341797,0.9375,-4.026486671178402,0.17761728167533875,-5.0,-3.952615976333618,-4.730879783630371,-3.6251325607299805,0.0
661,ACH-001819,0.934231698513031,-0.9839155077934265,1.615378737449646,0.3027684688568115,True,-3.8866524696350098,0.921875,-4.012503251024063,0.16470932960510254,-5.0,-3.7923007011413574,-4.675532341003418,-3.4243712425231934,0.0
662,ACH-001820,0.697340726852417,-1.1435457468032837,1.5483158826828003,0.292570561170578,True,-4.025883197784424,0.953125,-4.013841245700099,0.158778578042984,-5.0,-3.977975368499756,-5.062125205993652,-3.2481722831726074,0.016393441706895828
663,ACH-000017,0.6314811706542969,-1.085546612739563,1.4113000631332397,0.3057277202606201,True,-4.055663108825684,0.9375,-4.018023432012657,0.17151425778865814,-5.0,-3.9927074909210205,-4.721669673919678,-3.3855385780334473,0.0
664,ACH-000019,0.6963365077972412,-1.1282297372817993,1.5470967292785645,0.27746954560279846,True,-4.091901779174805,0.890625,-4.025411266728872,0.20771002769470215,-5.0,-3.9803810119628906,-4.728795051574707,-3.249660015106201,0.0
665,ACH-000044,-4.036076068878174,-5.80903434753418,1.4802147150039673,0.292743444442749,True,-3.5930733680725098,0.84375,-3.9821774768632356,0.080784872174263,-5.0,-3.332531452178955,-3.8739380836486816,-3.137155771255493,0.0
666,ACH-000097,0.33489906787872314,-1.4417234659194946,1.4933544397354126,0.2832680344581604,True,-4.037361145019531,0.9375,-3.9876958436788654,0.1548406183719635,-5.0,-3.973184823989868,-4.735925197601318,-3.8031845092773438,0.0
667,ACH-000111,-0.19146251678466797,-1.9945781230926514,1.5089441537857056,0.2941715121269226,True,-4.123534202575684,0.90625,-4.0012796795685475,0.18346700072288513,-5.0,-4.032865524291992,-4.784106731414795,-3.717620611190796,0.0
668,ACH-000117,0.045346617698669434,-1.847971796989441,1.5850822925567627,0.30823618173599243,True,-4.047968864440918,0.890625,-4.0059485980557845,0.12032617628574371,-5.0,-3.9310526847839355,-4.787934303283691,-3.5725295543670654,0.0
669,ACH-000147,-1.347366452217102,-3.147965669631958,1.5362569093704224,0.2643422782421112,True,-4.193382263183594,0.859375,-4.024691964568565,0.18315854668617249,-5.0,-4.061389923095703,-4.951699733734131,-3.7920432090759277,0.0
670,ACH-000148,-2.1766457557678223,-3.955172300338745,1.5056953430175781,0.27283114194869995,True,-4.185039520263672,0.8125,-4.040726720138076,0.11883845925331116,-5.0,-3.996971845626831,-4.9825439453125,-2.5947511196136475,0.0
671,ACH-000196,-0.0429002046585083,-1.8973201513290405,1.5640920400619507,0.2903279662132263,True,-3.87275767326355,0.921875,-4.023929815450623,0.10991474986076355,-5.0,-3.777228593826294,-4.527663230895996,-3.4981343746185303,0.0
672,ACH-000212,0.10524415969848633,-1.708975076675415,1.5238944292068481,0.290324866771698,True,-4.108080863952637,0.90625,-4.032344920300824,0.12164204567670822,-5.0,-4.015813827514648,-4.745846271514893,-3.7941129207611084,0.0
673,ACH-000223,1.1757838726043701,-0.7225379347801208,1.594720482826233,0.3036012649536133,True,-4.004676818847656,0.953125,-4.029578110155508,0.18777884542942047,-5.0,-3.955725908279419,-4.736581802368164,-3.7654027938842773,0.0
674,ACH-000248,1.0478870868682861,-0.8110681176185608,1.562766432762146,0.2961887717247009,True,-3.9923489093780518,0.9375,-4.025855190077762,0.149185910820961,-5.0,-3.9251723289489746,-4.846581935882568,-3.2233691215515137,0.0
675,ACH-000258,0.6792939901351929,-1.1258896589279175,1.501834511756897,0.303349107503891,True,-3.949294090270996,0.9375,-4.0181990800970855,0.13848432898521423,-5.0,-3.8792474269866943,-4.625025272369385,-3.020577907562256,0.0
676,ACH-000276,0.19339430332183838,-1.5720659494400024,1.4825985431671143,0.28286170959472656,True,-4.094503402709961,0.90625,-4.025829512358373,0.151960551738739,-5.0,-4.0008320808410645,-5.157947540283203,-3.788621187210083,0.017241379246115685
677,ACH-000277,0.5996975898742676,-1.2378017902374268,1.5454884767532349,0.2920109033584595,True,-4.002216815948486,0.859375,-4.023468242717384,0.18474425375461578,-5.0,-3.8389430046081543,-4.781344413757324,-2.7389490604400635,0.0
678,ACH-000288,-4.725715637207031,-6.564227104187012,1.5627055168151855,0.2758060097694397,True,-4.161730766296387,0.890625,-4.037294495075284,0.07392710447311401,-5.0,-4.0587849617004395,-5.205519199371338,-3.8034586906433105,0.017543859779834747
679,ACH-000330,-5.374086380004883,-7.221339702606201,1.5586600303649902,0.2885933816432953,True,-4.182199001312256,0.8125,-4.051784945698981,0.07665972411632538,-5.0,-3.993475914001465,-4.776198863983154,-3.74615478515625,0.0
680,ACH-000349,-0.3303431272506714,-2.190779209136963,1.569884181022644,0.2905518710613251,True,-4.138056755065918,0.921875,-4.060412126635675,0.10358916968107224,-5.0,-4.0650105476379395,-5.412843704223633,-3.4369726181030273,0.050847455859184265
681,ACH-000352,0.9684113264083862,-0.8771460056304932,1.5489546060562134,0.296602725982666,True,-3.7954330444335938,0.890625,-4.033914218415466,0.12871766090393066,-5.0,-3.6475040912628174,-4.301859378814697,-3.4559073448181152,0.0
682,ACH-000374,0.5009713172912598,-1.356525182723999,1.5587834119796753,0.2987130284309387,True,-4.092198371887207,0.90625,-4.03974263376264,0.18063542246818542,-5.0,-3.9982879161834717,-5.074909687042236,-3.6745951175689697,0.017241379246115685
683,ACH-000536,0.5843362808227539,-1.199444055557251,1.4888240098953247,0.29495638608932495,True,-4.094956398010254,0.953125,-4.045264010187402,0.15782508254051208,-5.0,-4.050446033477783,-4.830743312835693,-3.7985074520111084,0.0
684,ACH-000554,0.49446237087249756,-1.3302756547927856,1.5411332845687866,0.28360477089881897,True,-4.080609321594238,0.890625,-4.048798541328085,0.13714627921581268,-5.0,-3.9677019119262695,-4.740810394287109,-2.6980810165405273,0.0
685,ACH-000568,0.11009907722473145,-1.6925747394561768,1.5238356590270996,0.2788380980491638,True,-3.918966293334961,0.875,-4.0358153165287725,0.12436814606189728,-5.0,-3.764533281326294,-4.531043529510498,-3.469183921813965,0.0
686,ACH-000573,0.5152866840362549,-1.2933417558670044,1.5263491868972778,0.28227925300598145,True,-3.953594207763672,0.90625,-4.027593205652263,0.12908072769641876,-5.0,-3.8453452587127686,-4.726807117462158,-3.4510679244995117,0.0
687,ACH-000621,-0.7183408737182617,-2.538267135620117,1.5359444618225098,0.2839818298816681,True,-4.076269149780273,0.890625,-4.032460800065064,0.17214339971542358,-5.0,-3.9628283977508545,-5.036966323852539,-3.792931079864502,0.017543859779834747
688,ACH-000624,1.3927030563354492,-0.36864542961120605,1.4743009805679321,0.2870475649833679,True,-3.9197752475738525,0.953125,-4.021192244815943,0.17938874661922455,-5.0,-3.8666491508483887,-4.782414436340332,-3.1650609970092773,0.0
689,ACH-000643,-0.0938260555267334,-1.8959712982177734,1.5108773708343506,0.2912678122520447,True,-4.074909210205078,0.921875,-4.026563941354857,0.209657683968544,-5.0,-3.996511220932007,-4.742500305175781,-2.616576671600342,0.0
690,ACH-000668,0.11165010929107666,-1.7100261449813843,1.5315145254135132,0.29016172885894775,True,-4.109896659851074,0.890625,-4.034897213204479,0.15620087087154388,-5.0,-4.000585079193115,-5.032057762145996,-3.7773237228393555,0.017543859779834747
691,ACH-000691,0.7523322105407715,-1.0726399421691895,1.5463030338287354,0.2786691188812256,True,-4.056865692138672,0.921875,-4.037094061097898,0.2544861435890198,-5.0,-3.9769394397735596,-5.054075241088867,-3.714376211166382,0.016949152573943138
692,ACH-000699,0.6480576992034912,-1.1567326784133911,1.5171895027160645,0.2876008450984955,True,-4.078106880187988,0.921875,-4.0411953430069065,0.2677944302558899,-5.0,-3.9999802112579346,-4.73187780380249,-3.190218210220337,0.0
693,ACH-000711,0.5512334108352661,-1.268522024154663,1.5308356285095215,0.2889197766780853,True,-4.12319278717041,0.921875,-4.049395087423257,0.19756166636943817,-5.0,-4.048887252807617,-5.183089256286621,-3.7923433780670166,0.016949152573943138
694,ACH-000725,-5.530571460723877,-7.38320255279541,1.559858798980713,0.2927722930908203,True,-4.110837459564209,0.90625,-4.055539324637352,0.08548133075237274,-5.0,-4.018855094909668,-4.835768699645996,-3.570441722869873,0.0
695,ACH-000755,-5.393841743469238,-7.22826623916626,1.546949028968811,0.2874753475189209,True,-4.075253963470459,0.890625,-4.057510788520663,0.0856655091047287,-5.0,-3.96168851852417,-4.779079914093018,-3.570173501968384,0.0
696,ACH-000759,-0.15307629108428955,-1.9768399000167847,1.5391712188720703,0.2845923602581024,True,-4.009969234466553,0.859375,-4.052756633115251,0.11399345844984055,-5.0,-3.84796404838562,-4.638061046600342,-3.51225209236145,0.0
697,ACH-000768,-1.8924534320831299,-3.749126434326172,1.583518624305725,0.2731543481349945,True,-4.176604747772217,0.828125,-4.065141444580948,0.14882028102874756,-5.0,-4.005712032318115,-4.963021278381348,-2.4912970066070557,0.0
698,ACH-000783,0.8154771327972412,-0.9464387893676758,1.48302161693573,0.27889424562454224,True,-4.0868330001831055,0.96875,-4.067310600141163,0.21460729837417603,-5.0,-4.057375907897949,-5.094506740570068,-3.6928248405456543,0.016129031777381897
699,ACH-000818,2.172497510910034,0.4127735495567322,1.4700264930725098,0.289697527885437,True,-3.2096381187438965,0.890625,-3.981543352001437,0.19100724160671234,-5.0,-2.9897689819335938,-3.4856319427490234,-2.7595090866088867,0.0
700,ACH-000828,0.9459802508354187,-0.8807182908058167,1.540394902229309,0.28630363941192627,True,-3.565260410308838,0.8125,-3.9399150578321773,0.26984402537345886,-5.0,-3.2341668605804443,-4.340392589569092,-2.842080593109131,0.0
701,ACH-000849,-0.17609238624572754,-1.9264581203460693,1.482189416885376,0.26817628741264343,True,-3.956526517868042,0.953125,-3.941576203835764,0.1231803447008133,-5.0,-3.905208110809326,-5.1635332107543945,-3.652202606201172,0.016393441706895828
702,ACH-000856,1.1876544952392578,-0.6654044389724731,1.5735986232757568,0.27946028113365173,True,-3.8745555877685547,0.96875,-3.934874142229043,0.22450824081897736,-5.0,-3.8382508754730225,-4.777400493621826,-3.3693761825561523,0.0
703,ACH-000857,0.5615578889846802,-1.2830172777175903,1.5619336366653442,0.2826414704322815,True,-3.984750747680664,0.9375,-3.939861802774205,0.20881050825119019,-5.0,-3.917067766189575,-4.694159507751465,-3.5155186653137207,0.0
704,ACH-000859,-1.3380728960037231,-3.142369031906128,1.5289263725280762,0.2753697335720062,True,-4.205167293548584,0.84375,-3.966392351851643,0.11676950752735138,-5.0,-4.057976245880127,-5.007927894592285,-3.7976574897766113,0.018518518656492233
705,ACH-000876,-0.07691717147827148,-1.914587378501892,1.5504361391067505,0.2872340679168701,True,-4.097574234008789,0.921875,-3.9795105400673574,0.17289288341999054,-5.0,-4.021097660064697,-5.123304843902588,-3.665253162384033,0.033898305147886276
706,ACH-000902,0.18346834182739258,-1.6774320602416992,1.5732523202896118,0.28764808177948,True,-4.013365268707275,0.921875,-3.9828960129313495,0.08463995158672333,-5.0,-3.9297521114349365,-4.43992805480957,-3.2679412364959717,0.0
707,ACH-000910,-0.8282926082611084,-2.6314494609832764,1.5198643207550049,0.2832925021648407,True,-4.069460868835449,0.9375,-3.9915524985217594,0.10370724648237228,-5.0,-4.007424831390381,-4.716473579406738,-3.751059055328369,0.0
708,ACH-000927,-0.5586775541305542,-2.3072428703308105,1.459032654762268,0.2895326614379883,True,-4.065479278564453,0.890625,-3.998945176526029,0.15336638689041138,-5.0,-3.950713634490967,-4.860347270965576,-3.293367385864258,0.0
709,ACH-000930,-0.7491331100463867,-2.6272051334381104,1.5929845571517944,0.285087525844574,True,-4.124231338500977,0.859375,-4.011473792723524,0.15145909786224365,-5.0,-3.9809234142303467,-4.7774739265441895,-3.376206159591675,0.0
710,ACH-000934,1.2871348857879639,-0.45196419954299927,1.459384560585022,0.27971458435058594,True,-3.9961087703704834,0.96875,-4.00993729048822,0.18505024909973145,-5.0,-3.9637250900268555,-4.858092308044434,-3.308410882949829,0.0
711,ACH-001390,1.3672358989715576,-0.4356827437877655,1.5505856275558472,0.2523331046104431,True,-3.9359819889068604,0.96875,-4.002541760330084,0.18880338966846466,-5.0,-3.901658773422241,-4.579348087310791,-3.6900038719177246,0.0
712,ACH-001819,1.494455337524414,-0.3134936988353729,1.5245243310928345,0.2834247052669525,True,-3.861776351928711,0.96875,-3.988465219489947,0.17735326290130615,-5.0,-3.825059175491333,-4.659143924713135,-3.438166618347168,0.0
713,ACH-001820,0.7831228971481323,-1.0114686489105225,1.510533332824707,0.28405818343162537,True,-4.051868438720703,0.953125,-3.9948055414130224,0.1386582851409912,-5.0,-4.005239009857178,-5.1344828605651855,-3.4866809844970703,0.032786883413791656
714,ACH-000017,-1.1681995391845703,-2.9859557151794434,1.5366817712783813,0.2810744643211365,True,-4.112515449523926,0.875,-4.006576532224113,0.10186520963907242,-5.0,-3.9857325553894043,-4.976395606994629,-3.700810432434082,0.0
715,ACH-000019,-0.4709622859954834,-2.217012405395508,1.4841305017471313,0.2619195580482483,True,-4.130858421325684,0.890625,-4.019004721134269,0.15707258880138397,-5.0,-4.0241217613220215,-4.646883964538574,-3.7737607955932617,0.0
716,ACH-000044,0.9312689304351807,-0.7698297500610352,1.4311320781707764,0.26996660232543945,True,-3.5764191150665283,0.875,-3.9747461605274954,0.17661762237548828,-5.0,-3.3730509281158447,-3.900830030441284,-3.137155771255493,0.0
717,ACH-000097,-0.03879201412200928,-1.7779709100723267,1.4746953248977661,0.26448357105255127,True,-4.098886013031006,0.921875,-3.9871601457778465,0.12948870658874512,-5.0,-4.022520542144775,-5.096874713897705,-3.8031845092773438,0.016949152573943138
718,ACH-000111,-0.4376596212387085,-2.271583318710327,1.5571811199188232,0.276742547750473,True,-4.089873313903809,0.84375,-3.9974314625904426,0.19484849274158478,-5.0,-3.921330690383911,-4.784106731414795,-3.739835739135742,0.0
719,ACH-000117,0.6616489887237549,-1.1630760431289673,1.5511410236358643,0.2735839784145355,True,-4.096896171569824,0.921875,-4.007377933488381,0.16547679901123047,-5.0,-4.02036190032959,-4.73845911026001,-3.6350274085998535,0.0
720,ACH-000147,-2.6071548461914062,-4.4015679359436035,1.5277373790740967,0.2666756510734558,True,-4.188908576965332,0.84375,-4.025530997836076,0.1546999216079712,-5.0,-4.0387067794799805,-4.720312595367432,-3.190566062927246,0.0
721,ACH-000148,-1.186884880065918,-3.1205813884735107,1.6706411838531494,0.26305538415908813,True,-4.155633926391602,0.859375,-4.0385412906916285,0.1836274117231369,-5.0,-4.017465591430664,-5.0961761474609375,-2.594752311706543,0.036363635212183
722,ACH-000196,0.2903357744216919,-1.4584685564041138,1.4778436422348022,0.27096065878868103,True,-3.9361913204193115,0.90625,-4.0283062936643965,0.2078959196805954,-5.0,-3.8261420726776123,-4.626692771911621,-3.5496933460235596,0.0
723,ACH-000212,0.048990726470947266,-1.775113582611084,1.5561037063598633,0.2680005431175232,True,-4.054810523986816,0.9375,-4.030956716696639,0.13753528892993927,-5.0,-3.9917984008789062,-4.946454048156738,-3.5690784454345703,0.0
724,ACH-000223,0.647506833076477,-1.0719497203826904,1.4542797803878784,0.26517680287361145,True,-4.0307769775390625,0.90625,-4.030938742780881,0.1409967839717865,-5.0,-3.9305126667022705,-4.883829116821289,-3.7577404975891113,0.0
725,ACH-000248,0.7670497894287109,-1.0653799772262573,1.556480050086975,0.27594971656799316,True,-4.013293266296387,0.96875,-4.029174195132432,0.20363327860832214,-5.0,-3.981464147567749,-4.868436813354492,-3.711641788482666,0.0
726,ACH-000258,0.6165004968643188,-1.1974096298217773,1.5354509353637695,0.2784591615200043,True,-3.8454177379608154,0.96875,-4.01079854941527,0.10918179154396057,-5.0,-3.8081729412078857,-5.361529350280762,-1.2129665613174438,0.016129031777381897
727,ACH-000276,0.3366260528564453,-1.4930487871170044,1.5503361225128174,0.2793387174606323,True,-3.9946815967559814,0.953125,-4.009186854149341,0.10277622938156128,-5.0,-3.945239543914795,-5.351968765258789,-2.4217145442962646,0.016393441706895828
728,ACH-000277,1.3321027755737305,-0.5488147735595703,1.5958806276321411,0.28503695130348206,True,-3.9265387058258057,0.953125,-4.000922039316988,0.21144673228263855,-5.0,-3.8737449645996094,-4.608165740966797,-2.7389490604400635,0.0
729,ACH-000288,0.5473425388336182,-1.288856029510498,1.5697271823883057,0.2664714455604553,True,-4.013971328735352,0.96875,-4.0022269682588245,0.15530195832252502,-5.0,-3.982163906097412,-5.002808570861816,-2.5912954807281494,0.016129031777381897
730,ACH-000330,0.5154461860656738,-1.2984561920166016,1.5361639261245728,0.27773845195770264,True,-4.007463455200195,0.921875,-4.002750616952961,0.09108217060565948,-5.0,-3.9233500957489014,-5.123673439025879,-3.784060478210449,0.016949152573943138
731,ACH-000349,-1.0810192823410034,-2.907472848892212,1.5489839315414429,0.27746960520744324,True,-4.145660400390625,0.890625,-4.017041595296727,0.11603954434394836,-5.0,-4.040741920471191,-5.218055725097656,-3.195934295654297,0.017543859779834747
732,ACH-000352,1.2206425666809082,-0.5883991718292236,1.5281749963760376,0.28086674213409424,True,-3.71065616607666,0.921875,-3.9864030523747207,0.14432230591773987,-5.0,-3.6013896465301514,-4.135425567626953,-3.4559073448181152,0.0
733,ACH-000374,1.5101726055145264,-0.3454025089740753,1.573718786239624,0.28185632824897766,True,-3.9822115898132324,0.953125,-3.985983906118572,0.18703041970729828,-5.0,-3.932156562805176,-4.997009754180908,-2.509847402572632,0.0
734,ACH-000536,0.6096220016479492,-1.1592422723770142,1.5024985074996948,0.26636576652526855,True,-3.975627899169922,0.9375,-3.9849483054237065,0.11159896850585938,-5.0,-3.907336711883545,-4.719454288482666,-3.532496929168701,0.0
735,ACH-000554,-1.8062610626220703,-3.6059975624084473,1.5185275077819824,0.2812090516090393,True,-4.128540992736816,0.875,-3.9993075741550173,0.13878171145915985,-5.0,-4.00404691696167,-4.751606464385986,-2.69808030128479,0.0
736,ACH-000568,0.11912202835083008,-1.6336145401000977,1.488176941871643,0.26455962657928467,True,-3.8187508583068848,0.890625,-3.981251902570204,0.1321450173854828,-5.0,-3.673685312271118,-4.320558547973633,-3.263002634048462,0.0
737,ACH-000573,0.9942875504493713,-0.8598102927207947,1.5809704065322876,0.27312737703323364,True,-3.896772861480713,0.9375,-3.972803998461255,0.1663522720336914,-5.0,-3.8232250213623047,-4.60719633102417,-3.6411845684051514,0.0
738,ACH-000621,0.11169886589050293,-1.6868364810943604,1.5322538614273071,0.26628151535987854,True,-4.160770416259766,0.921875,-3.991600640241106,0.2280833125114441,-5.0,-4.089649200439453,-5.096816062927246,-3.598803758621216,0.033898305147886276
739,ACH-000624,1.6034454107284546,-0.20466816425323486,1.5322370529174805,0.2758764624595642,True,-3.858377456665039,0.953125,-3.978278321883499,0.18470998108386993,-5.0,-3.802231788635254,-4.952526092529297,-3.5851826667785645,0.0
740,ACH-000643,-0.5712662935256958,-2.3284785747528076,1.4932643175125122,0.2639479637145996,True,-4.0709028244018555,0.90625,-3.987540772135335,0.09089995175600052,-5.0,-3.9747886657714844,-4.742500305175781,-3.803544759750366,0.0
741,ACH-000668,0.5451294183731079,-1.290988564491272,1.571476936340332,0.26464104652404785,True,-4.042360782623291,0.921875,-3.9930227731841303,0.19506621360778809,-5.0,-3.961205005645752,-4.76585054397583,-3.2523279190063477,0.0
742,ACH-000691,-0.052808403968811035,-1.8838589191436768,1.5521646738052368,0.2788858413696289,True,-4.031404495239258,0.90625,-3.996860945389643,0.12234977632761002,-5.0,-3.9312055110931396,-4.770524024963379,-3.714376211166382,0.0
743,ACH-000699,0.5979903936386108,-1.2131980657577515,1.541440486907959,0.26974791288375854,True,-4.0580949783325195,0.96875,-4.00298434868393,0.08307421952486038,-5.0,-4.027710914611816,-4.991279125213623,-3.6468987464904785,0.0
744,ACH-000711,-0.24126243591308594,-2.062675952911377,1.5506888628005981,0.27072465419769287,True,-4.060491561889648,0.90625,-4.0087350700045015,0.10287456959486008,-5.0,-3.963301658630371,-4.713893890380859,-3.2679929733276367,0.0
745,ACH-000725,1.3780195713043213,-0.43088194727897644,1.5368441343307495,0.27205735445022583,True,-4.028677463531494,0.984375,-4.010729309357201,0.20105117559432983,-5.0,-4.0132598876953125,-4.835768699645996,-3.564169406890869,0.0
746,ACH-000755,0.3043004274368286,-1.4342759847640991,1.4765156507492065,0.26206082105636597,True,-4.0621209144592285,0.921875,-4.015868469867403,0.20258823037147522,-5.0,-3.9826393127441406,-4.887263298034668,-3.2969775199890137,0.0
747,ACH-000759,-0.8109337091445923,-2.6123054027557373,1.5347117185592651,0.2666599750518799,True,-4.031329154968262,0.90625,-4.017414538377489,0.08306396752595901,-5.0,-3.931121826171875,-4.776088714599609,-3.5487916469573975,0.0
748,ACH-000768,-5.050650596618652,-6.807297706604004,1.4937528371810913,0.26289451122283936,True,-4.142885208129883,0.90625,-4.029961605352728,0.07121473550796509,-5.0,-4.054218769073486,-4.728670597076416,-3.797050952911377,0.0
749,ACH-000783,0.5346291065216064,-1.2415201663970947,1.5092332363128662,0.2669159770011902,True,-4.015358924865723,0.9375,-4.028501337304028,0.12696173787117004,-5.0,-3.949716329574585,-5.497935771942139,-3.703059196472168,0.01666666753590107
750,ACH-000818,0.7397974729537964,-1.0539891719818115,1.5184944868087769,0.27529212832450867,True,-3.281287670135498,0.859375,-3.9537799705871746,0.08331865072250366,-5.0,-3.000044107437134,-3.671238422393799,-2.7422614097595215,0.0
751,ACH-000828,-1.5526217222213745,-3.372075080871582,1.550193190574646,0.2692601680755615,True,-3.58693790435791,0.796875,-3.917095763964248,0.08428369462490082,-5.0,-3.226745367050171,-3.814103126525879,-2.9764914512634277,0.0
752,ACH-000849,0.3604351282119751,-1.343636393547058,1.4579819440841675,0.2460896372795105,True,-3.946256160736084,0.9375,-3.9200118036414313,0.16235628724098206,-5.0,-3.876007080078125,-4.785782814025879,-2.1187124252319336,0.0
753,ACH-000856,0.8289202451705933,-0.8902593851089478,1.4534796476364136,0.2657000422477722,True,-3.857774019241333,0.96875,-3.913788025201421,0.15393906831741333,-5.0,-3.820927858352661,-4.703061103820801,-3.569984197616577,0.0
754,ACH-000857,-1.6646648645401,-3.393589735031128,1.468191385269165,0.2607334852218628,True,-4.067610740661621,0.84375,-3.9291702967474413,0.11937183141708374,-5.0,-3.8949456214904785,-5.086836814880371,-2.1305360794067383,0.018518518656492233
755,ACH-000859,0.5330737829208374,-1.2523448467254639,1.531502604484558,0.25391602516174316,True,-4.0563201904296875,0.921875,-3.941885286115666,0.1566738486289978,-5.0,-3.976346969604492,-5.147832870483398,-3.310455322265625,0.016949152573943138
756,ACH-000876,0.3446996212005615,-1.4822572469711304,1.566011667251587,0.2609451711177826,True,-3.995870590209961,0.921875,-3.947283816525095,0.08864297717809677,-5.0,-3.9107749462127686,-4.78183650970459,-3.744288206100464,0.0
757,ACH-000902,0.44466209411621094,-1.3619954586029053,1.5517675876617432,0.2548900246620178,True,-3.9688427448272705,0.921875,-3.9494397093553126,0.17706158757209778,-5.0,-3.8814568519592285,-4.672667980194092,-3.700496196746826,0.0
758,ACH-000910,-1.355757474899292,-3.088681697845459,1.4681743383407593,0.2647498846054077,True,-4.058921813964844,0.859375,-3.9603879198162657,0.13100409507751465,-5.0,-3.9049270153045654,-4.895051002502441,-2.24007511138916,0.0
759,ACH-000927,0.8334583044052124,-0.9184718132019043,1.489637017250061,0.2622930705547333,True,-3.953702449798584,0.921875,-3.9597193728144977,0.15709346532821655,-5.0,-3.8650331497192383,-4.481967926025391,-3.738924741744995,0.0
760,ACH-000930,0.9712464809417725,-0.7672600746154785,1.478057861328125,0.2604486346244812,True,-3.9195313453674316,0.96875,-3.955700570069791,0.15431132912635803,-5.0,-3.8846774101257324,-4.7774739265441895,-2.308830738067627,0.0
761,ACH-000934,0.7014811038970947,-1.0521191358566284,1.5002650022506714,0.25333523750305176,True,-4.043501853942871,0.96875,-3.9644806984570993,0.12486584484577179,-5.0,-4.0126471519470215,-5.072286128997803,-3.7481064796447754,0.032258063554763794
762,ACH-001390,0.2681170701980591,-1.4995331764221191,1.543200969696045,0.2244493067264557,True,-3.991344690322876,0.921875,-3.9671670976436766,0.08858975768089294,-5.0,-3.90586519241333,-4.579348087310791,-3.802349328994751,0.0
763,ACH-001819,0.33205294609069824,-1.4274613857269287,1.4921811819076538,0.2673332095146179,True,-3.896740674972534,0.890625,-3.960124455376562,0.13697239756584167,-5.0,-3.7612526416778564,-4.808740615844727,-2.7092125415802,0.0
764,ACH-001820,0.029521703720092773,-1.7646095752716064,1.534548282623291,0.2595829963684082,True,-4.021012306213379,0.953125,-3.9662132404602435,0.13066336512565613,-5.0,-3.972865104675293,-4.815789222717285,-3.8037352561950684,0.0
765,ACH-000017,0.051282286643981934,-1.593999981880188,1.3873438835144043,0.2579383850097656,True,-4.028274059295654,0.921875,-3.9724193223437845,0.10688470304012299,-5.0,-3.9459245204925537,-4.9787797927856445,-3.694817304611206,0.0
766,ACH-000019,-0.276763916015625,-2.0816965103149414,1.5545604228973389,0.25037214159965515,True,-4.040927886962891,0.90625,-3.9792701788056952,0.09081112593412399,-5.0,-3.9417130947113037,-4.942185401916504,-3.7687933444976807,0.0
767,ACH-000044,1.299335241317749,-0.36259788274765015,1.4069560766220093,0.2549769878387451,True,-3.528794765472412,0.875,-3.9342226374723666,0.1598687767982483,-5.0,-3.3186228275299072,-3.8739380836486816,-3.045107126235962,0.0
768,ACH-000097,-0.11693465709686279,-1.7994440793991089,1.442644715309143,0.23986472189426422,True,-4.011579513549805,0.90625,-3.9419583250801105,0.1410721391439438,-5.0,-3.9093291759490967,-4.8183064460754395,-3.8031845092773438,0.0
769,ACH-000111,-0.44094014167785645,-2.268686056137085,1.5627774000167847,0.26496851444244385,True,-4.0695695877075195,0.921875,-3.9547194513428514,0.1475052833557129,-5.0,-3.9907193183898926,-4.746427059173584,-3.655195713043213,0.0
770,ACH-000117,0.5159753561019897,-1.2863608598709106,1.5335536003112793,0.2687826156616211,True,-4.029857635498047,0.9375,-3.9622332697583706,0.20151597261428833,-5.0,-3.965181589126587,-5.48586368560791,-3.3254146575927734,0.01666666753590107
771,ACH-000147,-1.1501237154006958,-3.019463062286377,1.6039552688598633,0.2653840482234955,True,-4.097097873687744,0.875,-3.975719730151308,0.12969037890434265,-5.0,-3.968111991882324,-5.143250465393066,-3.403141736984253,0.01785714365541935
772,ACH-000148,-0.7244671583175659,-2.5982587337493896,1.6192350387573242,0.2545565664768219,True,-4.071746349334717,0.90625,-3.985322392069649,0.09935265779495239,-5.0,-3.975720167160034,-4.802168846130371,-3.5506443977355957,0.0
773,ACH-000196,0.619810938835144,-1.2033430337905884,1.5544579029083252,0.2686960697174072,True,-3.9149274826049805,0.921875,-3.978282901123182,0.17087504267692566,-5.0,-3.822972297668457,-4.677735328674316,-3.554774761199951,0.0
774,ACH-000212,1.276531457901001,-0.52690190076828,1.543105959892273,0.26032739877700806,True,-3.9651834964752197,0.96875,-3.9769729606583857,0.16384169459342957,-5.0,-3.9318020343780518,-4.745846271514893,-3.3898751735687256,0.0
775,ACH-000223,0.9432685375213623,-0.8564184904098511,1.5354915857315063,0.26419541239738464,True,-3.967149257659912,0.9375,-3.9759905903585384,0.12426730990409851,-5.0,-3.8982925415039062,-4.806580543518066,-3.784545421600342,0.0
776,ACH-000248,0.2515120506286621,-1.5018349885940552,1.5014146566390991,0.2519323527812958,True,-4.007447242736816,0.921875,-3.9791362555963663,0.16005206108093262,-5.0,-3.923332691192627,-5.034341335296631,-3.711641788482666,0.016949152573943138
777,ACH-000258,0.502710223197937,-1.2814345359802246,1.5246469974517822,0.2594977915287018,True,-3.9238944053649902,0.9375,-3.9736120705732287,0.1279125213623047,-5.0,-3.852154493331909,-4.587944030761719,-3.0958642959594727,0.0
778,ACH-000276,1.030491828918457,-0.6725946664810181,1.4455705881118774,0.25751590728759766,True,-4.0338921546936035,0.953125,-3.979640078985266,0.17785003781318665,-5.0,-3.9863789081573486,-5.157947540283203,-3.3860886096954346,0.016393441706895828
779,ACH-000277,-0.057932257652282715,-1.7918741703033447,1.4707756042480469,0.26316630840301514,True,-3.897709846496582,0.921875,-3.9714470557363977,0.08408849686384201,-5.0,-3.804295539855957,-4.608165740966797,-2.7389490604400635,0.0
780,ACH-000288,-0.5090274810791016,-2.388032913208008,1.618036150932312,0.26096922159194946,True,-4.0881452560424805,0.90625,-3.983116875767006,0.14007404446601868,-5.0,-3.9938149452209473,-4.857465744018555,-2.591294288635254,0.0
781,ACH-000330,0.3902326822280884,-1.3468648195266724,1.472690224647522,0.264407217502594,True,-4.056779861450195,0.9375,-3.9904831743353246,0.09858367592096329,-5.0,-3.993898630142212,-4.937765121459961,-3.784060478210449,0.0
782,ACH-000349,-0.6816432476043701,-2.475320339202881,1.53200364112854,0.2616734504699707,True,-3.998744010925293,0.921875,-3.9913092579943212,0.11076140403747559,-5.0,-3.9138917922973633,-4.791046142578125,-3.220301389694214,0.0
783,ACH-000352,1.981164813041687,0.20864476263523102,1.509312391281128,0.26320773363113403,True,-3.6989409923553467,0.984375,-3.9620724314304234,0.1599130928516388,-5.0,-3.6782891750335693,-4.202435493469238,-3.502314329147339,0.0
784,ACH-000374,0.7032662630081177,-1.0259581804275513,1.4710118770599365,0.2582126259803772,True,-3.984961986541748,0.953125,-3.964361386941556,0.15254883468151093,-5.0,-3.935042142868042,-4.742875099182129,-3.7987263202667236,0.0
785,ACH-000536,0.46119606494903564,-1.2477951049804688,1.4565229415893555,0.2524682283401489,True,-4.039705276489258,0.953125,-3.971895775896326,0.15769776701927185,-5.0,-3.9924769401550293,-4.974771499633789,-2.6494455337524414,0.0
786,ACH-000554,0.11265504360198975,-1.6034499406814575,1.4558216333389282,0.26028335094451904,True,-4.063043594360352,0.890625,-3.9810105577427284,0.11612845957279205,-5.0,-3.9479787349700928,-4.740810394287109,-3.65857195854187,0.0
787,ACH-000568,-0.10156190395355225,-1.8791762590408325,1.5251264572143555,0.2524879574775696,True,-3.8856425285339355,0.84375,-3.971473754821849,0.20828798413276672,-5.0,-3.6792798042297363,-4.540045738220215,-3.338871955871582,0.0
788,ACH-000573,1.7585910558700562,0.02886219322681427,1.4736803770065308,0.2560484707355499,True,-3.8060905933380127,0.984375,-3.9549354386734654,0.18832296133041382,-5.0,-3.787139654159546,-4.559545040130615,-3.5040946006774902,0.0
789,ACH-000621,0.26377594470977783,-1.465408444404602,1.4809744358062744,0.24820995330810547,True,-4.030342102050781,0.9375,-3.962476105011197,0.12793760001659393,-5.0,-3.965698480606079,-5.2098588943481445,-3.8033125400543213,0.01666666753590107
790,ACH-000624,-1.4697457551956177,-3.229053497314453,1.5097469091415405,0.24956084787845612,True,-3.9807283878326416,0.890625,-3.9643013332933417,0.1501939594745636,-5.0,-3.8555541038513184,-4.707758903503418,-3.636064291000366,0.0
791,ACH-000643,-0.6316704750061035,-2.4162135124206543,1.5302153825759888,0.2543277144432068,True,-3.98898983001709,0.90625,-3.9667701829657163,0.10666003823280334,-5.0,-3.8844027519226074,-4.709194183349609,-3.569180965423584,0.0
792,ACH-000668,0.5995744466781616,-1.1399234533309937,1.4884620904922485,0.25103574991226196,True,-3.998265027999878,0.9375,-3.9699196674691324,0.0781107246875763,-5.0,-3.9314825534820557,-5.066219329833984,-3.7773237228393555,0.01666666753590107
793,ACH-000691,0.3995811939239502,-1.3976821899414062,1.5303155183792114,0.26694780588150024,True,-4.00736141204834,0.9375,-3.973663841927053,0.15511798858642578,-5.0,-3.94118595123291,-4.770524024963379,-2.4790031909942627,0.0
794,ACH-000699,-6.598753452301025,-8.373357772827148,1.5193666219711304,0.25523775815963745,True,-4.092741012573242,0.90625,-3.9855715589916723,0.0826214849948883,-5.0,-3.998887062072754,-5.002142906188965,-3.772911548614502,0.017241379246115685
795,ACH-000711,0.5121618509292603,-1.2651617527008057,1.5120376348495483,0.26528599858283997,True,-3.9960145950317383,0.921875,-3.986615862595679,0.12900008261203766,-5.0,-3.91093111038208,-4.754303455352783,-3.780508279800415,0.0
796,ACH-000725,0.20899713039398193,-1.5322264432907104,1.4853838682174683,0.25583967566490173,True,-4.010839462280273,0.9375,-3.9890382225641385,0.12037089467048645,-5.0,-3.9448957443237305,-5.088705062866211,-3.398428201675415,0.01666666753590107
797,ACH-000755,-0.26282334327697754,-2.001479387283325,1.4843518733978271,0.2543041408061981,True,-4.078945636749268,0.90625,-3.998028963982651,0.10645727813243866,-5.0,-3.983663558959961,-4.702614784240723,-2.743743896484375,0.0
798,ACH-000759,1.445892572402954,-0.3470615744590759,1.5342885255813599,0.25866568088531494,True,-3.9165782928466797,0.96875,-3.989883896869054,0.13770927488803864,-5.0,-3.88162899017334,-4.567963123321533,-3.706197738647461,0.0
799,ACH-000768,-1.3256642818450928,-3.1635329723358154,1.594321846961975,0.24354679882526398,True,-4.11403751373291,0.890625,-4.002299258555439,0.08367869257926941,-5.0,-4.005235195159912,-5.209752082824707,-3.797050952911377,0.017543859779834747
800,ACH-000783,0.9751037359237671,-0.7399218082427979,1.4628453254699707,0.25218021869659424,True,-4.0024943351745605,0.96875,-4.002318766217352,0.16942723095417023,-5.0,-3.9703166484832764,-4.744351387023926,-3.7549195289611816,0.0
801,ACH-000818,2.855952501296997,1.1343989372253418,1.4746942520141602,0.2468593716621399,True,-3.0874383449554443,0.9375,-3.910830724091161,0.13883957266807556,-5.0,-2.9599344730377197,-3.4675512313842773,-2.8102686405181885,0.0
802,ACH-000828,0.2756386995315552,-1.519661545753479,1.542583703994751,0.252716600894928,True,-3.481454849243164,0.828125,-3.8678931366063614,0.10900373011827469,-5.0,-3.1662850379943848,-3.68239164352417,-2.9764914512634277,0.0
803,ACH-000849,-1.9293780326843262,-3.630737066268921,1.478161334991455,0.22319769859313965,True,-4.0272932052612305,0.890625,-3.8838331434718483,0.15862569212913513,-5.0,-3.9078383445739746,-4.700740814208984,-3.652202606201172,0.0
804,ACH-000856,0.034575819969177246,-1.6719900369644165,1.454689383506775,0.2518764138221741,True,-3.9210076332092285,0.921875,-3.887550592445586,0.14451703429222107,-5.0,-3.8295676708221436,-4.991081237792969,-3.5688397884368896,0.0
805,ACH-000857,0.2777717113494873,-1.4831793308258057,1.5133274793624878,0.24762356281280518,True,-4.020437240600586,0.90625,-3.900839257261086,0.151139497756958,-5.0,-3.919102668762207,-4.478355407714844,-3.6624321937561035,0.0
806,ACH-000859,-1.6132092475891113,-3.312861919403076,1.4389050006866455,0.26074767112731934,True,-4.060287952423096,0.875,-3.916784126777287,0.07158064842224121,-5.0,-3.9260432720184326,-4.933671474456787,-3.5312697887420654,0.0
807,ACH-000876,0.25812745094299316,-1.4709588289260864,1.4825843572616577,0.2465018928050995,True,-3.9890897274017334,0.953125,-3.924014686839732,0.16594791412353516,-5.0,-3.9393727779388428,-4.731717109680176,-3.3251900672912598,0.0
808,ACH-000902,0.43323326110839844,-1.2929586172103882,1.480354905128479,0.24583700299263,True,-3.9086718559265137,0.9375,-3.92248040374841,0.09346598386764526,-5.0,-3.835916757583618,-4.455497741699219,-3.700496196746826,0.0
809,ACH-000910,0.7712056636810303,-1.012223482131958,1.5385327339172363,0.24489647150039673,True,-3.9907469749450684,0.953125,-3.929307060868076,0.13527825474739075,-5.0,-3.9411113262176514,-4.571285247802734,-3.686934471130371,0.0
810,ACH-000927,-0.3684229850769043,-2.078249216079712,1.4641042947769165,0.2457219362258911,True,-3.9517900943756104,0.9375,-3.9315553642188297,0.12414952367544174,-5.0,-3.8819096088409424,-5.184421539306641,-3.704385280609131,0.01666666753590107
811,ACH-000930,-0.32087671756744385,-2.0949349403381348,1.516792893409729,0.2572652995586395,True,-4.018413066864014,0.90625,-3.940241134483348,0.1620027720928192,-5.0,-3.9168694019317627,-4.98943567276001,-2.3088293075561523,0.0
812,ACH-000934,0.33811330795288086,-1.391218662261963,1.4767687320709229,0.2525631785392761,True,-3.9673500061035156,0.953125,-3.9429520216453646,0.07648906111717224,-5.0,-3.9165637493133545,-4.890138626098633,-3.7715301513671875,0.0
813,ACH-001390,1.369735836982727,-0.34186825156211853,1.4980542659759521,0.21354979276657104,True,-3.933198928833008,0.96875,-3.941976712364129,0.10006873309612274,-5.0,-3.8987858295440674,-4.660672664642334,-3.7079834938049316,0.0
814,ACH-001819,1.324540615081787,-0.4235883355140686,1.4982571601867676,0.24987170100212097,True,-3.7997570037841797,0.96875,-3.927754741506134,0.1011042445898056,-5.0,-3.7610392570495605,-4.65640926361084,-3.6279778480529785,0.0
815,ACH-001820,-0.28193843364715576,-2.022857666015625,1.4968478679656982,0.244071364402771,True,-4.051654815673828,0.890625,-3.9401447489229033,0.1163664311170578,-5.0,-3.9351913928985596,-5.1864824295043945,-3.540862560272217,0.017543859779834747
816,ACH-000017,0.19695687294006348,-1.4337835311889648,1.395635724067688,0.2351047396659851,True,-3.983187675476074,0.953125,-3.9444490415782205,0.13255411386489868,-5.0,-3.933180332183838,-4.862640857696533,-3.7551681995391846,0.0
817,ACH-000019,-0.9558093547821045,-2.679346799850464,1.495832085609436,0.22770535945892334,True,-4.088356018066406,0.859375,-3.958839739227039,0.1426568329334259,-5.0,-3.9391775131225586,-5.1966447830200195,-2.3348748683929443,0.0181818176060915
818,ACH-000044,1.5198534727096558,-0.10774460434913635,1.3945679664611816,0.23303011059761047,True,-3.438910961151123,0.921875,-3.906846861419447,0.13138949871063232,-5.0,-3.3066153526306152,-3.9133639335632324,-3.045107126235962,0.0
819,ACH-000097,0.4506540298461914,-1.241091251373291,1.4509023427963257,0.24084298312664032,True,-3.973813533782959,0.9375,-3.913543528655798,0.1075558215379715,-5.0,-3.9054012298583984,-4.735925197601318,-3.8031845092773438,0.0
820,ACH-000111,-2.428041458129883,-4.18754243850708,1.5034165382385254,0.25608447194099426,True,-4.04163932800293,0.90625,-3.9263531085905115,0.0659811943769455,-5.0,-3.9424984455108643,-4.7477240562438965,-3.739835739135742,0.0
821,ACH-000117,0.13406944274902344,-1.64560866355896,1.5320918560028076,0.247586190700531,True,-4.021064758300781,0.921875,-3.935824273561538,0.14081525802612305,-5.0,-3.9381043910980225,-4.894291877746582,-3.1916606426239014,0.0
822,ACH-000147,-0.8410215377807617,-2.60575008392334,1.5373867750167847,0.22734174132347107,True,-4.052495956420898,0.875,-3.947491441847474,0.16888923943042755,-5.0,-3.91713809967041,-4.758020877838135,-3.7354490756988525,0.0
823,ACH-000148,1.096146583557129,-0.666982114315033,1.5435136556625366,0.2196151614189148,True,-3.9794955253601074,1.0,-3.9506918501987376,0.12034204602241516,-5.0,-3.9794955253601074,-4.9825439453125,-3.8034451007843018,0.0
824,ACH-000196,0.004356026649475098,-1.7297428846359253,1.4846488237380981,0.24945002794265747,True,-3.916260242462158,0.90625,-3.94724868942508,0.13544437289237976,-5.0,-3.8041491508483887,-4.471094131469727,-3.554774761199951,0.0
825,ACH-000212,0.01317131519317627,-1.678030014038086,1.456719994544983,0.2344813048839569,True,-4.054125785827637,0.90625,-3.9579363990653356,0.16275319457054138,-5.0,-3.9562766551971436,-4.745846271514893,-3.632516384124756,0.0
826,ACH-000223,-0.4726226329803467,-2.2381699085235596,1.5280197858810425,0.2375274896621704,True,-4.029088497161865,0.890625,-3.9650516088749885,0.1136976033449173,-5.0,-3.90985369682312,-4.8958210945129395,-3.7654027938842773,0.0
827,ACH-000248,-0.6414631605148315,-2.438419818878174,1.5541186332702637,0.242838054895401,True,-3.939052104949951,0.921875,-3.9624516584824847,0.1088009849190712,-5.0,-3.8491411209106445,-4.526416301727295,-3.242990255355835,0.0
828,ACH-000258,0.06847202777862549,-1.6572803258895874,1.481165885925293,0.24458642303943634,True,-3.978736400604248,0.90625,-3.964080132694661,0.16208328306674957,-5.0,-3.8730883598327637,-4.9792866706848145,-3.5404019355773926,0.0
829,ACH-000276,1.2744295597076416,-0.5077036023139954,1.5284178256988525,0.25371527671813965,True,-3.957158327102661,0.984375,-3.963387952135461,0.17418161034584045,-5.0,-3.9406051635742188,-4.937498569488525,-3.788621187210083,0.0
830,ACH-000277,1.7033932209014893,-0.07913713157176971,1.5339727401733398,0.24855753779411316,True,-3.8215088844299316,1.0,-3.949200045364908,0.15355947613716125,-5.0,-3.8215088844299316,-4.507667064666748,-3.687541961669922,0.0
831,ACH-000288,-0.12111091613769531,-1.9074130058288574,1.555238127708435,0.23106390237808228,True,-3.996534824371338,0.90625,-3.953933523265551,0.1405024528503418,-5.0,-3.892728328704834,-4.684237957000732,-3.3466835021972656,0.0
832,ACH-000330,0.2674611806869507,-1.480963945388794,1.503913402557373,0.24451173841953278,True,-4.067846298217773,0.921875,-3.9653248007607735,0.13630807399749756,-5.0,-3.9888498783111572,-5.059383392333984,-3.784060478210449,0.016949152573943138
833,ACH-000349,0.9884377717971802,-0.7395461797714233,1.4880739450454712,0.2399100661277771,True,-4.014679431915283,0.953125,-3.9702602638762245,0.15762528777122498,-5.0,-3.9662210941314697,-4.775416851043701,-3.801913261413574,0.0
834,ACH-000352,1.4882973432540894,-0.22959737479686737,1.482347846031189,0.23554681241512299,True,-3.651507616043091,0.984375,-3.938384999092911,0.09418907761573792,-5.0,-3.6301028728485107,-4.412957191467285,-3.4559073448181152,0.0
835,ACH-000374,0.11466848850250244,-1.6190235614776611,1.499039649963379,0.23465237021446228,True,-4.066654205322266,0.921875,-3.951211919715847,0.12671777606010437,-5.0,-3.9875574111938477,-5.2152509689331055,-3.7987263202667236,0.033898305147886276
836,ACH-000536,-0.259505033493042,-1.9428156614303589,1.4479951858520508,0.2353154420852661,True,-3.9768893718719482,0.9375,-3.953779664931457,0.0973856970667839,-5.0,-3.908681869506836,-4.7465972900390625,-3.2551767826080322,0.0
837,ACH-000554,0.6883468627929688,-1.0524686574935913,1.5030320882797241,0.23778347671031952,True,-3.9640769958496094,0.953125,-3.954809398023272,0.14763422310352325,-5.0,-3.913130044937134,-4.740810394287109,-3.7821717262268066,0.0
838,ACH-000568,1.5322999954223633,-0.19991785287857056,1.4969754219055176,0.23524253070354462,True,-3.7212586402893066,0.96875,-3.9314543222498757,0.16578082740306854,-5.0,-3.680008888244629,-4.37650203704834,-3.469183921813965,0.0
839,ACH-000573,0.18828213214874268,-1.533611536026001,1.4854644536972046,0.23642919957637787,True,-3.8824620246887207,0.9375,-3.9265550924937602,0.1489606499671936,-5.0,-3.807959794998169,-4.58084774017334,-3.658778429031372,0.0
840,ACH-000621,-1.8449617624282837,-3.591660976409912,1.5060654878616333,0.2406337559223175,True,-4.1220197677612305,0.859375,-3.9461015600205074,0.10231180489063263,-5.0,-3.9783501625061035,-4.736715793609619,-3.8033125400543213,0.0
841,ACH-000624,1.2056158781051636,-0.48852992057800293,1.461760401725769,0.23238544166088104,True,-3.8831398487091064,0.984375,-3.9398053888893676,0.14263588190078735,-5.0,-3.865412473678589,-4.622309684753418,-3.3134758472442627,0.0
842,ACH-000643,-0.35648083686828613,-2.1201653480529785,1.5296552181243896,0.23402929306030273,True,-4.064974784851074,0.921875,-3.9523223284855384,0.11198459565639496,-5.0,-3.9857354164123535,-4.988070011138916,-3.803544759750366,0.0
843,ACH-000668,0.5920026302337646,-1.1197941303253174,1.4732767343521118,0.238520085811615,True,-3.982102870941162,0.921875,-3.955300382731101,0.14843560755252838,-5.0,-3.8958404064178467,-4.646127700805664,-2.3527815341949463,0.0
844,ACH-000691,0.6342328786849976,-1.1161376237869263,1.5136630535125732,0.2367073893547058,True,-3.9485526084899902,0.96875,-3.95462560530699,0.10406975448131561,-5.0,-3.914634943008423,-4.82306432723999,-3.714376211166382,0.0
845,ACH-000699,0.5566271543502808,-1.2093098163604736,1.5262701511383057,0.23966677486896515,True,-3.933361053466797,0.96875,-3.9524991501229705,0.105594702064991,-5.0,-3.8989531993865967,-4.73187780380249,-2.7198007106781006,0.0
846,ACH-000711,1.0707621574401855,-0.6228167414665222,1.464007019996643,0.22957177460193634,True,-3.9728896617889404,0.96875,-3.9545382012895676,0.11954294145107269,-5.0,-3.9397571086883545,-4.713893890380859,-3.7409472465515137,0.0
847,ACH-000725,-4.327374458312988,-6.026540279388428,1.4671639204025269,0.2320021539926529,True,-4.019274711608887,0.953125,-3.9610118523214997,0.062332045286893845,-5.0,-3.9710421562194824,-4.744190216064453,-2.7755208015441895,0.0
848,ACH-000755,0.605778694152832,-1.1152623891830444,1.4878363609313965,0.23320475220680237,True,-3.98007869720459,0.953125,-3.9629185368098088,0.17184370756149292,-5.0,-3.9299185276031494,-4.702614784240723,-3.7556257247924805,0.0
849,ACH-000759,0.9165433645248413,-0.7921137809753418,1.4728602170944214,0.2357969433069229,True,-3.8735570907592773,0.953125,-3.9539823922047557,0.09564612805843353,-5.0,-3.8181581497192383,-4.567963123321533,-3.4763333797454834,0.0
850,ACH-000768,-2.3144521713256836,-4.073415279388428,1.5280348062515259,0.2309282124042511,True,-4.1395063400268555,0.84375,-3.9725347869869654,0.15438517928123474,-5.0,-3.9801554679870605,-5.121694087982178,-3.691213607788086,0.018518518656492233
851,ACH-000783,-0.5045437812805176,-2.252612352371216,1.5164960622787476,0.2315724641084671,True,-4.05808162689209,0.921875,-3.981089470977478,0.11705907434225082,-5.0,-3.978257417678833,-5.215609550476074,-3.6928248405456543,0.033898305147886276
852,ACH-000818,0.485772967338562,-1.2251293659210205,1.4745720624923706,0.2363303005695343,True,-3.270401954650879,0.875,-3.9100207193448178,0.10454072058200836,-5.0,-3.0233166217803955,-3.8989486694335938,-2.8102686405181885,0.0
853,ACH-000828,1.7867722511291504,0.07395000755786896,1.4779881238937378,0.23483411967754364,True,-3.346055030822754,0.921875,-3.853624150492611,0.12965986132621765,-5.0,-3.20589017868042,-3.8167104721069336,-2.9026262760162354,0.0
854,ACH-000849,-1.6396640539169312,-3.290294647216797,1.4339895248413086,0.21664106845855713,True,-3.949782609939575,0.921875,-3.863239996437308,0.12200064957141876,-5.0,-3.860781192779541,-4.847097396850586,-3.652202606201172,0.0
855,ACH-000856,-0.18705379962921143,-1.9354301691055298,1.513864517211914,0.23451188206672668,True,-3.850965738296509,0.90625,-3.862012570623228,0.09070121496915817,-5.0,-3.732100486755371,-4.513253211975098,-1.762176275253296,0.0
856,ACH-000857,-0.059443116188049316,-1.741524577140808,1.4475948810577393,0.23448660969734192,True,-3.9501724243164062,0.90625,-3.8708285559925457,0.15652671456336975,-5.0,-3.841569662094116,-4.478355407714844,-3.715911865234375,0.0
857,ACH-000859,0.5397918224334717,-1.1633003950119019,1.466180682182312,0.23691150546073914,True,-4.0233988761901855,0.953125,-3.8860855880123095,0.22537019848823547,-5.0,-3.9753689765930176,-4.995373249053955,-3.7976574897766113,0.0
858,ACH-000876,0.27774906158447266,-1.4171791076660156,1.459675669670105,0.2352525293827057,True,-4.042098045349121,0.921875,-3.9016868337459907,0.1517692506313324,-5.0,-3.9609198570251465,-4.813701629638672,-3.752403497695923,0.0
859,ACH-000902,-0.5003324747085571,-2.1924595832824707,1.4710320234298706,0.22109508514404297,True,-3.883622407913208,0.953125,-3.899880391162712,0.04844209924340248,-5.0,-3.8287181854248047,-4.975573539733887,-3.700496196746826,0.0
860,ACH-000910,-1.3097565174102783,-2.9640488624572754,1.439155101776123,0.21513724327087402,True,-4.031710147857666,0.921875,-3.913063366832207,0.16103336215019226,-5.0,-3.9496517181396484,-4.812562465667725,-2.24007511138916,0.0
861,ACH-000927,-7.537561416625977,-9.193334579467773,1.4378031492233276,0.21797005832195282,True,-3.9572901725769043,0.921875,-3.9174860474066766,0.08611239492893219,-5.0,-3.868924856185913,-4.871050834655762,-3.738924741744995,0.0
862,ACH-000930,-0.08609926700592041,-1.7898950576782227,1.4701637029647827,0.23363208770751953,True,-3.9773404598236084,0.953125,-3.92347148864837,0.0780600756406784,-5.0,-3.9270453453063965,-4.9147725105285645,-3.7682502269744873,0.0
863,ACH-000934,-0.848397970199585,-2.476376533508301,1.406300663948059,0.22167794406414032,True,-4.106825828552246,0.859375,-3.9418069226387575,0.16375157237052917,-5.0,-3.9606692790985107,-4.638478755950928,-3.7323102951049805,0.0
864,ACH-001390,0.30392229557037354,-1.3822227716445923,1.491652250289917,0.19449284672737122,True,-4.027427673339844,0.90625,-3.9503689977088663,0.19883251190185547,-5.0,-3.9268171787261963,-4.542970657348633,-3.6881613731384277,0.0
865,ACH-001819,-0.05217087268829346,-1.782427430152893,1.4896857738494873,0.24057075381278992,True,-3.901456594467163,0.90625,-3.945477757384696,0.1238301545381546,-5.0,-3.787814140319824,-4.746586322784424,-3.3628692626953125,0.0
866,ACH-001820,1.319152593612671,-0.3214270770549774,1.4105359315872192,0.23004379868507385,True,-3.955498218536377,1.0,-3.946479803499864,0.15784317255020142,-5.0,-3.955498218536377,-4.815788745880127,-3.408405065536499,0.0
867,ACH-000017,-1.5771355628967285,-3.1763875484466553,1.3743689060211182,0.2248830795288086,True,-4.015925407409668,0.9375,-3.953424363890844,0.076414555311203,-5.0,-3.950320243835449,-5.069805145263672,-3.7551681995391846,0.01666666753590107
868,ACH-000019,0.4466506242752075,-1.2322001457214355,1.462511658668518,0.21633915603160858,True,-3.979881763458252,0.921875,-3.956070103847585,0.10975968837738037,-5.0,-3.8934311866760254,-4.646883964538574,-3.7737607955932617,0.0
869,ACH-000044,-0.23563098907470703,-1.8259272575378418,1.3684642314910889,0.2218320369720459,True,-3.556347131729126,0.890625,-3.9160978066357393,0.1492052674293518,-5.0,-3.379056453704834,-4.000446319580078,-3.137155771255493,0.0
870,ACH-000097,0.7432531714439392,-0.889321506023407,1.421759843826294,0.21081487834453583,True,-3.9689602851867676,0.984375,-3.9213840544908423,0.17376263439655304,-5.0,-3.952594757080078,-4.735925197601318,-3.6841111183166504,0.0
871,ACH-000111,-0.013552546501159668,-1.7062939405441284,1.4676380157470703,0.22510337829589844,True,-3.9590892791748047,0.9375,-3.9251545769592386,0.08554799854755402,-5.0,-3.889695405960083,-4.540568828582764,-3.739835739135742,0.0
872,ACH-000117,-0.07520937919616699,-1.792776346206665,1.4903819561004639,0.22718499600887299,True,-4.032512187957764,0.921875,-3.935890338059091,0.13450396060943604,-5.0,-3.950521945953369,-4.787934303283691,-3.758457660675049,0.0
873,ACH-000147,0.18795526027679443,-1.5506706237792969,1.5179123878479004,0.22071346640586853,True,-4.035523414611816,0.921875,-3.9458536457143634,0.18706515431404114,-5.0,-3.9537882804870605,-5.050380229949951,-3.7920432090759277,0.016949152573943138
874,ACH-000148,-0.39136171340942383,-2.067981481552124,1.4567599296569824,0.21985986828804016,True,-4.078261375427246,0.890625,-3.9590944186856514,0.10381539165973663,-5.0,-3.9650650024414062,-5.0352253913879395,-3.7251784801483154,0.035087719559669495
875,ACH-000196,0.947416365146637,-0.73130863904953,1.453653335571289,0.22507169842720032,True,-3.7658400535583496,0.96875,-3.939768982172921,0.08196386694908142,-5.0,-3.7260282039642334,-4.453845500946045,-3.2243685722351074,0.0
876,ACH-000212,0.6103659868240356,-1.0833308696746826,1.473289966583252,0.2204068899154663,True,-3.9783544540405273,0.9375,-3.9436275293596816,0.1102682501077652,-5.0,-3.9102447032928467,-4.925243377685547,-3.802515983581543,0.0
877,ACH-000223,0.6418523788452148,-1.0232899188995361,1.449832558631897,0.21530978381633759,True,-3.975084066390991,0.953125,-3.9467731830628128,0.1036386787891388,-5.0,-3.924678087234497,-4.921514987945557,-3.330406427383423,0.0
878,ACH-000248,0.14393866062164307,-1.5336635112762451,1.4515204429626465,0.2260817289352417,True,-4.016218185424805,0.921875,-3.953717683299012,0.09070676565170288,-5.0,-3.932846784591675,-4.702168941497803,-3.711641788482666,0.0
879,ACH-000258,-0.34364378452301025,-2.06205415725708,1.4843659400939941,0.23404444754123688,True,-3.95017671585083,0.90625,-3.953363586554194,0.11320288479328156,-5.0,-3.841574192047119,-4.788295745849609,-3.519435405731201,0.0
880,ACH-000276,0.6456539630889893,-1.0425173044204712,1.462099552154541,0.22607176005840302,True,-3.961397647857666,0.953125,-3.954166992684541,0.15223318338394165,-5.0,-3.910318613052368,-4.740911483764648,-2.4217145442962646,0.0
881,ACH-000277,1.1770141124725342,-0.5342002511024475,1.483405351638794,0.2278089076280594,True,-3.8679449558258057,0.953125,-3.9455447889986672,0.1248791292309761,-5.0,-3.812269926071167,-4.903965950012207,-3.615509510040283,0.0
882,ACH-000288,-1.1835957765579224,-2.978227138519287,1.5631542205810547,0.23147711157798767,True,-4.0785064697265625,0.859375,-3.9588409570714567,0.12758170068264008,-5.0,-3.9277164936065674,-4.800992488861084,-3.8034586906433105,0.0
883,ACH-000330,1.1138694286346436,-0.5922857522964478,1.4789167642593384,0.22723841667175293,True,-3.971428871154785,1.0,-3.9600997484797897,0.17848080396652222,-5.0,-3.971428871154785,-5.415377616882324,-3.25844144821167,0.03125
884,ACH-000349,0.9498370289802551,-0.7755293250083923,1.4910826683044434,0.2342836558818817,True,-3.979541778564453,0.96875,-3.9620439514882557,0.13409173488616943,-5.0,-3.9466235637664795,-4.729049205780029,-3.7756924629211426,0.0
885,ACH-000352,0.344693660736084,-1.3357250690460205,1.4533053636550903,0.22711338102817535,True,-3.6982200145721436,0.9375,-3.9356615577966445,0.07824540883302689,-5.0,-3.6114351749420166,-4.135425567626953,-3.4559073448181152,0.0
886,ACH-000374,-0.008921027183532715,-1.7704381942749023,1.5334854125976562,0.22803173959255219,True,-3.9976489543914795,0.921875,-3.941860297456128,0.11043254286050797,-5.0,-3.9127042293548584,-4.727736473083496,-3.278887987136841,0.0
887,ACH-000536,-6.804129123687744,-8.429008483886719,1.4036939144134521,0.221185564994812,True,-4.0387797355651855,0.90625,-3.951552241267034,0.07862098515033722,-5.0,-3.9393434524536133,-4.7465972900390625,-3.648855447769165,0.0
888,ACH-000554,0.8744657635688782,-0.795630156993866,1.4463871717453003,0.22370876371860504,True,-3.9771718978881836,0.9375,-3.9541142069291486,0.18814006447792053,-5.0,-3.9089834690093994,-4.833117961883545,-3.7065417766571045,0.0
889,ACH-000568,1.0996671915054321,-0.5855516195297241,1.455041766166687,0.23017701506614685,True,-3.7425894737243652,0.921875,-3.93296173360867,0.15276378393173218,-5.0,-3.6360292434692383,-4.330539703369141,-3.469183921813965,0.0
890,ACH-000573,0.03452193737030029,-1.6098588705062866,1.4303224086761475,0.21405839920043945,True,-3.8886823654174805,0.921875,-3.928533796789551,0.08068259060382843,-5.0,-3.7945029735565186,-4.559545040130615,-3.652862787246704,0.0
891,ACH-000621,0.4582291841506958,-1.199090600013733,1.431398630142212,0.22592110931873322,True,-3.993248462677002,0.953125,-3.935005263378296,0.16022184491157532,-5.0,-3.9437355995178223,-4.795920372009277,-3.294039011001587,0.0
892,ACH-000624,0.614754319190979,-1.0779441595077515,1.4624305963516235,0.23026791214942932,True,-3.8808176517486572,0.953125,-3.929586502215332,0.09893684089183807,-5.0,-3.825775623321533,-4.674632549285889,-3.636064291000366,0.0
893,ACH-000643,0.47963571548461914,-1.2427349090576172,1.4951767921447754,0.2271938920021057,True,-3.9313507080078125,0.96875,-3.92976292279458,0.06867685914039612,-5.0,-3.8968780040740967,-4.815037250518799,-3.301644802093506,0.0
894,ACH-000668,1.1023058891296387,-0.5857769846916199,1.4621742963790894,0.2259085774421692,True,-3.9208595752716064,0.96875,-3.9288725880422826,0.12470340728759766,-5.0,-3.8860483169555664,-4.76585054397583,-3.6984195709228516,0.0
895,ACH-000691,0.6057528257369995,-1.1176799535751343,1.503548502922058,0.2198842167854309,True,-3.934330463409424,0.96875,-3.9294183755789964,0.18269410729408264,-5.0,-3.899953842163086,-4.498558044433594,-3.714376211166382,0.0
896,ACH-000699,1.0079593658447266,-0.6362863183021545,1.4126309156417847,0.2316148281097412,True,-3.9543817043304443,0.953125,-3.9319147084541415,0.17823021113872528,-5.0,-3.9029574394226074,-5.103737831115723,-3.5915908813476562,0.016393441706895828
897,ACH-000711,1.485650658607483,-0.2629452049732208,1.5167062282562256,0.23188963532447815,True,-3.941675901412964,1.0,-3.9328908277500236,0.13697320222854614,-5.0,-3.941675901412964,-4.713893890380859,-3.267958164215088,0.0
898,ACH-000725,0.10283243656158447,-1.6129121780395508,1.4971119165420532,0.21863266825675964,True,-3.9999849796295166,0.9375,-3.939600242937973,0.1231069266796112,-5.0,-3.9333174228668213,-5.150289535522461,-3.798983097076416,0.01666666753590107
899,ACH-000755,0.6798099279403687,-1.0122292041778564,1.4689348936080933,0.22310420870780945,True,-3.9685001373291016,0.9375,-3.942490232377086,0.12008193880319595,-5.0,-3.899733781814575,-4.865811347961426,-3.764857769012451,0.0
900,ACH-000759,0.0867387056350708,-1.5231984853744507,1.3930398225784302,0.21689730882644653,True,-3.9075422286987305,0.9375,-3.9389954320092504,0.13272546231746674,-5.0,-3.834712028503418,-4.681812286376953,-3.6992080211639404,0.0
901,ACH-000768,0.19152915477752686,-1.5518858432769775,1.5362331867218018,0.20718181133270264,True,-3.9960031509399414,0.953125,-3.9446962039023195,0.10787276923656464,-5.0,-3.9466259479522705,-4.809507369995117,-3.332688331604004,0.0
902,ACH-000783,0.10706043243408203,-1.598264217376709,1.4806718826293945,0.22465276718139648,True,-3.9743080139160156,0.96875,-3.947657384903689,0.046520307660102844,-5.0,-3.941220998764038,-4.727637767791748,-3.2998435497283936,0.0
903,ACH-000818,1.7140533924102783,0.07316657900810242,1.419909954071045,0.2209768295288086,True,-3.184976100921631,0.921875,-3.8713892565054833,0.17093247175216675,-5.0,-3.031160593032837,-3.668452501296997,-2.8102686405181885,0.0
904,ACH-000828,-0.14129602909088135,-1.8331944942474365,1.4703152179718018,0.2215832769870758,True,-3.440931797027588,0.859375,-3.8283435105576937,0.07627101242542267,-5.0,-3.1858115196228027,-3.623070240020752,-2.9764914512634277,0.0
905,ACH-000849,-2.5135254859924316,-4.1523118019104,1.4315783977508545,0.20720776915550232,True,-4.000629425048828,0.875,-3.845572102006807,0.12208247929811478,-5.0,-3.8578624725341797,-4.578734397888184,-3.5987701416015625,0.0
906,ACH-000856,0.5501787662506104,-1.1574358940124512,1.4981199502944946,0.2094947099685669,True,-3.823354482650757,0.953125,-3.8433503400712024,0.10242432355880737,-5.0,-3.765486240386963,-4.496449947357178,-3.569984197616577,0.0
907,ACH-000857,-1.041179895401001,-2.6498312950134277,1.3946502208709717,0.21400117874145508,True,-3.9323930740356445,0.9375,-3.8522546134676463,0.09697829931974411,-5.0,-3.8612191677093506,-4.776977062225342,-3.715911865234375,0.0
908,ACH-000859,0.6532374620437622,-1.0454952716827393,1.4765830039978027,0.22214969992637634,True,-3.925591230392456,0.96875,-3.859588275160127,0.09479445219039917,-5.0,-3.89093279838562,-5.049765586853027,-3.3429114818573,0.016129031777381897
909,ACH-000876,1.3714931011199951,-0.36620303988456726,1.5071336030960083,0.23056253790855408,True,-3.834367036819458,0.984375,-3.8570661513260602,0.16389966011047363,-5.0,-3.8158650398254395,-4.677287578582764,-3.3137431144714355,0.0
910,ACH-000902,1.1680777072906494,-0.487332820892334,1.437117576599121,0.2182929813861847,True,-3.8675785064697266,1.0,-3.858117386840427,0.14783194661140442,-5.0,-3.8675785064697266,-4.627164363861084,-3.700496196746826,0.0
911,ACH-000910,-1.2120929956436157,-2.8616514205932617,1.4239012002944946,0.22565720975399017,True,-4.03393030166626,0.875,-3.87569867832301,0.19248563051223755,-5.0,-3.895920753479004,-4.796450614929199,-3.751059055328369,0.0
912,ACH-000927,0.013135433197021484,-1.629613995552063,1.4315545558929443,0.21119488775730133,True,-3.9133172035217285,0.9375,-3.879460530842882,0.10507414489984512,-5.0,-3.840871572494507,-4.6645121574401855,-3.5024354457855225,0.0
913,ACH-000930,1.1799383163452148,-0.5302989482879639,1.4816396236419678,0.22859759628772736,True,-3.858607053756714,0.96875,-3.8773751831342653,0.19104169309139252,-5.0,-3.8217878341674805,-4.624507427215576,-2.3088293075561523,0.0
914,ACH-000934,1.1518168449401855,-0.46604830026626587,1.4036571979522705,0.21420788764953613,True,-3.930737018585205,1.0,-3.8827113666793593,0.17421305179595947,-5.0,-3.930737018585205,-4.6384782791137695,-3.7715301513671875,0.0
915,ACH-001390,0.18434154987335205,-1.4756357669830322,1.4740415811538696,0.18593578040599823,True,-3.994894027709961,0.953125,-3.8939296327824198,0.10615945607423782,-5.0,-3.945462465286255,-5.294422626495361,-3.55564546585083,0.016393441706895828
916,ACH-001819,-0.4841313362121582,-2.173219680786133,1.4729632139205933,0.21612513065338135,True,-3.794609546661377,0.953125,-3.8839976241703154,0.08336108922958374,-5.0,-3.735327959060669,-4.746585845947266,-3.4243712425231934,0.0
917,ACH-001820,-1.7241438627243042,-3.428415298461914,1.497360110282898,0.2069113552570343,True,-4.046755790710449,0.921875,-3.900273440824329,0.04319002479314804,-5.0,-3.9659721851348877,-4.838860511779785,-3.222477674484253,0.0
918,ACH-000017,-0.5310953855514526,-2.125105142593384,1.386132001876831,0.20787778496742249,True,-4.024515628814697,0.921875,-3.912697659623366,0.06971500813961029,-5.0,-3.941847562789917,-4.833390235900879,-3.7551681995391846,0.0
919,ACH-000019,-0.7967256307601929,-2.372161388397217,1.374390959739685,0.20104476809501648,True,-4.063955783843994,0.875,-3.9278234720454286,0.11380937695503235,-5.0,-3.9302351474761963,-5.084896087646484,-3.7737607955932617,0.01785714365541935
920,ACH-000044,1.131378173828125,-0.4441043734550476,1.369135856628418,0.2063468098640442,True,-3.461345911026001,0.921875,-3.8811757159434856,0.06862258166074753,-5.0,-3.330951690673828,-4.115020751953125,-3.137155771255493,0.0
921,ACH-000097,-0.6432690620422363,-2.2270212173461914,1.377738356590271,0.2060137689113617,True,-3.999657154083252,0.921875,-3.893023859757462,0.0615348294377327,-5.0,-3.9148824214935303,-4.79440450668335,-3.8031845092773438,0.0
922,ACH-000111,0.5749976634979248,-1.0624749660491943,1.4200754165649414,0.21739715337753296,True,-3.9356608390808105,0.96875,-3.8972875576897965,0.09462854266166687,-5.0,-3.901327133178711,-4.540568828582764,-3.739835739135742,0.0
923,ACH-000117,0.14958810806274414,-1.4936541318893433,1.416549563407898,0.22669266164302826,True,-3.946131706237793,0.921875,-3.902171972544596,0.0906522199511528,-5.0,-3.856820821762085,-4.708363056182861,-3.6350274085998535,0.0
924,ACH-000147,-0.23721110820770264,-2.0183277130126953,1.5601381063461304,0.2209785431623459,True,-3.933964490890503,0.953125,-3.9053512243791864,0.08620956540107727,-5.0,-3.8815360069274902,-4.674420356750488,-2.446551561355591,0.0
925,ACH-000148,-0.20574986934661865,-1.9742777347564697,1.5503454208374023,0.21818247437477112,True,-4.0461835861206055,0.875,-3.9194344605533282,0.1931995153427124,-5.0,-3.909924030303955,-4.802168846130371,-3.8034451007843018,0.0
926,ACH-000196,0.6200555562973022,-1.056489109992981,1.462648868560791,0.2138957381248474,True,-3.768630266189575,0.9375,-3.904354041116953,0.09620356559753418,-5.0,-3.6865389347076416,-4.5132341384887695,-3.2243683338165283,0.0
927,ACH-000212,0.20401597023010254,-1.389971137046814,1.378091812133789,0.21589526534080505,True,-3.960829734802246,0.953125,-3.9100016104854824,0.08177824318408966,-5.0,-3.9097230434417725,-4.687004089355469,-3.802515983581543,0.0
928,ACH-000223,1.2048507928848267,-0.47629228234291077,1.473209023475647,0.20793408155441284,True,-3.883211612701416,0.984375,-3.9073226107070758,0.15918390452861786,-5.0,-3.8654849529266357,-4.559540748596191,-3.62554931640625,0.0
929,ACH-000248,0.5358128547668457,-1.1038795709609985,1.4194674491882324,0.22022497653961182,True,-3.945444107055664,0.953125,-3.9111347603419344,0.12992143630981445,-5.0,-3.8935799598693848,-4.78500509262085,-3.711641788482666,0.0
930,ACH-000258,1.1286988258361816,-0.5102353692054749,1.4355882406234741,0.20334605872631073,True,-3.7842352390289307,0.953125,-3.898444808210634,0.1565917581319809,-5.0,-3.7244434356689453,-4.419539451599121,-3.1662209033966064,0.0
931,ACH-000276,1.3000785112380981,-0.4146158993244171,1.5028984546661377,0.21179595589637756,True,-3.8996329307556152,0.984375,-3.898563620465132,0.171953022480011,-5.0,-3.882166862487793,-4.681424617767334,-3.2654690742492676,0.0
932,ACH-000277,-1.378562331199646,-3.0075039863586426,1.4196698665618896,0.20927181839942932,True,-3.9257490634918213,0.90625,-3.901282164767801,0.12076589465141296,-5.0,-3.814619541168213,-4.8975725173950195,-3.687541961669922,0.0
933,ACH-000288,0.3088233470916748,-1.3382689952850342,1.4520494937896729,0.19504278898239136,True,-3.9857187271118164,0.953125,-3.9097258210022026,0.08721035718917847,-5.0,-3.935835838317871,-4.738454818725586,-3.6739413738250732,0.0
934,ACH-000330,0.5438426733016968,-1.0827468633651733,1.4196282625198364,0.2069612741470337,True,-3.949878454208374,0.96875,-3.9137410843228198,0.144635871052742,-5.0,-3.9160032272338867,-4.725938320159912,-3.784060478210449,0.0
935,ACH-000349,-0.8135819435119629,-2.4197356700897217,1.397006630897522,0.20914709568023682,True,-4.014437675476074,0.921875,-3.9238107434381453,0.09852264821529388,-5.0,-3.9309160709381104,-4.9670634269714355,-3.801913261413574,0.0
936,ACH-000352,-4.654354095458984,-6.279531955718994,1.4097986221313477,0.21537941694259644,True,-3.766148567199707,0.875,-3.9080445258143013,0.06412198394536972,-5.0,-3.5898842811584473,-4.227452754974365,-3.4559073448181152,0.0
937,ACH-000374,0.11045682430267334,-1.5738738775253296,1.4708038568496704,0.21352678537368774,True,-3.9990100860595703,0.921875,-3.917141081838828,0.13533930480480194,-5.0,-3.9141805171966553,-4.742875099182129,-3.743743419647217,0.0
938,ACH-000536,-0.4225757122039795,-2.041377544403076,1.4138336181640625,0.2049681842327118,True,-3.9524073600769043,0.921875,-3.9206677096626357,0.12846791744232178,-5.0,-3.863628387451172,-4.7465972900390625,-2.649446725845337,0.0
939,ACH-000554,0.6588101387023926,-0.8993339538574219,1.3533271551132202,0.20481692254543304,True,-3.942673921585083,0.96875,-3.92286833085488,0.10134202241897583,-5.0,-3.90856671333313,-4.833117961883545,-3.7821717262268066,0.0
940,ACH-000568,0.925769031047821,-0.7899695038795471,1.5037972927093506,0.21194122731685638,True,-3.711479425430298,0.953125,-3.9017294403124216,0.1515979915857315,-5.0,-3.6481096744537354,-4.281993865966797,-3.469183921813965,0.0
941,ACH-000573,0.766551673412323,-0.8951230645179749,1.452963948249817,0.20871077477931976,True,-3.814796209335327,0.9375,-3.893036117214712,0.10817963629961014,-5.0,-3.735783100128174,-4.559545040130615,-2.7219483852386475,0.0
942,ACH-000621,0.3708535432815552,-1.35441255569458,1.5129462480545044,0.21231982111930847,True,-4.023220539093018,0.96875,-3.9060545594025426,0.08831733465194702,-5.0,-3.991711378097534,-4.804759502410889,-3.8033125400543213,0.0
943,ACH-000624,-0.16879498958587646,-1.8276495933532715,1.4593381881713867,0.1995164304971695,True,-3.939734697341919,0.921875,-3.9094225731964802,0.1127852275967598,-5.0,-3.849881887435913,-4.878273963928223,-3.636064291000366,0.0
944,ACH-000643,0.14774870872497559,-1.4961837530136108,1.4394304752349854,0.2045019567012787,True,-3.9720394611358643,0.9375,-3.9156842619904184,0.0804370790719986,-5.0,-3.9035086631774902,-4.742500305175781,-3.803544759750366,0.0
945,ACH-000668,0.7728800773620605,-0.9037767648696899,1.4686297178268433,0.20802715420722961,True,-3.900348424911499,0.96875,-3.9141506782825264,0.11377639323472977,-5.0,-3.864875316619873,-4.76585054397583,-3.7773237228393555,0.0
946,ACH-000691,0.4022120237350464,-1.199728012084961,1.4025732278823853,0.19936683773994446,True,-3.874448299407959,0.953125,-3.9101804403950697,0.10631310194730759,-5.0,-3.8190929889678955,-4.344794273376465,-3.714376211166382,0.0
947,ACH-000699,-0.6203877925872803,-2.2528748512268066,1.4296400547027588,0.2028469741344452,True,-3.982001304626465,0.921875,-3.9173625268182093,0.11281415075063705,-5.0,-3.8957302570343018,-4.991279125213623,-3.772911548614502,0.0
948,ACH-000711,-0.46237802505493164,-2.0605580806732178,1.3917914628982544,0.20638853311538696,True,-4.025243759155273,0.90625,-3.928150650051916,0.10201244801282883,-5.0,-3.9244072437286377,-4.693536758422852,-3.5638394355773926,0.0
949,ACH-000725,0.10991156101226807,-1.5842959880828857,1.4770827293395996,0.2171247899532318,True,-3.9513487815856934,0.953125,-3.9304704632052934,0.06107039377093315,-5.0,-3.899775266647339,-4.652710914611816,-3.618665933609009,0.0
950,ACH-000755,0.9049307107925415,-0.7013624906539917,1.3969085216522217,0.20938464999198914,True,-3.9041428565979004,0.953125,-3.927837702544554,0.14634963870048523,-5.0,-3.850248098373413,-4.512041091918945,-3.570189952850342,0.0
951,ACH-000759,0.6610233783721924,-0.9572690725326538,1.405052661895752,0.21323978900909424,True,-3.8433334827423096,0.953125,-3.9193872805643295,0.08732732385396957,-5.0,-3.7864480018615723,-4.603660583496094,-3.706197738647461,0.0
952,ACH-000768,-0.9226528406143188,-2.599461793899536,1.4850578308105469,0.1917511224746704,True,-4.115218639373779,0.84375,-3.938970416445274,0.12109038233757019,-5.0,-3.9513697624206543,-5.005199432373047,-2.4912970066070557,0.018518518656492233
953,ACH-000783,-0.1536097526550293,-1.8425705432891846,1.4824713468551636,0.20648938417434692,True,-4.028346061706543,0.9375,-3.947907980971401,0.10670959204435349,-5.0,-3.9635698795318604,-4.716585159301758,-3.798860788345337,0.0
954,ACH-000818,0.9064310193061829,-0.6871492266654968,1.3900448083877563,0.20353540778160095,True,-3.243380069732666,0.875,-3.8774551898475274,0.11301527917385101,-5.0,-2.992434501647949,-3.438533306121826,-2.8137357234954834,0.0
955,ACH-000828,-1.6395796537399292,-3.286945104598999,1.4456628561019897,0.20170262455940247,True,-3.351783037185669,0.90625,-3.8248879745813413,0.061764128506183624,-5.0,-3.1812777519226074,-3.824516534805298,-2.9764914512634277,0.0
956,ACH-000849,-0.16695117950439453,-1.7940239906311035,1.4414887428283691,0.18558400869369507,True,-3.919083595275879,0.921875,-3.834307536650795,0.11067581921815872,-5.0,-3.8274807929992676,-4.517147064208984,-3.4399547576904297,0.0
957,ACH-000856,1.2182936668395996,-0.4432276487350464,1.4564194679260254,0.20510180294513702,True,-3.67470121383667,0.96875,-3.8183469043693825,0.10444609820842743,-5.0,-3.6319494247436523,-4.56065559387207,-1.762176275253296,0.0
958,ACH-000857,0.8154446482658386,-0.8152839541435242,1.4245027303695679,0.20622587203979492,True,-3.940199613571167,0.96875,-3.830532175289561,0.19600549340248108,-5.0,-3.906012535095215,-4.774847507476807,-3.224508285522461,0.0
959,ACH-000859,0.36588525772094727,-1.2727959156036377,1.4520798921585083,0.18660129606723785,True,-3.9541497230529785,0.96875,-3.8428939300659026,0.11997273564338684,-5.0,-3.920412540435791,-4.829713344573975,-3.569110870361328,0.0
960,ACH-000876,0.12487173080444336,-1.5244526863098145,1.441473126411438,0.20785124599933624,True,-3.9211807250976562,0.953125,-3.850722609569078,0.05963520705699921,-5.0,-3.868123769760132,-4.739692687988281,-3.7637569904327393,0.0
961,ACH-000902,-0.3982475996017456,-2.0143918991088867,1.4242931604385376,0.19185112416744232,True,-3.9127488136291504,0.921875,-3.856925229975085,0.10721418261528015,-5.0,-3.8206088542938232,-4.504400730133057,-3.700496196746826,0.0
962,ACH-000910,0.7809653878211975,-0.8100447058677673,1.3926973342895508,0.19831275939941406,True,-3.943209648132324,0.9375,-3.865553671790809,0.12645629048347473,-5.0,-3.8727571964263916,-4.635910987854004,-3.2928874492645264,0.0
963,ACH-000927,0.13605070114135742,-1.507071852684021,1.4432623386383057,0.19986021518707275,True,-3.887007474899292,0.9375,-3.867699052101657,0.11635808646678925,-5.0,-3.8128085136413574,-4.444120407104492,-3.738924741744995,0.0
964,ACH-000930,0.5412412881851196,-1.0552266836166382,1.3959379196166992,0.20053008198738098,True,-3.9404263496398926,0.9375,-3.8749717818554807,0.1511126160621643,-5.0,-3.869788408279419,-4.624507427215576,-3.7044014930725098,0.0
965,ACH-000934,0.11512017250061035,-1.4903028011322021,1.4079439640045166,0.1974790096282959,True,-3.967771053314209,0.9375,-3.8842517090013535,0.13357193768024445,-5.0,-3.898956298828125,-4.774682521820068,-3.7715301513671875,0.0
966,ACH-001390,0.11770820617675781,-1.490858793258667,1.4401806592941284,0.168386310338974,True,-3.952086925506592,0.953125,-3.8910352306518776,0.09615543484687805,-5.0,-3.9005496501922607,-4.63010835647583,-3.289170503616333,0.0
967,ACH-001819,-1.0486395359039307,-2.64259934425354,1.392988920211792,0.20097094774246216,True,-3.9646849632263184,0.8125,-3.898400203909322,0.1052977442741394,-5.0,-3.725766181945801,-4.5196123123168945,-3.210580587387085,0.0
968,ACH-001820,0.3069133758544922,-1.3843028545379639,1.4871697425842285,0.20404651761054993,True,-3.9985246658325195,0.96875,-3.9084126501016416,0.08990177512168884,-5.0,-3.9662187099456787,-4.7429609298706055,-3.8037352561950684,0.0
969,ACH-000017,0.8576817512512207,-0.6889051198959351,1.3465476036071777,0.20003926753997803,True,-3.9168598651885986,0.984375,-3.9092573716103374,0.14655566215515137,-5.0,-3.899667263031006,-4.692232131958008,-3.7551681995391846,0.0
970,ACH-000019,0.45840227603912354,-1.180140733718872,1.4497307538986206,0.18881221115589142,True,-3.988056182861328,0.953125,-3.9171372527354364,0.13924607634544373,-5.0,-3.9382882118225098,-4.646883964538574,-3.7737607955932617,0.0
971,ACH-000044,-0.6303939819335938,-2.1806280612945557,1.3579350709915161,0.1922989785671234,True,-3.4818010330200195,0.921875,-3.8736036307638946,0.078147292137146,-5.0,-3.353140115737915,-4.140660762786865,-3.137155771255493,0.0
972,ACH-000097,-0.7645800113677979,-2.3170485496520996,1.367868423461914,0.1846000999212265,True,-4.026923656463623,0.9375,-3.888935633333867,0.09282704442739487,-5.0,-3.9620521068573,-5.095989227294922,-3.8031845092773438,0.01666666753590107
973,ACH-000111,0.92598557472229,-0.7091052532196045,1.4335083961486816,0.20158249139785767,True,-3.8540658950805664,0.96875,-3.8854486595085374,0.10667968541383743,-5.0,-3.8171000480651855,-4.784106731414795,-3.739835739135742,0.0
974,ACH-000117,1.0813482999801636,-0.5961365699768066,1.474765419960022,0.20271946489810944,True,-3.900202751159668,0.984375,-3.8869240686736504,0.22386950254440308,-5.0,-3.8827459812164307,-4.787934303283691,-3.7782492637634277,0.0
975,ACH-000147,-0.5255674123764038,-2.224790096282959,1.4960174560546875,0.2032051831483841,True,-3.99153995513916,0.890625,-3.8973856573202013,0.13794615864753723,-5.0,-3.86769437789917,-4.597894191741943,-3.7920432090759277,0.0
976,ACH-000148,1.143248200416565,-0.5376982688903809,1.481495976448059,0.1994505226612091,True,-3.9133236408233643,0.96875,-3.8989794556705175,0.21646852791309357,-5.0,-3.8782694339752197,-4.802168846130371,-3.8034451007843018,0.0
977,ACH-000196,0.7542908191680908,-0.920440673828125,1.4700121879577637,0.20471936464309692,True,-3.822606086730957,0.9375,-3.8913421187765613,0.11298917233943939,-5.0,-3.7441134452819824,-4.527963161468506,-3.554774761199951,0.0
978,ACH-000212,-1.1227258443832397,-2.7333009243011475,1.408134937286377,0.20244015753269196,True,-4.015275001525879,0.90625,-3.903735407051493,0.10017150640487671,-5.0,-3.9134068489074707,-4.8295512199401855,-3.802515983581543,0.0
979,ACH-000223,-0.013537883758544922,-1.6525650024414062,1.4493930339813232,0.18963412940502167,True,-3.9682888984680176,0.890625,-3.9101907561931455,0.141604945063591,-5.0,-3.841587543487549,-4.811494827270508,-3.7654027938842773,0.0
980,ACH-000248,-0.33252012729644775,-1.9465205669403076,1.4142018556594849,0.1997985988855362,True,-3.965616226196289,0.90625,-3.91573330319346,0.08282816410064697,-5.0,-3.8586111068725586,-4.661250591278076,-3.711641788482666,0.0
981,ACH-000258,-1.2002521753311157,-2.8005330562591553,1.405137538909912,0.19514334201812744,True,-3.90262508392334,0.921875,-3.914422481266448,0.061116233468055725,-5.0,-3.8096272945404053,-5.335455894470215,-3.5404019355773926,0.016949152573943138
982,ACH-000276,-0.8334184885025024,-2.5104358196258545,1.4787770509719849,0.1982402801513672,True,-3.996338367462158,0.9375,-3.922614069886019,0.08827432245016098,-5.0,-3.9294276237487793,-5.886388301849365,-3.788621187210083,0.01666666753590107
983,ACH-000277,1.1839892864227295,-0.44085437059402466,1.4255635738372803,0.1992800235748291,True,-3.8373143672943115,0.984375,-3.914084099626848,0.1369360387325287,-5.0,-3.818859100341797,-4.507667541503906,-3.365612030029297,0.0
984,ACH-000288,0.45492446422576904,-1.189755916595459,1.4485809803009033,0.1960994452238083,True,-3.989827871322632,0.953125,-3.921658476796426,0.07440053671598434,-5.0,-3.9401469230651855,-4.738454818725586,-3.695643424987793,0.0
985,ACH-000330,0.33703041076660156,-1.2499799728393555,1.3952559232711792,0.1917545050382614,True,-3.9532110691070557,0.953125,-3.9248137360274895,0.09916055202484131,-5.0,-3.9017295837402344,-4.687503337860107,-3.784060478210449,0.0
986,ACH-000349,-0.8643152713775635,-2.4992921352386475,1.4315245151519775,0.20345237851142883,True,-4.010009288787842,0.921875,-3.9333332913035246,0.0919603556394577,-5.0,-3.9261116981506348,-5.019837379455566,-3.401613712310791,0.016949152573943138
987,ACH-000352,0.9088685512542725,-0.7105393409729004,1.4197144508361816,0.1996934413909912,True,-3.64345383644104,0.953125,-3.904345345817276,0.06441500782966614,-5.0,-3.5767383575439453,-4.135425567626953,-3.4559073448181152,0.0
988,ACH-000374,1.0765347480773926,-0.5321824550628662,1.402780294418335,0.20593693852424622,True,-3.8917622566223145,0.96875,-3.9030870368977797,0.15763258934020996,-5.0,-3.8560125827789307,-4.310864448547363,-3.7987263202667236,0.0
989,ACH-000536,0.27299022674560547,-1.2823853492736816,1.3652325868606567,0.19014298915863037,True,-3.958583116531372,0.921875,-3.9086366448611387,0.09734079986810684,-5.0,-3.8703277111053467,-4.689953804016113,-3.7985074520111084,0.0
990,ACH-000554,0.8474370241165161,-0.7934514284133911,1.437919020652771,0.20296944677829742,True,-3.9112257957458496,0.953125,-3.90889555994961,0.13616925477981567,-5.0,-3.8576793670654297,-4.660146236419678,-3.3245818614959717,0.0
991,ACH-000568,-0.4962928295135498,-2.0869925022125244,1.3955050706863403,0.1951945424079895,True,-3.728921413421631,0.890625,-3.8908981452968123,0.11090736836194992,-5.0,-3.572824001312256,-4.317500591278076,-3.469183921813965,0.0
992,ACH-000573,0.2269972562789917,-1.3744275569915771,1.4035799503326416,0.19784484803676605,True,-3.8112993240356445,0.9375,-3.8829382631706952,0.07361865788698196,-5.0,-3.732052803039551,-4.392326831817627,-3.36489200592041,0.0
993,ACH-000621,0.5158467292785645,-1.120015263557434,1.4351365566253662,0.2007254660129547,True,-3.9451982975006104,0.96875,-3.8891642666036867,0.12067314982414246,-5.0,-3.911172389984131,-4.736715793609619,-3.235996723175049,0.0
994,ACH-000624,1.0515599250793457,-0.6776578426361084,1.5302339792251587,0.1989838182926178,True,-3.797006130218506,0.953125,-3.8799484529651687,0.1670045405626297,-5.0,-3.737842559814453,-4.382490634918213,-1.9328685998916626,0.0
995,ACH-000643,-0.6973246335983276,-2.359358787536621,1.4611057043075562,0.20092841982841492,True,-4.02449369430542,0.90625,-3.894402977099194,0.06672923266887665,-5.0,-3.923579216003418,-4.742500305175781,-3.803544759750366,0.0
996,ACH-000668,0.4179079532623291,-1.2787142992019653,1.4930483102798462,0.20357392728328705,True,-3.9688708782196045,0.953125,-3.901849767211235,0.11531588435173035,-5.0,-3.9181597232818604,-4.862138748168945,-3.7773237228393555,0.0
997,ACH-000691,0.12196183204650879,-1.5601327419281006,1.4715049266815186,0.21058964729309082,True,-3.881779193878174,0.953125,-3.8998427098779285,0.04845526069402695,-5.0,-3.826784610748291,-4.461353778839111,-3.714376211166382,0.0
998,ACH-000699,0.08953940868377686,-1.5441104173660278,1.4339368343353271,0.19971302151679993,True,-3.9142470359802246,0.953125,-3.901283142488158,0.05586886405944824,-5.0,-3.860849142074585,-4.73187780380249,-3.7089059352874756,0.0
999,ACH-000711,0.9853873252868652,-0.6455715894699097,1.4302372932434082,0.2007216364145279,True,-3.899789571762085,0.96875,-3.9011337854155506,0.11750315874814987,-5.0,-3.8642988204956055,-4.693006992340088,-3.267958164215088,0.0
1000,ACH-000725,-1.3026448488235474,-2.956840753555298,1.459580898284912,0.19461500644683838,True,-4.008810043334961,0.890625,-3.9119014112074915,0.10311172157526016,-5.0,-3.887085199356079,-4.532898426055908,-3.7313857078552246,0.0
1001,ACH-000755,-6.213000774383545,-7.8362298011779785,1.4174575805664062,0.20577138662338257,True,-3.9769091606140137,0.890625,-3.9184021861481435,0.07095108181238174,-5.0,-3.851266384124756,-4.702614784240723,-3.7556257247924805,0.0
1002,ACH-000759,-0.4836543798446655,-2.076751708984375,1.399548888206482,0.19354845583438873,True,-3.9109292030334473,0.96875,-3.9176548878366737,0.07581937313079834,-5.0,-3.875797748565674,-4.577892303466797,-3.71726393699646,0.0
1003,ACH-000768,-1.2837231159210205,-2.883439302444458,1.4087392091751099,0.19097699224948883,True,-4.030825614929199,0.90625,-3.928971960545926,0.13795475661754608,-5.0,-3.9305660724639893,-4.907782077789307,-3.275526762008667,0.0
1004,ACH-000783,-0.06016874313354492,-1.6634817123413086,1.4065405130386353,0.19677245616912842,True,-3.939725399017334,0.953125,-3.930047304393067,0.10471247136592865,-5.0,-3.887580633163452,-4.941798686981201,-3.798860788345337,0.0
1005,ACH-000818,0.9959337711334229,-0.622679591178894,1.4200453758239746,0.1985679566860199,True,-3.162637233734131,0.90625,-3.853306297327173,0.09569354355335236,-5.0,-2.972565174102783,-3.3272511959075928,-2.8102686405181885,0.0
1006,ACH-000828,2.3069920539855957,0.7120617628097534,1.3985029458999634,0.19642724096775055,True,-3.2334911823272705,0.96875,-3.791324785827183,0.12502488493919373,-5.0,-3.176506996154785,-4.142757415771484,-2.9764914512634277,0.0
1007,ACH-000849,0.3637925386428833,-1.294198751449585,1.4612867832183838,0.19670452177524567,True,-3.8302760124206543,0.9375,-3.79521990848653,0.13414371013641357,-5.0,-3.7522945404052734,-4.716159820556641,-2.351780652999878,0.0
1008,ACH-000856,-0.24652957916259766,-1.8467903137207031,1.4047273397445679,0.1955333799123764,True,-3.808438777923584,0.921875,-3.7965417954302354,0.08796823024749756,-5.0,-3.7074594497680664,-4.268253326416016,-3.4514617919921875,0.0
1009,ACH-000857,0.692642092704773,-0.9457635879516602,1.4344446659088135,0.2039610594511032,True,-3.891883373260498,0.9375,-3.8060759532132615,0.160159170627594,-5.0,-3.8180091381073,-4.49800968170166,-3.224508285522461,0.0
1010,ACH-000859,-1.4825644493103027,-3.0955777168273926,1.4203590154647827,0.19265423715114594,True,-4.042402267456055,0.921875,-3.829708584637541,0.13315559923648834,-5.0,-3.961249828338623,-4.829713344573975,-3.354550361633301,0.0
1011,ACH-000876,0.02762150764465332,-1.6247531175613403,1.4604681730270386,0.19190648198127747,True,-3.9055919647216797,0.96875,-3.837296922645955,0.08134748786687851,-5.0,-3.870288372039795,-4.940001964569092,-3.744288206100464,0.0
1012,ACH-000902,-0.19216012954711914,-1.787955641746521,1.4044774770736694,0.191318079829216,True,-3.8820865154266357,0.9375,-3.841775881924023,0.10181719809770584,-5.0,-3.80755877494812,-4.43992805480957,-3.700496196746826,0.0
1013,ACH-000910,0.4414374828338623,-1.1898328065872192,1.4413678646087646,0.1899023801088333,True,-3.916461229324341,0.953125,-3.849244416664055,0.15484414994716644,-5.0,-3.8631722927093506,-4.571285247802734,-3.751059055328369,0.0
1014,ACH-000927,0.5116685628890991,-1.0933929681777954,1.411917805671692,0.19314377009868622,True,-3.848710775375366,0.96875,-3.849191052535186,0.09108830243349075,-5.0,-3.811572313308716,-4.539175510406494,-3.7230827808380127,0.0
1015,ACH-000930,1.186279535293579,-0.4280179440975189,1.4286904335021973,0.18560712039470673,True,-3.8926405906677246,0.984375,-3.8535360063484396,0.13408119976520538,-5.0,-3.875063419342041,-4.915963649749756,-3.514369487762451,0.0
1016,ACH-000934,-0.6016157865524292,-2.1925599575042725,1.393886923789978,0.19705724716186523,True,-3.9414517879486084,0.9375,-3.8623275845084564,0.09147185832262039,-5.0,-3.870882034301758,-4.6518144607543945,-3.585092544555664,0.0
1017,ACH-001390,0.622807502746582,-0.9827030897140503,1.4430747032165527,0.162435844540596,True,-3.928872585296631,0.9375,-3.868982084587274,0.11292168498039246,-5.0,-3.857463836669922,-4.496543884277344,-3.802349328994751,0.0
1018,ACH-001819,-0.15523672103881836,-1.7136056423187256,1.3619318008422852,0.19643709063529968,True,-3.785511016845703,0.953125,-3.8606349778131173,0.06308712065219879,-5.0,-3.7257819175720215,-4.378943920135498,-3.6350367069244385,0.0
1019,ACH-001820,-1.1589349508285522,-2.764967918395996,1.4149844646453857,0.19104847311973572,True,-3.9662957191467285,0.9375,-3.8712010519464783,0.07468649744987488,-5.0,-3.8973822593688965,-4.7429609298706055,-3.2481722831726074,0.0
1020,ACH-000017,0.2977656126022339,-1.2569572925567627,1.3690913915634155,0.18563146889209747,True,-3.908114194869995,0.953125,-3.8748923662388304,0.07870557904243469,-5.0,-3.854414701461792,-4.582335472106934,-3.7551681995391846,0.0
1021,ACH-000019,0.2878899574279785,-1.2757328748703003,1.3782532215118408,0.1853695809841156,True,-3.9330742359161377,0.953125,-3.880710553206561,0.10036992281675339,-5.0,-3.8806023597717285,-4.493378639221191,-3.716963768005371,0.0
1022,ACH-000044,-1.9808720350265503,-3.491875410079956,1.3213170766830444,0.18968629837036133,True,-3.6191225051879883,0.828125,-3.854551748404704,0.11342611908912659,-5.0,-3.3325257301330566,-4.261408805847168,-3.062730550765991,0.0
1023,ACH-000097,0.4664863348007202,-1.14310884475708,1.4358549118041992,0.17374028265476227,True,-3.8804163932800293,0.984375,-3.8571382128922362,0.04506481811404228,-5.0,-3.862645387649536,-4.86349630355835,-3.8031845092773438,0.0
1024,ACH-000111,0.44043076038360596,-1.183020830154419,1.431471586227417,0.1919800341129303,True,-3.9172747135162354,0.96875,-3.863151862954636,0.10415876656770706,-5.0,-3.88234806060791,-4.690528392791748,-3.739835739135742,0.0
1025,ACH-000117,-1.4998986721038818,-3.130551815032959,1.4453693628311157,0.18528372049331665,True,-4.0035080909729,0.953125,-3.8771874857564623,0.04853265732526779,-5.0,-3.9544999599456787,-4.787934303283691,-3.7782492637634277,0.0
1026,ACH-000147,-0.4766511917114258,-2.1314125061035156,1.4723594188690186,0.1824018508195877,True,-3.980262279510498,0.90625,-3.8874949651318658,0.09351667761802673,-5.0,-3.874772071838379,-4.692320346832275,-3.5820775032043457,0.0
1027,ACH-000148,0.4612325429916382,-1.2357021570205688,1.5043179988861084,0.19261673092842102,True,-3.995478868484497,0.921875,-3.898293355467129,0.13243648409843445,-5.0,-3.9103503227233887,-4.771551609039307,-3.8034451007843018,0.0
1028,ACH-000196,1.2171549797058105,-0.3860447108745575,1.4074363708496094,0.19576334953308105,True,-3.7214996814727783,0.984375,-3.8806139880676938,0.1361253410577774,-5.0,-3.7012062072753906,-4.4267168045043945,-3.554774761199951,0.0
1029,ACH-000212,1.1631203889846802,-0.44419607520103455,1.4152945280075073,0.1920219361782074,True,-3.9229843616485596,0.984375,-3.8848510254257804,0.15205442905426025,-5.0,-3.9058890342712402,-4.745846271514893,-3.802515983581543,0.0
1030,ACH-000223,0.4068855047225952,-1.1852452754974365,1.3944770097732544,0.19765380024909973,True,-3.9444212913513184,0.9375,-3.890808052018334,0.11761724203824997,-5.0,-3.874049425125122,-4.921514987945557,-3.5971574783325195,0.0
1031,ACH-000248,0.2384626865386963,-1.418404459953308,1.459326148033142,0.1975409984588623,True,-3.92619252204895,0.9375,-3.8943464990213954,0.1264350861310959,-5.0,-3.854605197906494,-4.529757022857666,-3.711641788482666,0.0
1032,ACH-000258,-0.7926744222640991,-2.485182523727417,1.4961738586425781,0.19633421301841736,True,-3.8255014419555664,0.890625,-3.8874619933148127,0.08667139708995819,-5.0,-3.681264877319336,-4.348823547363281,-3.519435405731201,0.0
1033,ACH-000276,0.7690845727920532,-0.83250892162323,1.4038805961608887,0.19771291315555573,True,-3.9088449478149414,0.96875,-3.8896002887648256,0.08686773478984833,-5.0,-3.8736462593078613,-4.702801704406738,-3.788621187210083,0.0
1034,ACH-000277,0.466655969619751,-1.1273118257522583,1.4074040651321411,0.18656371533870697,True,-3.812371253967285,0.953125,-3.8818773852850716,0.08302327990531921,-5.0,-3.753962993621826,-4.397886276245117,-2.7389490604400635,0.0
1035,ACH-000288,-3.140873908996582,-4.766330718994141,1.4448407888412476,0.18061618506908417,True,-4.14365816116333,0.828125,-3.9080554628728974,0.14153845608234406,-5.0,-3.9659266471862793,-5.205519199371338,-3.518199920654297,0.01886792480945587
1036,ACH-000330,0.8237787485122681,-0.759142279624939,1.3922557830810547,0.19066525995731354,True,-3.9573142528533936,0.984375,-3.9129813418709474,0.14784091711044312,-5.0,-3.9407639503479004,-4.991363048553467,-3.784060478210449,0.0
1037,ACH-000349,-0.22180378437042236,-1.8412964344024658,1.4281296730041504,0.19136300683021545,True,-4.000779151916504,0.90625,-3.921761122875503,0.12528978288173676,-5.0,-3.897411823272705,-4.729049205780029,-3.801913261413574,0.0
1038,ACH-000352,-0.0037995576858520508,-1.5819164514541626,1.3918536901474,0.18626318871974945,True,-3.6834921836853027,0.921875,-3.897934228956483,0.09884144365787506,-5.0,-3.5719237327575684,-4.135425567626953,-2.6475791931152344,0.0
1039,ACH-000374,0.3287491798400879,-1.3017776012420654,1.4455887079238892,0.18493813276290894,True,-3.9631733894348145,0.921875,-3.904458145004316,0.1319068819284439,-5.0,-3.875307083129883,-4.727736473083496,-2.5098462104797363,0.0
1040,ACH-000536,0.4088400602340698,-1.2103142738342285,1.4401054382324219,0.17904886603355408,True,-3.9605677127838135,0.96875,-3.9100691017822657,0.06502874195575714,-5.0,-3.927037239074707,-5.0889692306518555,-3.7985074520111084,0.016129031777381897
1041,ACH-000554,-0.7262288331985474,-2.3106417655944824,1.4021114110946655,0.1823015660047531,True,-3.979302167892456,0.953125,-3.9169924083932846,0.08713064342737198,-5.0,-3.9291038513183594,-4.740810394287109,-3.7962820529937744,0.0
1042,ACH-000568,1.525166392326355,-0.062456391751766205,1.4057506322860718,0.18187211453914642,True,-3.623971939086914,0.96875,-3.8876903614626475,0.14371293783187866,-5.0,-3.5795838832855225,-4.176051139831543,-3.1322033405303955,0.0
1043,ACH-000573,-0.72361159324646,-2.315617799758911,1.4074711799621582,0.18453499674797058,True,-3.882197141647339,0.90625,-3.8871410394811168,0.11273390799760818,-5.0,-3.7665627002716064,-4.781105995178223,-3.2288990020751953,0.0
1044,ACH-000621,0.10548090934753418,-1.4852267503738403,1.403014898300171,0.18769271671772003,True,-3.9697859287261963,0.9375,-3.895405528405625,0.15964491665363312,-5.0,-3.9011049270629883,-5.096816062927246,-3.8033125400543213,0.01666666753590107
1045,ACH-000624,0.4146198034286499,-1.1952543258666992,1.4256312847137451,0.184242844581604,True,-3.8789048194885254,0.953125,-3.893755457513915,0.09470873326063156,-5.0,-3.8237688541412354,-4.838726043701172,-3.636064291000366,0.0
1046,ACH-000643,0.2519190311431885,-1.2714325189590454,1.3385225534439087,0.1848289966583252,True,-3.940171480178833,0.96875,-3.8983970597804065,0.05884799733757973,-5.0,-3.9059834480285645,-4.78363561630249,-3.685371160507202,0.0
1047,ACH-000668,0.5805145502090454,-1.0752595663070679,1.4773225784301758,0.1784515082836151,True,-3.9285974502563477,0.953125,-3.9014170988280004,0.07776878774166107,-5.0,-3.8759052753448486,-4.660999298095703,-3.588414192199707,0.0
1048,ACH-000691,-0.6126912832260132,-2.1500234603881836,1.3530323505401611,0.18429985642433167,True,-3.951406717300415,0.921875,-3.906416060675242,0.1162537932395935,-5.0,-3.8625428676605225,-4.874817848205566,-3.714376211166382,0.0
1049,ACH-000699,-0.4733254909515381,-2.0719637870788574,1.4078190326690674,0.19081920385360718,True,-3.954209089279175,0.9375,-3.911195363535635,0.08820878714323044,-5.0,-3.8844902515411377,-4.713899612426758,-3.7884719371795654,0.0
1050,ACH-000711,1.3820046186447144,-0.207496777176857,1.3945612907409668,0.19494009017944336,True,-3.8638968467712402,1.0,-3.9064655118591953,0.13250184059143066,-5.0,-3.8638968467712402,-4.69353723526001,-3.7923433780670166,0.0
1051,ACH-000725,-0.6759079694747925,-2.283247470855713,1.423040509223938,0.1842990219593048,True,-4.0072102546691895,0.90625,-3.9165399861401946,0.07189621031284332,-5.0,-3.904508113861084,-4.652710914611816,-3.618665933609009,0.0
1052,ACH-000755,0.2896687984466553,-1.2572375535964966,1.3647061586380005,0.18220017850399017,True,-3.906649589538574,0.953125,-3.9155509464800327,0.09148195385932922,-5.0,-3.8528778553009033,-4.864312648773193,-3.5048317909240723,0.0
1053,ACH-000759,0.38793349266052246,-1.1546614170074463,1.3612942695617676,0.18130061030387878,True,-3.8888869285583496,0.9375,-3.9128845446878646,0.11388866603374481,-5.0,-3.8148128986358643,-4.567963123321533,-3.225923538208008,0.0
1054,ACH-000768,0.6412586569786072,-0.9596728682518005,1.4225800037384033,0.17835155129432678,True,-4.032691955566406,0.96875,-3.9248652857757187,0.18123754858970642,-5.0,-4.001488208770752,-4.979389667510986,-3.797050952911377,0.0
1055,ACH-000783,0.11512589454650879,-1.4683239459991455,1.3939850330352783,0.18946485221385956,True,-3.9283196926116943,0.953125,-3.925210726459316,0.060264118015766144,-5.0,-3.8756141662597656,-4.716585159301758,-3.6163439750671387,0.0
1056,ACH-000818,-1.268621802330017,-2.7886648178100586,1.3389049768447876,0.18113800883293152,True,-3.3437623977661133,0.8125,-3.867065893589996,0.12460653483867645,-5.0,-2.9615535736083984,-3.9037089347839355,-2.6153945922851562,0.0
1057,ACH-000828,-0.1534978151321411,-1.766324520111084,1.4274619817733765,0.1853647530078888,True,-3.400815010070801,0.875,-3.8204408052380763,0.09194378554821014,-5.0,-3.172360420227051,-3.9652326107025146,-2.724626064300537,0.0
1058,ACH-000849,-0.2839747667312622,-1.8772975206375122,1.4226230382919312,0.17069974541664124,True,-3.832521438598633,0.96875,-3.821648868574132,0.05950838327407837,-5.0,-3.79486083984375,-4.819672584533691,-3.213715076446533,0.0
1059,ACH-000856,-0.532677173614502,-2.1489241123199463,1.431560754776001,0.18468624353408813,True,-3.8272509574890137,0.921875,-3.82220907746562,0.10307113081216812,-5.0,-3.72786545753479,-4.821011066436768,-3.569984197616577,0.0
1060,ACH-000857,1.106367826461792,-0.43214884400367737,1.3585034608840942,0.18001317977905273,True,-3.835923910140991,0.984375,-3.823580560733157,0.1680053025484085,-5.0,-3.817446708679199,-4.478355407714844,-3.715911865234375,0.0
1061,ACH-000859,-0.008018970489501953,-1.5722731351852417,1.382015347480774,0.18223880231380463,True,-3.9738776683807373,0.921875,-3.838610271497915,0.07399386167526245,-5.0,-3.886918306350708,-4.874537944793701,-3.8024463653564453,0.0
1062,ACH-000876,-0.15968060493469238,-1.7772716283798218,1.4267427921295166,0.1908482313156128,True,-3.958752155303955,0.921875,-3.850624459878519,0.0870334804058075,-5.0,-3.8705108165740967,-4.677287578582764,-3.7637569904327393,0.0
1063,ACH-000902,1.151333212852478,-0.41269543766975403,1.3819600343704224,0.1820685863494873,True,-3.8277597427368164,0.96875,-3.8483379881643485,0.1734858900308609,-5.0,-3.789945363998413,-4.43992805480957,-3.700496196746826,0.0
1064,ACH-000910,0.6105623841285706,-0.9306344389915466,1.3608052730560303,0.18039150536060333,True,-3.9000868797302246,0.984375,-3.853512877320936,0.09093748033046722,-5.0,-3.8826282024383545,-4.842415809631348,-3.751059055328369,0.0
1065,ACH-000927,0.4986385107040405,-1.0716627836227417,1.3972290754318237,0.1730722337961197,True,-3.9335672855377197,0.953125,-3.8615183181426143,0.15061165392398834,-5.0,-3.8811194896698,-4.7189860343933105,-3.6742258071899414,0.0
1066,ACH-000930,0.26097655296325684,-1.2902661561965942,1.3689403533935547,0.18230237066745758,True,-3.917165517807007,0.96875,-3.8670830381090533,0.10621055960655212,-5.0,-3.882235288619995,-4.7774739265441895,-3.7682502269744873,0.0
1067,ACH-000934,-1.1990100145339966,-2.8079702854156494,1.4245773553848267,0.18438293039798737,True,-3.963367462158203,0.953125,-3.876711480513968,0.057860132306814194,-5.0,-3.9123852252960205,-4.774682521820068,-3.7079148292541504,0.0
1068,ACH-001390,0.899303674697876,-0.6574673652648926,1.4084900617599487,0.14828094840049744,True,-3.903935670852661,0.953125,-3.8794338995478372,0.16986411809921265,-5.0,-3.8500308990478516,-4.579348087310791,-3.663954257965088,0.0
1069,ACH-001819,0.9220104217529297,-0.6811562776565552,1.4195071458816528,0.18365952372550964,True,-3.74454927444458,0.96875,-3.8659454370375115,0.08595985919237137,-5.0,-3.7040507793426514,-4.362771987915039,-3.6279778480529785,0.0
1070,ACH-001820,-0.2851616144180298,-1.8385082483291626,1.374508023262024,0.17883862555027008,True,-4.00844669342041,0.9375,-3.8801955626758016,0.08895428478717804,-5.0,-3.9423437118530273,-4.88254451751709,-3.7348179817199707,0.0
1071,ACH-000017,0.5984148383140564,-0.9633026719093323,1.3808135986328125,0.1809038519859314,True,-3.8663766384124756,0.953125,-3.8788136702494693,0.09625978767871857,-5.0,-3.810624361038208,-4.582335472106934,-3.592272996902466,0.0
1072,ACH-000019,-1.8427207469940186,-3.4270472526550293,1.4101552963256836,0.17417126893997192,True,-4.0060529708862305,0.890625,-3.8915376003131454,0.08911822736263275,-5.0,-3.8839893341064453,-4.771137237548828,-3.574889659881592,0.0
1073,ACH-000044,1.0966382026672363,-0.3805949091911316,1.302384853363037,0.17484831809997559,True,-3.446743965148926,0.921875,-3.847058236796723,0.14636878669261932,-5.0,-3.3151121139526367,-4.131485462188721,-2.9663991928100586,0.0
1074,ACH-000097,-0.8265365362167358,-2.335627794265747,1.3461201190948486,0.1629711091518402,True,-4.028336524963379,0.9375,-3.8651860656133885,0.06486375629901886,-5.0,-3.963559150695801,-4.858652591705322,-3.8031845092773438,0.0
1075,ACH-000111,-0.07834148406982422,-1.6728993654251099,1.409963846206665,0.184594064950943,True,-3.9228503704071045,0.9375,-3.87095249609276,0.11910861730575562,-5.0,-3.8510406017303467,-4.745816230773926,-2.659966468811035,0.0
1076,ACH-000117,-0.6842857599258423,-2.3012423515319824,1.4394725561141968,0.17748403549194336,True,-3.9769129753112793,0.921875,-3.881548544014612,0.09377749264240265,-5.0,-3.8902106285095215,-4.708363056182861,-3.7782492637634277,0.0
1077,ACH-000147,-0.44948887825012207,-2.114426612854004,1.4842115640640259,0.18072617053985596,True,-4.1051764488220215,0.859375,-3.9039113344953527,0.13494139909744263,-5.0,-3.958750009536743,-5.038849830627441,-3.6020450592041016,0.0181818176060915
1078,ACH-000148,0.3976322412490845,-1.2661035060882568,1.4835715293884277,0.18016421794891357,True,-3.9886980056762695,0.953125,-3.9123900016134443,0.06795606017112732,-5.0,-3.9389615058898926,-5.0961761474609375,-3.2964725494384766,0.016393441706895828
1079,ACH-000196,0.3579188585281372,-1.231388807296753,1.4032185077667236,0.1860891580581665,True,-3.8173975944519043,0.9375,-3.9028907608972903,0.10842950642108917,-5.0,-3.7385575771331787,-4.886518955230713,-3.554774761199951,0.0
1080,ACH-000212,0.551471471786499,-1.0746350288391113,1.4453411102294922,0.18076536059379578,True,-3.944389820098877,0.953125,-3.907040666817449,0.07968708872795105,-5.0,-3.892474412918091,-4.745846271514893,-3.6400418281555176,0.0
1081,ACH-000223,0.9490182995796204,-0.589705765247345,1.3636788129806519,0.17504523694515228,True,-3.9402122497558594,0.953125,-3.91035782511129,0.2074624001979828,-5.0,-3.8880913257598877,-4.720817565917969,-3.652129650115967,0.0
1082,ACH-000248,-0.42781829833984375,-2.0077998638153076,1.406358003616333,0.17362360656261444,True,-3.898668050765991,0.9375,-3.9091888476767602,0.05762819945812225,-5.0,-3.8252458572387695,-4.654562473297119,-3.223327159881592,0.0
1083,ACH-000258,-0.5904690027236938,-2.1695094108581543,1.406679391860962,0.17236104607582092,True,-3.794776439666748,0.9375,-3.897747606875759,0.05131667107343674,-5.0,-3.7144289016723633,-5.05195951461792,-3.5404019355773926,0.01666666753590107
1084,ACH-000276,0.10736644268035889,-1.4295709133148193,1.352298378944397,0.18463900685310364,True,-3.9521021842956543,0.9375,-3.9031830646177483,0.09198692440986633,-5.0,-3.882242441177368,-4.702801704406738,-3.3721187114715576,0.0
1085,ACH-000277,0.29295599460601807,-1.3447157144546509,1.4561549425125122,0.1815168261528015,True,-3.9008290767669678,0.90625,-3.90294766583267,0.14798231422901154,-5.0,-3.7871217727661133,-4.608165740966797,-3.6917104721069336,0.0
1086,ACH-000288,1.084336519241333,-0.5434757471084595,1.4604719877243042,0.1673402339220047,True,-3.914132595062256,0.953125,-3.9040661587556285,0.1398841142654419,-5.0,-3.8607289791107178,-4.738454818725586,-3.3060078620910645,0.0
1087,ACH-000330,-0.507651686668396,-2.038599729537964,1.3575221300125122,0.17342595756053925,True,-4.0017547607421875,0.921875,-3.9138350189542845,0.09645558893680573,-5.0,-3.9171576499938965,-4.781681060791016,-3.784060478210449,0.0
1088,ACH-000349,0.598197877407074,-0.9593269228935242,1.375270962715149,0.18225383758544922,True,-3.9408888816833496,0.953125,-3.916540405227191,0.11991346627473831,-5.0,-3.888801336288452,-4.729049205780029,-3.220301389694214,0.0
1089,ACH-000352,1.2178007364273071,-0.3154498338699341,1.3494113683700562,0.18383924663066864,True,-3.620029926300049,0.96875,-3.8868893573344767,0.14394062757492065,-5.0,-3.575514554977417,-4.244008541107178,-3.4559073448181152,0.0
1090,ACH-000374,-0.23574364185333252,-1.7430716753005981,1.3297474384307861,0.1775805801153183,True,-3.9281935691833496,0.953125,-3.8910197785193636,0.07436282187700272,-5.0,-3.875481605529785,-4.727736473083496,-3.188319683074951,0.0
1091,ACH-000536,0.2730933427810669,-1.2849138975143433,1.3823596239089966,0.17564761638641357,True,-3.894301176071167,0.96875,-3.8913479182745436,0.09785576164722443,-5.0,-3.858633041381836,-4.7465972900390625,-3.2551767826080322,0.0
1092,ACH-000554,0.8165736198425293,-0.744968056678772,1.3817603588104248,0.17978127300739288,True,-3.90830397605896,0.984375,-3.8930435240529855,0.09398713707923889,-5.0,-3.8909759521484375,-4.740810394287109,-3.7962820529937744,0.0
1093,ACH-000568,-1.3822216987609863,-2.9154436588287354,1.362041711807251,0.17118018865585327,True,-3.693021774291992,0.953125,-3.8730413490768862,0.07528701424598694,-5.0,-3.628743886947632,-5.289306163787842,-3.469183921813965,0.016393441706895828
1094,ACH-000573,0.028889894485473633,-1.4746111631393433,1.3281371593475342,0.1753639131784439,True,-3.797417640686035,0.953125,-3.8654789782378014,0.08122849464416504,-5.0,-3.738274097442627,-4.431588172912598,-3.648155689239502,0.0
1095,ACH-000621,-0.19984066486358643,-1.7680596113204956,1.394250750541687,0.17396822571754456,True,-3.9919567108154297,0.90625,-3.8781267514955644,0.07263332605361938,-5.0,-3.887676239013672,-4.795920372009277,-3.8033125400543213,0.0
1096,ACH-000624,0.08611154556274414,-1.4796639680862427,1.3905102014541626,0.17526528239250183,True,-3.8493309020996094,0.921875,-3.875247166555969,0.12361036241054535,-5.0,-3.751816511154175,-4.382490634918213,-3.636064291000366,0.0
1097,ACH-000643,0.012013554573059082,-1.5533100366592407,1.3860852718353271,0.17923828959465027,True,-3.9403793811798096,0.953125,-3.8817603880183533,0.10399702936410904,-5.0,-3.8882665634155273,-4.815037250518799,-3.803544759750366,0.0
1098,ACH-000668,1.4315178394317627,-0.1752299666404724,1.4335050582885742,0.17324282228946686,True,-3.8549556732177734,1.0,-3.8790799165382954,0.12938912212848663,-5.0,-3.8549556732177734,-4.646127223968506,-3.7773237228393555,0.0
1099,ACH-000691,-0.04422926902770996,-1.667608618736267,1.4398202896118164,0.18355906009674072,True,-3.878425121307373,0.953125,-3.8790144370152033,0.06115470826625824,-5.0,-3.823265552520752,-4.421717643737793,-3.714376211166382,0.0
1100,ACH-000699,0.5988016128540039,-0.9794056415557861,1.398084044456482,0.1801232546567917,True,-3.9419403076171875,0.953125,-3.8853070240754017,0.14269644021987915,-5.0,-3.889904499053955,-4.73187780380249,-3.772911548614502,0.0
1101,ACH-000711,0.8379390239715576,-0.7131236791610718,1.3718163967132568,0.17924627661705017,True,-3.9238271713256836,0.984375,-3.8891590388004302,0.10514210164546967,-5.0,-3.906745195388794,-4.953986167907715,-3.7923433780670166,0.0
1102,ACH-000725,0.7969540953636169,-0.7754951119422913,1.3939093351364136,0.17853987216949463,True,-3.961238384246826,0.953125,-3.8963669733450694,0.13380536437034607,-5.0,-3.910151481628418,-4.744190216064453,-3.79585599899292,0.0
1103,ACH-000755,-0.1404017210006714,-1.6801804304122925,1.3702467679977417,0.1695319414138794,True,-3.941751480102539,0.9375,-3.9009054240208165,0.050026215612888336,-5.0,-3.871201992034912,-4.702614784240723,-3.7756519317626953,0.0
1104,ACH-000759,0.7205888032913208,-0.8713079690933228,1.4137709140777588,0.17812588810920715,True,-3.852048397064209,0.921875,-3.8960197213251555,0.09085434675216675,-5.0,-3.7547643184661865,-4.567963123321533,-2.7494776248931885,0.0
1105,ACH-000768,-3.99607515335083,-5.579951763153076,1.4050266742706299,0.17884986102581024,True,-3.9823336601257324,0.90625,-3.904651115205213,0.09433549642562866,-5.0,-3.8770577907562256,-4.725942134857178,-3.252823829650879,0.0
1106,ACH-000783,-1.1037143468856812,-2.6155431270599365,1.3391839265823364,0.17264483869075775,True,-3.943060874938965,0.9375,-3.908492091178588,0.12164656817913055,-5.0,-3.87259840965271,-5.267826557159424,-3.796581268310547,0.01666666753590107
1107,ACH-000818,0.5357221961021423,-0.9251734614372253,1.2854129076004028,0.17548273503780365,True,-3.335577964782715,0.84375,-3.8512006785390005,0.1892155259847641,-5.0,-3.0273516178131104,-3.80733060836792,-2.7422611713409424,0.0
1108,ACH-000828,1.2923409938812256,-0.3646036982536316,1.480010747909546,0.17693403363227844,True,-3.3004891872406006,0.90625,-3.7961295294091606,0.1390262395143509,-5.0,-3.1246776580810547,-3.731605052947998,-2.9764914512634277,0.0
1109,ACH-000849,-1.909896731376648,-3.440826654434204,1.3697705268859863,0.1611594259738922,True,-3.95196533203125,0.890625,-3.81171310967137,0.1020902469754219,-5.0,-3.8232593536376953,-4.582724094390869,-3.652202606201172,0.0
1110,ACH-000856,0.8984057307243347,-0.7122353911399841,1.4358460903167725,0.1747950315475464,True,-3.7198009490966797,0.984375,-3.8025218936139007,0.0976838618516922,-5.0,-3.6994805335998535,-4.526767253875732,-3.569984197616577,0.0
1111,ACH-000857,0.5231856107711792,-1.0132197141647339,1.3563505411148071,0.18005478382110596,True,-3.860100269317627,0.9375,-3.8082797311842733,0.08925662934780121,-5.0,-3.784107208251953,-4.396669864654541,-3.715911865234375,0.0
1112,ACH-000859,-0.09154319763183594,-1.6566755771636963,1.3865686655044556,0.17856372892856598,True,-3.946526288986206,0.9375,-3.8221043869644666,0.0753006786108017,-5.0,-3.8762948513031006,-4.829713344573975,-3.794562578201294,0.0
1113,ACH-000876,0.08196771144866943,-1.4989932775497437,1.407223105430603,0.17373788356781006,True,-3.8888587951660156,0.921875,-3.8287798277846217,0.07567289471626282,-5.0,-3.794694185256958,-4.301626205444336,-3.7637569904327393,0.0
1114,ACH-000902,0.8214953541755676,-0.7444743514060974,1.3913160562515259,0.17465366423130035,True,-3.860421657562256,0.96875,-3.831944010762385,0.09759022295475006,-5.0,-3.8236608505249023,-4.40883731842041,-3.700496196746826,0.0
1115,ACH-000910,-0.11018955707550049,-1.6342213153839111,1.3511466979980469,0.17288504540920258,True,-4.012966156005859,0.921875,-3.8500462252867322,0.11662281304597855,-5.0,-3.929319143295288,-4.909599781036377,-3.7040092945098877,0.0
1116,ACH-000927,0.20074152946472168,-1.3472955226898193,1.3713114261627197,0.1767256259918213,True,-3.8853416442871094,0.953125,-3.8535757671867703,0.09483051300048828,-5.0,-3.830521583557129,-4.619628429412842,-2.5491204261779785,0.0
1117,ACH-000930,0.7707213163375854,-0.794320821762085,1.3911221027374268,0.17392006516456604,True,-3.9321603775024414,0.96875,-3.8614342282183376,0.07758399844169617,-5.0,-3.8977136611938477,-4.624507427215576,-3.7682502269744873,0.0
1118,ACH-000934,-1.7152411937713623,-3.241403102874756,1.3470053672790527,0.17915651202201843,True,-4.003705978393555,0.9375,-3.8756614032358594,0.06353019177913666,-5.0,-3.937286615371704,-4.638478755950928,-3.7715301513671875,0.0
1119,ACH-001390,0.49985575675964355,-1.0202573537826538,1.3745465278625488,0.14556661248207092,True,-3.9132254123687744,0.96875,-3.879417804149151,0.060748208314180374,-5.0,-3.8781681060791016,-4.534272193908691,-3.802349328994751,0.0
1120,ACH-001819,-0.6762861013412476,-2.2102999687194824,1.3631924390792847,0.1708213984966278,True,-3.7894222736358643,0.921875,-3.8704182510978224,0.06876449286937714,-5.0,-3.686830997467041,-4.378943920135498,-3.6288886070251465,0.0
1121,ACH-001820,1.0340750217437744,-0.5488539338111877,1.4062827825546265,0.17664611339569092,True,-3.9088058471679688,0.96875,-3.874257010704837,0.12710072100162506,-5.0,-3.8736062049865723,-5.040591239929199,-3.8037352561950684,0.016129031777381897
1122,ACH-000017,-1.452316164970398,-3.009491205215454,1.3865481615066528,0.17062684893608093,True,-3.9819540977478027,0.90625,-3.8850267194091335,0.039764076471328735,-5.0,-3.876638889312744,-4.8342766761779785,-3.7551681995391846,0.0
1123,ACH-000019,-1.1401644945144653,-2.6485772132873535,1.3444651365280151,0.16394762694835663,True,-3.976182699203491,0.90625,-3.894142317388569,0.069393590092659,-5.0,-3.8702704906463623,-4.771137237548828,-3.7737607955932617,0.0
1124,ACH-000044,-1.422249436378479,-2.8757200241088867,1.2842429876327515,0.16922757029533386,True,-3.5370469093322754,0.859375,-3.85843277658294,0.0713304728269577,-5.0,-3.297654390335083,-3.789468765258789,-3.137155771255493,0.0
1125,ACH-000097,0.7534458041191101,-0.7449039816856384,1.335270643234253,0.16307911276817322,True,-3.9288785457611084,0.984375,-3.8654773535007565,0.11886315047740936,-5.0,-3.911877155303955,-4.735925197601318,-3.8031845092773438,0.0
1126,ACH-000111,-0.7692986726760864,-2.3448646068573,1.3979954719543457,0.1775704175233841,True,-3.9440767765045166,0.953125,-3.8733372958011323,0.07210730016231537,-5.0,-3.892145872116089,-4.784106731414795,-3.6993613243103027,0.0
1127,ACH-000117,1.040417194366455,-0.4524844288825989,1.3218953609466553,0.1710062026977539,True,-3.8929266929626465,0.96875,-3.8752962355172835,0.16700169444084167,-5.0,-3.8572144508361816,-4.708363056182861,-3.758457660675049,0.0
1128,ACH-000147,-1.0631077289581299,-2.744483232498169,1.507859706878662,0.17351585626602173,True,-3.9813387393951416,0.921875,-3.8859004859050694,0.06904014945030212,-5.0,-3.8950114250183105,-4.713663578033447,-3.583176851272583,0.0
1129,ACH-000148,0.6264792680740356,-1.0120282173156738,1.4602535963058472,0.1782538890838623,True,-3.964454174041748,0.953125,-3.893755854718737,0.0913892388343811,-5.0,-3.9135258197784424,-5.0961761474609375,-3.8034451007843018,0.016393441706895828
1130,ACH-000196,-0.11271500587463379,-1.6743496656417847,1.3837240934371948,0.17791056632995605,True,-3.771118640899658,0.921875,-3.8814921333368293,0.08916250616312027,-5.0,-3.6669762134552,-4.527963161468506,-3.554774761199951,0.0
1131,ACH-000212,-1.6398879289627075,-3.2184560298919678,1.401143193244934,0.17742487788200378,True,-3.9694695472717285,0.890625,-3.890289874730319,0.0671439990401268,-5.0,-3.8429131507873535,-4.745846271514893,-3.802515983581543,0.0
1132,ACH-000223,-0.7739931344985962,-2.320858955383301,1.3759640455245972,0.17090177536010742,True,-4.009614944458008,0.890625,-3.902222381703088,0.10613010823726654,-5.0,-3.887988805770874,-4.949385643005371,-2.731595516204834,0.0
1133,ACH-000248,0.07618224620819092,-1.533918023109436,1.4384349584579468,0.1716652512550354,True,-3.900646686553955,0.953125,-3.9020648121881742,0.052035991102457047,-5.0,-3.8465800285339355,-4.923036098480225,-3.711641788482666,0.0
1134,ACH-000258,0.948715090751648,-0.5999869108200073,1.3721437454223633,0.1765582263469696,True,-3.7679431438446045,0.96875,-3.8886526453538175,0.13971048593521118,-5.0,-3.7281994819641113,-4.504729270935059,-3.020577907562256,0.0
1135,ACH-000276,0.3571004867553711,-1.1895982027053833,1.367897391319275,0.1788012981414795,True,-3.959371328353882,0.9375,-3.895724513653824,0.05469133332371712,-5.0,-3.88999605178833,-4.937498569488525,-3.788621187210083,0.0
1136,ACH-000277,-0.564611554145813,-2.0971860885620117,1.3626190423965454,0.16995549201965332,True,-3.8348662853240967,0.953125,-3.8896386908208513,0.05469726026058197,-5.0,-3.777564525604248,-4.723701477050781,-3.687541961669922,0.0
1137,ACH-000288,-0.461239218711853,-2.1884536743164062,1.559167742729187,0.16804668307304382,True,-4.015385627746582,0.9375,-3.9022133845134244,0.1275147646665573,-5.0,-3.949744701385498,-5.034789562225342,-3.6837024688720703,0.01666666753590107
1138,ACH-000330,1.1050418615341187,-0.47565603256225586,1.4070310592651367,0.1736668348312378,True,-3.8891637325286865,0.96875,-3.9009084193149506,0.15126165747642517,-5.0,-3.853330373764038,-4.842428207397461,-2.3919577598571777,0.0
1139,ACH-000349,0.8825838565826416,-0.6601228713989258,1.368668556213379,0.17403817176818848,True,-3.931230068206787,0.984375,-3.9039405842041344,0.12707382440567017,-5.0,-3.9142656326293945,-4.8799543380737305,-3.801913261413574,0.0
1140,ACH-000352,1.4442836046218872,-0.11085830628871918,1.3836745023727417,0.17146748304367065,True,-3.6295878887176514,0.96875,-3.876505314655486,0.12515303492546082,-5.0,-3.585380792617798,-4.135425567626953,-3.4559073448181152,0.0
1141,ACH-000374,0.111419677734375,-1.4169224500656128,1.353348970413208,0.1749931275844574,True,-3.976306438446045,0.96875,-3.8864854270345415,0.1082395389676094,-5.0,-3.943284034729004,-4.727736473083496,-3.637155771255493,0.0
1142,ACH-000536,-0.3644493818283081,-1.9014472961425781,1.3603966236114502,0.1766013205051422,True,-3.9664340019226074,0.921875,-3.894480284523348,0.07185155153274536,-5.0,-3.8788437843322754,-4.7465972900390625,-3.794914960861206,0.0
1143,ACH-000554,-0.08703207969665527,-1.5892274379730225,1.3369237184524536,0.1652715802192688,True,-3.916205406188965,0.96875,-3.8966527966899096,0.04601733386516571,-5.0,-3.88124418258667,-5.044048309326172,-3.7962820529937744,0.016129031777381897
1144,ACH-000568,0.7477117776870728,-0.8133049011230469,1.3858420848846436,0.17517462372779846,True,-3.6780385971069336,0.9375,-3.874791376731612,0.1216568723320961,-5.0,-3.5899081230163574,-4.160295009613037,-3.469183921813965,0.0
1145,ACH-000573,1.3475000858306885,-0.23106151819229126,1.407814860343933,0.17074677348136902,True,-3.7267231941223145,0.984375,-3.859984558470682,0.13193373382091522,-5.0,-3.706512689590454,-4.431588172912598,-3.36489200592041,0.0
1146,ACH-000621,-0.6858608722686768,-2.2849185466766357,1.4292048215866089,0.16985280811786652,True,-4.009487628936768,0.921875,-3.874934865517291,0.07536150515079498,-5.0,-3.9255459308624268,-4.72273588180542,-3.8033125400543213,0.0
1147,ACH-000624,0.7956368327140808,-0.802960216999054,1.4319047927856445,0.166692316532135,True,-3.8506858348846436,0.984375,-3.872509962454026,0.11837456375360489,-5.0,-3.8324429988861084,-4.6834845542907715,-3.636064291000366,0.0
1148,ACH-000643,-0.4962359666824341,-2.068854331970215,1.4036386013031006,0.1689797341823578,True,-3.9532666206359863,0.921875,-3.8805856282722218,0.09034895896911621,-5.0,-3.864560127258301,-4.709194183349609,-3.803544759750366,0.0
1149,ACH-000668,1.294262409210205,-0.2534051537513733,1.3804285526275635,0.16723906993865967,True,-3.8729193210601807,1.0,-3.8798189975510176,0.1157233864068985,-5.0,-3.8729193210601807,-4.797142505645752,-3.7773237228393555,0.0
1150,ACH-000691,0.27100348472595215,-1.314908504486084,1.419939637184143,0.1659722924232483,True,-3.8702187538146973,0.953125,-3.8788589731773855,0.09603117406368256,-5.0,-3.8146557807922363,-4.523554801940918,-3.2240657806396484,0.0
1151,ACH-000699,0.9612480401992798,-0.6391934156417847,1.4274870157241821,0.17295444011688232,True,-3.8968753814697266,0.96875,-3.8806606140066195,0.15279999375343323,-5.0,-3.86129093170166,-4.73187780380249,-3.790212631225586,0.0
1152,ACH-000711,1.2749626636505127,-0.238705113530159,1.3406565189361572,0.17301133275032043,True,-3.8685593605041504,1.0,-3.879450488656373,0.08768191933631897,-5.0,-3.8685593605041504,-4.713893890380859,-3.731448173522949,0.0
1153,ACH-000725,1.1573858261108398,-0.4674738049507141,1.4529918432235718,0.1718677580356598,True,-3.913332462310791,1.0,-3.882838686021815,0.09652210772037506,-5.0,-3.913332462310791,-4.744190216064453,-3.660320997238159,0.0
1154,ACH-000755,0.5350003242492676,-1.0339319705963135,1.4035913944244385,0.16534096002578735,True,-3.8759329319000244,0.984375,-3.882148110609636,0.06996576488018036,-5.0,-3.858090877532959,-4.702614784240723,-3.7756519317626953,0.0
1155,ACH-000759,0.1544206142425537,-1.440212607383728,1.4276459217071533,0.1669873297214508,True,-3.925365686416626,0.921875,-3.886469868190335,0.07766075432300568,-5.0,-3.8342947959899902,-4.611525535583496,-3.71726393699646,0.0
1156,ACH-000768,-4.049013614654541,-5.679958343505859,1.4666932821273804,0.16425152122974396,True,-4.029736518859863,0.859375,-3.900796533257288,0.08158506453037262,-5.0,-3.8709654808044434,-4.986019611358643,-3.797050952911377,0.0
1157,ACH-000783,0.39791250228881836,-1.1361674070358276,1.3739687204360962,0.1601111888885498,True,-3.879471778869629,0.96875,-3.898664057818522,0.0549377016723156,-5.0,-3.843325614929199,-4.727637767791748,-3.6849758625030518,0.0
1158,ACH-000818,-1.6709363460540771,-3.1351096630096436,1.2962682247161865,0.16790512204170227,True,-3.17458438873291,0.890625,-3.8262560909099608,0.07834769785404205,-5.0,-2.9504106044769287,-3.420964241027832,-2.8102686405181885,0.0
1159,ACH-000828,-0.3225245475769043,-1.886379599571228,1.397019624710083,0.16683542728424072,True,-3.2298574447631836,0.9375,-3.7666162262952834,0.06474051624536514,-5.0,-3.1118481159210205,-3.5175158977508545,-2.9764914512634277,0.0
1160,ACH-000849,-1.5394785404205322,-3.036616086959839,1.3416428565979004,0.15549464523792267,True,-3.811478614807129,0.953125,-3.771102465146468,0.041360072791576385,-5.0,-3.7530267238616943,-4.564431190490723,-3.652202606201172,0.0
1161,ACH-000856,0.5303353071212769,-1.003461241722107,1.3629294633865356,0.17086714506149292,True,-3.74479341506958,0.984375,-3.7684715601387793,0.07741393148899078,-5.0,-3.724869728088379,-4.56065559387207,-3.569984197616577,0.0
1162,ACH-000857,-0.15675997734069824,-1.6959048509597778,1.3707867860794067,0.16835808753967285,True,-3.906662702560425,0.953125,-3.7822906743809437,0.07743646204471588,-5.0,-3.852891445159912,-4.478355407714844,-3.715911865234375,0.0
1163,ACH-000859,0.340670108795166,-1.1678191423416138,1.342578411102295,0.16591081023216248,True,-3.913663387298584,0.953125,-3.795427945672708,0.09300170838832855,-5.0,-3.860236883163452,-4.752018451690674,-3.7976574897766113,0.0
1164,ACH-000876,-0.11683928966522217,-1.6841046810150146,1.3936963081359863,0.17356909811496735,True,-3.9303359985351562,0.9375,-3.8089187509589526,0.07171685993671417,-5.0,-3.859025239944458,-4.8973236083984375,-3.7637569904327393,0.0
1165,ACH-000902,-0.37683141231536865,-1.8868262767791748,1.3434698581695557,0.16652502119541168,True,-3.84468936920166,0.953125,-3.812495812783223,0.061921410262584686,-5.0,-3.7878708839416504,-4.59574031829834,-3.700496196746826,0.0
1166,ACH-000910,0.7594782114028931,-0.7618255615234375,1.3567299842834473,0.1645737737417221,True,-3.879446506500244,0.96875,-3.819190882154925,0.11774168908596039,-5.0,-3.843299388885498,-4.785085678100586,-3.751059055328369,0.0
1167,ACH-000927,-1.6166282892227173,-3.11629056930542,1.3295754194259644,0.17008687555789948,True,-3.9509551525115967,0.921875,-3.832367309190592,0.07924463599920273,-5.0,-3.8620526790618896,-4.865492343902588,-3.738924741744995,0.0
1168,ACH-000930,0.25008153915405273,-1.237032175064087,1.3224598169326782,0.16465389728546143,True,-3.901826858520508,0.96875,-3.839313264123583,0.08145029842853546,-5.0,-3.8664019107818604,-4.773148536682129,-3.7682502269744873,0.0
1169,ACH-000934,0.8356719613075256,-0.6839103102684021,1.3525153398513794,0.16706697642803192,True,-3.8678088188171387,0.984375,-3.842162819592939,0.08741679042577744,-5.0,-3.8498377799987793,-4.6293230056762695,-3.7715301513671875,0.0
1170,ACH-001390,0.4038405418395996,-1.1057060956954956,1.3721908330917358,0.13735580444335938,True,-3.9141271114349365,0.96875,-3.8493592487771386,0.10804435610771179,-5.0,-3.879099130630493,-4.730879783630371,-3.758772373199463,0.0
1171,ACH-001819,0.5629085302352905,-1.0164146423339844,1.4027856588363647,0.17653754353523254,True,-3.770674228668213,0.953125,-3.841490746766246,0.0864204466342926,-5.0,-3.7102155685424805,-4.699521064758301,-3.3628692626953125,0.0
1172,ACH-001820,0.11407828330993652,-1.4083316326141357,1.358583688735962,0.16382624208927155,True,-3.9065585136413574,0.96875,-3.847997523453757,0.04972080886363983,-5.0,-3.871286153793335,-4.709506034851074,-3.789681911468506,0.0
1173,ACH-000017,-0.20969641208648682,-1.6677685976028442,1.2955372333526611,0.1625349372625351,True,-3.9200096130371094,0.96875,-3.8551987324120924,0.08875350654125214,-5.0,-3.8851711750030518,-5.51579475402832,-3.7453503608703613,0.016129031777381897
1174,ACH-000019,-0.979595422744751,-2.530566930770874,1.3946595191955566,0.1563120186328888,True,-3.9695382118225098,0.921875,-3.8666326803531343,0.11008957028388977,-5.0,-3.882211208343506,-4.646883964538574,-3.716963768005371,0.0
1175,ACH-000044,0.38854312896728516,-1.0651350021362305,1.2926870584487915,0.1609911322593689,True,-3.4153075218200684,0.953125,-3.8215001644998274,0.12826915085315704,-5.0,-3.337371349334717,-4.489056587219238,-3.137155771255493,0.0
1176,ACH-000097,-0.6046823263168335,-2.0856220722198486,1.3320984840393066,0.1488412320613861,True,-3.9331583976745605,0.921875,-3.832665987817301,0.04832576587796211,-5.0,-3.8427481651306152,-4.735925197601318,-3.8031845092773438,0.0
1177,ACH-000111,-0.8729730844497681,-2.4511685371398926,1.4113816022872925,0.16681388020515442,True,-3.888547897338867,0.921875,-3.8382541787694575,0.1084267795085907,-5.0,-3.7943570613861084,-4.496430397033691,-3.600179433822632,0.0
1178,ACH-000117,1.2853574752807617,-0.20392504334449768,1.3239909410476685,0.16529151797294617,True,-3.8421130180358887,1.0,-3.8386400626961006,0.15440744161605835,-5.0,-3.8421130180358887,-4.708363056182861,-3.6115832328796387,0.0
1179,ACH-000147,0.28205883502960205,-1.3403416872024536,1.4635218381881714,0.15887871384620667,True,-3.919776439666748,0.984375,-3.8467537003931653,0.06880731880664825,-5.0,-3.902630090713501,-4.721376419067383,-3.26749849319458,0.0
1180,ACH-000148,-0.13883304595947266,-1.776902437210083,1.48099684715271,0.15707257390022278,True,-3.986722946166992,0.953125,-3.8607506249705477,0.08066702634096146,-5.0,-3.936889410018921,-4.738646507263184,-3.8034451007843018,0.0
1181,ACH-000196,0.5676599740982056,-0.9218199253082275,1.322441577911377,0.16703836619853973,True,-3.729862928390503,0.953125,-3.8476618553125435,0.1269666850566864,-5.0,-3.6673970222473145,-4.46273136138916,-3.554774761199951,0.0
1182,ACH-000212,-0.18063819408416748,-1.7234832048416138,1.3791356086730957,0.1637093424797058,True,-3.9376378059387207,0.96875,-3.8566594503751612,0.06633025407791138,-5.0,-3.9033679962158203,-4.825719833374023,-3.802515983581543,0.0
1183,ACH-000223,1.3005045652389526,-0.2334509640932083,1.3668885231018066,0.16706699132919312,True,-3.8467934131622314,0.984375,-3.855672846653868,0.10566198080778122,-5.0,-3.828488826751709,-4.806580543518066,-2.731595516204834,0.0
1184,ACH-000248,0.4416325092315674,-1.1065964698791504,1.3832428455352783,0.16498619318008423,True,-3.903923511505127,0.9375,-3.860497913138994,0.16335108876228333,-5.0,-3.8308520317077637,-4.467369079589844,-3.6527581214904785,0.0
1185,ACH-000258,0.6225828528404236,-0.8966380953788757,1.3455533981323242,0.1736675649881363,True,-3.7292656898498535,0.984375,-3.84737469081008,0.0952540710568428,-5.0,-3.7090954780578613,-5.526910781860352,-3.020577907562256,0.01587301678955555
1186,ACH-000276,0.7638816833496094,-0.7833864688873291,1.3809528350830078,0.16631536185741425,True,-3.921605110168457,0.984375,-3.8547977327459177,0.10059596598148346,-5.0,-3.9044878482818604,-4.702801704406738,-3.788621187210083,0.0
1187,ACH-000277,0.2516324520111084,-1.2754114866256714,1.3633514642715454,0.16369250416755676,True,-3.803752899169922,0.953125,-3.8496932493883183,0.06446729600429535,-5.0,-3.7449209690093994,-4.330635070800781,-3.501399040222168,0.0
1188,ACH-000288,-2.136204481124878,-3.7506673336029053,1.4566105604171753,0.15785229206085205,True,-3.9435133934020996,0.9375,-3.8590752637896966,0.05327906459569931,-5.0,-3.8730812072753906,-4.845547676086426,-3.8034586906433105,0.0
1189,ACH-000330,0.6553683876991272,-0.8706240057945251,1.3646924495697021,0.16129998862743378,True,-3.8683009147644043,0.984375,-3.8599978288871672,0.0905471220612526,-5.0,-3.8503377437591553,-4.62766170501709,-3.25844144821167,0.0
1190,ACH-000349,-0.08344995975494385,-1.5454977750778198,1.2942205667495728,0.16782724857330322,True,-3.9348955154418945,0.9375,-3.86748759754264,0.09191685914993286,-5.0,-3.863888740539551,-4.729049205780029,-3.801913261413574,0.0
1191,ACH-000352,-0.13131141662597656,-1.6012037992477417,1.310059905052185,0.1598324328660965,True,-3.6655354499816895,0.921875,-3.847292382786545,0.07690638303756714,-5.0,-3.55244517326355,-4.026106834411621,-3.502314329147339,0.0
1192,ACH-000374,0.9924419522285461,-0.537109911441803,1.365530014038086,0.1640218198299408,True,-3.855806827545166,0.984375,-3.8481438272624073,0.09401226043701172,-5.0,-3.8376455307006836,-4.727736473083496,-3.7987263202667236,0.0
1193,ACH-000536,-0.8106750249862671,-2.2364919185638428,1.2717607021331787,0.1540561467409134,True,-3.9849727153778076,0.953125,-3.8618267160739475,0.07782222330570221,-5.0,-3.9350531101226807,-5.116381645202637,-3.6300458908081055,0.016393441706895828
1194,ACH-000554,0.006231427192687988,-1.5221993923187256,1.3668700456619263,0.1615608036518097,True,-3.959486484527588,0.9375,-3.8715926929193114,0.09227180480957031,-5.0,-3.8901190757751465,-4.740810394287109,-3.795877456665039,0.0
1195,ACH-000568,1.3815207481384277,-0.16176889836788177,1.381899356842041,0.1613903045654297,True,-3.6124939918518066,0.984375,-3.845682822812561,0.11054813861846924,-5.0,-3.590470314025879,-4.160295009613037,-3.3921000957489014,0.0
1196,ACH-000573,-0.1316598653793335,-1.6414588689804077,1.3559703826904297,0.1538286805152893,True,-3.798488140106201,0.9375,-3.840963354541925,0.08036168664693832,-5.0,-3.7183876037597656,-4.431588172912598,-3.654759168624878,0.0
1197,ACH-000621,1.033629059791565,-0.4685586988925934,1.338322639465332,0.16386502981185913,True,-3.8935141563415527,0.984375,-3.8462184347218877,0.17373287677764893,-5.0,-3.875950574874878,-4.903194427490234,-3.763195037841797,0.0
1198,ACH-000624,1.0786981582641602,-0.45281773805618286,1.3756749629974365,0.15584085881710052,True,-3.7508292198181152,0.984375,-3.8366795132315104,0.07961225509643555,-5.0,-3.731001377105713,-4.665427207946777,-3.2124576568603516,0.0
1199,ACH-000643,-0.7991056442260742,-2.311677932739258,1.3532146215438843,0.1593577265739441,True,-3.896932601928711,0.96875,-3.8427048221012305,0.04412093758583069,-5.0,-3.861349582672119,-4.709194183349609,-3.803544759750366,0.0
1200,ACH-000668,-0.4717099666595459,-2.016645669937134,1.3880228996276855,0.15691284835338593,True,-3.9589767456054688,0.953125,-3.8543320144516544,0.08512052893638611,-5.0,-3.907778739929199,-4.788046360015869,-3.7773237228393555,0.0
1201,ACH-000691,-0.4486556053161621,-1.9402230978012085,1.3379181623458862,0.15364933013916016,True,-3.8909752368927,0.9375,-3.857996336695759,0.06557312607765198,-5.0,-3.81704044342041,-4.526991844177246,-3.714376211166382,0.0
1202,ACH-000699,0.29065704345703125,-1.154426097869873,1.2833768129348755,0.1617063581943512,True,-3.9292759895324707,0.96875,-3.8651243019794297,0.07881056517362595,-5.0,-3.8947362899780273,-4.73187780380249,-3.790212631225586,0.0
1203,ACH-000711,1.112902045249939,-0.4688720405101776,1.413379192352295,0.16839489340782166,True,-3.8638834953308105,0.984375,-3.8650002213145678,0.11259792745113373,-5.0,-3.8458502292633057,-4.823134899139404,-3.7923433780670166,0.0
1204,ACH-000725,-0.12534606456756592,-1.6338855028152466,1.3523099422454834,0.15622952580451965,True,-3.9077024459838867,0.953125,-3.8692704437814998,0.060640037059783936,-5.0,-3.85398268699646,-4.744190216064453,-3.798983097076416,0.0
1205,ACH-000755,0.8081778883934021,-0.7830303311347961,1.4264914989471436,0.16471675038337708,True,-3.8885087966918945,0.953125,-3.871194279072539,0.14765921235084534,-5.0,-3.8338449001312256,-4.702614784240723,-3.7556257247924805,0.0
1206,ACH-000759,-1.327514410018921,-2.8008406162261963,1.3179850578308105,0.15534108877182007,True,-3.951158046722412,0.90625,-3.879190655837526,0.07946351915597916,-5.0,-3.8426570892333984,-4.833985328674316,-3.225923538208008,0.0
1207,ACH-000768,-0.6565141677856445,-2.2966439723968506,1.4757335186004639,0.16439631581306458,True,-3.9985055923461914,0.90625,-3.8911221494883925,0.08258697390556335,-5.0,-3.8949027061462402,-4.979389667510986,-3.797050952911377,0.0
1208,ACH-000783,0.379585862159729,-1.088360071182251,1.3040857315063477,0.1638602316379547,True,-3.910020351409912,0.953125,-3.8930119696805447,0.09473156929016113,-5.0,-3.856414556503296,-4.744351387023926,-3.798860788345337,0.0
1209,ACH-000818,0.5523762106895447,-0.9385986924171448,1.327728509902954,0.16324642300605774,True,-3.144089698791504,0.90625,-3.818119742591641,0.10100171715021133,-5.0,-2.952099323272705,-3.3983092308044434,-2.8102686405181885,0.0
1210,ACH-000828,-1.1324408054351807,-2.7232415676116943,1.4339654445648193,0.15683534741401672,True,-3.350277900695801,0.890625,-3.771335558402057,0.06992784142494202,-5.0,-3.1476805210113525,-3.862227201461792,-2.9764914512634277,0.0
1211,ACH-000849,1.265769600868225,-0.24226872622966766,1.3596422672271729,0.14839595556259155,True,-3.756356716156006,1.0,-3.769837674177452,0.11072513461112976,-5.0,-3.756356716156006,-4.388458251953125,-3.65220308303833,0.0
1212,ACH-000856,0.8608464598655701,-0.63682621717453,1.3451114892959595,0.152561217546463,True,-3.6952362060546875,0.96875,-3.762377527365176,0.062498364597558975,-5.0,-3.653146982192993,-4.232235908508301,-3.569984197616577,0.0
1213,ACH-000857,0.5064126253128052,-1.035443663597107,1.3813815116882324,0.1604747474193573,True,-3.8275341987609863,0.96875,-3.7688931945047566,0.05963503196835518,-5.0,-3.78971266746521,-4.347686767578125,-3.715911865234375,0.0
1214,ACH-000859,0.26849424839019775,-1.2109447717666626,1.3193893432617188,0.1600496917963028,True,-3.912487268447876,0.953125,-3.7832526018990684,0.09867922961711884,-5.0,-3.8590028285980225,-4.68732213973999,-3.8024463653564453,0.0
1215,ACH-000876,1.142776608467102,-0.3818574845790863,1.3689308166503906,0.15570327639579773,True,-3.8478894233703613,1.0,-3.7897162840461975,0.07014864683151245,-5.0,-3.8478894233703613,-4.677287578582764,-3.7637569904327393,0.0
1216,ACH-000902,0.06552636623382568,-1.3880531787872314,1.2923626899719238,0.16121681034564972,True,-3.8465185165405273,0.953125,-3.79539650729563,0.05066598951816559,-5.0,-3.7897896766662598,-4.859370231628418,-3.700496196746826,0.0
1217,ACH-000910,0.47452640533447266,-1.0389457941055298,1.366029977798462,0.14744223654270172,True,-3.8849692344665527,0.9375,-3.8043537800127223,0.0827011838555336,-5.0,-3.810634136199951,-4.549503326416016,-3.751059055328369,0.0
1218,ACH-000927,-1.2147884368896484,-2.713179588317871,1.343623161315918,0.1547679603099823,True,-3.8963451385498047,0.9375,-3.8135529158664303,0.10743314027786255,-5.0,-3.822768449783325,-4.750939846038818,-3.5964362621307373,0.0
1219,ACH-000930,0.36335504055023193,-1.1247419118881226,1.3297220468521118,0.15837495028972626,True,-3.9238221645355225,0.984375,-3.8245798407333393,0.09303604811429977,-5.0,-3.906740188598633,-4.7032599449157715,-3.7682502269744873,0.0
1220,ACH-000934,0.30424678325653076,-1.205844759941101,1.3524816036224365,0.1576099991798401,True,-3.9094579219818115,0.953125,-3.8330676488581865,0.14362356066703796,-5.0,-3.8558244705200195,-4.740016937255859,-3.7715301513671875,0.0
1221,ACH-001390,0.342576265335083,-1.1331603527069092,1.346876859664917,0.1288597285747528,True,-3.861234664916992,0.984375,-3.835884350464067,0.04722142219543457,-5.0,-3.8431591987609863,-4.469577789306641,-3.802349328994751,0.0
1222,ACH-001819,0.7282891273498535,-0.7926619052886963,1.3628480434417725,0.15810298919677734,True,-3.7451224327087402,0.984375,-3.8268081586885345,0.07380709052085876,-5.0,-3.7252039909362793,-4.378943920135498,-3.6279778480529785,0.0
1223,ACH-001820,0.32663702964782715,-1.2011120319366455,1.3708573579788208,0.15689164400100708,True,-3.923701286315918,0.984375,-3.8364974714512727,0.09214205294847488,-5.0,-3.9066174030303955,-5.800314903259277,-3.8037352561950684,0.01587301678955555
1224,ACH-000017,-1.5653163194656372,-2.9996907711029053,1.2838690280914307,0.1505054235458374,True,-3.9493374824523926,0.953125,-3.8477814725513846,0.07313563674688339,-5.0,-3.89766526222229,-5.341216087341309,-3.7225453853607178,0.016393441706895828
1225,ACH-000019,-0.639230489730835,-2.2019784450531006,1.408623456954956,0.15412449836730957,True,-3.9286446571350098,0.9375,-3.855867791009747,0.05801800265908241,-5.0,-3.8572211265563965,-4.646883964538574,-3.7737607955932617,0.0
1226,ACH-000044,-1.229219675064087,-2.6615874767303467,1.2844982147216797,0.14786957204341888,True,-3.5437569618225098,0.890625,-3.824656708091023,0.15201251208782196,-5.0,-3.3649203777313232,-4.872125625610352,-3.137155771255493,0.0
1227,ACH-000097,0.2864699363708496,-1.1724828481674194,1.3206963539123535,0.1382564753293991,True,-3.9588513374328613,0.953125,-3.838076171025207,0.08636878430843353,-5.0,-3.907647132873535,-4.86349630355835,-3.6819984912872314,0.0
1228,ACH-000111,-1.2330646514892578,-2.7704570293426514,1.3764071464538574,0.16098527610301971,True,-3.9286794662475586,0.921875,-3.847136500547442,0.05257245898246765,-5.0,-3.8378896713256836,-4.540568828582764,-3.739835739135742,0.0
1229,ACH-000117,0.9665793776512146,-0.5346445441246033,1.3426198959350586,0.15860407054424286,True,-3.8474040031433105,1.0,-3.8471632508070286,0.0877365991473198,-5.0,-3.8474040031433105,-4.708363056182861,-3.3429131507873535,0.0
1230,ACH-000147,-0.6068294048309326,-2.171208620071411,1.4088853597640991,0.1554938405752182,True,-3.9739413261413574,0.921875,-3.859841058340461,0.09980137646198273,-5.0,-3.8869869709014893,-5.01093864440918,-3.7920432090759277,0.016949152573943138
1231,ACH-000148,-0.45702695846557617,-2.028977394104004,1.4223716259002686,0.14957880973815918,True,-3.965771198272705,0.953125,-3.8704340723336856,0.06389749050140381,-5.0,-3.914907217025757,-4.9280595779418945,-3.8034451007843018,0.0
1232,ACH-000196,-0.0260087251663208,-1.5404391288757324,1.3527934551239014,0.16163691878318787,True,-3.743405818939209,0.9375,-3.8577312469942378,0.10637407004833221,-5.0,-3.659633159637451,-4.364399433135986,-3.554774761199951,0.0
1233,ACH-000212,-0.11369454860687256,-1.5942803621292114,1.3288317918777466,0.15175405144691467,True,-3.920823574066162,0.9375,-3.8640404797014303,0.07487842440605164,-5.0,-3.848878860473633,-4.687004089355469,-3.7976760864257812,0.0
1234,ACH-000223,0.34910619258880615,-1.2128826379776,1.4076826572418213,0.15430621802806854,True,-3.933314561843872,0.96875,-3.870967887915674,0.06276094168424606,-5.0,-3.898905038833618,-4.968484878540039,-3.784545421600342,0.0
1235,ACH-000248,-0.04559934139251709,-1.4977025985717773,1.2972677946090698,0.15483544766902924,True,-3.8852181434631348,0.953125,-3.8723929134704203,0.08370819687843323,-5.0,-3.830392599105835,-4.4912214279174805,-3.711641788482666,0.0
1236,ACH-000258,1.0768219232559204,-0.38551458716392517,1.3113905191421509,0.1509460210800171,True,-3.674224376678467,0.984375,-3.852576059791225,0.09772547334432602,-5.0,-3.6531805992126465,-4.436535358428955,-3.1662209033966064,0.0
1237,ACH-000276,-0.7921218872070312,-2.3186848163604736,1.3733302354812622,0.15323275327682495,True,-3.961846351623535,0.9375,-3.8635030889744555,0.052845776081085205,-5.0,-3.89263653755188,-4.740911483764648,-3.788621187210083,0.0
1238,ACH-000277,-0.043410301208496094,-1.5396850109100342,1.3411544561386108,0.15512020885944366,True,-3.8340673446655273,0.921875,-3.8605595145435627,0.08715429902076721,-5.0,-3.735259532928467,-4.507667541503906,-3.6917104721069336,0.0
1239,ACH-000288,-0.6415818929672241,-2.1837363243103027,1.3889362812042236,0.1532181203365326,True,-3.9988059997558594,0.921875,-3.8743841630647924,0.0853528082370758,-5.0,-3.91395902633667,-5.205519199371338,-3.8034586906433105,0.016949152573943138
1240,ACH-000330,-0.28288257122039795,-1.7858338356018066,1.3517496585845947,0.15120159089565277,True,-3.9618325233459473,0.953125,-3.883128999092908,0.07905273884534836,-5.0,-3.9107749462127686,-4.753240585327148,-3.784060478210449,0.0
1241,ACH-000349,0.42028915882110596,-1.0804338455200195,1.3400139808654785,0.16070905327796936,True,-3.93251371383667,0.953125,-3.888067470567284,0.11657464504241943,-5.0,-3.880014181137085,-4.729049205780029,-3.801913261413574,0.0
1242,ACH-000352,-0.4787551164627075,-2.0043563842773438,1.3658428192138672,0.15975846350193024,True,-3.676999807357788,0.921875,-3.8669607042463348,0.08588215708732605,-5.0,-3.5648810863494873,-4.166464805603027,-3.4559073448181152,0.0
1243,ACH-000374,0.14973235130310059,-1.3579461574554443,1.3530406951904297,0.15463781356811523,True,-3.9463295936584473,0.9375,-3.874897593187546,0.14003226161003113,-5.0,-3.876085042953491,-4.874807834625244,-3.7880215644836426,0.0
1244,ACH-000536,-0.11126065254211426,-1.5582997798919678,1.2933520078659058,0.15368717908859253,True,-3.8969838619232178,0.953125,-3.8771062200611133,0.05809199810028076,-5.0,-3.8427367210388184,-4.7465972900390625,-3.802726984024048,0.0
1245,ACH-000554,0.4057471752166748,-1.1205376386642456,1.3736894130706787,0.1525954306125641,True,-3.8682408332824707,0.96875,-3.876219681383249,0.08643436431884766,-5.0,-3.8317322731018066,-4.51995849609375,-3.7821717262268066,0.0
1246,ACH-000568,0.752178430557251,-0.745026707649231,1.34329092502594,0.153914213180542,True,-3.663404941558838,0.953125,-3.854938207400808,0.06476780772209167,-5.0,-3.597670793533325,-4.506714820861816,-3.512575626373291,0.0
1247,ACH-000573,0.601301372051239,-0.8651230931282043,1.313384771347046,0.15303972363471985,True,-3.771451950073242,0.984375,-3.8465895816680513,0.09344916045665741,-5.0,-3.7519516944885254,-4.973954200744629,-3.654759168624878,0.0
1248,ACH-000621,-0.3937857151031494,-1.903569221496582,1.346640944480896,0.16314251720905304,True,-3.9543609619140625,0.921875,-3.8573667196926524,0.09264208376407623,-5.0,-3.8657474517822266,-4.95435905456543,-3.8033125400543213,0.0
1249,ACH-000624,-1.3659621477127075,-2.897266149520874,1.3805798292160034,0.1507241427898407,True,-3.8285164833068848,0.921875,-3.8544816960540755,0.07783903181552887,-5.0,-3.729238271713257,-4.440342903137207,-3.636064291000366,0.0
1250,ACH-000643,-0.7343167066574097,-2.2395036220550537,1.3541795015335083,0.15100738406181335,True,-3.9676055908203125,0.9375,-3.8657940855306996,0.061556797474622726,-5.0,-3.8987793922424316,-4.815037250518799,-3.803544759750366,0.0
1251,ACH-000668,-0.16008806228637695,-1.7153959274291992,1.4018356800079346,0.1534721702337265,True,-3.9457287788391113,0.9375,-3.873787554861541,0.07160957902669907,-5.0,-3.875444173812866,-4.882204055786133,-3.7149534225463867,0.0
1252,ACH-000691,-1.046951174736023,-2.5758907794952393,1.370835542678833,0.15810401737689972,True,-3.8556275367736816,0.9375,-3.871971553052755,0.05594782531261444,-5.0,-3.7793362140655518,-4.474231243133545,-3.714376211166382,0.0
1253,ACH-000699,-0.2955765724182129,-1.7990384101867676,1.3433035612106323,0.16015832126140594,True,-3.896148681640625,0.953125,-3.874389265911542,0.04639282822608948,-5.0,-3.841860771179199,-4.471088409423828,-3.772911548614502,0.0
1254,ACH-000711,-0.36639952659606934,-1.8485302925109863,1.318265438079834,0.1638653576374054,True,-3.8959944248199463,0.96875,-3.8765497818023826,0.03010709583759308,-5.0,-3.8603811264038086,-4.713893890380859,-3.267958164215088,0.0
1255,ACH-000725,0.6666960120201111,-0.8345627188682556,1.3479070663452148,0.15335164964199066,True,-3.9164016246795654,0.96875,-3.880534966090101,0.10520170629024506,-5.0,-3.8814468383789062,-4.744190216064453,-3.798983097076416,0.0
1256,ACH-000755,0.3752169609069824,-1.1116470098495483,1.3291035890579224,0.15776033699512482,True,-3.868654251098633,0.984375,-3.879346894590954,0.059860099107027054,-5.0,-3.850696563720703,-4.702614784240723,-3.7556257247924805,0.0
1257,ACH-000759,0.679602861404419,-0.8457930088043213,1.3703316450119019,0.1550641655921936,True,-3.867236614227295,0.984375,-3.8781358665545884,0.055584587156772614,-5.0,-3.8492565155029297,-4.878243446350098,-3.4763333797454834,0.0
1258,ACH-000768,-0.7290658950805664,-2.301990270614624,1.4228132963180542,0.1501111090183258,True,-3.928959846496582,0.953125,-3.8832182645487876,0.04433227330446243,-5.0,-3.8762855529785156,-5.209752082824707,-3.797050952911377,0.016393441706895828
1259,ACH-000783,-0.38751351833343506,-1.9124066829681396,1.3681375980377197,0.15675559639930725,True,-3.973027229309082,0.9375,-3.8921991610248172,0.05232581868767738,-5.0,-3.904562473297119,-4.716585159301758,-3.798860788345337,0.0
1260,ACH-000818,-1.5824408531188965,-3.0297915935516357,1.2868729829788208,0.16047772765159607,True,-3.272010087966919,0.859375,-3.8301802537190275,0.07697197794914246,-5.0,-2.989248037338257,-3.641572952270508,-2.8102686405181885,0.0
1261,ACH-000828,-0.4825296401977539,-1.9748473167419434,1.3379160165786743,0.15440164506435394,True,-3.196593761444092,0.953125,-3.766821604491534,0.04934416338801384,-5.0,-3.1079018115997314,-3.635279655456543,-2.9238903522491455,0.0
1262,ACH-000849,1.335199236869812,-0.1209874078631401,1.3136560916900635,0.14253060519695282,True,-3.697080135345459,1.0,-3.7598474575769263,0.15555351972579956,-5.0,-3.697080135345459,-4.325103759765625,-3.65220308303833,0.0
1263,ACH-000856,-2.5590455532073975,-4.01693058013916,1.3091436624526978,0.14874131977558136,True,-3.7496957778930664,0.953125,-3.7588322896085407,0.03431634604930878,-5.0,-3.6882052421569824,-4.496449947357178,-3.569984197616577,0.0
1264,ACH-000857,0.03913450241088867,-1.4713431596755981,1.3553463220596313,0.15513134002685547,True,-3.8192076683044434,0.96875,-3.764869827478131,0.047042787075042725,-5.0,-3.7811174392700195,-4.498565673828125,-3.7023720741271973,0.0
1265,ACH-000859,-1.056699514389038,-2.5624489784240723,1.3498880863189697,0.15586143732070923,True,-3.9041659832000732,0.953125,-3.778799443050325,0.0461428128182888,-5.0,-3.8502726554870605,-4.601430892944336,-3.8024463653564453,0.0
1266,ACH-000876,-2.378971576690674,-3.851501703262329,1.3229594230651855,0.14957070350646973,True,-3.9317703247070312,0.90625,-3.7940965312159958,0.0762116014957428,-5.0,-3.8212637901306152,-4.677287578582764,-3.7637569904327393,0.0
1267,ACH-000902,1.0184617042541504,-0.4395673871040344,1.3036675453186035,0.15436159074306488,True,-3.8077549934387207,1.0,-3.7954623774382683,0.13120342791080475,-5.0,-3.8077549934387207,-4.43992805480957,-3.700496196746826,0.0
1268,ACH-000910,-0.13799357414245605,-1.6511006355285645,1.363295078277588,0.1498119831085205,True,-3.932330846786499,0.953125,-3.8091492243730913,0.06613725423812866,-5.0,-3.8798224925994873,-5.455077648162842,-3.5266430377960205,0.016393441706895828
1269,ACH-000927,-0.6396510601043701,-2.0822315216064453,1.2928060293197632,0.14977441728115082,True,-3.860095262527466,0.96875,-3.8142438281885287,0.07241858541965485,-5.0,-3.823324203491211,-6.28912353515625,-3.738924741744995,0.016129031777381897
1270,ACH-000930,-0.7237644195556641,-2.2226274013519287,1.3506627082824707,0.14820027351379395,True,-3.9036974906921387,0.96875,-3.82318919443889,0.05886247381567955,-5.0,-3.868332862854004,-4.636312484741211,-3.7682502269744873,0.0
1271,ACH-000934,0.43864595890045166,-1.0620859861373901,1.3446440696716309,0.15608781576156616,True,-3.858031749725342,0.96875,-3.8266734499675352,0.1049610823392868,-5.0,-3.8211939334869385,-4.448741912841797,-3.7715301513671875,0.0
1272,ACH-001390,0.769386351108551,-0.6877143979072571,1.3277240991592407,0.12937667965888977,True,-3.8734183311462402,0.96875,-3.831347938085406,0.11403267085552216,-5.0,-3.8370769023895264,-4.730879783630371,-3.802349328994751,0.0
1273,ACH-001819,1.1782315969467163,-0.3259139060974121,1.346479892730713,0.15766556560993195,True,-3.7538928985595703,0.96875,-3.8236024341328223,0.10659883916378021,-5.0,-3.713695764541626,-4.27916145324707,-3.6279778480529785,0.0
1274,ACH-001820,-1.0704753398895264,-2.561629056930542,1.3419331312179565,0.14922058582305908,True,-3.8948519229888916,0.96875,-3.830727383018429,0.02689414843916893,-5.0,-3.859201669692993,-4.689817905426025,-3.8037352561950684,0.0
1275,ACH-000017,0.34013330936431885,-1.1031301021575928,1.2995637655258179,0.14369964599609375,True,-3.861171245574951,0.984375,-3.8337717692740814,0.06204202398657799,-5.0,-3.84309458732605,-4.630466461181641,-3.7551681995391846,0.0
1276,ACH-000019,0.5024064183235168,-0.97346431016922,1.3352996110916138,0.14057107269763947,True,-3.890730619430542,0.96875,-3.8394676542897272,0.04556815326213837,-5.0,-3.854947328567505,-4.635697364807129,-3.7737607955932617,0.0
1277,ACH-000044,1.2227866649627686,-0.2032492607831955,1.2790216207504272,0.1470142900943756,True,-3.357055902481079,0.953125,-3.7912264791088623,0.11168903112411499,-5.0,-3.2762551307678223,-4.129805088043213,-3.0857019424438477,0.0
1278,ACH-000097,0.5487257242202759,-0.9088932275772095,1.3246084451675415,0.13301050662994385,True,-3.948274850845337,0.953125,-3.80693131628251,0.12182587385177612,-5.0,-3.896550416946411,-4.735925197601318,-3.8031845092773438,0.0
1279,ACH-000111,-0.13641345500946045,-1.6683645248413086,1.3833173513412476,0.14863371849060059,True,-3.888425827026367,0.953125,-3.815080767356896,0.09272678196430206,-5.0,-3.8337581157684326,-4.646498203277588,-3.739835739135742,0.0
1280,ACH-000117,0.8384690284729004,-0.6293177604675293,1.322472333908081,0.14531448483467102,True,-3.8740525245666504,0.984375,-3.8209779430778714,0.16409872472286224,-5.0,-3.8561806678771973,-4.708363056182861,-3.758457660675049,0.0
1281,ACH-000147,0.04931139945983887,-1.488222599029541,1.3880798816680908,0.14945411682128906,True,-3.940983772277832,0.953125,-3.8329785259978677,0.10780094563961029,-5.0,-3.8889007568359375,-4.847250461578369,-2.446551561355591,0.0
1282,ACH-000148,-0.3236318826675415,-1.895195722579956,1.425022840499878,0.14654099941253662,True,-3.983208656311035,0.9375,-3.8480015390291844,0.08449563384056091,-5.0,-3.9154226779937744,-5.027072906494141,-3.521141529083252,0.01666666753590107
1283,ACH-000196,0.8691238164901733,-0.6083619594573975,1.3199689388275146,0.15751688182353973,True,-3.701488494873047,0.984375,-3.8333502346135706,0.06852886080741882,-5.0,-3.680877447128296,-4.364399433135986,-3.5166068077087402,0.0
1284,ACH-000212,0.39387643337249756,-1.0944253206253052,1.3389312028884888,0.14937050640583038,True,-3.899587631225586,0.96875,-3.839973974274772,0.08318554610013962,-5.0,-3.8640902042388916,-4.687004089355469,-3.802515983581543,0.0
1285,ACH-000223,1.3122575283050537,-0.2185191959142685,1.3829946517944336,0.14778205752372742,True,-3.8458995819091797,1.0,-3.8405665350382128,0.15783891081809998,-5.0,-3.8458995819091797,-4.720818042755127,-3.784545421600342,0.0
1286,ACH-000248,-0.3002939224243164,-1.7766005992889404,1.323710322380066,0.15259632468223572,True,-3.8878273963928223,0.953125,-3.845292621173674,0.10357135534286499,-5.0,-3.833130121231079,-4.633745193481445,-3.694136142730713,0.0
1287,ACH-000258,0.372320294380188,-1.0922272205352783,1.3103257417678833,0.15422172844409943,True,-3.687798500061035,0.96875,-3.8295432090624097,0.09114158153533936,-5.0,-3.6454694271087646,-4.419238567352295,-1.2129665613174438,0.0
1288,ACH-000276,0.8568181395530701,-0.6755799651145935,1.377890706062317,0.15450742840766907,True,-3.8840513229370117,0.96875,-3.83499402044987,0.12718665599822998,-5.0,-3.848052978515625,-4.460654258728027,-3.738901138305664,0.0
1289,ACH-000277,0.5719631314277649,-0.9239992499351501,1.3449538946151733,0.1510085165500641,True,-3.8076255321502686,0.984375,-3.8322571716199096,0.10828275233507156,-5.0,-3.788699150085449,-5.002994537353516,-3.6917104721069336,0.01587301678955555
1290,ACH-000288,0.7068225145339966,-0.8714557886123657,1.435369610786438,0.14290869235992432,True,-3.9167609214782715,0.953125,-3.8407075466057456,0.13840728998184204,-5.0,-3.8634862899780273,-4.785872459411621,-3.7648494243621826,0.0
1291,ACH-000330,-1.5409057140350342,-2.991888999938965,1.3032182455062866,0.14776501059532166,True,-3.985260009765625,0.890625,-3.8551627929217336,0.09876158088445663,-5.0,-3.860643148422241,-4.667219638824463,-3.784060478210449,0.0
1292,ACH-000349,-0.3001474142074585,-1.7879143953323364,1.3349307775497437,0.15283618867397308,True,-3.8928751945495605,0.9375,-3.858934033084516,0.057031113654375076,-5.0,-3.8190670013427734,-4.469480037689209,-3.2875990867614746,0.0
1293,ACH-000352,1.3736374378204346,-0.15672504901885986,1.375830888748169,0.1545315831899643,True,-3.6126296520233154,0.984375,-3.834303594978396,0.12772241234779358,-5.0,-3.5906081199645996,-4.135425567626953,-3.4559073448181152,0.0
1294,ACH-000374,0.9825259447097778,-0.5421484708786011,1.3766515254974365,0.14802289009094238,True,-3.8854148387908936,0.984375,-3.8394147193596457,0.11651516705751419,-5.0,-3.867723226547241,-4.467690467834473,-3.796037197113037,0.0
1295,ACH-000536,-0.7246901988983154,-2.1152195930480957,1.2474299669265747,0.14309944212436676,True,-3.945310354232788,0.9375,-3.85000428284696,0.047580208629369736,-5.0,-3.874997854232788,-5.0889692306518555,-3.802726984024048,0.01666666753590107
1296,ACH-000554,-0.02025628089904785,-1.4637526273727417,1.3006068468093872,0.14288952946662903,True,-3.9501121044158936,0.9375,-3.860015065003853,0.0947854146361351,-5.0,-3.880119800567627,-4.833117961883545,-3.474923849105835,0.0
1297,ACH-000568,0.38691115379333496,-1.124945878982544,1.3665920495986938,0.14526492357254028,True,-3.6917152404785156,0.921875,-3.843185082551319,0.08816265314817429,-5.0,-3.580843687057495,-4.160295009613037,-3.469183921813965,0.0
1298,ACH-000573,0.07735669612884521,-1.4425208568572998,1.3728926181793213,0.14698493480682373,True,-3.820868492126465,0.9375,-3.840953423508834,0.08926641941070557,-5.0,-3.742259979248047,-4.431588172912598,-3.654759168624878,0.0
1299,ACH-000621,0.9302250742912292,-0.6111196875572205,1.3971071243286133,0.1442376673221588,True,-3.879096508026123,0.984375,-3.844767731960563,0.14870141446590424,-5.0,-3.861304521560669,-4.736715793609619,-3.8033125400543213,0.0
1300,ACH-000624,-0.5435546636581421,-2.0295188426971436,1.337756872177124,0.14820726215839386,True,-3.8442983627319336,0.921875,-3.8447207950377,0.08679550886154175,-5.0,-3.7463572025299072,-4.382490634918213,-3.636064291000366,0.0
1301,ACH-000643,0.5746221542358398,-0.8231245279312134,1.2511471509933472,0.14659956097602844,True,-3.914632797241211,0.9375,-3.851711995258051,0.10618405789136887,-5.0,-3.8422749042510986,-4.742500305175781,-3.543877124786377,0.0
1302,ACH-000668,0.6591253876686096,-0.8487640023231506,1.3605048656463623,0.14738447964191437,True,-3.8603768348693848,0.96875,-3.8525784792191846,0.06883536279201508,-5.0,-3.8236145973205566,-4.646127700805664,-3.7773237228393555,0.0
1303,ACH-000691,-0.2575056552886963,-1.7640135288238525,1.3586294651031494,0.14787837862968445,True,-3.8379759788513184,0.953125,-3.851118229182398,0.04283345863223076,-5.0,-3.780827045440674,-4.474231243133545,-3.714376211166382,0.0
1304,ACH-000699,-1.2559192180633545,-2.7289671897888184,1.3257722854614258,0.1472756415605545,True,-3.9105629920959473,0.9375,-3.857062705473753,0.04882827773690224,-5.0,-3.8379340171813965,-4.441418170928955,-3.790212631225586,0.0
1305,ACH-000711,0.8688732385635376,-0.5951755046844482,1.3140066862106323,0.15004201233386993,True,-3.896836757659912,0.984375,-3.861040110692369,0.07565116882324219,-5.0,-3.879326343536377,-4.713893890380859,-3.7923433780670166,0.0
1306,ACH-000725,0.9911500215530396,-0.46204736828804016,1.313198447227478,0.1399988830089569,True,-3.8867130279541016,0.984375,-3.8636074024185425,0.13544861972332,-5.0,-3.869041919708252,-4.744190216064453,-3.7851951122283936,0.0
1307,ACH-000755,-0.3096134662628174,-1.8142633438110352,1.3551429510116577,0.14950698614120483,True,-3.919997453689575,0.953125,-3.8692464075456456,0.09309637546539307,-5.0,-3.86688232421875,-5.155043601989746,-3.7756519317626953,0.016393441706895828
1308,ACH-000759,0.8163271546363831,-0.7317954897880554,1.4005101919174194,0.14761239290237427,True,-3.804821014404297,0.96875,-3.8628038682315107,0.06425841152667999,-5.0,-3.7662668228149414,-4.394364833831787,-3.706197738647461,0.0
1309,ACH-000768,-1.6017768383026123,-3.102125644683838,1.3642469644546509,0.13610190153121948,True,-3.9843435287475586,0.890625,-3.8749578342831152,0.09808143973350525,-5.0,-3.859614133834839,-4.709789276123047,-3.797050952911377,0.0
1310,ACH-000783,0.42215681076049805,-1.0558453798294067,1.3274353742599487,0.15056681632995605,True,-3.904409408569336,0.9375,-3.8779029917117374,0.14580360054969788,-5.0,-3.8313703536987305,-4.260331630706787,-3.798860788345337,0.0
1311,ACH-000818,-3.0933785438537598,-4.479046821594238,1.2472443580627441,0.13842378556728363,True,-3.3053414821624756,0.828125,-3.8206468407568113,0.11676634848117828,-5.0,-2.953619956970215,-3.528528928756714,-2.8102686405181885,0.0
1312,ACH-000828,0.5696573257446289,-0.9580388069152832,1.3850518465042114,0.1426442265510559,True,-3.390171766281128,0.890625,-3.777599333309243,0.13178013265132904,-5.0,-3.1924734115600586,-4.122128486633301,-2.9764914512634277,0.0
1313,ACH-000849,-0.9664943218231201,-2.4787466526031494,1.3779017925262451,0.1343505084514618,True,-3.8463172912597656,0.953125,-3.784471129104295,0.07200682163238525,-5.0,-3.789578676223755,-4.700740814208984,-3.652202606201172,0.0
1314,ACH-000856,-0.937888503074646,-2.360896110534668,1.277302861213684,0.1457047164440155,True,-3.7893526554107666,0.921875,-3.7849592817349422,0.08505041897296906,-5.0,-3.686755418777466,-4.59743595123291,-3.569984197616577,0.0
1315,ACH-000857,0.4475390911102295,-1.020529866218567,1.320742130279541,0.14732681214809418,True,-3.8708128929138184,0.953125,-3.79354464285283,0.1050453633069992,-5.0,-3.815279245376587,-4.583139896392822,-3.224508285522461,0.0
1316,ACH-000859,-2.6449337005615234,-4.137835502624512,1.3531221151351929,0.13977983593940735,True,-3.947476387023926,0.921875,-3.8089378172699395,0.04989587515592575,-5.0,-3.858279228210449,-4.990062236785889,-3.8024463653564453,0.0
1317,ACH-000876,-0.0751028060913086,-1.5804111957550049,1.3639272451400757,0.1413811445236206,True,-3.8890600204467773,0.96875,-3.8169500375876235,0.07581375539302826,-5.0,-3.8532230854034424,-4.677287578582764,-3.7637569904327393,0.0
1318,ACH-000902,0.7575515508651733,-0.7135682106018066,1.3247178792953491,0.14640183746814728,True,-3.806675910949707,0.984375,-3.815922624923832,0.08226130902767181,-5.0,-3.7877345085144043,-4.474311828613281,-3.700496196746826,0.0
1319,ACH-000910,0.599105954170227,-0.8840582370758057,1.3419115543365479,0.14125263690948486,True,-3.874823808670044,0.984375,-3.821812743298453,0.07019996643066406,-5.0,-3.856964349746704,-5.455077648162842,-3.720201253890991,0.01587301678955555
1320,ACH-000927,-2.3324882984161377,-3.798779010772705,1.326810359954834,0.1394803524017334,True,-3.9373879432678223,0.859375,-3.83337026329539,0.06395392119884491,-5.0,-3.7635059356689453,-4.6535491943359375,-3.738924741744995,0.0
1321,ACH-000930,-0.42802226543426514,-1.8592288494110107,1.2836304903030396,0.14757606387138367,True,-3.942080020904541,0.953125,-3.8442412390563048,0.09677338600158691,-5.0,-3.8900506496429443,-4.711963653564453,-3.7682502269744873,0.0
1322,ACH-000934,-0.5550758838653564,-2.0085158348083496,1.313031792640686,0.14040817320346832,True,-3.930039882659912,0.90625,-3.8528211034166655,0.08382995426654816,-5.0,-3.819354295730591,-4.35548210144043,-3.7715301513671875,0.0
1323,ACH-001390,0.7107342481613159,-0.7201031446456909,1.3137749433517456,0.11706238985061646,True,-3.8690006732940674,0.96875,-3.8544390604044056,0.10751832276582718,-5.0,-3.83251690864563,-4.469577789306641,-3.758772373199463,0.0
1324,ACH-001819,0.34927332401275635,-1.2153326272964478,1.4211750030517578,0.1434309482574463,True,-3.7151994705200195,0.96875,-3.840515101415967,0.04371000826358795,-5.0,-3.6737542152404785,-4.738680362701416,-3.6292343139648438,0.0
1325,ACH-001820,-0.6158474683761597,-2.086329936981201,1.322524905204773,0.14795759320259094,True,-3.9513096809387207,0.9375,-3.851594559368243,0.06225184351205826,-5.0,-3.881397008895874,-4.7429609298706055,-3.8037352561950684,0.0
1326,ACH-000017,-1.2672276496887207,-2.7020931243896484,1.294856309890747,0.14000916481018066,True,-3.892422914505005,0.9375,-3.855677394881919,0.08775472640991211,-5.0,-3.818584680557251,-4.799042701721191,-3.7551681995391846,0.0
1327,ACH-000019,0.9563405513763428,-0.4963952302932739,1.3124696016311646,0.14026620984077454,True,-3.8477094173431396,0.984375,-3.854880597128041,0.13957926630973816,-5.0,-3.8294193744659424,-4.771137237548828,-3.7737607955932617,0.0
1328,ACH-000044,-0.32349634170532227,-1.7034785747528076,1.2398966550827026,0.1400856375694275,True,-3.5161356925964355,0.890625,-3.82100610667488,0.09781420230865479,-5.0,-3.333906650543213,-5.186408996582031,-3.137155771255493,0.017543859779834747
1329,ACH-000097,0.8428666591644287,-0.5999807119369507,1.3175050020217896,0.12534233927726746,True,-3.868215799331665,0.984375,-3.8257270759405584,0.126491516828537,-5.0,-3.8502511978149414,-4.735925197601318,-3.8031845092773438,0.0
1330,ACH-000111,-1.9623734951019287,-3.42494797706604,1.3183252811431885,0.14424915611743927,True,-3.921252965927124,0.90625,-3.8352796649392147,0.07616840302944183,-5.0,-3.8096585273742676,-4.767462730407715,-3.440772771835327,0.0
1331,ACH-000117,-0.9644889831542969,-2.4341819286346436,1.3278717994689941,0.14182117581367493,True,-3.9270520210266113,0.953125,-3.8444569005479545,0.05551593005657196,-5.0,-3.874283790588379,-4.708363056182861,-3.7782492637634277,0.0
1332,ACH-000147,-2.209932327270508,-3.769106149673462,1.4100160598754883,0.14915765821933746,True,-4.018605709075928,0.890625,-3.861871781400752,0.08813537657260895,-5.0,-3.8980836868286133,-5.784286975860596,-3.7400457859039307,0.035087719559669495
1333,ACH-000148,-1.404924988746643,-2.962376117706299,1.4137529134750366,0.14369826018810272,True,-3.9766554832458496,0.90625,-3.8733501515852615,0.08153340220451355,-5.0,-3.8707921504974365,-4.658992767333984,-3.8034451007843018,0.0
1334,ACH-000196,0.22415244579315186,-1.2673333883285522,1.3436771631240845,0.14780867099761963,True,-3.6696152687072754,0.96875,-3.8529766632974627,0.06043550744652748,-5.0,-3.626699447631836,-4.53208065032959,-3.554774761199951,0.0
1335,ACH-000212,0.08694756031036377,-1.3583422899246216,1.3041828870773315,0.14110690355300903,True,-3.9017221927642822,0.96875,-3.857851216244145,0.0450500026345253,-5.0,-3.866293430328369,-4.745846271514893,-3.802515983581543,0.0
1336,ACH-000223,-1.3876906633377075,-2.8667705059051514,1.3389124870300293,0.14016735553741455,True,-4.033420085906982,0.921875,-3.875408103210429,0.05377434939146042,-5.0,-3.9515066146850586,-5.013206481933594,-3.58894681930542,0.033898305147886276
1337,ACH-000248,-0.5873599052429199,-2.0592103004455566,1.3246575593948364,0.14719288051128387,True,-3.8277294635772705,0.96875,-3.870640239247113,0.04429982602596283,-5.0,-3.789914131164551,-4.467369079589844,-3.711641788482666,0.0
1338,ACH-000258,0.3331186771392822,-1.1281263828277588,1.3125296831130981,0.14871537685394287,True,-3.737722635269165,0.9375,-3.8573484788493184,0.09963837265968323,-5.0,-3.6535708904266357,-4.625025272369385,-3.5404019355773926,0.0
1339,ACH-000276,0.6745446920394897,-0.7303327322006226,1.2678700685501099,0.13700738549232483,True,-3.8972482681274414,0.984375,-3.861338457777131,0.11015253514051437,-5.0,-3.879744529724121,-4.706806182861328,-3.788621187210083,0.0
1340,ACH-000277,-0.8278974294662476,-2.30511212348938,1.3325902223587036,0.1446245014667511,True,-3.830758571624756,0.921875,-3.8582804691618935,0.06794488430023193,-5.0,-3.731670379638672,-4.341589450836182,-3.6917104721069336,0.0
1341,ACH-000288,0.5295048952102661,-1.0425821542739868,1.4283217191696167,0.14376534521579742,True,-3.888620615005493,0.984375,-3.8613144837462534,0.07572063058614731,-5.0,-3.8709797859191895,-4.738454818725586,-3.8034586906433105,0.0
1342,ACH-000330,-0.5401750802993774,-1.9731719493865967,1.2912623882293701,0.1417345106601715,True,-3.9554593563079834,0.953125,-3.8707289710024266,0.07135576009750366,-5.0,-3.904088020324707,-4.687503337860107,-3.784060478210449,0.0
1343,ACH-000349,-0.6324708461761475,-2.1495516300201416,1.3614908456802368,0.15558993816375732,True,-3.9969100952148438,0.953125,-3.8833470834236685,0.06265384703874588,-5.0,-3.947577476501465,-5.011055946350098,-3.801913261413574,0.016393441706895828
1344,ACH-000352,0.5486428737640381,-0.9477884769439697,1.347998857498169,0.14843252301216125,True,-3.6663742065429688,0.9375,-3.861649795735598,0.05706627294421196,-5.0,-3.5774660110473633,-4.149500846862793,-3.4559073448181152,0.0
1345,ACH-000374,-0.8265218734741211,-2.268573760986328,1.3025522232055664,0.1394997239112854,True,-3.931614637374878,0.953125,-3.8686462798995263,0.06607343256473541,-5.0,-3.8790712356567383,-5.0360589027404785,-3.7987263202667236,0.016393441706895828
1346,ACH-000536,0.8755074143409729,-0.548608124256134,1.2857869863510132,0.13832852244377136,True,-3.895885944366455,0.96875,-3.871370246346219,0.08080947399139404,-5.0,-3.86026930809021,-4.7465972900390625,-3.5891761779785156,0.0
1347,ACH-000554,-0.5257279872894287,-2.0241854190826416,1.3543980121612549,0.14405936002731323,True,-3.9221956729888916,0.9375,-3.8764527890104863,0.04095187783241272,-5.0,-3.850342035293579,-4.740810394287109,-3.795877456665039,0.0
1348,ACH-000568,0.1744976043701172,-1.2766358852386475,1.3077731132507324,0.14336040616035461,True,-3.629220962524414,0.953125,-3.851729606361879,0.047270916402339935,-5.0,-3.561805486679077,-4.154263973236084,-3.469183921813965,0.0
1349,ACH-000573,1.1035394668579102,-0.34471410512924194,1.302270770072937,0.14598290622234344,True,-3.7328081130981445,0.984375,-3.8398374570355056,0.13023188710212708,-5.0,-3.7126941680908203,-4.548128604888916,-3.4510679244995117,0.0
1350,ACH-000621,-1.1644197702407837,-2.6550934314727783,1.3500926494598389,0.14058104157447815,True,-3.945723056793213,0.921875,-3.850426017011276,0.0914611667394638,-5.0,-3.856377601623535,-4.867466449737549,-3.8033125400543213,0.0
1351,ACH-000624,-0.32282447814941406,-1.8458552360534668,1.3783073425292969,0.14472343027591705,True,-3.787475109100342,0.953125,-3.8441309262201826,0.0884358137845993,-5.0,-3.7278425693511963,-5.187558650970459,-3.636064291000366,0.016393441706895828
1352,ACH-000643,1.2485711574554443,-0.26730912923812866,1.3717739582061768,0.14410638809204102,True,-3.8608479499816895,1.0,-3.845802628596333,0.16143734753131866,-5.0,-3.8608479499816895,-4.568678379058838,-3.8035449981689453,0.0
1353,ACH-000668,-0.6881463527679443,-2.2148044109344482,1.3782734870910645,0.14838460087776184,True,-3.8625714778900146,0.953125,-3.8474795135257014,0.058310188353061676,-5.0,-3.8066325187683105,-4.452599048614502,-3.7773237228393555,0.0
1354,ACH-000691,1.0935542583465576,-0.3395070731639862,1.2981022596359253,0.13495910167694092,True,-3.813350200653076,1.0,-3.844066582238439,0.11444820463657379,-5.0,-3.813350200653076,-4.857935905456543,-3.714376211166382,0.0
1355,ACH-000699,-2.2472128868103027,-3.6771891117095947,1.2838467359542847,0.1461295187473297,True,-3.9375128746032715,0.921875,-3.8534112114749224,0.04275256395339966,-5.0,-3.8474717140197754,-4.73187780380249,-3.790212631225586,0.0
1356,ACH-000711,-0.8155841827392578,-2.2626962661743164,1.3061320781707764,0.1409800499677658,True,-3.9038877487182617,0.9375,-3.8584588651992564,0.042712535709142685,-5.0,-3.8308138847351074,-4.713893890380859,-3.7923433780670166,0.0
1357,ACH-000725,-0.41355228424072266,-1.8812119960784912,1.3313533067703247,0.13630634546279907,True,-3.930619239807129,0.953125,-3.8656749026600434,0.0883830189704895,-5.0,-3.8780264854431152,-4.744190216064453,-3.798983097076416,0.0
1358,ACH-000755,0.23411953449249268,-1.223359227180481,1.3222445249557495,0.13523417711257935,True,-3.905686378479004,0.9375,-3.8696760502419396,0.08489207923412323,-5.0,-3.832732677459717,-4.702614784240723,-3.5574023723602295,0.0
1359,ACH-000759,-1.1629221439361572,-2.6495683193206787,1.346122145652771,0.14052408933639526,True,-3.8726444244384766,0.921875,-3.8699728876615933,0.06761303544044495,-5.0,-3.7771058082580566,-4.567963123321533,-3.71726393699646,0.0
1360,ACH-000768,-0.08686244487762451,-1.6432608366012573,1.4233286380767822,0.13306975364685059,True,-3.992426872253418,0.90625,-3.8822182861207755,0.09746103733778,-5.0,-3.888195037841797,-4.907782077789307,-3.797050952911377,0.0
1361,ACH-000783,0.08039474487304688,-1.3948699235916138,1.3278865814208984,0.14737805724143982,True,-3.8619580268859863,0.96875,-3.8801922601972967,0.05478958785533905,-5.0,-3.825246810913086,-4.400964260101318,-3.798860788345337,0.0
1362,ACH-000818,-1.1628875732421875,-2.570590019226074,1.2620774507522583,0.1456250548362732,True,-3.176025390625,0.890625,-3.809775573240067,0.08144126087427139,-5.0,-2.952028512954712,-3.439819812774658,-2.8102686405181885,0.0
1363,ACH-000828,0.3449697494506836,-1.13657808303833,1.3380100727081299,0.1435377299785614,True,-3.255009412765503,0.9375,-3.754298957192611,0.07369578629732132,-5.0,-3.1386771202087402,-3.609839916229248,-2.9764914512634277,0.0
1364,ACH-000849,1.241243839263916,-0.2863643765449524,1.3923150300979614,0.13529329001903534,True,-3.737239122390747,1.0,-3.7525929737124244,0.11548877507448196,-5.0,-3.737239122390747,-4.448180198669434,-3.65220308303833,0.0
1365,ACH-000856,1.1246323585510254,-0.2773246765136719,1.2659262418746948,0.13603077828884125,True,-3.645732879638672,1.0,-3.741906964305049,0.07619129121303558,-5.0,-3.645732879638672,-4.303940296173096,-3.5699844360351562,0.0
1366,ACH-000857,-0.8249973058700562,-2.3153555393218994,1.3572123050689697,0.13314589858055115,True,-3.890713691711426,0.921875,-3.7567876370456865,0.08330315351486206,-5.0,-3.7967066764831543,-4.478355407714844,-3.715911865234375,0.0
1367,ACH-000859,0.7606099247932434,-0.7361876368522644,1.3519232273101807,0.14487439393997192,True,-3.9151697158813477,0.984375,-3.7726258449292525,0.09274397790431976,-5.0,-3.8979504108428955,-4.7457122802734375,-3.8024463653564453,0.0
1368,ACH-000876,1.1599814891815186,-0.3008594810962677,1.3182098865509033,0.14263099431991577,True,-3.818061351776123,1.0,-3.7771693956139396,0.17277276515960693,-5.0,-3.818061351776123,-4.421118259429932,-3.7637569904327393,0.0
1369,ACH-000902,-1.4614495038986206,-2.96384596824646,1.365119218826294,0.1372772753238678,True,-3.878910541534424,0.9375,-3.787343510205988,0.048269834369421005,-5.0,-3.804171323776245,-4.43992805480957,-3.700496196746826,0.0
1370,ACH-000910,0.35066449642181396,-1.074488639831543,1.293378233909607,0.13177490234375,True,-3.895390033721924,0.953125,-3.7981481625575815,0.08209161460399628,-5.0,-3.841064691543579,-4.738892078399658,-3.700479507446289,0.0
1371,ACH-000927,0.3544870615005493,-1.0684846639633179,1.2853021621704102,0.13766953349113464,True,-3.846184730529785,0.9375,-3.8029518193548015,0.07610086351633072,-5.0,-3.769263982772827,-4.6535491943359375,-3.738924741744995,0.0
1372,ACH-000930,-0.4147453308105469,-1.8592793941497803,1.3090900182724,0.1354440450668335,True,-3.8867263793945312,0.953125,-3.811329275358774,0.08605366945266724,-5.0,-3.831974983215332,-4.764216423034668,-3.5870022773742676,0.0
1373,ACH-000934,0.22079885005950928,-1.2412221431732178,1.3207517862319946,0.14126917719841003,True,-3.9356136322021484,0.96875,-3.8237577110431116,0.09190699458122253,-5.0,-3.901278495788574,-4.635239601135254,-3.7715301513671875,0.0
1374,ACH-001390,-0.016201257705688477,-1.4337211847305298,1.3016990423202515,0.11582092940807343,True,-3.9004523754119873,0.953125,-3.831427177479999,0.04264418035745621,-5.0,-3.8463761806488037,-5.023115634918213,-3.802349328994751,0.016393441706895828
1375,ACH-001819,0.15393352508544922,-1.261844515800476,1.277709722518921,0.138068288564682,True,-3.7428016662597656,0.96875,-3.822564626357975,0.05934714898467064,-5.0,-3.70224666595459,-4.60009765625,-3.6279778480529785,0.0
1376,ACH-001820,0.3115396499633789,-1.1124769449234009,1.2855128049850464,0.13850383460521698,True,-3.9022912979125977,0.953125,-3.830537293513437,0.09440590441226959,-5.0,-3.8483054637908936,-4.660526275634766,-3.8037352561950684,0.0
1377,ACH-000017,0.5572770833969116,-0.8506437540054321,1.2744476795196533,0.1334732174873352,True,-3.893069267272949,0.953125,-3.8367904908893884,0.1570545732975006,-5.0,-3.838629722595215,-4.800403594970703,-3.600390911102295,0.0
1378,ACH-000019,0.09584486484527588,-1.4008864164352417,1.3595213890075684,0.13720983266830444,True,-3.9020748138427734,0.9375,-3.843318923184727,0.10535025596618652,-5.0,-3.8288800716400146,-4.646883964538574,-3.7737607955932617,0.0
1379,ACH-000044,-0.6657360792160034,-2.01409649848938,1.210192084312439,0.1381683051586151,True,-3.4415202140808105,0.90625,-3.8031390522743354,0.10199321806430817,-5.0,-3.2802982330322266,-4.7740397453308105,-3.137155771255493,0.0
1380,ACH-000097,-0.0928201675415039,-1.5301902294158936,1.3139415979385376,0.12342846393585205,True,-3.8532485961914062,0.96875,-3.8081500066660423,0.047627873718738556,-5.0,-3.816256523132324,-4.026395320892334,-3.8031845092773438,0.0
1381,ACH-000111,0.7913416624069214,-0.6552298069000244,1.3052968978881836,0.1412746012210846,True,-3.837705135345459,0.984375,-3.811105519533984,0.09869565069675446,-5.0,-3.81925630569458,-4.574213027954102,-3.739835739135742,0.0
1382,ACH-000117,-1.4368857145309448,-2.8748691082000732,1.2989505529403687,0.13903284072875977,True,-3.8783984184265137,0.953125,-3.817834809423237,0.03606879338622093,-5.0,-3.823237419128418,-4.708363056182861,-3.2492566108703613,0.0
1383,ACH-000147,-0.8851766586303711,-2.4324097633361816,1.405397891998291,0.14183522760868073,True,-3.9848501682281494,0.90625,-3.8345363453037278,0.07731617242097855,-5.0,-3.8798348903656006,-5.038849830627441,-3.7920432090759277,0.017241379246115685
1384,ACH-000148,-1.168460488319397,-2.6914422512054443,1.386720061302185,0.1362617015838623,True,-4.043364524841309,0.90625,-3.855419163257486,0.058143407106399536,-5.0,-3.9444024562835693,-4.802168846130371,-3.8034451007843018,0.0
1385,ACH-000196,1.074727177619934,-0.38825324177742004,1.3206053972244263,0.14237496256828308,True,-3.646470785140991,0.984375,-3.8345243254458365,0.06610090285539627,-5.0,-3.624986410140991,-4.541825294494629,-1.8032344579696655,0.0
1386,ACH-000212,0.6560535430908203,-0.790233850479126,1.3079876899719238,0.13829976320266724,True,-3.876227855682373,0.96875,-3.83869467846949,0.06656307727098465,-5.0,-3.8399770259857178,-4.745846271514893,-3.802515983581543,0.0
1387,ACH-000223,0.8840931057929993,-0.5515968203544617,1.3016172647476196,0.13407260179519653,True,-3.8997626304626465,1.0,-3.844801473668806,0.1435808688402176,-5.0,-3.8997626304626465,-4.977197170257568,-3.784545421600342,0.0
1388,ACH-000248,-1.2202333211898804,-2.7070698738098145,1.343328595161438,0.1435079276561737,True,-3.8736672401428223,0.9375,-3.8476880503162074,0.06076055020093918,-5.0,-3.7985785007476807,-4.467369079589844,-3.711641788482666,0.0
1389,ACH-000258,-0.8316806554794312,-2.3326797485351562,1.3619879484176636,0.13901111483573914,True,-3.788985252380371,0.90625,-3.8418177705226237,0.057706937193870544,-5.0,-3.663708209991455,-4.483593463897705,-3.5404019355773926,0.0
1390,ACH-000276,0.24575090408325195,-1.1544445753097534,1.2620199918746948,0.13817551732063293,True,-3.8822829723358154,0.984375,-3.845864290703943,0.0565299317240715,-5.0,-3.86454176902771,-4.667830944061279,-3.788621187210083,0.0
1391,ACH-000277,-0.28763675689697266,-1.7204896211624146,1.2934796810150146,0.13937315344810486,True,-3.850351572036743,0.921875,-3.8463130188372228,0.08225738257169724,-5.0,-3.7529239654541016,-4.527400970458984,-2.7389490604400635,0.0
1392,ACH-000288,-0.5584549903869629,-2.187258243560791,1.4899183511734009,0.13888491690158844,True,-3.9795944690704346,0.890625,-3.859641163860544,0.04848513752222061,-5.0,-3.8542819023132324,-4.738454818725586,-3.8034586906433105,0.0
1393,ACH-000330,-0.544158935546875,-1.9969031810760498,1.3086849451065063,0.14405930042266846,True,-3.859344959259033,0.96875,-3.859611543400393,0.035996973514556885,-5.0,-3.82254958152771,-4.667219638824463,-3.784060478210449,0.0
1394,ACH-000349,-0.37109315395355225,-1.7929635047912598,1.2823361158370972,0.13953423500061035,True,-3.9052584171295166,0.9375,-3.864176230773305,0.06628715991973877,-5.0,-3.8322761058807373,-4.729049205780029,-3.7395124435424805,0.0
1395,ACH-000352,0.47289061546325684,-0.9719822406768799,1.307328462600708,0.1375443935394287,True,-3.629340171813965,0.953125,-3.840692624877371,0.0625331699848175,-5.0,-3.5619304180145264,-4.1521477699279785,-3.4559073448181152,0.0
1396,ACH-000374,0.3829050064086914,-1.057958722114563,1.295998215675354,0.1448655128479004,True,-3.893829107284546,0.96875,-3.846006273118088,0.04209844022989273,-5.0,-3.8581459522247314,-4.942230224609375,-3.7987263202667236,0.0
1397,ACH-000536,0.2910759449005127,-1.1411277055740356,1.2933850288391113,0.13881860673427582,True,-3.883298873901367,0.953125,-3.8497355331964163,0.07189344614744186,-5.0,-3.828378915786743,-4.355907917022705,-3.802726984024048,0.0
1398,ACH-000554,-0.39682161808013916,-1.8378528356552124,1.298900842666626,0.1421303153038025,True,-3.8867239952087402,0.96875,-3.8534343793976484,0.058510418981313705,-5.0,-3.8508119583129883,-4.970806121826172,-3.7962820529937744,0.0
1399,ACH-000568,-0.4857984781265259,-1.9301750659942627,1.3032442331314087,0.1411323845386505,True,-3.6175785064697266,0.953125,-3.8298487921048565,0.06217293441295624,-5.0,-3.5495903491973877,-4.213039875030518,-3.469183921813965,0.0
1400,ACH-000573,0.8292566537857056,-0.6323950290679932,1.3194890022277832,0.14216268062591553,True,-3.790677547454834,0.96875,-3.8259316676398543,0.1526709794998169,-5.0,-3.751667022705078,-4.718785762786865,-3.5707783699035645,0.0
1401,ACH-000621,0.9348700046539307,-0.5518357753753662,1.341242790222168,0.14546304941177368,True,-3.8844311237335205,0.984375,-3.831781613249221,0.10068321973085403,-5.0,-3.8667240142822266,-4.736715793609619,-3.8033125400543213,0.0
1402,ACH-000624,-1.2098020315170288,-2.6540205478668213,1.298283338546753,0.14593517780303955,True,-3.7857666015625,0.9375,-3.827180112080549,0.06418750435113907,-5.0,-3.704817533493042,-4.4567461013793945,-3.636064291000366,0.0
1403,ACH-000643,-0.8909004926681519,-2.3548619747161865,1.3244504928588867,0.13951095938682556,True,-3.9422507286071777,0.90625,-3.8386871737332116,0.05804574489593506,-5.0,-3.8328282833099365,-4.216439723968506,-3.803544759750366,0.0
1404,ACH-000668,1.052215337753296,-0.4517327547073364,1.3592990636825562,0.14464905858039856,True,-3.836123466491699,0.984375,-3.83843080300906,0.0749993845820427,-5.0,-3.8176493644714355,-4.452599048614502,-3.7773237228393555,0.0
1405,ACH-000691,0.21316266059875488,-1.2531845569610596,1.3252466917037964,0.14110055565834045,True,-3.857950210571289,0.9375,-3.8403827437652827,0.1176004558801651,-5.0,-3.781813859939575,-4.521403789520264,-3.2240657806396484,0.0
1406,ACH-000699,-0.7161761522293091,-2.217378616333008,1.3610119819641113,0.14019043743610382,True,-3.9329538345336914,0.921875,-3.849639852842124,0.044627927243709564,-5.0,-3.8425261974334717,-4.8224897384643555,-3.790212631225586,0.0
1407,ACH-000711,0.5857630372047424,-0.8543731570243835,1.2997838258743286,0.14035239815711975,True,-3.9159326553344727,1.0,-3.8562691330913585,0.1078496053814888,-5.0,-3.9159326553344727,-4.727956771850586,-3.7923433780670166,0.0
1408,ACH-000725,-0.0472489595413208,-1.513136863708496,1.3298829793930054,0.13600492477416992,True,-3.879441976547241,0.984375,-3.858586417436947,0.06015792489051819,-5.0,-3.8616554737091064,-5.140813827514648,-3.798983097076416,0.01587301678955555
1409,ACH-000755,-0.9699742794036865,-2.4295055866241455,1.3185696601867676,0.14096170663833618,True,-3.923356056213379,0.921875,-3.8650633813145903,0.07552602887153625,-5.0,-3.8321149349212646,-4.641142845153809,-3.7756519317626953,0.0
1410,ACH-000759,0.8505846858024597,-0.5864165425300598,1.2972807884216309,0.13972042500972748,True,-3.785757064819336,0.96875,-3.8571327496650647,0.06702054291963577,-5.0,-3.7465877532958984,-4.273536682128906,-3.71726393699646,0.0
1411,ACH-000768,1.1580911874771118,-0.318505197763443,1.3424516916275024,0.1341446191072464,True,-3.8768837451934814,1.0,-3.8591078492179065,0.10292856395244598,-5.0,-3.8768837451934814,-4.725942611694336,-3.797050952911377,0.0
1412,ACH-000783,-0.011260747909545898,-1.4664311408996582,1.3186341524124146,0.13653627038002014,True,-3.8619487285614014,0.96875,-3.859391937152256,0.054778728634119034,-5.0,-3.825237274169922,-4.716585159301758,-3.7314107418060303,0.0
1413,ACH-000818,0.5779553055763245,-0.786977231502533,1.2291827201843262,0.13574984669685364,True,-3.151456832885742,0.90625,-3.7885984267256045,0.109051913022995,-5.0,-2.960228204727173,-4.456986427307129,-2.7422611713409424,0.0
1414,ACH-000828,0.6589715480804443,-0.7890357971191406,1.3087384700775146,0.13926883041858673,True,-3.1865720748901367,0.953125,-3.7283957915420576,0.05974746495485306,-5.0,-3.0973868370056152,-3.402531385421753,-2.9764914512634277,0.0
1415,ACH-000849,-0.18371820449829102,-1.6067801713943481,1.2944221496582031,0.1286398023366928,True,-3.8576483726501465,0.9375,-3.7413210496528664,0.08377400785684586,-5.0,-3.781491756439209,-4.451133728027344,-3.652202606201172,0.0
1416,ACH-000856,-0.31384313106536865,-1.7764543294906616,1.3230551481246948,0.13955602049827576,True,-3.73419451713562,0.984375,-3.7406083964011416,0.06145278364419937,-5.0,-3.7141025066375732,-4.806337833404541,-3.569984197616577,0.0
1417,ACH-000857,0.6349586844444275,-0.8652511239051819,1.363538146018982,0.13667160272598267,True,-3.814735174179077,0.96875,-3.7480210741789355,0.09869850426912308,-5.0,-3.776500701904297,-4.3612518310546875,-3.715911865234375,0.0
1418,ACH-000859,-0.4875262975692749,-1.9310723543167114,1.304682731628418,0.13886328041553497,True,-3.9392712116241455,0.9375,-3.7671460879234564,0.06465350091457367,-5.0,-3.868556499481201,-4.7457122802734375,-3.8024463653564453,0.0
1419,ACH-000876,0.23164033889770508,-1.2229232788085938,1.30801260471344,0.1465509533882141,True,-3.861072301864624,0.953125,-3.776538709317573,0.05327799916267395,-5.0,-3.8050594329833984,-4.421118259429932,-3.7637569904327393,0.0
1420,ACH-000902,0.5142974257469177,-0.9197211861610413,1.2966409921646118,0.13737767934799194,True,-3.791555166244507,0.96875,-3.7780403550102664,0.08938659727573395,-5.0,-3.752572774887085,-4.662298679351807,-3.700496196746826,0.0
1421,ACH-000910,0.054761409759521484,-1.3923230171203613,1.3114337921142578,0.1356506049633026,True,-3.870778799057007,0.96875,-3.7873141994149404,0.04454043507575989,-5.0,-3.8343522548675537,-4.773892879486084,-3.751059055328369,0.0
1422,ACH-000927,0.3032275438308716,-1.1095033884048462,1.2778130769729614,0.13491785526275635,True,-3.7913990020751953,0.984375,-3.7877226796809658,0.04751433804631233,-5.0,-3.7722151279449463,-4.619628429412842,-3.7230827808380127,0.0
1423,ACH-000930,0.45208990573883057,-1.0507858991622925,1.3687750101089478,0.13410085439682007,True,-3.863743543624878,1.0,-3.795324766075357,0.044226981699466705,-5.0,-3.863743543624878,-5.041727542877197,-3.7682502269744873,0.015625
1424,ACH-000934,-1.202216625213623,-2.643874168395996,1.306171178817749,0.13548636436462402,True,-3.9171009063720703,0.96875,-3.8075023801050283,0.0431891493499279,-5.0,-3.8821685314178467,-5.11744499206543,-3.7715301513671875,0.016129031777381897
1425,ACH-001390,0.8822269439697266,-0.5097912549972534,1.280048131942749,0.11197002977132797,True,-3.847219944000244,0.984375,-3.81147413649455,0.13220623135566711,-5.0,-3.8289220333099365,-4.383078575134277,-3.802349328994751,0.0
1426,ACH-001819,0.9288364052772522,-0.500590980052948,1.286348819732666,0.14307856559753418,True,-3.731663465499878,0.96875,-3.8034930693950826,0.17503857612609863,-5.0,-3.690749168395996,-4.378943920135498,-3.6279778480529785,0.0
1427,ACH-001820,-0.6862834692001343,-2.084778308868408,1.2660446166992188,0.13245025277137756,True,-3.890047073364258,0.96875,-3.812148469792,0.07251943647861481,-5.0,-3.8542423248291016,-4.661117076873779,-3.8037352561950684,0.0
1428,ACH-000017,0.8037188053131104,-0.5795838832855225,1.2521981000900269,0.13110463321208954,True,-3.824927568435669,0.96875,-3.813426379656367,0.14579516649246216,-5.0,-3.7870218753814697,-4.582335472106934,-3.7551681995391846,0.0
1429,ACH-000019,-0.005787491798400879,-1.4590513706207275,1.3256219625473022,0.12764187157154083,True,-3.9042162895202637,0.96875,-3.8225053706427565,0.06169705092906952,-5.0,-3.868868350982666,-5.0003252029418945,-3.7737607955932617,0.016129031777381897
1430,ACH-000044,1.369361162185669,-0.00934610515832901,1.2474135160446167,0.13129380345344543,True,-3.356924057006836,0.96875,-3.7759472392791644,0.15828745067119598,-5.0,-3.303921699523926,-4.379462718963623,-2.9663991928100586,0.0
1431,ACH-000097,-1.711755633354187,-3.1434073448181152,1.3104897737503052,0.12116194516420364,True,-3.952315330505371,0.9375,-3.793584048401785,0.060562171041965485,-5.0,-3.882469892501831,-4.735925197601318,-3.8031845092773438,0.0
1432,ACH-000111,-0.3799741268157959,-1.7716522216796875,1.2539775371551514,0.13770049810409546,True,-3.8810858726501465,0.96875,-3.802334230826621,0.06916271150112152,-5.0,-3.844991683959961,-4.6361403465271,-3.739835739135742,0.0
1433,ACH-000117,-1.4440491199493408,-2.8847177028656006,1.3076152801513672,0.13305333256721497,True,-3.9105677604675293,0.921875,-3.813157583790712,0.06926929950714111,-5.0,-3.8182430267333984,-4.708363056182861,-3.758457660675049,0.0
1434,ACH-000147,0.8369463682174683,-0.6902977228164673,1.3940669298171997,0.13317719101905823,True,-3.8608460426330566,0.96875,-3.8179264296749467,0.0792236328125,-5.0,-3.824099063873291,-4.494411468505859,-3.7920432090759277,0.0
1435,ACH-000148,0.4802117347717285,-1.0949052572250366,1.4406623840332031,0.1344546526670456,True,-3.899013042449951,0.96875,-3.826035090952447,0.0884053185582161,-5.0,-3.863497257232666,-4.854915618896484,-3.24066162109375,0.0
1436,ACH-000196,0.45539355278015137,-0.9685204029083252,1.2931104898452759,0.1308034062385559,True,-3.6883835792541504,0.953125,-3.812269939782617,0.10900247097015381,-5.0,-3.6238772869110107,-4.185368537902832,-3.554774761199951,0.0
1437,ACH-000212,-1.2250375747680664,-2.687319278717041,1.3206753730773926,0.14160627126693726,True,-3.911487340927124,0.921875,-3.8221916798970677,0.05121999979019165,-5.0,-3.8192408084869385,-4.19161319732666,-3.802515983581543,0.0
1438,ACH-000223,-0.5119082927703857,-1.9610233306884766,1.3121238946914673,0.13699117302894592,True,-3.88034725189209,0.9375,-3.82800723709657,0.061017654836177826,-5.0,-3.80570387840271,-4.444217681884766,-3.784545421600342,0.0
1439,ACH-000248,0.029349684715270996,-1.4200712442398071,1.3145804405212402,0.1348404437303543,True,-3.8923845291137695,0.953125,-3.83444496629829,0.0822220891714096,-5.0,-3.837911367416382,-4.999053001403809,-3.711641788482666,0.0
1440,ACH-000258,-1.0485165119171143,-2.4422473907470703,1.2620534896850586,0.13167734444141388,True,-3.6859726905822754,0.984375,-3.8195977387266886,0.03441407158970833,-5.0,-3.6651151180267334,-4.6615519523620605,-3.5404019355773926,0.0
1441,ACH-000276,1.0684471130371094,-0.36765018105506897,1.2967002391815186,0.1393970251083374,True,-3.858330249786377,1.0,-3.8234709898326575,0.10592009127140045,-5.0,-3.858330249786377,-4.935032844543457,-3.788620948791504,0.0
1442,ACH-000277,1.256143569946289,-0.17380785942077637,1.2940597534179688,0.13589172065258026,True,-3.7596912384033203,0.984375,-3.8170930146897235,0.12925708293914795,-5.0,-3.740004062652588,-4.507667541503906,-3.6809651851654053,0.0
1443,ACH-000288,-0.6822178363800049,-2.218073844909668,1.3995699882507324,0.1362859606742859,True,-3.9926199913024902,0.921875,-3.834645712351,0.058588020503520966,-5.0,-3.9072492122650146,-4.738454818725586,-3.8034586906433105,0.0
1444,ACH-000330,0.03043341636657715,-1.481557846069336,1.377401351928711,0.13458997011184692,True,-3.8671092987060547,0.953125,-3.837892070986505,0.06084508076310158,-5.0,-3.8113932609558105,-4.328856945037842,-3.784060478210449,0.0
1445,ACH-000349,-0.6492531299591064,-2.045917510986328,1.2637749910354614,0.13288933038711548,True,-3.9214749336242676,0.921875,-3.8462503572502813,0.05242293328046799,-5.0,-3.8300745487213135,-4.775416851043701,-3.801913261413574,0.0
1446,ACH-000352,0.22262144088745117,-1.2318717241287231,1.323094129562378,0.131399005651474,True,-3.6362862586975098,0.9375,-3.8252539473950042,0.08805430680513382,-5.0,-3.545372247695923,-4.149500846862793,-3.4559073448181152,0.0
1447,ACH-000374,-1.5320568084716797,-3.0000016689300537,1.3287770748138428,0.13916775584220886,True,-3.967825412750244,0.90625,-3.839511093930528,0.0829835832118988,-5.0,-3.861048936843872,-4.719408988952637,-3.7987263202667236,0.0
1448,ACH-000536,0.21632766723632812,-1.2079037427902222,1.2969096899032593,0.12732172012329102,True,-3.8799896240234375,0.96875,-3.8435589469398193,0.05571725219488144,-5.0,-3.843860149383545,-4.642189025878906,-3.802726984024048,0.0
1449,ACH-000554,1.2304654121398926,-0.21658113598823547,1.3104546070098877,0.13659195601940155,True,-3.823948860168457,0.984375,-3.8415979382626833,0.11060844361782074,-5.0,-3.805281639099121,-3.9805922508239746,-3.7962820529937744,0.0
1450,ACH-000568,-0.9932399988174438,-2.4679455757141113,1.3430639505386353,0.13164159655570984,True,-3.671569347381592,0.921875,-3.824595079174574,0.06089729815721512,-5.0,-3.558990478515625,-3.7982592582702637,-3.43673038482666,0.0
1451,ACH-000573,-1.2181272506713867,-2.576908826828003,1.228619933128357,0.13016170263290405,True,-3.8426098823547363,0.90625,-3.8263965594925904,0.09466128051280975,-5.0,-3.7228798866271973,-4.431588172912598,-3.658778190612793,0.0
1452,ACH-000621,0.7262903451919556,-0.7509034872055054,1.3396146297454834,0.13757918775081635,True,-3.8915467262268066,0.984375,-3.832911576166012,0.14585161209106445,-5.0,-3.8739523887634277,-4.904415607452393,-3.8033125400543213,0.0
1453,ACH-000624,1.0959582328796387,-0.43922603130340576,1.3907063007354736,0.1444779336452484,True,-3.7461133003234863,0.984375,-3.8242317485817594,0.09051366150379181,-5.0,-3.726210832595825,-4.677008628845215,-3.636064291000366,0.0
1454,ACH-000643,0.989567756652832,-0.44722414016723633,1.3016806840896606,0.13511115312576294,True,-3.8751156330108643,1.0,-3.82932013702467,0.055347561836242676,-5.0,-3.8751156330108643,-4.742500305175781,-3.8035449981689453,0.0
1455,ACH-000668,1.3965619802474976,-0.07967694103717804,1.340003252029419,0.136235773563385,True,-3.792447566986084,1.0,-3.825632880020811,0.14468541741371155,-5.0,-3.792447566986084,-4.102596759796143,-3.1643567085266113,0.0
1456,ACH-000691,0.06129252910614014,-1.4137779474258423,1.3381001949310303,0.13697031140327454,True,-3.81231689453125,0.96875,-3.824301281471855,0.05642222613096237,-5.0,-3.7740042209625244,-4.474231243133545,-3.714376211166382,0.0
1457,ACH-000699,-0.867398738861084,-2.3508317470550537,1.3468458652496338,0.13658714294433594,True,-3.9033122062683105,0.9375,-3.8322023739515,0.05132327228784561,-5.0,-3.830199956893921,-4.73187780380249,-3.7655396461486816,0.0
1458,ACH-000711,-0.36746442317962646,-1.77284574508667,1.2713446617126465,0.13403666019439697,True,-3.8838443756103516,0.96875,-3.8373665741173855,0.04747868701815605,-5.0,-3.84783935546875,-4.693536758422852,-2.4497900009155273,0.0
1459,ACH-000725,0.45537805557250977,-0.9982103109359741,1.321421504020691,0.13216683268547058,True,-3.8982882499694824,0.953125,-3.843458741702595,0.08460260927677155,-5.0,-3.8441054821014404,-4.744190216064453,-3.7873265743255615,0.0
1460,ACH-000755,-1.6418243646621704,-3.088165044784546,1.3144663572311401,0.13187429308891296,True,-3.879185438156128,0.953125,-3.847031411347948,0.03295864537358284,-5.0,-3.824063301086426,-4.702614784240723,-3.550175428390503,0.0
1461,ACH-000759,1.3547627925872803,-0.03173476457595825,1.2558813095092773,0.1306161880493164,True,-3.751438617706299,1.0,-3.8374721319837835,0.10955701768398285,-5.0,-3.751438617706299,-4.567963123321533,-3.52535080909729,0.0
1462,ACH-000768,1.0205364227294922,-0.4418758749961853,1.328750729560852,0.13366162776947021,True,-3.8651371002197266,0.984375,-3.840238628807378,0.10906627774238586,-5.0,-3.847123622894287,-4.61898946762085,-3.797050952911377,0.0
1463,ACH-000783,-0.1227567195892334,-1.5286517143249512,1.2759276628494263,0.12996730208396912,True,-3.921165704727173,0.953125,-3.8483313363993576,0.03581951558589935,-5.0,-3.8681082725524902,-4.727637767791748,-3.798860788345337,0.0
1464,ACH-000818,-1.016095519065857,-2.407740592956543,1.2579503059387207,0.13369472324848175,True,-3.148191452026367,0.90625,-3.7783173479620586,0.09325000643730164,-5.0,-2.956624984741211,-3.416343927383423,-2.873979091644287,0.0
1465,ACH-000828,-0.5431463718414307,-1.9849951267242432,1.311823844909668,0.13002493977546692,True,-3.3020873069763184,0.921875,-3.7306943438634845,0.0774846225976944,-5.0,-3.158196449279785,-3.6825172901153564,-2.9764914512634277,0.0
1466,ACH-000849,-0.47608768939971924,-1.8969656229019165,1.2972421646118164,0.12363578379154205,True,-3.864307403564453,0.9375,-3.7440556498335815,0.08308321237564087,-5.0,-3.7885947227478027,-4.725742340087891,-3.652202606201172,0.0
1467,ACH-000856,-1.9533061981201172,-3.3864009380340576,1.3063088655471802,0.12678585946559906,True,-3.7576684951782227,0.921875,-3.7454169343680457,0.05290503799915314,-5.0,-3.65238618850708,-4.451610565185547,-3.569984197616577,0.0
1468,ACH-000857,0.21105992794036865,-1.2264806032180786,1.3083947896957397,0.12914568185806274,True,-3.7746424674987793,0.984375,-3.7483394876811187,0.05002635717391968,-5.0,-3.755192518234253,-4.3453898429870605,-3.715911865234375,0.0
1469,ACH-000859,-0.285599946975708,-1.7329564094543457,1.3095719814300537,0.1377844661474228,True,-3.984636068344116,0.953125,-3.7719691457474185,0.05861712247133255,-5.0,-3.934699773788452,-5.041339874267578,-3.8024463653564453,0.016393441706895828
1470,ACH-000876,-2.4208295345306396,-3.8509063720703125,1.300373911857605,0.12970289587974548,True,-3.9084270000457764,0.921875,-3.7856149311772542,0.04461279883980751,-5.0,-3.815920829772949,-4.4547882080078125,-3.7637569904327393,0.0
1471,ACH-000902,-0.36901867389678955,-1.8023579120635986,1.3068645000457764,0.12647469341754913,True,-3.814762830734253,0.96875,-3.7885297211329543,0.051312465220689774,-5.0,-3.776529312133789,-4.4959821701049805,-3.700496196746826,0.0
1472,ACH-000910,-0.5603470802307129,-1.9465901851654053,1.256994366645813,0.1292486935853958,True,-3.892674446105957,0.921875,-3.7989441936302546,0.05686375871300697,-5.0,-3.7988333702087402,-4.571285247802734,-3.751059055328369,0.0
1473,ACH-000927,0.1388545036315918,-1.300235390663147,1.3112045526504517,0.1278853714466095,True,-3.848586082458496,0.953125,-3.803908382513079,0.060063011944293976,-5.0,-3.791959047317505,-4.393692493438721,-3.738924741744995,0.0
1474,ACH-000930,0.5816163420677185,-0.8404384255409241,1.2896859645843506,0.132368803024292,True,-3.862851858139038,0.984375,-3.809802730075675,0.04788176342844963,-5.0,-3.844802141189575,-4.624507427215576,-3.7682502269744873,0.0
1475,ACH-000934,-0.31857550144195557,-1.7181018590927124,1.264717698097229,0.13480865955352783,True,-3.93369197845459,0.953125,-3.8221916549135666,0.056134067475795746,-5.0,-3.8812503814697266,-4.943382263183594,-3.7715301513671875,0.0
1476,ACH-001390,1.097375750541687,-0.27635815739631653,1.2672723531723022,0.10646147280931473,True,-3.85524845123291,1.0,-3.825497334545501,0.10160143673419952,-5.0,-3.85524845123291,-4.469578266143799,-3.802349328994751,0.0
1477,ACH-001819,-1.0733826160430908,-2.532069444656372,1.3232675790786743,0.13541920483112335,True,-3.7736287117004395,0.921875,-3.820310472260995,0.062009479850530624,-5.0,-3.66969895362854,-4.378943920135498,-3.3628692626953125,0.0
1478,ACH-001820,0.594473659992218,-0.8859565854072571,1.3512755632400513,0.12915463745594025,True,-3.898533344268799,0.953125,-3.8281327594617753,0.11070151627063751,-5.0,-3.844362735748291,-4.7429609298706055,-3.8037352561950684,0.0
1479,ACH-000017,-5.609663009643555,-7.065667152404785,1.3247785568237305,0.1312258243560791,True,-3.90718412399292,0.9375,-3.8360378959148895,0.05530855804681778,-5.0,-3.83432936668396,-4.903069496154785,-3.7551681995391846,0.0
1480,ACH-000019,-2.215705156326294,-3.754244089126587,1.4044241905212402,0.13411471247673035,True,-3.970132350921631,0.890625,-3.8494473414155634,0.0877988189458847,-5.0,-3.8436574935913086,-4.714747428894043,-3.481367349624634,0.0
1481,ACH-000044,0.673924446105957,-0.6820697784423828,1.2262275218963623,0.12976670265197754,True,-3.3336033821105957,0.96875,-3.7978629454850665,0.0726030170917511,-5.0,-3.279848575592041,-3.8752284049987793,-3.224653482437134,0.0
1482,ACH-000097,-0.9370412826538086,-2.3017189502716064,1.2510379552841187,0.1136397272348404,True,-3.9028849601745605,0.953125,-3.808365146954016,0.04136411100625992,-5.0,-3.848928213119507,-4.735925197601318,-3.8031845092773438,0.0
1483,ACH-000111,0.36426711082458496,-1.0450799465179443,1.2740144729614258,0.1353326141834259,True,-3.833162784576416,0.984375,-3.810844910716256,0.04358769208192825,-5.0,-3.8146414756774902,-4.540568828582764,-3.739835739135742,0.0
1484,ACH-000117,0.547248125076294,-0.9094822406768799,1.3222287893295288,0.13450154662132263,True,-3.8384156227111816,0.96875,-3.8136019819157485,0.05569913238286972,-5.0,-3.8009450435638428,-4.393476486206055,-3.758457660675049,0.0
1485,ACH-000147,-1.4572677612304688,-3.027763843536377,1.4365108013153076,0.13398528099060059,True,-3.9256579875946045,0.921875,-3.824807582483634,0.0719568207859993,-5.0,-3.8346121311187744,-4.713663578033447,-3.7920432090759277,0.0
1486,ACH-000148,-0.3276991844177246,-1.8538057804107666,1.397179365158081,0.12892721593379974,True,-3.920543670654297,0.953125,-3.8343811913007,0.08332431316375732,-5.0,-3.86745548248291,-4.896864891052246,-3.8034451007843018,0.0
1487,ACH-000196,-2.288968086242676,-3.7108027935028076,1.2884883880615234,0.13334622979164124,True,-3.7969603538513184,0.9375,-3.830639107555762,0.030455267056822777,-5.0,-3.7167580127716064,-4.546877861022949,-3.554774761199951,0.0
1488,ACH-000212,0.9825326800346375,-0.45276349782943726,1.2983430624008179,0.13695313036441803,True,-3.870151996612549,0.96875,-3.834590396461441,0.12163965404033661,-5.0,-3.833705186843872,-4.745846271514893,-3.632516384124756,0.0
1489,ACH-000223,-0.22265493869781494,-1.6577352285385132,1.3049429655075073,0.13013732433319092,True,-3.8809046745300293,0.953125,-3.8392218242683,0.04833997040987015,-5.0,-3.825866937637329,-4.559540748596191,-3.784545421600342,0.0
1490,ACH-000248,0.21880805492401123,-1.1643680334091187,1.2465176582336426,0.1366584599018097,True,-3.8393802642822266,0.953125,-3.8392376682696927,0.07947809994220734,-5.0,-3.7823004722595215,-4.768212795257568,-3.711641788482666,0.0
1491,ACH-000258,-0.9513084888458252,-2.4054322242736816,1.319822072982788,0.13430166244506836,True,-3.728761911392212,0.96875,-3.8281900925819445,0.06245245039463043,-5.0,-3.6877541542053223,-5.465768337249756,-3.5404019355773926,0.016129031777381897
1492,ACH-000276,1.353440284729004,-0.06380343437194824,1.2895344495773315,0.12770920991897583,True,-3.831357955932617,0.96875,-3.828506878917012,0.11389633268117905,-5.0,-3.7936596870422363,-4.460654258728027,-2.032339572906494,0.0
1493,ACH-000277,-1.0333938598632812,-2.4652504920959473,1.2997967004776,0.13205988705158234,True,-3.79406476020813,0.953125,-3.8250626670461236,0.035288091748952866,-5.0,-3.7347562313079834,-4.507667541503906,-3.6917104721069336,0.0
1494,ACH-000288,0.44892191886901855,-1.1050920486450195,1.4236332178115845,0.13038071990013123,True,-3.8978185653686523,0.96875,-3.8323382568783764,0.10425855219364166,-5.0,-3.8622641563415527,-4.738454818725586,-3.8034586906433105,0.0
1495,ACH-000330,0.6766642928123474,-0.7904208302497864,1.3327081203460693,0.13437700271606445,True,-3.9066948890686035,0.984375,-3.8397739200973993,0.08773898333311081,-5.0,-3.889341354370117,-4.715680122375488,-3.784060478210449,0.0
1496,ACH-000349,0.9550136923789978,-0.46551138162612915,1.2910516262054443,0.12947344779968262,True,-3.874540328979492,0.984375,-3.8432505609856085,0.15735672414302826,-5.0,-3.856675863265991,-4.727781772613525,-3.801913261413574,0.0
1497,ACH-000352,0.5435960292816162,-0.9143896102905273,1.3248838186264038,0.13310185074806213,True,-3.6252846717834473,0.953125,-3.821453972065392,0.04681117832660675,-5.0,-3.557675838470459,-4.135425567626953,-3.4559073448181152,0.0
1498,ACH-000374,0.3933091163635254,-0.9509869813919067,1.2108912467956543,0.13340485095977783,True,-3.891256809234619,0.96875,-3.828434255782315,0.06146571785211563,-5.0,-3.8554906845092773,-4.715888977050781,-3.7987263202667236,0.0
1499,ACH-000536,0.6201603412628174,-0.7400436401367188,1.2315032482147217,0.12870076298713684,True,-3.876567840576172,0.96875,-3.8332476142617007,0.10548095405101776,-5.0,-3.8403279781341553,-4.59052038192749,-3.802726984024048,0.0
1500,ACH-000554,-0.022104263305664062,-1.4201459884643555,1.2712457180023193,0.12679606676101685,True,-3.893963575363159,0.953125,-3.8393192103718463,0.0974111557006836,-5.0,-3.8395681381225586,-4.740810394287109,-2.69808030128479,0.0
1501,ACH-000568,0.2284858226776123,-1.2095763683319092,1.308236837387085,0.12982535362243652,True,-3.668654680252075,0.9375,-3.822252757359869,0.09047824144363403,-5.0,-3.5798985958099365,-4.160295009613037,-3.5260331630706787,0.0
1502,ACH-000573,0.9148922562599182,-0.5507352948188782,1.3296164274215698,0.13601109385490417,True,-3.741744041442871,0.984375,-3.8142018857681688,0.07353212684392929,-5.0,-3.7217719554901123,-4.4698805809021,-3.658778429031372,0.0
1503,ACH-000621,0.9944837093353271,-0.4889640808105469,1.3502919673919678,0.13315576314926147,True,-3.8929195404052734,0.96875,-3.822073651231879,0.1160583570599556,-5.0,-3.8572070598602295,-4.72273588180542,-3.8033125400543213,0.0
1504,ACH-000624,-0.6083582639694214,-2.04026460647583,1.3025060892105103,0.12940028309822083,True,-3.7886550426483154,0.953125,-3.8187317903735227,0.03614721819758415,-5.0,-3.7290802001953125,-4.6939568519592285,-3.636064291000366,0.0
1505,ACH-000643,0.5414832234382629,-0.8470374941825867,1.2599314451217651,0.12858925759792328,True,-3.9009876251220703,0.96875,-3.8269573738483773,0.06608209758996964,-5.0,-3.865535259246826,-4.742500305175781,-3.803544759750366,0.0
1506,ACH-000668,0.7444904446601868,-0.7020755410194397,1.3156554698944092,0.1309104859828949,True,-3.861685276031494,0.984375,-3.830430164066689,0.10571373999118805,-5.0,-3.8436169624328613,-4.678694248199463,-3.7773237228393555,0.0
1507,ACH-000691,0.6994736194610596,-0.6808005571365356,1.2551623582839966,0.12511180341243744,True,-3.8027262687683105,0.96875,-3.8276597745368512,0.0754033774137497,-5.0,-3.7641046047210693,-4.474231243133545,-3.714376211166382,0.0
1508,ACH-000699,0.9630253314971924,-0.45713865756988525,1.2899304628372192,0.13023348152637482,True,-3.875617504119873,1.0,-3.832455547495153,0.08798876404762268,-5.0,-3.875617504119873,-4.731877326965332,-3.2977614402770996,0.0
1509,ACH-000711,0.641780436038971,-0.7458776831626892,1.2522001266479492,0.13545803725719452,True,-3.879941463470459,0.96875,-3.837204139092684,0.06742971390485764,-5.0,-3.8438103199005127,-4.598830699920654,-3.7051966190338135,0.0
1510,ACH-000725,0.02306222915649414,-1.3616832494735718,1.25331711769104,0.13142834603786469,True,-3.902562379837036,0.9375,-3.8437399631671187,0.07945305109024048,-5.0,-3.829400062561035,-4.584039211273193,-3.798983097076416,0.0
1511,ACH-000755,0.9859137535095215,-0.46817007660865784,1.3289135694503784,0.1251702606678009,True,-3.858997344970703,0.96875,-3.845265701347477,0.11713842302560806,-5.0,-3.822190761566162,-4.779079914093018,-3.7756519317626953,0.0
1512,ACH-000759,0.2842261791229248,-1.1252031326293945,1.2845393419265747,0.12488992512226105,True,-3.8269996643066406,0.96875,-3.8434390976433934,0.07941650599241257,-5.0,-3.78916072845459,-4.690972805023193,-3.71726393699646,0.0
1513,ACH-000768,-0.9703032970428467,-2.4991750717163086,1.4053744077682495,0.1234973594546318,True,-3.9214208126068115,0.921875,-3.851237269139735,0.08781667053699493,-5.0,-3.8300158977508545,-4.466648101806641,-3.797050952911377,0.0
1514,ACH-000783,0.5935021042823792,-0.7854785323143005,1.2492519617080688,0.12972871959209442,True,-3.8790183067321777,0.984375,-3.854015372898979,0.07915505766868591,-5.0,-3.861225128173828,-4.727637767791748,-3.798860788345337,0.0
1515,ACH-000818,1.0622847080230713,-0.2913229465484619,1.225068211555481,0.12853945791721344,True,-3.0349724292755127,0.953125,-3.7721110785366325,0.13797616958618164,-5.0,-2.9383318424224854,-3.5314157009124756,-2.8102686405181885,0.0
1516,ACH-000828,0.5274091362953186,-0.9485612511634827,1.3443580865859985,0.13161228597164154,True,-3.2271347045898438,0.9375,-3.7176134411419537,0.09161831438541412,-5.0,-3.1089439392089844,-3.66678524017334,-3.055307388305664,0.0
1517,ACH-000849,-0.09124577045440674,-1.5656605958938599,1.3507370948791504,0.12367770075798035,True,-3.8144853115081787,0.9375,-3.7273006281785763,0.08441415429115295,-5.0,-3.7354512214660645,-4.448180198669434,-3.652202606201172,0.0
1518,ACH-000856,-0.48124754428863525,-1.8734594583511353,1.264211654663086,0.12800024449825287,True,-3.7868990898132324,0.9375,-3.733260474342042,0.07185635715723038,-5.0,-3.7060258388519287,-4.579121112823486,-3.569984197616577,0.0
1519,ACH-000857,0.9527320265769958,-0.4469988942146301,1.2710866928100586,0.1286441683769226,True,-3.7934508323669434,0.984375,-3.739279510144532,0.10614369809627533,-5.0,-3.774299383163452,-4.478355407714844,-3.715911865234375,0.0
1520,ACH-000859,0.5197532176971436,-0.9078292846679688,1.3017878532409668,0.1257946789264679,True,-3.9011449813842773,0.96875,-3.7554660572685066,0.06234708055853844,-5.0,-3.8656978607177734,-5.086204528808594,-3.8024463653564453,0.016129031777381897
1521,ACH-000876,1.098626732826233,-0.2899068295955658,1.2609044313430786,0.1276291012763977,True,-3.7886271476745605,1.0,-3.7587821663091123,0.10775861889123917,-5.0,-3.7886271476745605,-4.37882137298584,-3.736146926879883,0.0
1522,ACH-000902,-0.4158879518508911,-1.8329808712005615,1.2926644086837769,0.12442854046821594,True,-3.861409902572632,0.9375,-3.769044939935464,0.05708873271942139,-5.0,-3.785504102706909,-4.43992805480957,-3.700496196746826,0.0
1523,ACH-000910,-0.5296194553375244,-1.9229427576065063,1.2754324674606323,0.11789081990718842,True,-3.872009754180908,0.953125,-3.7793414213600087,0.07033079862594604,-5.0,-3.8165345191955566,-4.571285247802734,-3.751059055328369,0.0
1524,ACH-000927,-1.0641076564788818,-2.5123236179351807,1.3215358257293701,0.12668007612228394,True,-3.889314651489258,0.90625,-3.7903387443729333,0.05304865539073944,-5.0,-3.774415969848633,-4.619628429412842,-3.738924741744995,0.0
1525,ACH-000930,0.6142585277557373,-0.814274787902832,1.3002163171768188,0.1283169686794281,True,-3.85852313041687,0.96875,-3.797157182977327,0.08353467285633087,-5.0,-3.8217012882232666,-4.532614707946777,-3.7002415657043457,0.0
1526,ACH-000934,-2.301051139831543,-3.6808502674102783,1.2542974948883057,0.12550178170204163,True,-3.9438908100128174,0.921875,-3.811830545680876,0.06855042278766632,-5.0,-3.8543903827667236,-4.638478755950928,-3.7715301513671875,0.0
1527,ACH-001390,-1.0571136474609375,-2.4072818756103516,1.2502433061599731,0.09992490708827972,True,-3.885995388031006,0.953125,-3.819247029915889,0.04388696700334549,-5.0,-3.8312079906463623,-4.59893274307251,-3.802349328994751,0.0
1528,ACH-001819,-0.2622263431549072,-1.6979576349258423,1.3059804439544678,0.12975086271762848,True,-3.778916835784912,0.953125,-3.8152140105027916,0.052544206380844116,-5.0,-3.7188632488250732,-4.378943920135498,-3.6279778480529785,0.0
1529,ACH-001820,1.1074415445327759,-0.29978111386299133,1.2842490673065186,0.12297351658344269,True,-3.8920035362243652,1.0,-3.822892963074949,0.11297387629747391,-5.0,-3.8920035362243652,-4.7429609298706055,-3.8037352561950684,0.0
1530,ACH-000017,0.10592937469482422,-1.2037659883499146,1.1875079870224,0.12218736112117767,True,-3.8652281761169434,0.953125,-3.8271264843791486,0.04918743669986725,-5.0,-3.809419631958008,-4.582335472106934,-3.7551681995391846,0.0
1531,ACH-000019,-2.86205792427063,-4.278968334197998,1.2972761392593384,0.11963432282209396,True,-3.9818103313446045,0.890625,-3.842594869075694,0.03177035599946976,-5.0,-3.8567698001861572,-4.646883964538574,-3.7737607955932617,0.0
1532,ACH-000044,-0.1172637939453125,-1.4595962762832642,1.2214834690093994,0.12084905803203583,True,-3.39274263381958,0.9375,-3.7976096455500827,0.06274233013391495,-5.0,-3.2855920791625977,-3.863645553588867,-3.137155771255493,0.0
1533,ACH-000097,0.9982929825782776,-0.415465772151947,1.304866909980774,0.10889187455177307,True,-3.883218288421631,1.0,-3.806170509837237,0.13366931676864624,-5.0,-3.883218288421631,-4.735925197601318,-3.8031845092773438,0.0
1534,ACH-000111,0.27459871768951416,-1.1481472253799438,1.2960609197616577,0.12668496370315552,True,-3.8302392959594727,0.96875,-3.8085773884494607,0.054097212851047516,-5.0,-3.7925050258636475,-4.540568828582764,-3.739835739135742,0.0
1535,ACH-000117,-0.10567450523376465,-1.503993272781372,1.2717570066452026,0.12656182050704956,True,-3.848045825958252,0.953125,-3.81252423220034,0.08155003935098648,-5.0,-3.7913920879364014,-4.164391040802002,-3.758457660675049,0.0
1536,ACH-000147,0.11440575122833252,-1.4266248941421509,1.4178909063339233,0.12313974648714066,True,-3.9205284118652344,0.953125,-3.823324650166829,0.11210228502750397,-5.0,-3.8674395084381104,-4.692320346832275,-3.26749849319458,0.0
1537,ACH-000148,0.502946138381958,-1.034316897392273,1.4033325910568237,0.13393041491508484,True,-3.9156594276428223,0.984375,-3.8325581279144285,0.051584430038928986,-5.0,-3.8984479904174805,-4.738646507263184,-3.8034451007843018,0.0
1538,ACH-000196,1.3767204284667969,-0.017620593309402466,1.2628860473632812,0.13145500421524048,True,-3.603745937347412,1.0,-3.809676908857727,0.12581780552864075,-5.0,-3.603745937347412,-3.9365286827087402,-3.554774761199951,0.0
1539,ACH-000212,-1.725548267364502,-3.153369903564453,1.3008633852005005,0.1269581913948059,True,-3.942030191421509,0.9375,-3.822912237114105,0.06616552174091339,-5.0,-3.8714993000030518,-4.795621871948242,-3.254833698272705,0.0
1540,ACH-000223,0.9159085750579834,-0.48426076769828796,1.2769278287887573,0.12324158102273941,True,-3.8529915809631348,0.984375,-3.825920171499008,0.07777564972639084,-5.0,-3.834785223007202,-4.720817565917969,-3.784545421600342,0.0
1541,ACH-000248,-0.9994951486587524,-2.48140811920166,1.3504210710525513,0.13149186968803406,True,-3.830170154571533,0.953125,-3.82634516980626,0.04690059274435043,-5.0,-3.772637367248535,-4.4209113121032715,-3.711641788482666,0.0
1542,ACH-000258,-0.7574164867401123,-2.1463401317596436,1.2599281072616577,0.12899558246135712,True,-3.7343077659606934,0.9375,-3.8171414294217034,0.07044939696788788,-5.0,-3.649928569793701,-4.336322784423828,-3.5404019355773926,0.0
1543,ACH-000276,-0.2766205072402954,-1.7481263875961304,1.3428666591644287,0.12863919138908386,True,-3.8703017234802246,0.96875,-3.8224574588275555,0.04091344773769379,-5.0,-3.833859443664551,-4.681424617767334,-3.788621187210083,0.0
1544,ACH-000277,-0.07745039463043213,-1.440550446510315,1.235077977180481,0.12802210450172424,True,-3.772368907928467,0.96875,-3.8174486037376467,0.05052545294165611,-5.0,-3.7327678203582764,-4.341589450836182,-3.669750690460205,0.0
1545,ACH-000288,-0.693000316619873,-2.1484484672546387,1.3337270021438599,0.12172111123800278,True,-3.9666943550109863,0.953125,-3.8323731788649806,0.12908756732940674,-5.0,-3.9158759117126465,-4.789180278778076,-3.8034586906433105,0.0
1546,ACH-000330,0.553408145904541,-0.804712176322937,1.2333202362060547,0.12480010837316513,True,-3.8831958770751953,0.953125,-3.8374554486860024,0.05285675451159477,-5.0,-3.82827091217041,-4.156580924987793,-3.784060478210449,0.0
1547,ACH-000349,-0.00671541690826416,-1.4195420742034912,1.2844575643539429,0.12836909294128418,True,-3.9054412841796875,0.953125,-3.8442540322353707,0.06462898850440979,-5.0,-3.8516104221343994,-4.694081783294678,-3.801913261413574,0.0
1548,ACH-000352,-1.563123345375061,-2.96517276763916,1.2781555652618408,0.1238938495516777,True,-3.682183265686035,0.921875,-3.828046955580437,0.05861358344554901,-5.0,-3.5705039501190186,-4.135425567626953,-3.4559073448181152,0.0
1549,ACH-000374,-2.282815933227539,-3.6777102947235107,1.2675502300262451,0.1273442655801773,True,-3.906765937805176,0.953125,-3.835918853802911,0.03954440727829933,-5.0,-3.8530001640319824,-4.715888977050781,-3.7987263202667236,0.0
1550,ACH-000536,-0.1174619197845459,-1.5350691080093384,1.2926503419876099,0.1249568834900856,True,-3.9441606998443604,0.96875,-3.8467430384070562,0.04636296629905701,-5.0,-3.9101014137268066,-4.7465972900390625,-3.802726984024048,0.0
1551,ACH-000554,1.1028807163238525,-0.28450506925582886,1.2613701820373535,0.12601570785045624,True,-3.858273983001709,1.0,-3.8478961328665218,0.13212886452674866,-5.0,-3.858273983001709,-4.740810394287109,-3.694490909576416,0.0
1552,ACH-000568,0.49579918384552,-0.9423509836196899,1.3101141452789307,0.12803596258163452,True,-3.6646485328674316,0.9375,-3.8295713728666128,0.12037581205368042,-5.0,-3.57562518119812,-4.4815568923950195,-3.469183921813965,0.0
1553,ACH-000573,-1.3412744998931885,-2.7375051975250244,1.271173119544983,0.1250576376914978,True,-3.7759697437286377,0.953125,-3.824211209952815,0.03209182992577553,-5.0,-3.715771436691284,-4.431588172912598,-3.654759168624878,0.0
1554,ACH-000621,0.5297412872314453,-0.8345260620117188,1.2458828687667847,0.1183844655752182,True,-3.892963409423828,0.984375,-3.8310864298999165,0.0642576813697815,-5.0,-3.875391721725464,-4.757144927978516,-3.8033125400543213,0.0
1555,ACH-000624,0.9878972768783569,-0.40575936436653137,1.269998550415039,0.12365804612636566,True,-3.739104747772217,1.0,-3.8218882616871466,0.08701811730861664,-5.0,-3.739104747772217,-4.583026885986328,-3.636064291000366,0.0
1556,ACH-000643,0.3467148542404175,-1.068804144859314,1.2861649990081787,0.12935400009155273,True,-3.8809685707092285,0.984375,-3.8277962925893547,0.062044136226177216,-5.0,-3.863206386566162,-4.709194183349609,-3.647611618041992,0.0
1557,ACH-000668,0.4793344736099243,-0.9186608791351318,1.2728962898254395,0.1250990480184555,True,-3.8696980476379395,0.984375,-3.8319864680942133,0.05348823219537735,-5.0,-3.851757049560547,-4.696225643157959,-3.7773237228393555,0.0
1558,ACH-000691,1.217970609664917,-0.20082828402519226,1.2931557893753052,0.12564317882061005,True,-3.7925820350646973,0.984375,-3.8280460247912615,0.09804433584213257,-5.0,-3.7734169960021973,-4.474231243133545,-3.462057590484619,0.0
1559,ACH-000699,0.5523784756660461,-0.7807977795600891,1.2135428190231323,0.11963348090648651,True,-3.8614230155944824,0.984375,-3.8313837238715833,0.07204895466566086,-5.0,-3.843350648880005,-4.8224897384643555,-3.790212631225586,0.0
1560,ACH-000711,1.0629736185073853,-0.29203304648399353,1.2322158813476562,0.12279079854488373,True,-3.85272216796875,1.0,-3.8335175682813,0.14553341269493103,-5.0,-3.85272216796875,-4.713893890380859,-3.7923433780670166,0.0
1561,ACH-000725,0.10489761829376221,-1.3010640144348145,1.2855517864227295,0.12040989100933075,True,-3.891831398010254,0.96875,-3.8393489512541956,0.0538470521569252,-5.0,-3.856083869934082,-4.835768699645996,-3.798983097076416,0.0
1562,ACH-000755,0.7416395545005798,-0.6295440793037415,1.24605393409729,0.12512966990470886,True,-3.8793652057647705,0.984375,-3.843350576705253,0.0906723216176033,-5.0,-3.8615775108337402,-4.946166515350342,-3.7756519317626953,0.0
1563,ACH-000759,0.2859523296356201,-1.1205130815505981,1.2837923765182495,0.12267301976680756,True,-3.8032755851745605,0.96875,-3.8393430775521837,0.06639774143695831,-5.0,-3.764671564102173,-4.567963123321533,-3.642712354660034,0.0
1564,ACH-000768,-0.0445631742477417,-1.4928393363952637,1.3239612579345703,0.12431485950946808,True,-3.961232900619507,0.921875,-3.8515320598589162,0.07027808576822281,-5.0,-3.873201847076416,-4.725942134857178,-3.797050952911377,0.0
1565,ACH-000783,0.6189128160476685,-0.7936469316482544,1.288859486579895,0.12370029836893082,True,-3.902085304260254,0.96875,-3.8565873842990497,0.0969076007604599,-5.0,-3.866668701171875,-4.716585159301758,-3.7486791610717773,0.0
1566,ACH-000818,-1.268982172012329,-2.607736825942993,1.2180123329162598,0.12074235081672668,True,-3.122262477874756,0.90625,-3.7831548936566204,0.07552678138017654,-5.0,-2.928013563156128,-3.5175509452819824,-2.8102686405181885,0.0
1567,ACH-000828,-1.0440953969955444,-2.484740734100342,1.322511911392212,0.11813339591026306,True,-3.3145713806152344,0.90625,-3.736296542352482,0.05994899570941925,-5.0,-3.140216588973999,-3.722402572631836,-2.9139981269836426,0.0
1568,ACH-000849,0.24906682968139648,-1.0970699787139893,1.2364965677261353,0.10964018106460571,True,-3.8032538890838623,0.953125,-3.74299227702562,0.0594530925154686,-5.0,-3.7443971633911133,-4.448180198669434,-3.652202606201172,0.0
1569,ACH-000856,-0.7921236753463745,-2.209646224975586,1.2979549169540405,0.1195676252245903,True,-3.7841129302978516,0.921875,-3.747104342352843,0.08373982459306717,-5.0,-3.6810717582702637,-4.634774208068848,-3.569984197616577,0.0
1570,ACH-000857,-2.024435043334961,-3.4154746532440186,1.2697999477386475,0.12123959511518478,True,-3.880666732788086,0.921875,-3.7604605813963676,0.05144621804356575,-5.0,-3.7858080863952637,-4.519443511962891,-3.715911865234375,0.0
1571,ACH-000859,0.10498249530792236,-1.2509808540344238,1.2295290231704712,0.1264342963695526,True,-3.9395856857299805,0.96875,-3.778373091829729,0.11632205545902252,-5.0,-3.905378580093384,-4.829713344573975,-3.8024463653564453,0.0
1572,ACH-000876,1.1433663368225098,-0.21986275911331177,1.237272024154663,0.1259571611881256,True,-3.8058581352233887,1.0,-3.7811215961690947,0.11843410134315491,-5.0,-3.8058581352233887,-4.654486179351807,-3.7487151622772217,0.0
1573,ACH-000902,-1.0686639547348022,-2.4618396759033203,1.2752376794815063,0.11793806403875351,True,-3.8535351753234863,0.9375,-3.788362954084534,0.048818089067935944,-5.0,-3.777104377746582,-4.760259628295898,-3.700496196746826,0.0
1574,ACH-000910,-0.9324727058410645,-2.3451037406921387,1.2923504114151,0.12028060853481293,True,-3.8690667152404785,0.953125,-3.796433330200128,0.029963215813040733,-5.0,-3.8134469985961914,-4.942961692810059,-3.686934471130371,0.0
1575,ACH-000927,-0.3958348035812378,-1.8335140943527222,1.3176796436309814,0.11999967694282532,True,-3.7833104133605957,0.984375,-3.795121038516175,0.027994617819786072,-5.0,-3.763998031616211,-4.660800457000732,-2.754767417907715,0.0
1576,ACH-000930,-1.0642528533935547,-2.460036516189575,1.2794655561447144,0.11631811410188675,True,-3.895404100418091,0.9375,-3.8051493447063667,0.04398277401924133,-5.0,-3.8217644691467285,-4.98943567276001,-3.7682502269744873,0.0
1577,ACH-000934,-0.7635374069213867,-2.1016931533813477,1.2121691703796387,0.12598653137683868,True,-3.9116833209991455,0.9375,-3.8158027423356446,0.08605223894119263,-5.0,-3.8391294479370117,-4.6293230056762695,-3.6283912658691406,0.0
1578,ACH-001390,0.18251657485961914,-1.1562408208847046,1.2384984493255615,0.10025899112224579,True,-3.8710544109344482,0.953125,-3.8213279091955252,0.07099491357803345,-5.0,-3.8155324459075928,-4.469577789306641,-3.729804515838623,0.0
1579,ACH-001819,-2.3293442726135254,-3.7066566944122314,1.257583498954773,0.1197289377450943,True,-3.708019733428955,0.96875,-3.809997091618868,0.03572054207324982,-5.0,-3.6663427352905273,-4.378943920135498,-3.6279778480529785,0.0
1580,ACH-001820,-0.1039038896560669,-1.49589204788208,1.2742842435836792,0.11770391464233398,True,-3.8806581497192383,0.953125,-3.8170631974289053,0.04316447675228119,-5.0,-3.825608253479004,-4.230446815490723,-3.8037352561950684,0.0
1581,ACH-000017,-0.05039334297180176,-1.371900200843811,1.2028659582138062,0.11864092946052551,True,-3.894810199737549,0.96875,-3.8248378976597697,0.09834226965904236,-5.0,-3.859158754348755,-4.582335472106934,-3.7551681995391846,0.0
1582,ACH-000019,-1.318353295326233,-2.734807014465332,1.2946585416793823,0.12179522216320038,True,-3.932919502258301,0.90625,-3.835646058119623,0.08612250536680222,-5.0,-3.8225319385528564,-4.635697364807129,-3.710754156112671,0.0
1583,ACH-000044,1.0558757781982422,-0.2869672179222107,1.2254362106323242,0.11740678548812866,True,-3.3622188568115234,0.953125,-3.788303337988813,0.11914476752281189,-5.0,-3.2816720008850098,-3.7098217010498047,-3.137155771255493,0.0
1584,ACH-000097,-0.08593463897705078,-1.4154069423675537,1.2250986099243164,0.10437367111444473,True,-3.928961753845215,0.96875,-3.802369179574453,0.051856718957424164,-5.0,-3.894412040710449,-4.735925197601318,-3.8031845092773438,0.0
1585,ACH-000111,0.11966323852539062,-1.2490181922912598,1.2454235553741455,0.12325793504714966,True,-3.8685028553009033,0.9375,-3.808982547147098,0.12111249566078186,-5.0,-3.793069839477539,-4.429070472717285,-3.5371785163879395,0.0
1586,ACH-000117,-0.7659074068069458,-2.1863608360290527,1.2999463081359863,0.12050709873437881,True,-3.9057974815368652,0.953125,-3.8186640405860746,0.05182121694087982,-5.0,-3.8519842624664307,-4.730311393737793,-3.7782492637634277,0.0
1587,ACH-000147,0.26945769786834717,-1.1848516464233398,1.326781988143921,0.12752732634544373,True,-3.921384572982788,0.96875,-3.828936093825746,0.06381212919950485,-5.0,-3.8865904808044434,-4.713663578033447,-3.7920432090759277,0.0
1588,ACH-000148,0.630042314529419,-0.9153722524642944,1.4241434335708618,0.12127108871936798,True,-3.8886055946350098,0.96875,-3.8349030439066727,0.07475266605615616,-5.0,-3.8527541160583496,-4.514616966247559,-3.8034451007843018,0.0
1589,ACH-000196,-0.11854636669158936,-1.4640213251113892,1.2242072820663452,0.12126762419939041,True,-3.6591696739196777,0.984375,-3.8173297069079735,0.03300345689058304,-5.0,-3.6378867626190186,-4.364399433135986,-3.554774761199951,0.0
1590,ACH-000212,-2.893068313598633,-4.371548175811768,1.3526983261108398,0.12578141689300537,True,-3.969430923461914,0.90625,-3.8325398285633674,0.04484829306602478,-5.0,-3.862820863723755,-4.6085076332092285,-3.802515983581543,0.0
1591,ACH-000223,-0.09258639812469482,-1.5614498853683472,1.3421391248703003,0.12672442197799683,True,-3.880666732788086,0.953125,-3.8373525189858393,0.037458471953868866,-5.0,-3.8256170749664307,-4.720817565917969,-3.784545421600342,0.0
1592,ACH-000248,-1.8782141208648682,-3.2438535690307617,1.2412817478179932,0.12435765564441681,True,-3.839688777923584,0.9375,-3.8375861448796136,0.05322151631116867,-5.0,-3.7623348236083984,-4.692047119140625,-3.711641788482666,0.0
1593,ACH-000258,-0.19489824771881104,-1.6194522380828857,1.3013180494308472,0.12323592603206635,True,-3.703028440475464,0.9375,-3.8241303744391986,0.08188630640506744,-5.0,-3.6165637969970703,-4.311169147491455,-3.1662209033966064,0.0
1594,ACH-000276,0.5063681602478027,-0.9088428020477295,1.294515609741211,0.1206953227519989,True,-3.8842666149139404,0.96875,-3.830143998486673,0.06683415919542313,-5.0,-3.8482751846313477,-4.702801704406738,-3.743892192840576,0.0
1595,ACH-000277,0.7395523190498352,-0.6268252730369568,1.2444411516189575,0.12193645536899567,True,-3.726973056793213,0.984375,-3.8198269043173267,0.05278227478265762,-5.0,-3.7067666053771973,-4.174914836883545,-2.738949775695801,0.0
1596,ACH-000288,1.0748772621154785,-0.48957559466362,1.4385313987731934,0.12592154741287231,True,-3.8994505405426025,1.0,-3.8277892679398544,0.15503300726413727,-5.0,-3.8994505405426025,-5.034789085388184,-3.8034586906433105,0.015625
1597,ACH-000330,0.8266911506652832,-0.6047606468200684,1.3101897239685059,0.12126202881336212,True,-3.9083023071289062,1.0,-3.8358405718587596,0.09435298293828964,-5.0,-3.9083023071289062,-4.991362571716309,-3.7840609550476074,0.0
1598,ACH-000349,-0.4585970640182495,-1.834078311920166,1.2514071464538574,0.1240740567445755,True,-3.934929847717285,0.9375,-3.845749499444612,0.05976581200957298,-5.0,-3.8639254570007324,-5.090764999389648,-3.7717909812927246,0.01666666753590107
1599,ACH-000352,-0.5175086259841919,-1.9225232601165771,1.2748721837997437,0.130142480134964,True,-3.617386817932129,0.96875,-3.822913231293364,0.03546278551220894,-5.0,-3.572786331176758,-4.31112003326416,-3.4559075832366943,0.0
1600,ACH-000374,0.8308423757553101,-0.5795235633850098,1.286712646484375,0.12365332990884781,True,-3.858570098876953,0.96875,-3.826478918051723,0.058616846799850464,-5.0,-3.821749687194824,-4.715888977050781,-3.7987263202667236,0.0
1601,ACH-000536,0.20128965377807617,-1.1820889711380005,1.265334129333496,0.11804452538490295,True,-3.915400981903076,0.953125,-3.835371124436858,0.053037822246551514,-5.0,-3.8620598316192627,-4.7465972900390625,-3.802726984024048,0.0
1602,ACH-000554,0.08895385265350342,-1.3252532482147217,1.2869457006454468,0.12726138532161713,True,-3.9290361404418945,0.953125,-3.8447376260373614,0.07713434100151062,-5.0,-3.876365900039673,-4.740810394287109,-3.7962820529937744,0.0
1603,ACH-000568,-2.7163875102996826,-4.106684684753418,1.2689690589904785,0.12132810801267624,True,-3.6938281059265137,0.921875,-3.8296466740262765,0.04779630899429321,-5.0,-3.5831356048583984,-4.221563339233398,-3.469183921813965,0.0
1604,ACH-000573,0.013584494590759277,-1.3796781301498413,1.2705447673797607,0.12271784991025925,True,-3.730717182159424,0.96875,-3.819753724839591,0.05388711765408516,-5.0,-3.689772367477417,-4.205522060394287,-3.658778429031372,0.0
1605,ACH-000621,-2.196990489959717,-3.601006507873535,1.2840969562530518,0.11991897970438004,True,-3.891387939453125,0.953125,-3.8269171463009446,0.04761306196451187,-5.0,-3.8368659019470215,-4.736715793609619,-3.8033125400543213,0.0
1606,ACH-000624,0.8657147884368896,-0.4686863422393799,1.2069251537322998,0.12747591733932495,True,-3.7357020378112793,0.96875,-3.817795635451978,0.13022908568382263,-5.0,-3.694918155670166,-4.216244697570801,-3.636064291000366,0.0
1607,ACH-000643,1.1666584014892578,-0.2900649607181549,1.3333128690719604,0.12341047078371048,True,-3.862043857574463,1.0,-3.8222204576642262,0.14691303670406342,-5.0,-3.862043857574463,-4.742500305175781,-3.5916032791137695,0.0
1608,ACH-000668,0.11153280735015869,-1.2570055723190308,1.2485612630844116,0.11997707188129425,True,-3.8825302124023438,0.9375,-3.8282514331380377,0.05904451012611389,-5.0,-3.808032512664795,-4.340826511383057,-3.7773237228393555,0.0
1609,ACH-000691,0.00929272174835205,-1.3727402687072754,1.2586398124694824,0.12339314818382263,True,-3.8698554039001465,0.953125,-3.8324118302142485,0.0848638117313385,-5.0,-3.814274311065674,-4.770524024963379,-3.714376211166382,0.0
1610,ACH-000699,0.4514240026473999,-0.908282995223999,1.2367026805877686,0.12300426512956619,True,-3.901580333709717,0.96875,-3.8393286805637956,0.07881179451942444,-5.0,-3.86614727973938,-4.73187780380249,-3.772911548614502,0.0
1611,ACH-000711,-0.7893157005310059,-2.1570825576782227,1.2369393110275269,0.13082757592201233,True,-3.8878517150878906,0.96875,-3.844180984016205,0.03674563392996788,-5.0,-3.851976156234741,-4.713893890380859,-3.7051966190338135,0.0
1612,ACH-000725,-0.43707799911499023,-1.8294748067855835,1.2699984312057495,0.12239836156368256,True,-3.905705213546753,0.96875,-3.85033340696926,0.07511155307292938,-5.0,-3.8704051971435547,-4.744190216064453,-3.2569446563720703,0.0
1613,ACH-000755,0.6978147029876709,-0.6652814149856567,1.2453769445419312,0.1177191436290741,True,-3.8345394134521484,0.984375,-3.8487540076175493,0.07376068085432053,-5.0,-3.816040277481079,-4.833676815032959,-3.7756519317626953,0.0
1614,ACH-000759,0.9782196283340454,-0.3903070390224457,1.2481210231781006,0.12040561437606812,True,-3.7953414916992188,1.0,-3.843412756025716,0.1397089958190918,-5.0,-3.7953414916992188,-4.729992389678955,-3.71726393699646,0.0
1615,ACH-000768,-2.1594526767730713,-3.638345718383789,1.3606292009353638,0.11826390027999878,True,-3.951442241668701,0.921875,-3.8542157045900147,0.06081480532884598,-5.0,-3.862581491470337,-4.725942134857178,-3.797050952911377,0.0
1616,ACH-000783,-0.28031253814697266,-1.7008775472640991,1.2991375923156738,0.12142745405435562,True,-3.951876163482666,0.9375,-3.86398175047928,0.035308174788951874,-5.0,-3.8820013999938965,-4.727637767791748,-3.798860788345337,0.0
1617,ACH-000818,-1.2684216499328613,-2.5939996242523193,1.2013362646102905,0.12424173951148987,True,-3.230031967163086,0.859375,-3.8005867721476605,0.0950683057308197,-5.0,-2.9404003620147705,-3.468428373336792,-2.8102686405181885,0.0
1618,ACH-000828,-1.48140287399292,-2.923459529876709,1.3220622539520264,0.11999443918466568,True,-3.2304341793060303,0.921875,-3.7435715128634977,0.030103590339422226,-5.0,-3.0804708003997803,-3.272853374481201,-2.9764914512634277,0.0
1619,ACH-000849,0.020757198333740234,-1.3333356380462646,1.2420016527175903,0.11209124326705933,True,-3.748568058013916,0.984375,-3.74407116737854,0.0431705117225647,-5.0,-3.7287042140960693,-4.700740814208984,-2.351780652999878,0.0
1620,ACH-000856,-0.7827858924865723,-2.1513314247131348,1.2456156015396118,0.12292997539043427,True,-3.782442569732666,0.921875,-3.7479083076139528,0.059678588062524796,-5.0,-3.679259777069092,-4.56065559387207,-3.569984197616577,0.0
1621,ACH-000857,0.10078465938568115,-1.3043357133865356,1.2840169668197632,0.12110339850187302,True,-3.7716026306152344,0.984375,-3.7502777399140808,0.04929079860448837,-5.0,-3.7521045207977295,-4.497335433959961,-3.6561279296875,0.0
1622,ACH-000859,-2.140101432800293,-3.525134801864624,1.2625004053115845,0.12253309786319733,True,-3.881042957305908,0.953125,-3.7633542616532636,0.03568018972873688,-5.0,-3.826012134552002,-4.68732213973999,-3.8024463653564453,0.0
1623,ACH-000876,0.63089919090271,-0.8143501281738281,1.3215796947479248,0.1236695796251297,True,-3.7971558570861816,0.984375,-3.7667344211965554,0.04236730933189392,-5.0,-3.7780632972717285,-4.262826919555664,-3.7637569904327393,0.0
1624,ACH-000902,0.9288686513900757,-0.4209775924682617,1.226904273033142,0.1229419857263565,True,-3.792734384536743,0.984375,-3.7693344175305743,0.1580152064561844,-5.0,-3.773571491241455,-4.43992805480957,-3.700496196746826,0.0
1625,ACH-000910,1.1103733777999878,-0.2784522771835327,1.2704089879989624,0.1184166893362999,True,-3.7964208126068115,1.0,-3.7720430570381978,0.17558333277702332,-5.0,-3.7964208126068115,-4.549503326416016,-3.7510592937469482,0.0
1626,ACH-000927,-0.6704162359237671,-2.068004846572876,1.2773960828781128,0.1201925277709961,True,-3.8654751777648926,0.9375,-3.781386269110867,0.06731738150119781,-5.0,-3.7898404598236084,-4.543967247009277,-3.738924741744995,0.0
1627,ACH-000930,-0.7625224590301514,-2.136699676513672,1.254127860069275,0.12004933506250381,True,-3.899684429168701,0.953125,-3.7932160851166503,0.060206443071365356,-5.0,-3.8455705642700195,-4.5481977462768555,-3.7044014930725098,0.0
1628,ACH-000934,0.04369533061981201,-1.3424019813537598,1.2669631242752075,0.11913417279720306,True,-3.897364854812622,0.953125,-3.803630962086247,0.08776005357503891,-5.0,-3.843136787414551,-4.910057544708252,-3.767794370651245,0.0
1629,ACH-001390,-0.11726176738739014,-1.443723440170288,1.2278525829315186,0.09860904514789581,True,-3.8934102058410645,0.953125,-3.812608886461729,0.058659158647060394,-5.0,-3.8389875888824463,-4.730879783630371,-3.802349328994751,0.0
1630,ACH-001819,1.3634254932403564,-0.06522703170776367,1.307532787322998,0.12111970782279968,True,-3.6664810180664062,1.0,-3.7979960996221966,0.15102538466453552,-5.0,-3.6664810180664062,-4.26438570022583,-3.629234790802002,0.0
1631,ACH-001820,-0.34373021125793457,-1.7318137884140015,1.2702571153640747,0.11782649159431458,True,-3.9107460975646973,0.953125,-3.8092710994164465,0.04736315459012985,-5.0,-3.857175827026367,-5.305823802947998,-3.8037352561950684,0.016393441706895828
1632,ACH-000017,-1.3783841133117676,-2.733811616897583,1.2382423877716064,0.11718510836362839,True,-3.9180798530578613,0.9375,-3.820151974780588,0.045415110886096954,-5.0,-3.845952033996582,-4.582335472106934,-3.7551681995391846,0.0
1633,ACH-000019,-1.8777378797531128,-3.322430372238159,1.326307773590088,0.11838467419147491,True,-3.9195542335510254,0.9375,-3.8300922006576315,0.05165079981088638,-5.0,-3.847524642944336,-4.635697364807129,-3.7477526664733887,0.0
1634,ACH-000044,1.0124940872192383,-0.2988217771053314,1.1968789100646973,0.11443695425987244,True,-3.3306026458740234,0.953125,-3.780143245179271,0.12006005644798279,-5.0,-3.2485010623931885,-3.517982006072998,-3.137155771255493,0.0
1635,ACH-000097,0.504338264465332,-0.839993953704834,1.2373299598693848,0.10700221359729767,True,-3.8745551109313965,0.96875,-3.7895844317544833,0.05890660360455513,-5.0,-3.8382503986358643,-4.722362995147705,-3.659121513366699,0.0
1636,ACH-000111,-0.4281339645385742,-1.7833195924758911,1.2320022583007812,0.12318336218595505,True,-3.815516948699951,0.984375,-3.79217768344903,0.05396024137735367,-5.0,-3.79671573638916,-4.540568828582764,-3.739835739135742,0.0
1637,ACH-000117,0.7525296211242676,-0.6183429956436157,1.249492883682251,0.12137974798679352,True,-3.8633337020874023,0.984375,-3.799293285312867,0.16226939857006073,-5.0,-3.8452916145324707,-4.708363056182861,-3.7782492637634277,0.0
1638,ACH-000147,0.6583065986633301,-0.8449809551239014,1.3782557249069214,0.12503182888031006,True,-3.903048038482666,0.984375,-3.809668760629847,0.05384316295385361,-5.0,-3.885636329650879,-4.692320346832275,-3.7920432090759277,0.0
1639,ACH-000148,-0.12230420112609863,-1.6241096258163452,1.3844866752624512,0.11731872707605362,True,-3.929293155670166,0.96875,-3.821631200133879,0.055653203278779984,-5.0,-3.89475417137146,-5.0961761474609375,-3.8034451007843018,0.016129031777381897
1640,ACH-000196,-0.1164623498916626,-1.5157439708709717,1.274888515472412,0.12439315021038055,True,-3.7210822105407715,0.90625,-3.811576301174568,0.05259104073047638,-5.0,-3.588780164718628,-4.508851051330566,-1.629189372062683,0.0
1641,ACH-000212,0.1419355869293213,-1.279717206954956,1.298367977142334,0.12328482419252396,True,-3.9210219383239746,0.953125,-3.8225208648895084,0.07318194210529327,-5.0,-3.86795711517334,-4.804095268249512,-3.7976760864257812,0.0
1642,ACH-000223,1.0324337482452393,-0.29799699783325195,1.2170418500900269,0.11338887363672256,True,-3.828613758087158,1.0,-3.8231301542092733,0.14920303225517273,-5.0,-3.828613758087158,-4.720818042755127,-3.784545421600342,0.0
1643,ACH-000248,-0.6236833333969116,-2.0397961139678955,1.2938237190246582,0.12228906154632568,True,-3.8408169746398926,0.953125,-3.8248988362523355,0.04057833179831505,-5.0,-3.7838075160980225,-4.414105415344238,-3.711641788482666,0.0
1644,ACH-000258,1.1176979541778564,-0.28046363592147827,1.2758119106292725,0.12234960496425629,True,-3.623730182647705,0.984375,-3.8047819708918724,0.12009891867637634,-5.0,-3.6018850803375244,-4.2598114013671875,-3.5404019355773926,0.0
1645,ACH-000276,-0.9027707576751709,-2.22529935836792,1.1980668306350708,0.12446172535419464,True,-3.9136369228363037,0.953125,-3.8156674660863152,0.046562984585762024,-5.0,-3.860208749771118,-4.681424617767334,-3.788621187210083,0.0
1646,ACH-000277,-1.3296077251434326,-2.7032790184020996,1.2560898065567017,0.11758150160312653,True,-3.8408055305480957,0.921875,-3.818181272532493,0.052706021815538406,-5.0,-3.7425687313079834,-4.507667541503906,-3.687541961669922,0.0
1647,ACH-000288,0.14472568035125732,-1.320133090019226,1.3382956981658936,0.12656310200691223,True,-3.901232957839966,0.96875,-3.82648644106324,0.04384349286556244,-5.0,-3.8657889366149902,-4.800992488861084,-3.8034586906433105,0.0
1648,ACH-000330,-1.244043231010437,-2.667471408843994,1.3086708784103394,0.11475732922554016,True,-3.9243502616882324,0.9375,-3.8362728231257393,0.05251893401145935,-5.0,-3.852640390396118,-4.667219638824463,-3.784060478210449,0.0
1649,ACH-000349,0.7421092391014099,-0.6769514679908752,1.2985641956329346,0.12049655616283417,True,-3.8656833171844482,0.96875,-3.83921387253161,0.06355927884578705,-5.0,-3.829092502593994,-4.729049205780029,-3.801913261413574,0.0
1650,ACH-000352,0.11652684211730957,-1.2597070932388306,1.2596787214279175,0.11655523627996445,True,-3.624969482421875,0.953125,-3.8177894335206366,0.0784912109375,-5.0,-3.557344913482666,-4.149500846862793,-3.3911798000335693,0.0
1651,ACH-000374,0.48639410734176636,-0.94243985414505,1.3092926740646362,0.1195412278175354,True,-3.8846611976623535,0.96875,-3.824476609934808,0.06870382279157639,-5.0,-3.848682403564453,-4.715888977050781,-3.7987263202667236,0.0
1652,ACH-000536,-0.3466057777404785,-1.6710313558578491,1.210173487663269,0.11425204575061798,True,-3.8789355754852295,0.96875,-3.8299225064898503,0.04964803159236908,-5.0,-3.8427720069885254,-4.7465972900390625,-3.802726984024048,0.0
1653,ACH-000554,-4.069055557250977,-5.437848091125488,1.2537226676940918,0.11506998538970947,True,-3.900949239730835,0.953125,-3.8370251798139487,0.04424547404050827,-5.0,-3.8468971252441406,-4.644495964050293,-3.3245818614959717,0.0
1654,ACH-000568,-1.2508931159973145,-2.5887527465820312,1.2241581678390503,0.11370152235031128,True,-3.6707711219787598,0.921875,-3.82039977403043,0.06420627236366272,-5.0,-3.558124542236328,-3.968977451324463,-3.469183921813965,0.0
1655,ACH-000573,-1.0152678489685059,-2.352492332458496,1.2260122299194336,0.11121229827404022,True,-3.7584095001220703,0.953125,-3.814200746639594,0.07004156708717346,-5.0,-3.697347402572632,-4.431588172912598,-3.5263454914093018,0.0
1656,ACH-000621,-1.5247178077697754,-2.9470138549804688,1.3070000410079956,0.11529599130153656,True,-3.92364501953125,0.953125,-3.82514517392876,0.03674808889627457,-5.0,-3.8707094192504883,-4.9799909591674805,-3.294039011001587,0.0
1657,ACH-000624,-2.27543044090271,-3.659928321838379,1.271665334701538,0.11283248662948608,True,-3.7889585494995117,0.953125,-3.821526511485835,0.032231226563453674,-5.0,-3.7293989658355713,-4.5699462890625,-3.636064291000366,0.0
1658,ACH-000643,0.8362377882003784,-0.5962797403335571,1.3193403482437134,0.11317712068557739,True,-3.8500874042510986,0.984375,-3.824382600762361,0.07300466299057007,-5.0,-3.8318350315093994,-4.61386251449585,-3.803544759750366,0.0
1659,ACH-000668,-0.7634687423706055,-2.167468786239624,1.2864245176315308,0.11757555603981018,True,-3.8989977836608887,0.953125,-3.8318441190522137,0.06035792827606201,-5.0,-3.8448498249053955,-5.316141128540039,-3.7773237228393555,0.016393441706895828
1660,ACH-000691,-3.0901942253112793,-4.44843864440918,1.2475860118865967,0.11065826565027237,True,-3.9566149711608887,0.890625,-3.844321204263081,0.06554874777793884,-5.0,-3.828479766845703,-5.268325328826904,-3.714376211166382,0.017543859779834747
1661,ACH-000699,0.9375358819961548,-0.4737635552883148,1.296473503112793,0.11482594162225723,True,-3.8708107471466064,0.953125,-3.8469701585514335,0.09868200868368149,-5.0,-3.815276861190796,-4.617853164672852,-3.7687339782714844,0.0
1662,ACH-000711,0.2909531593322754,-1.0382277965545654,1.2115144729614258,0.11766645312309265,True,-3.903036117553711,0.96875,-3.852576754451661,0.102715402841568,-5.0,-3.867650032043457,-4.693536758422852,-3.7923433780670166,0.0
1663,ACH-000725,-1.5338274240493774,-2.9204344749450684,1.2710493803024292,0.1155577003955841,True,-3.8967785835266113,0.9375,-3.856996937359156,0.06206004321575165,-5.0,-3.823230743408203,-4.23472261428833,-3.597174882888794,0.0
1664,ACH-000755,-0.5504055023193359,-1.9437247514724731,1.2728850841522217,0.12043420970439911,True,-3.897353172302246,0.9375,-3.8610325608534652,0.06969185918569565,-5.0,-3.823843479156494,-4.942518711090088,-3.5574023723602295,0.0
1665,ACH-000759,0.8768234252929688,-0.5221376419067383,1.2859582901000977,0.11300282180309296,True,-3.7975807189941406,0.953125,-3.8546873766675325,0.08510290831327438,-5.0,-3.7384450435638428,-4.330029010772705,-3.71726393699646,0.0
1666,ACH-000768,0.27470171451568604,-1.1401225328445435,1.304922342300415,0.10990194976329803,True,-3.8375792503356934,0.984375,-3.8529765640343485,0.033158790320158005,-5.0,-3.8191282749176025,-4.709789276123047,-3.358032703399658,0.0
1667,ACH-000783,-0.15456938743591309,-1.5262292623519897,1.2579396963119507,0.11372022330760956,True,-3.8633556365966797,0.953125,-3.8540144712905815,0.052441246807575226,-5.0,-3.807454824447632,-4.007306098937988,-3.798860788345337,0.0
1668,ACH-000818,-2.005432605743408,-3.3052399158477783,1.1859111785888672,0.1138959676027298,True,-3.132634162902832,0.90625,-3.7818764404518066,0.0746685266494751,-5.0,-2.939458131790161,-3.800144910812378,-2.8102686405181885,0.0
1669,ACH-000828,0.4050816297531128,-1.0247787237167358,1.314940333366394,0.11492006480693817,True,-3.222561836242676,0.9375,-3.7259449800308935,0.04772708937525749,-5.0,-3.1040661334991455,-3.7200303077697754,-3.055307388305664,0.0
1670,ACH-000849,-0.897687554359436,-2.2856884002685547,1.2775222063064575,0.11047860234975815,True,-3.8003439903259277,0.9375,-3.7333848810603967,0.058432240039110184,-5.0,-3.720367193222046,-4.332463264465332,-3.652202606201172,0.0
1671,ACH-000856,-1.7512085437774658,-3.1527044773101807,1.284999132156372,0.11649676412343979,True,-3.756251335144043,0.953125,-3.7356715264687614,0.060594674199819565,-5.0,-3.6950831413269043,-5.0431976318359375,-3.569984197616577,0.016393441706895828
1672,ACH-000857,0.7470499277114868,-0.5921875238418579,1.225078821182251,0.11415858566761017,True,-3.814896583557129,0.984375,-3.7435940321775982,0.084446981549263,-5.0,-3.7960855960845947,-4.478355407714844,-3.715911865234375,0.0
1673,ACH-000859,-0.11215829849243164,-1.4376424551010132,1.208138108253479,0.11734605580568314,True,-3.9039599895477295,0.953125,-3.7596306279146114,0.0823507159948349,-5.0,-3.8500564098358154,-4.7457122802734375,-2.6508686542510986,0.0
1674,ACH-000876,-0.24857795238494873,-1.618269681930542,1.2568364143371582,0.11285535991191864,True,-3.8596279621124268,0.953125,-3.769630361334393,0.04789969325065613,-5.0,-3.803544044494629,-4.739692687988281,-3.7637569904327393,0.0
1675,ACH-000902,0.515864372253418,-0.8923211097717285,1.2895809412002563,0.11860448122024536,True,-3.774168014526367,0.984375,-3.77008412665359,0.03298475965857506,-5.0,-3.7547106742858887,-4.43992805480957,-3.700496196746826,0.0
1676,ACH-000910,-0.3692433834075928,-1.7647664546966553,1.2819101810455322,0.11361289024353027,True,-3.8378047943115234,0.96875,-3.7768561934193836,0.03711342439055443,-5.0,-3.800314426422119,-4.559720039367676,-3.236809492111206,0.0
1677,ACH-000927,-0.5009307861328125,-1.8564975261688232,1.2436004877090454,0.11196631193161011,True,-3.8862531185150146,0.953125,-3.7877958859289467,0.05207834020256996,-5.0,-3.8314783573150635,-4.619628429412842,-3.738924741744995,0.0
1678,ACH-000930,-0.20877528190612793,-1.571377158164978,1.2470754384994507,0.11552643775939941,True,-3.889721393585205,0.96875,-3.7979884366945726,0.05927828699350357,-5.0,-3.8539059162139893,-4.5481977462768555,-3.7682502269744873,0.0
1679,ACH-000934,-0.18150925636291504,-1.5150337219238281,1.2186992168426514,0.1148252785205841,True,-3.8377838134765625,0.953125,-3.8019679743727717,0.05602923035621643,-5.0,-3.780625104904175,-4.349833965301514,-2.323596239089966,0.0
1680,ACH-001390,0.7089535593986511,-0.6021516919136047,1.2199808359146118,0.09112438559532166,True,-3.865833282470703,0.984375,-3.8083545051825647,0.11529585719108582,-5.0,-3.8478305339813232,-5.024110317230225,-3.802349328994751,0.01587301678955555
1681,ACH-001819,0.673569917678833,-0.6869813203811646,1.2445354461669922,0.11601577699184418,True,-3.701840400695801,0.984375,-3.7977030947338886,0.056811995804309845,-5.0,-3.681234836578369,-4.27916145324707,-3.6279778480529785,0.0
1682,ACH-001820,-1.01450777053833,-2.408188581466675,1.2801358699798584,0.11354494094848633,True,-3.9567015171051025,0.9375,-3.81360293697101,0.07585371285676956,-5.0,-3.887148380279541,-4.7429609298706055,-3.8037352561950684,0.0
1683,ACH-000017,0.8195410966873169,-0.48861169815063477,1.19758939743042,0.11056334525346756,True,-3.8272366523742676,0.96875,-3.814966308511336,0.15104171633720398,-5.0,-3.7894058227539062,-4.293412208557129,-3.6909539699554443,0.0
1684,ACH-000019,-1.4645090103149414,-2.8536157608032227,1.281241536140442,0.10786523669958115,True,-3.907405376434326,0.90625,-3.8242102153036353,0.03657810017466545,-5.0,-3.7943782806396484,-4.111994743347168,-3.7737607955932617,0.0
1685,ACH-000044,0.29949951171875,-1.0231115818023682,1.2120089530944824,0.11060208827257156,True,-3.3481218814849854,0.953125,-3.77660138192177,0.06081341579556465,-5.0,-3.2668817043304443,-3.8301761150360107,-3.137155771255493,0.0
1686,ACH-000097,-1.7378474473953247,-3.106755256652832,1.2707971334457397,0.09811072796583176,True,-3.9113144874572754,0.953125,-3.7900726924753205,0.029011758044362068,-5.0,-3.8577723503112793,-4.722362995147705,-3.7629342079162598,0.0
1687,ACH-000111,0.8823180198669434,-0.5412987470626831,1.3084133863449097,0.11520341038703918,True,-3.8107593059539795,1.0,-3.7921413538231863,0.06459398567676544,-5.0,-3.8107593059539795,-4.939310073852539,-3.739835739135742,0.0
1688,ACH-000117,-0.9959242343902588,-2.377833366394043,1.2715582847595215,0.11035081744194031,True,-3.9035067558288574,0.9375,-3.8032778940237537,0.06563488394021988,-5.0,-3.8304073810577393,-4.983899116516113,-3.7782492637634277,0.0
1689,ACH-000147,-0.9630426168441772,-2.4363322257995605,1.3619619607925415,0.11132760345935822,True,-3.9466094970703125,0.90625,-3.8176110543284096,0.0585281103849411,-5.0,-3.8376381397247314,-4.89534854888916,-3.7920432090759277,0.0
1690,ACH-000148,-1.3299436569213867,-2.7722811698913574,1.3302409648895264,0.11209654808044434,True,-3.986715078353882,0.90625,-3.834521456730957,0.11011236906051636,-5.0,-3.881892204284668,-4.854104995727539,-3.8034451007843018,0.0
1691,ACH-000196,0.03910243511199951,-1.3744181394577026,1.2971082925796509,0.11641231924295425,True,-3.617976188659668,0.984375,-3.8128669299238283,0.03267112374305725,-5.0,-3.5960395336151123,-4.527963161468506,-3.554774761199951,0.0
1692,ACH-000212,-0.8450672626495361,-2.208789110183716,1.2504609823226929,0.1132609024643898,True,-3.925215721130371,0.9375,-3.8241018090444823,0.0665787011384964,-5.0,-3.8535635471343994,-4.745846271514893,-3.802515983581543,0.0
1693,ACH-000223,0.8765330910682678,-0.48479145765304565,1.2503774166107178,0.11094709485769272,True,-3.862746477127075,0.984375,-3.8279662758527415,0.13828369975090027,-5.0,-3.8446953296661377,-4.938186168670654,-3.784545421600342,0.0
1694,ACH-000248,-0.39311885833740234,-1.7769817113876343,1.2739160060882568,0.10994687676429749,True,-3.8128223419189453,0.96875,-3.826451882459362,0.03470853343605995,-5.0,-3.7745261192321777,-4.467369079589844,-3.711641788482666,0.0
1695,ACH-000258,-2.1224937438964844,-3.4503588676452637,1.2105580568313599,0.11730708181858063,True,-3.7822256088256836,0.90625,-3.8220292550959942,0.07105930894613266,-5.0,-3.6562490463256836,-4.7560577392578125,-3.519435405731201,0.0
1696,ACH-000276,0.7150098085403442,-0.6392480134963989,1.2417552471160889,0.11250260472297668,True,-3.8764524459838867,1.0,-3.8274715741847833,0.10214555263519287,-5.0,-3.8764524459838867,-4.92839241027832,-3.788620948791504,0.0
1697,ACH-000277,-0.6430869102478027,-1.9916515350341797,1.2359024286270142,0.11266219615936279,True,-3.800421714782715,0.9375,-3.8247665882445765,0.03668604791164398,-5.0,-3.720449924468994,-4.493618011474609,-3.6917104721069336,0.0
1698,ACH-000288,1.1050829887390137,-0.41307032108306885,1.3992352485656738,0.11891806870698929,True,-3.9089720249176025,1.0,-3.833187131911879,0.1035064160823822,-5.0,-3.9089720249176025,-4.738455295562744,-3.8034586906433105,0.0
1699,ACH-000330,0.7553566694259644,-0.6138986349105835,1.2541524171829224,0.1151028499007225,True,-3.8802919387817383,0.984375,-3.837897612598865,0.1510450541973114,-5.0,-3.8625190258026123,-4.687503337860107,-3.784060478210449,0.0
1700,ACH-000349,0.48936909437179565,-0.8832367062568665,1.258000373840332,0.11460540443658829,True,-3.8801045417785645,0.96875,-3.8421183055168346,0.06054556369781494,-5.0,-3.8439788818359375,-4.729049205780029,-3.801913261413574,0.0
1701,ACH-000352,-0.19977223873138428,-1.5472712516784668,1.2326469421386719,0.11485210061073303,True,-3.6359713077545166,0.953125,-3.821503605740603,0.05785270035266876,-5.0,-3.56888747215271,-4.1521477699279785,-3.4559073448181152,0.0
1702,ACH-000374,0.3168290853500366,-1.0824779272079468,1.2815250158309937,0.11778197437524796,True,-3.883208990097046,0.96875,-3.8276741441762474,0.05895926058292389,-5.0,-3.8471834659576416,-4.715888977050781,-3.7987263202667236,0.0
1703,ACH-000536,0.6367610692977905,-0.7380869388580322,1.2606762647628784,0.11417178809642792,True,-3.8896069526672363,0.9375,-3.8338674250253466,0.11838990449905396,-5.0,-3.8155813217163086,-4.002651691436768,-3.7985074520111084,0.0
1704,ACH-000554,1.0011063814163208,-0.3752174377441406,1.2615654468536377,0.11475841701030731,True,-3.837369680404663,0.984375,-3.834217650563278,0.14799441397190094,-5.0,-3.8189151287078857,-4.435286045074463,-3.694490671157837,0.0
1705,ACH-000568,0.4266384243965149,-0.8805368542671204,1.1951005458831787,0.11207470297813416,True,-3.625392436981201,0.953125,-3.81333512920507,0.06344650685787201,-5.0,-3.557788610458374,-4.251346111297607,-3.3388490676879883,0.0
1706,ACH-000573,-1.0688241720199585,-2.38384747505188,1.2031199932098389,0.11190330237150192,True,-3.783173084259033,0.953125,-3.810318924710466,0.07424478232860565,-5.0,-3.7233288288116455,-4.431588172912598,-3.36489200592041,0.0
1707,ACH-000621,-2.3050742149353027,-3.6291942596435547,1.2116467952728271,0.11247308552265167,True,-3.903750419616699,0.9375,-3.8196620742010894,0.04953029751777649,-5.0,-3.83066725730896,-4.523108959197998,-3.658740520477295,0.0
1708,ACH-000624,0.6573717594146729,-0.6847934722900391,1.22906494140625,0.11310023069381714,True,-3.7662582397460938,0.984375,-3.8143216907555897,0.0727025717496872,-5.0,-3.7466750144958496,-4.677008628845215,-3.636064291000366,0.0
1709,ACH-000643,-0.9012115001678467,-2.2648367881774902,1.2525279521942139,0.11109735071659088,True,-3.917613983154297,0.9375,-3.8246509199954604,0.047203969210386276,-5.0,-3.8454551696777344,-4.815037250518799,-3.803544759750366,0.0
1710,ACH-000668,0.002866506576538086,-1.3944692611694336,1.2836472988128662,0.11368844658136368,True,-3.898421287536621,0.953125,-3.8320279567495765,0.08832212537527084,-5.0,-3.844244956970215,-4.621884346008301,-3.7773237228393555,0.0
1711,ACH-000691,0.22286975383758545,-1.1325831413269043,1.239859938621521,0.11559300124645233,True,-3.8280019760131836,0.96875,-3.8316253586759372,0.06394917517900467,-5.0,-3.7901954650878906,-4.474231243133545,-3.714376211166382,0.0
1712,ACH-000699,-0.6387509107589722,-1.9981282949447632,1.2478532791137695,0.11152411997318268,True,-3.9103167057037354,0.953125,-3.8394944933787167,0.06634041666984558,-5.0,-3.8567256927490234,-4.940910816192627,-3.587857246398926,0.0
1713,ACH-000711,0.17531681060791016,-1.211357831954956,1.2728358507156372,0.1138388067483902,True,-3.908451795578003,0.953125,-3.8463902235986454,0.05473989248275757,-5.0,-3.8547685146331787,-4.727956295013428,-3.6777915954589844,0.0
1714,ACH-000725,0.1818760633468628,-1.2354536056518555,1.3029334545135498,0.11439618468284607,True,-3.879828929901123,0.96875,-3.849734094228893,0.05341702327132225,-5.0,-3.8436942100524902,-4.744190216064453,-3.798983097076416,0.0
1715,ACH-000755,0.6994779706001282,-0.649130642414093,1.2359040975570679,0.1127045601606369,True,-3.8485240936279297,0.96875,-3.8496130941687965,0.08556938171386719,-5.0,-3.8113796710968018,-4.512041091918945,-3.7756519317626953,0.0
1716,ACH-000759,0.8782649040222168,-0.5177403688430786,1.2849911451339722,0.11101414263248444,True,-3.8070576190948486,0.984375,-3.8453575466614014,0.13525332510471344,-5.0,-3.7881221771240234,-4.567963123321533,-3.700374126434326,0.0
1717,ACH-000768,-0.23437106609344482,-1.663415789604187,1.3114728927612305,0.1175718605518341,True,-3.933772087097168,0.953125,-3.8541990007049782,0.04831653833389282,-5.0,-3.8813345432281494,-4.88739013671875,-3.797050952911377,0.0
1718,ACH-000783,0.3167673349380493,-1.084909439086914,1.2885968685150146,0.11307986080646515,True,-3.880176544189453,0.953125,-3.8567967550534257,0.07102137804031372,-5.0,-3.8251030445098877,-4.716585159301758,-3.798860788345337,0.0
1719,ACH-000818,0.9886128306388855,-0.36827796697616577,1.2411613464355469,0.115729421377182,True,-2.992314338684082,0.96875,-3.7703485134164914,0.06789539754390717,-5.0,-2.9275503158569336,-3.242630958557129,-2.873979091644287,0.0
1720,ACH-000828,0.2906757593154907,-1.0852012634277344,1.2647916078567505,0.11108539998531342,True,-3.2040514945983887,0.953125,-3.713718811534681,0.05611573904752731,-5.0,-3.1157259941101074,-3.6584291458129883,-2.9764914512634277,0.0
1721,ACH-000849,-0.040964365005493164,-1.4032378196716309,1.255041241645813,0.10723216831684113,True,-3.7986462116241455,0.96875,-3.7222115515436274,0.03328907489776611,-5.0,-3.759892702102661,-4.555384159088135,-3.652202606201172,0.0
1722,ACH-000856,-0.41126179695129395,-1.8004045486450195,1.2776607275009155,0.11148208379745483,True,-3.722958564758301,0.9375,-3.7222862528650946,0.0713300108909607,-5.0,-3.637822389602661,-4.136631011962891,-3.569984197616577,0.0
1723,ACH-000857,-0.10872483253479004,-1.5088697671890259,1.286971926689148,0.1131729707121849,True,-3.7978062629699707,0.96875,-3.7298382538755823,0.04261935502290726,-5.0,-3.759025812149048,-4.478355407714844,-3.715911865234375,0.0
1724,ACH-000859,-0.6941186189651489,-2.0069713592529297,1.1949067115783691,0.11794604361057281,True,-3.8702030181884766,0.953125,-3.7438747303068713,0.04934651404619217,-5.0,-3.814639091491699,-4.002004146575928,-3.8024463653564453,0.0
1725,ACH-000876,0.2759232521057129,-1.1029208898544312,1.2641839981079102,0.11466015875339508,True,-3.856212615966797,0.984375,-3.7551085188728637,0.055480197072029114,-5.0,-3.838057518005371,-4.940001964569092,-3.7340173721313477,0.0
1726,ACH-000902,1.0397807359695435,-0.3286682665348053,1.2570207118988037,0.11142823845148087,True,-3.7886486053466797,1.0,-3.7584625275202455,0.1401878446340561,-5.0,-3.7886486053466797,-4.447663307189941,-3.700496196746826,0.0
1727,ACH-000910,0.855728030204773,-0.5651507377624512,1.3047572374343872,0.11612158268690109,True,-3.826331377029419,0.96875,-3.765249412471163,0.09294766187667847,-5.0,-3.788470983505249,-4.571285247802734,-2.30873441696167,0.0
1728,ACH-000927,-4.050869464874268,-5.34840726852417,1.1874758005142212,0.11006215959787369,True,-3.8717546463012695,0.921875,-3.7758999358541736,0.051160186529159546,-5.0,-3.7761406898498535,-4.16688346862793,-3.738924741744995,0.0
1729,ACH-000930,-1.254547357559204,-2.6460371017456055,1.2750561237335205,0.11643356084823608,True,-3.862882375717163,0.953125,-3.784598179840472,0.05141930282115936,-5.0,-3.8069581985473633,-4.654735565185547,-3.7682502269744873,0.0
1730,ACH-000934,-0.7179863452911377,-2.047248601913452,1.2196224927902222,0.10963970422744751,True,-3.9357004165649414,0.921875,-3.7997084035129194,0.05224134773015976,-5.0,-3.845505475997925,-4.638478755950928,-3.7715301513671875,0.0
1731,ACH-001390,-1.4560620784759521,-2.757927656173706,1.2144155502319336,0.08745001256465912,True,-3.9070661067962646,0.9375,-3.810444173841254,0.05710185319185257,-5.0,-3.8342041969299316,-4.469577789306641,-3.802349328994751,0.0
1732,ACH-001819,1.3518760204315186,-0.026851031929254532,1.2648165225982666,0.11391060054302216,True,-3.6531314849853516,1.0,-3.794712904955664,0.1287071406841278,-5.0,-3.6531314849853516,-4.27916145324707,-3.629234790802002,0.0
1733,ACH-001820,0.409074068069458,-0.9556245803833008,1.2487491369247437,0.11594945937395096,True,-3.863900661468506,0.984375,-3.801631680606948,0.04374820739030838,-5.0,-3.84586763381958,-4.614293575286865,-3.8037352561950684,0.0
1734,ACH-000017,-0.12487959861755371,-1.434631109237671,1.201101541519165,0.10865000635385513,True,-3.8917765617370605,0.9375,-3.8106461687199595,0.08115675300359726,-5.0,-3.8178951740264893,-4.77520227432251,-3.7551681995391846,0.0
1735,ACH-000019,-0.8159003257751465,-2.252042770385742,1.3227672576904297,0.1133752092719078,True,-3.892759323120117,0.96875,-3.818857484159975,0.043923214077949524,-5.0,-3.857041835784912,-4.635697364807129,-3.7737607955932617,0.0
1736,ACH-000044,-0.4168884754180908,-1.7117966413497925,1.1816213130950928,0.11328686773777008,True,-3.3854286670684814,0.921875,-3.7755146024508255,0.040998492389917374,-5.0,-3.248600482940674,-3.789468765258789,-3.137155771255493,0.0
1737,ACH-000097,-0.44981861114501953,-1.744705080986023,1.193781852722168,0.10110457241535187,True,-3.8850271701812744,0.96875,-3.7864658592238705,0.03876395896077156,-5.0,-3.849060535430908,-4.735925197601318,-3.8031845092773438,0.0
1738,ACH-000111,0.5047978162765503,-0.8935555219650269,1.283645510673523,0.1147078424692154,True,-3.8507936000823975,1.0,-3.7928986333097234,0.0979301780462265,-5.0,-3.8507936000823975,-4.831204414367676,-3.739835739135742,0.0
1739,ACH-000117,0.9144167304039001,-0.45877605676651,1.2564324140548706,0.11676042526960373,True,-3.8606302738189697,0.984375,-3.7996717973606478,0.13696591556072235,-5.0,-3.8425452709198,-4.708363056182861,-3.7584574222564697,0.0
1740,ACH-000147,-0.6940728425979614,-2.1768569946289062,1.3717865943908691,0.11099757254123688,True,-3.870220899581909,0.96875,-3.8067267075827735,0.03646470606327057,-5.0,-3.8337762355804443,-4.7001166343688965,-3.7920432090759277,0.0
1741,ACH-000148,0.13664162158966064,-1.2845994234085083,1.308199167251587,0.11304185539484024,True,-3.905649185180664,0.96875,-3.8166189553425625,0.05842193216085434,-5.0,-3.870347499847412,-4.802168846130371,-3.8034451007843018,0.0
1742,ACH-000196,-0.11307990550994873,-1.4490982294082642,1.2231725454330444,0.11284583061933517,True,-3.690483570098877,0.984375,-3.804005416818194,0.07897360622882843,-5.0,-3.6696977615356445,-5.032220840454102,-3.554774761199951,0.01587301678955555
1743,ACH-000212,0.3353464603424072,-1.040950059890747,1.2588272094726562,0.11746925115585327,True,-3.9146106243133545,0.96875,-3.81506593756771,0.12680038809776306,-5.0,-3.8795979022979736,-4.745846271514893,-3.802515983581543,0.0
1744,ACH-000223,0.12152206897735596,-1.1970431804656982,1.2069756984710693,0.11158956587314606,True,-3.8560500144958496,0.96875,-3.819164345260524,0.06472495943307877,-5.0,-3.819148302078247,-4.720817565917969,-3.784545421600342,0.0
1745,ACH-000248,1.0199326276779175,-0.31660163402557373,1.2245138883590698,0.11202031373977661,True,-3.8075642585754395,0.984375,-3.8180043365920153,0.15032672882080078,-5.0,-3.7886369228363037,-4.3779802322387695,-3.711641788482666,0.0
1746,ACH-000258,-1.020190715789795,-2.390907049179077,1.2594114542007446,0.11130490899085999,True,-3.701821804046631,0.96875,-3.8063860833374767,0.02942749857902527,-5.0,-3.659945011138916,-4.625025272369385,-3.5404019355773926,0.0
1747,ACH-000276,-0.26321518421173096,-1.6595324277877808,1.2874374389648438,0.10887975990772247,True,-3.8634555339813232,0.96875,-3.8120930284018613,0.05310922861099243,-5.0,-3.8267927169799805,-4.681424617767334,-3.788621187210083,0.0
1748,ACH-000277,1.226311206817627,-0.1025388091802597,1.2154055833816528,0.1134445071220398,True,-3.7231106758117676,1.0,-3.803194793142852,0.14153313636779785,-5.0,-3.7231106758117676,-4.507667064666748,-3.687541961669922,0.0
1749,ACH-000288,-0.3614351749420166,-1.8350043296813965,1.3574719429016113,0.11609717458486557,True,-3.9076502323150635,0.953125,-3.8136403370600727,0.03970933333039284,-5.0,-3.8539280891418457,-4.720133304595947,-3.8034586906433105,0.0
1750,ACH-000330,-1.570542573928833,-2.9447758197784424,1.2616695165634155,0.11256375163793564,True,-3.9027082920074463,0.953125,-3.82254713255481,0.05205490440130234,-5.0,-3.848742723464966,-4.561856269836426,-3.784060478210449,0.0
1751,ACH-000349,0.051229119300842285,-1.249204397201538,1.1946941614151,0.10573931783437729,True,-3.87793231010437,0.953125,-3.8280856503097658,0.0608539953827858,-5.0,-3.8227484226226807,-4.307624816894531,-3.801913261413574,0.0
1752,ACH-000352,-2.297067642211914,-3.681535243988037,1.2719223499298096,0.11254522949457169,True,-3.6218018531799316,0.9375,-3.807457270596782,0.05533814802765846,-5.0,-3.5299222469329834,-3.951444387435913,-3.3217456340789795,0.0
1753,ACH-000374,0.6113990545272827,-0.7954144477844238,1.293557047843933,0.11325646191835403,True,-3.9025425910949707,0.984375,-3.816965802646601,0.09537231922149658,-5.0,-3.885122776031494,-5.056615829467773,-3.7987263202667236,0.01587301678955555
1754,ACH-000536,-0.4859764575958252,-1.8419396877288818,1.2446057796478271,0.11135748028755188,True,-3.8783345222473145,0.96875,-3.8231026746066723,0.05718667805194855,-5.0,-3.842151641845703,-4.689953804016113,-3.802726984024048,0.0
1755,ACH-000554,-1.0585042238235474,-2.4268176555633545,1.2577621936798096,0.11055123805999756,True,-3.9451346397399902,0.9375,-3.835305871120004,0.04965946078300476,-5.0,-3.8748106956481934,-4.740810394287109,-3.7962820529937744,0.0
1756,ACH-000568,-0.4416775703430176,-1.7796058654785156,1.2258274555206299,0.11210089921951294,True,-3.6579673290252686,0.9375,-3.8175720169105305,0.06738859415054321,-5.0,-3.568498373031616,-4.2227888107299805,-3.469183921813965,0.0
1757,ACH-000573,0.7396743893623352,-0.6453967690467834,1.2727655172348022,0.11230562627315521,True,-3.7157821655273438,0.96875,-3.8073930317722118,0.07393002510070801,-5.0,-3.6743557453155518,-4.045897960662842,-3.654759168624878,0.0
1758,ACH-000621,-0.05988204479217529,-1.4210238456726074,1.2498135566711426,0.11132825911045074,True,-3.8634257316589355,0.96875,-3.812996301760884,0.044744376093149185,-5.0,-3.8267619609832764,-4.572772026062012,-3.8033125400543213,0.0
1759,ACH-000624,0.7144076824188232,-0.6608127355575562,1.2610448598861694,0.11417551338672638,True,-3.7262377738952637,0.984375,-3.804320448974322,0.05130709335207939,-5.0,-3.706019639968872,-4.288365364074707,-3.636064291000366,0.0
1760,ACH-000643,-0.5433324575424194,-1.9312723875045776,1.2791122198104858,0.10882771015167236,True,-3.930701732635498,0.953125,-3.816958577340439,0.04495590925216675,-5.0,-3.878113031387329,-4.815037250518799,-3.803544759750366,0.0
1761,ACH-000668,-3.272148609161377,-4.62339448928833,1.2423419952392578,0.10890380293130875,True,-3.936331033706665,0.9375,-3.8288958229770618,0.04171992093324661,-5.0,-3.865419864654541,-4.660999298095703,-3.7773237228393555,0.0
1762,ACH-000691,0.8603576421737671,-0.4780465066432953,1.227578043937683,0.11082614213228226,True,-3.7903614044189453,1.0,-3.82504238112125,0.07996053993701935,-5.0,-3.7903614044189453,-4.79047966003418,-3.714376211166382,0.0
1763,ACH-000699,0.47354692220687866,-0.8986260294914246,1.2637678384780884,0.10840514302253723,True,-3.8527698516845703,0.984375,-3.8278151281775816,0.04386188089847565,-5.0,-3.8345601558685303,-4.471088409423828,-3.790212631225586,0.0
1764,ACH-000711,-2.0483529567718506,-3.39793062210083,1.2362934350967407,0.11328417807817459,True,-3.8989157676696777,0.9375,-3.834925192126791,0.07065311074256897,-5.0,-3.825510263442993,-4.392571449279785,-3.7923433780670166,0.0
1765,ACH-000725,-1.998782992362976,-3.3375306129455566,1.2298376560211182,0.10891000926494598,True,-3.918229579925537,0.953125,-3.8432556309066657,0.05106507986783981,-5.0,-3.8650271892547607,-4.744190216064453,-3.798983097076416,0.0
1766,ACH-000755,1.010599970817566,-0.32437339425086975,1.2270050048828125,0.1079682931303978,True,-3.828244209289551,0.984375,-3.841754488744954,0.1583695262670517,-5.0,-3.809645175933838,-4.702614784240723,-3.7756519317626953,0.0
1767,ACH-000759,-1.4025187492370605,-2.7701797485351562,1.2586549520492554,0.10900603234767914,True,-3.794084310531616,0.953125,-3.8369874709236202,0.05131358653306961,-5.0,-3.734776496887207,-4.369822978973389,-3.71726393699646,0.0
1768,ACH-000768,-0.15510356426239014,-1.6021543741226196,1.3385666608810425,0.10848420113325119,True,-3.8938820362091064,0.953125,-3.842676927452169,0.04313092678785324,-5.0,-3.839482545852661,-4.728670597076416,-3.797050952911377,0.0
1769,ACH-000783,-1.1817760467529297,-2.509422540664673,1.2185288667678833,0.10911767184734344,True,-3.9362077713012695,0.96875,-3.852030011837079,0.06495438516139984,-5.0,-3.9018917083740234,-5.042679786682129,-3.7404675483703613,0.016129031777381897
1770,ACH-000818,0.29424142837524414,-1.0382606983184814,1.222401738166809,0.11010033637285233,True,-3.06172776222229,0.9375,-3.7729997868756,0.12475867569446564,-5.0,-2.932509660720825,-3.27801251411438,-2.873979091644287,0.0
1771,ACH-000828,0.8126845359802246,-0.5762871503829956,1.2782450914382935,0.11072661727666855,True,-3.1608052253723145,0.953125,-3.7117803307252712,0.08966441452503204,-5.0,-3.070352792739868,-3.28898286819458,-2.9764914512634277,0.0
1772,ACH-000849,-1.2698312997817993,-2.676571846008301,1.3046095371246338,0.10213097929954529,True,-3.8165502548217773,0.921875,-3.722257323134922,0.061807259917259216,-5.0,-3.7162575721740723,-4.781557083129883,-3.652202606201172,0.0
1773,ACH-000856,-0.044997572898864746,-1.345895528793335,1.1955146789550781,0.10538332909345627,True,-3.7190847396850586,0.96875,-3.721940064789935,0.06588543951511383,-5.0,-3.677764892578125,-4.496449947357178,-3.569984197616577,0.0
1774,ACH-000857,-0.23433661460876465,-1.5879898071289062,1.2451319694519043,0.10852117836475372,True,-3.827284336090088,0.953125,-3.732474491919951,0.075963094830513,-5.0,-3.7696096897125244,-4.7084197998046875,-3.715911865234375,0.0
1775,ACH-000859,-0.8941628932952881,-2.2226381301879883,1.223179578781128,0.10529561340808868,True,-3.9434454441070557,0.953125,-3.7535715871386617,0.05852093547582626,-5.0,-3.891483783721924,-4.7457122802734375,-3.8024463653564453,0.0
1776,ACH-000876,-0.4704608917236328,-1.8049168586730957,1.2237777709960938,0.11067816615104675,True,-3.866564989089966,0.9375,-3.764870927333792,0.03774172067642212,-5.0,-3.7910027503967285,-4.1427435874938965,-3.744288206100464,0.0
1777,ACH-000902,0.5992677211761475,-0.7902044057846069,1.2814505100250244,0.10802160948514938,True,-3.774538040161133,0.984375,-3.765837638616526,0.04866604506969452,-5.0,-3.7550864219665527,-4.43992805480957,-3.700496196746826,0.0
1778,ACH-000910,-1.8651604652404785,-3.243380308151245,1.271645426750183,0.10657443106174469,True,-3.90317964553833,0.921875,-3.7795718393087063,0.06415924429893494,-5.0,-3.8102288246154785,-4.785085678100586,-3.751059055328369,0.0
1779,ACH-000927,0.2605232000350952,-1.0838613510131836,1.2387571334838867,0.10562746226787567,True,-3.7921385765075684,0.96875,-3.7808285130285926,0.04489238187670708,-5.0,-3.7531752586364746,-4.023597240447998,-3.738924741744995,0.0
1780,ACH-000930,-0.3515678644180298,-1.691433072090149,1.2329174280166626,0.10694777965545654,True,-3.9633963108062744,0.921875,-3.7990852928063608,0.06512989848852158,-5.0,-3.8755486011505127,-4.7774739265441895,-3.7044014930725098,0.0
1781,ACH-000934,-0.08630883693695068,-1.4191219806671143,1.2222577333450317,0.11055542528629303,True,-3.8637521266937256,0.984375,-3.805551976195097,0.05882394313812256,-5.0,-3.845716714859009,-4.83394718170166,-3.7715301513671875,0.0
1782,ACH-001390,0.66152024269104,-0.6117504835128784,1.1866177320480347,0.08665304630994797,True,-3.867311477661133,0.96875,-3.8117279263417005,0.15690696239471436,-5.0,-3.830773115158081,-4.469577789306641,-3.555187225341797,0.0
1783,ACH-001819,-2.683680772781372,-4.046911239624023,1.254457712173462,0.10877279937267303,True,-3.829530715942383,0.890625,-3.8135082053017686,0.04789433628320694,-5.0,-3.685788869857788,-4.378943920135498,-3.6279778480529785,0.0
1784,ACH-001820,-2.040456771850586,-3.4363009929656982,1.2871415615081787,0.10870283097028732,True,-3.9309396743774414,0.90625,-3.8252513522093357,0.030852874740958214,-5.0,-3.820347547531128,-4.008741855621338,-3.8037352561950684,0.0
1785,ACH-000017,1.1113576889038086,-0.1678314208984375,1.172049641609192,0.1071394830942154,True,-3.7988510131835938,1.0,-3.8226113183067616,0.1667669117450714,-5.0,-3.7988510131835938,-4.567014217376709,-3.7551681995391846,0.0
1786,ACH-000019,0.7973542213439941,-0.5464147329330444,1.2407029867172241,0.10306596755981445,True,-3.8435616493225098,0.96875,-3.8247063514083366,0.0990646481513977,-5.0,-3.8062570095062256,-4.646883964538574,-3.7737607955932617,0.0
1787,ACH-000044,-0.7761859893798828,-2.0640928745269775,1.1836247444152832,0.10428214073181152,True,-3.432891607284546,0.90625,-3.7855248769959573,0.0613970048725605,-5.0,-3.2707769870758057,-3.84261417388916,-3.137155771255493,0.0
1788,ACH-000097,-0.5508540868759155,-1.8725045919418335,1.2265928983688354,0.09505757689476013,True,-3.9527478218078613,0.953125,-3.8022471714771475,0.05932297185063362,-5.0,-3.9012434482574463,-4.735925197601318,-3.7629342079162598,0.0
1789,ACH-000111,1.099423885345459,-0.2760400176048279,1.2664626836776733,0.10900132358074188,True,-3.801448106765747,1.0,-3.8021672650060077,0.12548549473285675,-5.0,-3.801448106765747,-4.429070472717285,-3.739835739135742,0.0
1790,ACH-000117,0.5363993048667908,-0.8320831656455994,1.2609734535217285,0.10750897228717804,True,-3.8787360191345215,0.96875,-3.8098241404188586,0.09784027934074402,-5.0,-3.8425660133361816,-4.708363056182861,-3.5269834995269775,0.0
1791,ACH-000147,-2.83400297164917,-4.221911907196045,1.2829426527023315,0.10496622323989868,True,-3.9436066150665283,0.890625,-3.823202387883626,0.057496488094329834,-5.0,-3.8138740062713623,-4.713663578033447,-3.7920432090759277,0.0
1792,ACH-000148,-1.321720838546753,-2.714038372039795,1.285618543624878,0.10669896006584167,True,-3.9460501670837402,0.921875,-3.8354871658036376,0.056444019079208374,-5.0,-3.8567323684692383,-5.0961761474609375,-3.2964725494384766,0.016949152573943138
1793,ACH-000196,-0.18708586692810059,-1.5901678800582886,1.2922879457473755,0.11079403012990952,True,-3.751692771911621,0.9375,-3.827107726414436,0.062263939529657364,-5.0,-3.6684725284576416,-4.083251953125,-3.554774761199951,0.0
1794,ACH-000212,-1.8312128782272339,-3.200685739517212,1.2605870962142944,0.10888577997684479,True,-3.9319210052490234,0.953125,-3.8375890542978945,0.05207153782248497,-5.0,-3.879392385482788,-4.595419883728027,-3.254833698272705,0.0
1795,ACH-000223,-0.777665376663208,-2.0818421840667725,1.201188564300537,0.10298824310302734,True,-3.812734603881836,0.96875,-3.8351036092562887,0.035889096558094025,-5.0,-3.774435520172119,-4.2512102127075195,-2.7315945625305176,0.0
1796,ACH-000248,-2.3144710063934326,-3.653196334838867,1.2338749170303345,0.10485046356916428,True,-3.8639726638793945,0.9375,-3.8379905147185993,0.046152420341968536,-5.0,-3.7882378101348877,-4.4769768714904785,-3.711641788482666,0.0
1797,ACH-000258,-0.44637811183929443,-1.7989327907562256,1.2398840188980103,0.11267063021659851,True,-3.7464771270751953,0.96875,-3.828839175954259,0.058915093541145325,-5.0,-3.706040859222412,-4.625025272369385,-3.5404019355773926,0.0
1798,ACH-000276,0.3559917211532593,-1.011940836906433,1.257840633392334,0.11009198427200317,True,-3.9077775478363037,0.9375,-3.8367330131424633,0.09507706761360168,-5.0,-3.834962844848633,-4.681424617767334,-3.788621187210083,0.0
1799,ACH-000277,0.12553369998931885,-1.1590397357940674,1.1747640371322632,0.10980936884880066,True,-3.77585506439209,0.96875,-3.830645218267426,0.038426946848630905,-5.0,-3.7363667488098145,-4.507667541503906,-3.6917104721069336,0.0
1800,ACH-000288,0.059644222259521484,-1.34809148311615,1.3000481128692627,0.1076875701546669,True,-3.9251821041107178,0.953125,-3.8400989068517553,0.06568870693445206,-5.0,-3.872321844100952,-4.738454818725586,-3.8034586906433105,0.0
1801,ACH-000330,-0.13120245933532715,-1.490472674369812,1.2493693828582764,0.10990083962678909,True,-3.89802885055542,0.953125,-3.8458919012221213,0.08262515813112259,-5.0,-3.8438334465026855,-5.168356895446777,-3.6550703048706055,0.016393441706895828
1802,ACH-000349,0.11006343364715576,-1.212091326713562,1.2164078950881958,0.10574686527252197,True,-3.902677536010742,0.96875,-3.851570464700983,0.10743498802185059,-5.0,-3.8672800064086914,-4.727781772613525,-3.801913261413574,0.0
1803,ACH-000352,0.1980884075164795,-1.1323914527893066,1.2252918481826782,0.10518795251846313,True,-3.6101198196411133,0.953125,-3.827425400194996,0.05527166649699211,-5.0,-3.541764974594116,-3.782942295074463,-3.4559073448181152,0.0
1804,ACH-000374,0.7559763193130493,-0.6009836196899414,1.2529369592666626,0.10402300953865051,True,-3.895564079284668,0.96875,-3.834239268103963,0.14748448133468628,-5.0,-3.8599367141723633,-4.715888977050781,-3.7987263202667236,0.0
1805,ACH-000536,-0.6248764991760254,-1.936310887336731,1.2066128253936768,0.10482153296470642,True,-3.9019386768341064,0.96875,-3.8410092089769776,0.04093432426452637,-5.0,-3.8665173053741455,-4.7465972900390625,-3.802726984024048,0.0
1806,ACH-000554,0.7351884245872498,-0.5552091002464294,1.1824842691421509,0.1079133003950119,True,-3.8758158683776855,1.0,-3.8444898749170484,0.07102625072002411,-5.0,-3.8758158683776855,-5.012780666351318,-3.7962820529937744,0.015625
1807,ACH-000568,1.0880730152130127,-0.2887192368507385,1.2692714929580688,0.1075206845998764,True,-3.587193489074707,0.984375,-3.8187602363328144,0.0509512796998024,-5.0,-3.564768075942993,-4.160295009613037,-3.469183921813965,0.0
1808,ACH-000573,0.8375884294509888,-0.4620993137359619,1.19697904586792,0.10270864516496658,True,-3.7171342372894287,0.96875,-3.808597636428476,0.13731038570404053,-5.0,-3.6757514476776123,-4.072566986083984,-3.658778429031372,0.0
1809,ACH-000621,0.6937364339828491,-0.6877462863922119,1.2710082530975342,0.11047448217868805,True,-3.865264892578125,0.96875,-3.8142643620434407,0.0791257917881012,-5.0,-3.828660488128662,-4.72273588180542,-2.582958936691284,0.0
1810,ACH-000624,-1.371925950050354,-2.755720853805542,1.2784096002578735,0.10538530349731445,True,-3.7486419677734375,0.953125,-3.8077021226164405,0.046580731868743896,-5.0,-3.6870996952056885,-4.382490634918213,-3.636064291000366,0.0
1811,ACH-000643,-1.2998380661010742,-2.61156964302063,1.2031856775283813,0.10854588449001312,True,-3.8948569297790527,0.96875,-3.816417603332702,0.04187421500682831,-5.0,-3.8592071533203125,-4.742500305175781,-3.803544759750366,0.0
1812,ACH-000668,-1.0042754411697388,-2.3078198432922363,1.1978262662887573,0.10571816563606262,True,-3.912416934967041,0.921875,-3.8260175364961357,0.06047739088535309,-5.0,-3.82024884223938,-4.452599048614502,-3.7773237228393555,0.0
1813,ACH-000691,-1.4083484411239624,-2.7370567321777344,1.2249667644500732,0.10374151170253754,True,-3.839682102203369,0.953125,-3.827383993066859,0.026911666616797447,-5.0,-3.7826170921325684,-4.770524024963379,-3.2240657806396484,0.0
1814,ACH-000699,-2.0857467651367188,-3.481433629989624,1.284178614616394,0.11150819063186646,True,-3.942232131958008,0.921875,-3.838868806955974,0.07164812833070755,-5.0,-3.852590799331665,-4.73187780380249,-3.790212631225586,0.0
1815,ACH-000711,-0.2548079490661621,-1.543013095855713,1.1777558326721191,0.11044935137033463,True,-3.936339855194092,0.953125,-3.848615911779786,0.07133567333221436,-5.0,-3.884028434753418,-4.693536758422852,-3.7359745502471924,0.0
1816,ACH-000725,0.03239285945892334,-1.2769221067428589,1.2067867517471313,0.1025281548500061,True,-3.9231209754943848,0.9375,-3.856066418151246,0.08526511490345001,-5.0,-3.8513293266296387,-4.835768699645996,-3.6496469974517822,0.0
1817,ACH-000755,-0.9164086580276489,-2.259720802307129,1.2364782094955444,0.10683392733335495,True,-3.8473784923553467,0.9375,-3.855197625571656,0.03209425136446953,-5.0,-3.7705371379852295,-3.9210352897644043,-2.7437429428100586,0.0
1818,ACH-000759,-1.5981125831604004,-2.8974740505218506,1.1949641704559326,0.1043972447514534,True,-3.853644847869873,0.921875,-3.8550423478014775,0.05654211342334747,-5.0,-3.7564961910247803,-4.903054714202881,-3.71726393699646,0.0
1819,ACH-000768,0.8359891772270203,-0.5547314286231995,1.2820460796356201,0.10867446660995483,True,-3.882415294647217,0.984375,-3.8577796424860513,0.07329975068569183,-5.0,-3.864675760269165,-4.725942134857178,-3.797050952911377,0.0
1820,ACH-000783,0.5861192345619202,-0.7444494366645813,1.22079336643219,0.10977526009082794,True,-3.858405351638794,0.984375,-3.8578422134013257,0.06418227404356003,-5.0,-3.840285062789917,-4.833077907562256,-3.798860788345337,0.0
1821,ACH-000818,0.6260537505149841,-0.6350811123847961,1.1495823860168457,0.11155246198177338,True,-3.009650230407715,0.953125,-3.7730230151019644,0.0728810727596283,-5.0,-2.911763906478882,-3.2146835327148438,-2.8102686405181885,0.0
1822,ACH-000828,1.5171972513198853,0.13399603962898254,1.2809185981750488,0.10228259116411209,True,-3.1396584510803223,0.984375,-3.7096865586998002,0.1615498661994934,-5.0,-3.1101293563842773,-3.7434067726135254,-2.9764914512634277,0.0
1823,ACH-000849,-1.4491004943847656,-2.8476622104644775,1.2950669527053833,0.10349474847316742,True,-3.8647351264953613,0.90625,-3.7251914154793564,0.09631387889385223,-5.0,-3.747293472290039,-4.538276672363281,-3.6084890365600586,0.0
1824,ACH-000856,-1.6194404363632202,-2.9505441188812256,1.2257699966430664,0.10533363372087479,True,-3.72670316696167,0.953125,-3.7253425906275877,0.054544735699892044,-5.0,-3.6640818119049072,-5.841038227081299,-3.569984197616577,0.016393441706895828
1825,ACH-000857,0.49476855993270874,-0.8428251147270203,1.230307698249817,0.1072859913110733,True,-3.8214287757873535,0.96875,-3.7349512091435644,0.11756516993045807,-5.0,-3.7834103107452393,-4.416322708129883,-3.715911865234375,0.0
1826,ACH-000859,-0.4331088066101074,-1.7540457248687744,1.2114192247390747,0.1095176711678505,True,-3.862438678741455,0.96875,-3.7476999561033533,0.050833843648433685,-5.0,-3.8257429599761963,-4.7457122802734375,-3.8024463653564453,0.0
1827,ACH-000876,0.9180967211723328,-0.42560869455337524,1.2318899631500244,0.111815445125103,True,-3.8243911266326904,1.0,-3.755369073156287,0.12418531626462936,-5.0,-3.8243911266326904,-4.677287578582764,-3.7637569904327393,0.0
1828,ACH-000902,-0.3411431312561035,-1.6560883522033691,1.2131023406982422,0.10184282809495926,True,-3.8041152954101562,0.96875,-3.760243695381674,0.08516211807727814,-5.0,-3.765538215637207,-5.449673652648926,-3.700496196746826,0.016129031777381897
1829,ACH-000910,0.7945984601974487,-0.5459014177322388,1.2324525117874146,0.10804738849401474,True,-3.838718891143799,0.96875,-3.7680912149578867,0.09590791910886765,-5.0,-3.801258087158203,-4.571285247802734,-3.751059055328369,0.0
1830,ACH-000927,-1.846059799194336,-3.20088267326355,1.2509658336639404,0.10385710000991821,True,-3.8521664142608643,0.9375,-3.776498734888184,0.04574647173285484,-5.0,-3.775644302368164,-4.347344875335693,-3.738924741744995,0.0
1831,ACH-000930,-4.847566604614258,-6.1641082763671875,1.2123842239379883,0.1041572317481041,True,-3.952237129211426,0.890625,-3.7940725743205084,0.0695381909608841,-5.0,-3.823564291000366,-4.601703643798828,-3.7682502269744873,0.0
1832,ACH-000934,-0.15480566024780273,-1.4643064737319946,1.2026731967926025,0.10682763159275055,True,-3.8921823501586914,0.96875,-3.8038835519043266,0.037193313241004944,-5.0,-3.8564462661743164,-4.638478755950928,-3.7715301513671875,0.0
1833,ACH-001390,0.1276531219482422,-1.1368494033813477,1.1834499835968018,0.0810525119304657,True,-3.8713064193725586,0.96875,-3.81062583865115,0.08329829573631287,-5.0,-3.834897041320801,-4.606748580932617,-3.802349328994751,0.0
1834,ACH-001819,-2.3790206909179688,-3.7029480934143066,1.2174121141433716,0.1065153032541275,True,-3.729027271270752,0.953125,-3.80246598191311,0.03431287035346031,-5.0,-3.666520118713379,-4.378943920135498,-3.6292343139648438,0.0
1835,ACH-001820,0.18879497051239014,-1.1073380708694458,1.1872806549072266,0.10885235667228699,True,-3.8940694332122803,0.96875,-3.8116263270430273,0.07112351804971695,-5.0,-3.8583943843841553,-5.126931667327881,-3.3019378185272217,0.016129031777381897
1836,ACH-000017,-2.3392672538757324,-3.5956263542175293,1.1556965112686157,0.10066269338130951,True,-3.838684558868408,0.96875,-3.8143321502255656,0.036539215594530106,-5.0,-3.801222562789917,-4.582335472106934,-3.7551681995391846,0.0
1837,ACH-000019,-1.6850696802139282,-3.0726892948150635,1.2837074995040894,0.10391214489936829,True,-3.899433135986328,0.953125,-3.8228422488016416,0.04402032494544983,-5.0,-3.845306634902954,-4.925298690795898,-3.7737607955932617,0.0
1838,ACH-000044,-1.03533136844635,-2.32509446144104,1.18708074092865,0.10268235206604004,True,-3.383841037750244,0.953125,-3.7789421276965016,0.057234279811382294,-5.0,-3.3043572902679443,-4.884503364562988,-3.137155771255493,0.0
1839,ACH-000097,-0.5866602659225464,-1.915776252746582,1.2405062913894653,0.08860968798398972,True,-3.918214797973633,0.96875,-3.7928693947242147,0.05488089472055435,-5.0,-3.8833181858062744,-5.272885322570801,-3.7629342079162598,0.016129031777381897
1840,ACH-000111,-0.4859224557876587,-1.8997286558151245,1.3093628883361816,0.10444334149360657,True,-3.8400025367736816,0.96875,-3.7975827089291614,0.048593342304229736,-5.0,-3.8025832176208496,-4.540568828582764,-3.739835739135742,0.0
1841,ACH-000117,0.6175000071525574,-0.7511759400367737,1.259825348854065,0.10885065793991089,True,-3.8829636573791504,0.984375,-3.8061208037741605,0.11773312091827393,-5.0,-3.8652329444885254,-4.886593818664551,-3.7782492637634277,0.0
1842,ACH-000147,0.754133403301239,-0.678173840045929,1.3211240768432617,0.11118321120738983,True,-3.893932819366455,0.96875,-3.8149020053333897,0.13627174496650696,-5.0,-3.858253002166748,-4.955573558807373,-3.7920432090759277,0.0
1843,ACH-000148,-0.706069827079773,-2.1625306606292725,1.348125696182251,0.10833512991666794,True,-3.908188819885254,0.9375,-3.8242306867885763,0.06311089545488358,-5.0,-3.8354015350341797,-4.738646507263184,-3.8034451007843018,0.0
1844,ACH-000196,1.316940426826477,-0.02937367931008339,1.24322509765625,0.10308896005153656,True,-3.591590404510498,1.0,-3.8009666585607684,0.1561625599861145,-5.0,-3.591590404510498,-3.9365286827087402,-3.5166068077087402,0.0
1845,ACH-000212,0.28198087215423584,-1.0160586833953857,1.1927956342697144,0.10524393618106842,True,-3.8657288551330566,0.984375,-3.807442878217997,0.05346611142158508,-5.0,-3.847724437713623,-4.5436296463012695,-3.802515983581543,0.0
1846,ACH-000223,0.8858731985092163,-0.4235025942325592,1.2099508047103882,0.09942489862442017,True,-3.828941583633423,0.984375,-3.8095927487595396,0.062078677117824554,-5.0,-3.8103535175323486,-4.720817565917969,-3.784545421600342,0.0
1847,ACH-000248,-0.10742044448852539,-1.4117629528045654,1.2010806798934937,0.1032617911696434,True,-3.8087596893310547,0.96875,-3.809509442816691,0.03894339129328728,-5.0,-3.7703323364257812,-4.627450942993164,-3.711641788482666,0.0
1848,ACH-000258,-0.27529847621917725,-1.5746827125549316,1.1953446865081787,0.1040395125746727,True,-3.754669189453125,0.921875,-3.8040254174803345,0.07393363118171692,-5.0,-3.649132490158081,-4.541913986206055,-3.5404019355773926,0.0
1849,ACH-000276,-0.5557781457901001,-1.9231767654418945,1.2625877857208252,0.10481081902980804,True,-3.98213529586792,0.921875,-3.821836405319093,0.07985155284404755,-5.0,-3.8958756923675537,-5.018568992614746,-3.691959857940674,0.016949152573943138
1850,ACH-000277,0.4946717619895935,-0.8733343482017517,1.265955924987793,0.10205018520355225,True,-3.7561140060424805,0.96875,-3.815264165391432,0.07899519801139832,-5.0,-3.7159886360168457,-4.527400970458984,-3.6917104721069336,0.0
1851,ACH-000288,-1.7390196323394775,-3.0977931022644043,1.2587814331054688,0.09999197721481323,True,-3.982370138168335,0.90625,-3.8319747626691223,0.07838903367519379,-5.0,-3.8770978450775146,-4.738454818725586,-3.8034586906433105,0.0
1852,ACH-000330,-0.3087477684020996,-1.6338907480239868,1.2185359001159668,0.1066071093082428,True,-3.882660388946533,0.984375,-3.837043325296863,0.037922635674476624,-5.0,-3.8649251461029053,-4.687503337860107,-3.7235591411590576,0.0
1853,ACH-000349,0.4946708083152771,-0.8974385857582092,1.2826136350631714,0.10949572920799255,True,-3.884395122528076,0.984375,-3.8417785050199846,0.06889665126800537,-5.0,-3.866687297821045,-4.729049205780029,-3.801913261413574,0.0
1854,ACH-000352,-1.7795708179473877,-3.108380079269409,1.22354257106781,0.1052667424082756,True,-3.6569645404815674,0.9375,-3.823297108566143,0.034963209182024,-5.0,-3.5674290657043457,-4.166464805603027,-3.4559073448181152,0.0
1855,ACH-000374,-1.4656943082809448,-2.8183400630950928,1.247031807899475,0.10561397671699524,True,-3.91723370552063,0.96875,-3.8326907682615916,0.05017898231744766,-5.0,-3.88230562210083,-4.742875099182129,-3.7987263202667236,0.0
1856,ACH-000536,0.9346644282341003,-0.43110448122024536,1.2624634504318237,0.1033053994178772,True,-3.855177164077759,0.984375,-3.8349394078432084,0.11010657995939255,-5.0,-3.837005376815796,-4.358931541442871,-3.802726984024048,0.0
1857,ACH-000554,0.09851443767547607,-1.2172491550445557,1.2118180990219116,0.10394550859928131,True,-3.8655781745910645,0.984375,-3.838003284517994,0.07192297279834747,-5.0,-3.84757137298584,-4.947269439697266,-3.7351396083831787,0.0
1858,ACH-000568,1.002625823020935,-0.3786563575267792,1.2755215167999268,0.10576064884662628,True,-3.581413984298706,0.984375,-3.8123443544960653,0.06451938301324844,-5.0,-3.558897018432617,-4.154263973236084,-3.512575626373291,0.0
1859,ACH-000573,0.3055628538131714,-1.025819182395935,1.22873055934906,0.10265149921178818,True,-3.7237892150878906,0.953125,-3.803488840555248,0.06041024252772331,-5.0,-3.661024570465088,-3.85335111618042,-3.36489200592041,0.0
1860,ACH-000621,-2.6316099166870117,-3.961845874786377,1.2244126796722412,0.10582312941551208,True,-3.908168077468872,0.9375,-3.81395676424661,0.03592459112405777,-5.0,-3.8353796005249023,-4.736715793609619,-3.8033125400543213,0.0
1861,ACH-000624,0.7584788799285889,-0.63062584400177,1.2858613729476929,0.10324332118034363,True,-3.7576651573181152,0.96875,-3.8083276035537605,0.07734806835651398,-5.0,-3.7175896167755127,-4.382490634918213,-3.636064291000366,0.0
1862,ACH-000643,0.37903642654418945,-0.9982428550720215,1.2749186754226685,0.10236066579818726,True,-3.889040231704712,0.953125,-3.8163988663688557,0.07906821370124817,-5.0,-3.834402322769165,-4.468920707702637,-3.803544759750366,0.0
1863,ACH-000668,-0.14759612083435059,-1.503549337387085,1.250828504562378,0.10512468218803406,True,-3.8956050872802734,0.953125,-3.8243194884599974,0.0646878257393837,-5.0,-3.841290235519409,-4.646127700805664,-3.7773237228393555,0.0
1864,ACH-000691,-0.6725646257400513,-2.0371198654174805,1.2609057426452637,0.10364948213100433,True,-3.8692641258239746,0.921875,-3.8288139521963953,0.07192274183034897,-5.0,-3.7734391689300537,-4.409579277038574,-3.6549301147460938,0.0
1865,ACH-000699,0.07728242874145508,-1.2488746643066406,1.2184796333312988,0.10767745971679688,True,-3.8744707107543945,0.953125,-3.833379628052195,0.06545954942703247,-5.0,-3.8191168308258057,-4.73187780380249,-3.790212631225586,0.0
1866,ACH-000711,1.1638014316558838,-0.12207232415676117,1.1726163625717163,0.11325738579034805,True,-3.820995807647705,1.0,-3.8321412460117457,0.11195310950279236,-5.0,-3.820995807647705,-4.463322162628174,-3.7923433780670166,0.0
1867,ACH-000725,-0.23572516441345215,-1.5395095348358154,1.2023035287857056,0.10148084163665771,True,-3.889887809753418,0.96875,-3.837915902385913,0.033166565001010895,-5.0,-3.8540775775909424,-4.744190216064453,-3.798983097076416,0.0
1868,ACH-000755,0.41897231340408325,-0.8806282877922058,1.1965885162353516,0.10301210731267929,True,-3.8353805541992188,0.984375,-3.837662367567243,0.041559528559446335,-5.0,-3.816894769668579,-4.461606025695801,-3.7756519317626953,0.0
1869,ACH-000759,-0.600845456123352,-1.9152649641036987,1.2093358039855957,0.10508376359939575,True,-3.85406494140625,0.9375,-3.839302624951144,0.056202154606580734,-5.0,-3.7776691913604736,-4.5753679275512695,-3.71726393699646,0.0
1870,ACH-000768,0.02548527717590332,-1.3126848936080933,1.2361102104187012,0.10205996036529541,True,-3.855804681777954,0.96875,-3.840952830633825,0.05446091294288635,-5.0,-3.818894863128662,-4.466648101806641,-3.797050952911377,0.0
1871,ACH-000783,0.9491053819656372,-0.365630179643631,1.2060489654541016,0.10868661105632782,True,-3.8257498741149902,0.984375,-3.8394325349819414,0.09768383204936981,-5.0,-3.8071112632751465,-3.8619003295898438,-3.7486791610717773,0.0
1872,ACH-000818,-0.04842233657836914,-1.3250329494476318,1.1708554029464722,0.10575522482395172,True,-3.1487507820129395,0.890625,-3.7703643596850416,0.09116464108228683,-5.0,-2.9214043617248535,-3.242630958557129,-2.8102686405181885,0.0
1873,ACH-000828,-1.5786609649658203,-2.9528090953826904,1.2733131647109985,0.1008349359035492,True,-3.2214787006378174,0.9375,-3.7154757937803193,0.07784075289964676,-5.0,-3.1029105186462402,-3.722402572631836,-2.9764914512634277,0.0
1874,ACH-000849,-0.9762743711471558,-2.2896947860717773,1.220767855644226,0.09265253692865372,True,-3.827454090118408,0.9375,-3.7266736234141282,0.060231391340494156,-5.0,-3.749284267425537,-5.015374183654785,-3.652202606201172,0.01666666753590107
1875,ACH-000856,-1.0850379467010498,-2.4565773010253906,1.267012596130371,0.1045268103480339,True,-3.701650619506836,0.96875,-3.724171323023399,0.04542069882154465,-5.0,-3.6597683429718018,-4.5429182052612305,-3.569984197616577,0.0
1876,ACH-000857,-0.47509336471557617,-1.7503118515014648,1.168452501296997,0.10676595568656921,True,-3.7893528938293457,0.984375,-3.7306894801039934,0.0371166467666626,-5.0,-3.770136594772339,-4.554068565368652,-3.715911865234375,0.0
1877,ACH-000859,-1.9651838541030884,-3.2977583408355713,1.2249455451965332,0.1076289489865303,True,-3.919772148132324,0.9375,-3.7495977469068262,0.02964973635971546,-5.0,-3.847756862640381,-4.68732213973999,-3.8024463653564453,0.0
1878,ACH-000876,-1.263907551765442,-2.5824499130249023,1.2172220945358276,0.10132026672363281,True,-3.883514881134033,0.9375,-3.7629894603295466,0.06614935398101807,-5.0,-3.8090827465057373,-4.733547210693359,-3.7637569904327393,0.0
1879,ACH-000902,-0.20247304439544678,-1.558781385421753,1.2531379461288452,0.10317036509513855,True,-3.7856380939483643,0.953125,-3.7652543236914284,0.04851337522268295,-5.0,-3.72591495513916,-4.465716361999512,-3.700496196746826,0.0
1880,ACH-000910,-0.847771406173706,-2.1302380561828613,1.178409457206726,0.10405721515417099,True,-3.8788461685180664,0.96875,-3.7766135081740924,0.048681993037462234,-5.0,-3.842679738998413,-5.534115791320801,-3.751059055328369,0.016129031777381897
1881,ACH-000927,-1.9847161769866943,-3.3179547786712646,1.2330021858215332,0.10023646056652069,True,-3.862992286682129,0.9375,-3.785251386024896,0.030728060752153397,-5.0,-3.787191867828369,-4.632240295410156,-3.738924741744995,0.0
1882,ACH-000930,-1.0468742847442627,-2.3229129314422607,1.1731992959976196,0.10283930599689484,True,-3.9149255752563477,0.9375,-3.798218804948041,0.0398280993103981,-5.0,-3.842587471008301,-4.624507427215576,-3.7682502269744873,0.0
1883,ACH-000934,-0.8405596017837524,-2.1200833320617676,1.178518533706665,0.1010051742196083,True,-3.931661605834961,0.921875,-3.8115630850367332,0.06526493281126022,-5.0,-3.8411242961883545,-4.712371826171875,-3.7715301513671875,0.0
1884,ACH-001390,-0.5060930252075195,-1.759113073348999,1.1737440824508667,0.07927602529525757,True,-3.900038242340088,0.953125,-3.820410600767069,0.04490529000759125,-5.0,-3.8459415435791016,-4.730879783630371,-3.802349328994751,0.0
1885,ACH-001819,-2.140784740447998,-3.508807897567749,1.2653942108154297,0.10262908041477203,True,-3.7986488342285156,0.921875,-3.8182344241132133,0.0662066638469696,-5.0,-3.6968393325805664,-4.884150505065918,-3.6292343139648438,0.0
1886,ACH-001820,1.0262479782104492,-0.2886657118797302,1.2101893424987793,0.10472424328327179,True,-3.8269400596618652,1.0,-3.8191049876680787,0.07085926830768585,-5.0,-3.8269400596618652,-4.713009357452393,-3.8037352561950684,0.0
1887,ACH-000017,0.18927550315856934,-1.1259045600891113,1.2174967527389526,0.09768325090408325,True,-3.832298517227173,0.984375,-3.820424340623988,0.04484579339623451,-5.0,-3.8137638568878174,-4.747791290283203,-3.7551681995391846,0.0
1888,ACH-000019,-3.082352638244629,-4.490144729614258,1.2966228723526,0.11116920411586761,True,-3.939227819442749,0.9375,-3.8323046885058645,0.03616262227296829,-5.0,-3.8685097694396973,-4.646883964538574,-3.716963768005371,0.0
1889,ACH-000044,-2.538699150085449,-3.782487392425537,1.1437063217163086,0.10008201003074646,True,-3.4337284564971924,0.890625,-3.792447065304997,0.042167581617832184,-5.0,-3.2413792610168457,-3.5111606121063232,-3.137155771255493,0.0
1890,ACH-000097,0.2789928913116455,-1.0485085248947144,1.2388567924499512,0.0886446088552475,True,-3.9127492904663086,0.9375,-3.804477287821128,0.14322878420352936,-5.0,-3.840266227722168,-4.735925197601318,-3.8031845092773438,0.0
1891,ACH-000111,0.3655726909637451,-0.9627519845962524,1.226515531539917,0.10180909931659698,True,-3.8341257572174072,0.96875,-3.8074421347607563,0.05600520968437195,-5.0,-3.7965166568756104,-4.540568828582764,-3.739835739135742,0.0
1892,ACH-000117,1.1018012762069702,-0.2585606575012207,1.2584149837493896,0.10194697976112366,True,-3.840005874633789,1.0,-3.8106985087480596,0.11597397923469543,-5.0,-3.840005874633789,-4.708363056182861,-3.7782492637634277,0.0
1893,ACH-000147,-2.794433355331421,-4.143805027008057,1.2508368492126465,0.09853486716747284,True,-3.9441709518432617,0.90625,-3.8240457530575798,0.032005056738853455,-5.0,-3.834946870803833,-4.61359167098999,-3.7920432090759277,0.0
1894,ACH-000148,-1.080312967300415,-2.4852728843688965,1.2986938953399658,0.1062660813331604,True,-3.9150075912475586,0.9375,-3.8331419368765776,0.059832096099853516,-5.0,-3.842674970626831,-4.469600677490234,-3.8034451007843018,0.0
1895,ACH-000196,-1.3902554512023926,-2.707402229309082,1.2108795642852783,0.10626722872257233,True,-3.6790428161621094,0.953125,-3.8177320248051307,0.044446807354688644,-5.0,-3.614077568054199,-4.518488883972168,-3.554774761199951,0.0
1896,ACH-000212,1.156069278717041,-0.1874867081642151,1.2384860515594482,0.10506996512413025,True,-3.825745105743408,1.0,-3.818533332898958,0.10109879821538925,-5.0,-3.825745105743408,-4.231090068817139,-3.802516460418701,0.0
1897,ACH-000223,0.9313351511955261,-0.38294142484664917,1.2120336294174194,0.10224291682243347,True,-3.832988977432251,0.984375,-3.8199788973522875,0.13164541125297546,-5.0,-3.814465284347534,-4.431618690490723,-3.784545421600342,0.0
1898,ACH-000248,-2.18221116065979,-3.5394206047058105,1.254359245300293,0.10285024344921112,True,-3.8508942127227783,0.921875,-3.8230704288893365,0.03207940608263016,-5.0,-3.753512382507324,-4.467369079589844,-3.6527581214904785,0.0
1899,ACH-000258,0.40539389848709106,-0.8932611346244812,1.1942211389541626,0.10443383455276489,True,-3.6971306800842285,0.96875,-3.8104764540088256,0.04621944576501846,-5.0,-3.655102491378784,-4.49767541885376,-3.5404019355773926,0.0
1900,ACH-000276,1.027314305305481,-0.3529506027698517,1.2789037227630615,0.10136111825704575,True,-3.830200672149658,0.984375,-3.8124488758229087,0.08039813488721848,-5.0,-3.8116323947906494,-4.332341194152832,-3.788621187210083,0.0
1901,ACH-000277,0.2822146415710449,-1.0354071855545044,1.2160298824310303,0.10159190744161606,True,-3.7807631492614746,0.984375,-3.8092803031667652,0.05835312232375145,-5.0,-3.7614104747772217,-4.621091842651367,-3.5969653129577637,0.0
1902,ACH-000288,-0.6016919612884521,-2.0268518924713135,1.3210546970367432,0.10410517454147339,True,-3.9292941093444824,0.953125,-3.821281683784537,0.04759235307574272,-5.0,-3.876636028289795,-4.800992488861084,-3.295902729034424,0.0
1903,ACH-000330,1.2060307264328003,-0.14118388295173645,1.2424120903015137,0.1048024594783783,True,-3.810030460357666,1.0,-3.82015656144185,0.13431070744991302,-5.0,-3.810030460357666,-4.350498199462891,-3.7840609550476074,0.0
1904,ACH-000349,0.7107908725738525,-0.6268793344497681,1.2374755144119263,0.10019472241401672,True,-3.9038658142089844,1.0,-3.8285274867185635,0.1045340821146965,-5.0,-3.9038658142089844,-4.775417327880859,-3.801913261413574,0.0
1905,ACH-000352,-1.0513516664505005,-2.325977087020874,1.178946614265442,0.09567885100841522,True,-3.6824822425842285,0.90625,-3.81392296230513,0.07691869139671326,-5.0,-3.546187400817871,-4.146993160247803,-3.4559073448181152,0.0
1906,ACH-000374,-1.5812485218048096,-2.91513729095459,1.2324100732803345,0.1014787033200264,True,-3.9141125679016113,0.9375,-3.823941922864778,0.0329250767827034,-5.0,-3.8417203426361084,-4.695298194885254,-3.748281955718994,0.0
1907,ACH-000536,-0.03117668628692627,-1.3728071451187134,1.244733452796936,0.09689706563949585,True,-3.8556277751922607,0.984375,-3.8271105080975265,0.03842226788401604,-5.0,-3.83746337890625,-4.580967903137207,-3.802726984024048,0.0
1908,ACH-000554,-0.8005325794219971,-2.0952911376953125,1.189907193183899,0.10485133528709412,True,-3.872176170349121,0.96875,-3.8316170743226863,0.04414599388837814,-5.0,-3.835794687271118,-4.633273601531982,-3.7962820529937744,0.0
1909,ACH-000568,-0.821465015411377,-2.147369384765625,1.227120280265808,0.09878411889076233,True,-3.6285667419433594,0.96875,-3.8113120410847534,0.05872972682118416,-5.0,-3.58432674407959,-4.713631629943848,-3.469183921813965,0.0
1910,ACH-000573,1.110965371131897,-0.19471706449985504,1.206124186515808,0.09955818206071854,True,-3.691837787628174,0.984375,-3.7993646157390955,0.09336928278207779,-5.0,-3.6710731983184814,-4.072566986083984,-3.658778429031372,0.0
1911,ACH-000621,-0.5239639282226562,-1.8473581075668335,1.2199496030807495,0.10344460606575012,True,-3.8877789974212646,0.953125,-3.808206053907312,0.03729890286922455,-5.0,-3.8330795764923096,-4.72273588180542,-3.3422460556030273,0.0
1912,ACH-000624,0.4447287321090698,-0.8918968439102173,1.2357925176620483,0.10083301365375519,True,-3.748760461807251,0.96875,-3.802261494697306,0.036064937710762024,-5.0,-3.70839786529541,-4.384700775146484,-3.636064291000366,0.0
1913,ACH-000643,-2.0646443367004395,-3.409942150115967,1.2471883296966553,0.0981094092130661,True,-3.9196481704711914,0.9375,-3.8140001622746946,0.04273680970072746,-5.0,-3.8476250171661377,-5.0225725173950195,-3.803544759750366,0.01666666753590107
1914,ACH-000668,-0.49116671085357666,-1.7816615104675293,1.1907908916473389,0.09970386326313019,True,-3.8692970275878906,0.953125,-3.819529848806014,0.04249139875173569,-5.0,-3.8136885166168213,-4.765417098999023,-3.7773237228393555,0.0
1915,ACH-000691,-1.8788491487503052,-3.2046377658843994,1.2265713214874268,0.09921731054782867,True,-3.905949115753174,0.9375,-3.82817177550073,0.05343574285507202,-5.0,-3.833012580871582,-4.474231243133545,-3.714376211166382,0.0
1916,ACH-000699,-0.2754366397857666,-1.5998109579086304,1.2268768548965454,0.09749744087457657,True,-3.8760721683502197,0.953125,-3.832961814785679,0.04894205182790756,-5.0,-3.8207969665527344,-4.493828773498535,-3.332911968231201,0.0
1917,ACH-000711,0.9370681047439575,-0.3272511661052704,1.1626838445663452,0.10163544118404388,True,-3.8410816192626953,0.984375,-3.833773795233381,0.12495934218168259,-5.0,-3.822686195373535,-4.463322162628174,-3.7923433780670166,0.0
1918,ACH-000725,0.14525926113128662,-1.178074836730957,1.2191474437713623,0.10418666899204254,True,-3.886507034301758,0.96875,-3.8390471191402185,0.0456661731004715,-5.0,-3.850587844848633,-4.744190216064453,-3.614185333251953,0.0
1919,ACH-000755,-2.6812491416931152,-3.999598503112793,1.2160546779632568,0.10229465365409851,True,-3.8692121505737305,0.96875,-3.8420636222835696,0.035059165209531784,-5.0,-3.832735061645508,-4.882129669189453,-3.5309696197509766,0.0
1920,ACH-000759,0.683749258518219,-0.6480695605278015,1.2353354692459106,0.09648331254720688,True,-3.8035922050476074,0.984375,-3.838216480559973,0.0926433578133583,-5.0,-3.784601926803589,-4.577892303466797,-3.6663482189178467,0.0
1921,ACH-000768,-1.5599761009216309,-2.9305198192596436,1.2689995765686035,0.10154412686824799,True,-3.9616706371307373,0.953125,-3.85056189621705,0.04486792907118797,-5.0,-3.9106051921844482,-4.884834289550781,-3.797050952911377,0.0
1922,ACH-000783,-0.1427021026611328,-1.436893343925476,1.1987253427505493,0.09546595066785812,True,-3.895179271697998,0.96875,-3.8550236337651445,0.03539368510246277,-5.0,-3.859539747238159,-4.716585159301758,-3.798860788345337,0.0
1923,ACH-000818,-0.7435365915298462,-2.0594255924224854,1.220956802368164,0.09493221342563629,True,-3.155050277709961,0.890625,-3.785026298159626,0.10401499271392822,-5.0,-2.9284775257110596,-3.564953565597534,-2.873979091644287,0.0
1924,ACH-000828,-2.2331604957580566,-3.5723137855529785,1.2407138347625732,0.09843938052654266,True,-3.2726635932922363,0.90625,-3.733790027672887,0.08746759593486786,-5.0,-3.0939736366271973,-3.658430576324463,-3.0211501121520996,0.0
1925,ACH-000849,-5.009393215179443,-6.250245571136475,1.1493333578109741,0.09151913225650787,True,-3.8028101921081543,0.921875,-3.7406920441164138,0.05872413516044617,-5.0,-3.701353073120117,-4.388458251953125,-1.9709265232086182,0.0
1926,ACH-000856,1.304735779762268,-0.05458251014351845,1.259530782699585,0.09978753328323364,True,-3.602550983428955,1.0,-3.726877938047668,0.15009891986846924,-5.0,-3.602550983428955,-3.9313583374023438,-3.5699844360351562,0.0
1927,ACH-000857,-5.317917823791504,-6.6653547286987305,1.2445504665374756,0.10288672149181366,True,-3.9616775512695312,0.890625,-3.7503578993698543,0.05670800805091858,-5.0,-3.8341643810272217,-4.478355407714844,-3.715911865234375,0.0
1928,ACH-000859,-1.7544102668762207,-3.0916342735290527,1.238452672958374,0.09877128899097443,True,-3.905179023742676,0.953125,-3.7658400118071365,0.03951355069875717,-5.0,-3.851335048675537,-4.7457122802734375,-3.8024463653564453,0.0
1929,ACH-000876,1.1738998889923096,-0.17311233282089233,1.2500410079956055,0.09697110205888748,True,-3.7887260913848877,1.0,-3.7681286197649118,0.14589741826057434,-5.0,-3.7887260913848877,-4.421118259429932,-3.7637569904327393,0.0
1930,ACH-000902,-1.1675790548324585,-2.506988525390625,1.2391811609268188,0.10022825747728348,True,-3.8311328887939453,0.9375,-3.774429046667815,0.0502091720700264,-5.0,-3.753208637237549,-4.456603050231934,-3.700496196746826,0.0
1931,ACH-000910,-1.685969591140747,-3.000534772872925,1.2181057929992676,0.09645933657884598,True,-3.846730947494507,0.984375,-3.7816592367504844,0.02854369580745697,-5.0,-3.828425168991089,-4.652502059936523,-3.751059055328369,0.0
1932,ACH-000927,0.7995715737342834,-0.5447931885719299,1.2451881170272827,0.09917667508125305,True,-3.8109960556030273,1.0,-3.7845929186357385,0.07010454684495926,-5.0,-3.8109960556030273,-4.811671257019043,-3.738924741744995,0.0
1933,ACH-000930,-4.85699987411499,-6.201320648193359,1.2449002265930176,0.09942064434289932,True,-3.894331455230713,0.921875,-3.795566772295236,0.057514339685440063,-5.0,-3.800630807876587,-4.592379570007324,-3.7682502269744873,0.0
1934,ACH-000934,-1.4796336889266968,-2.753692626953125,1.1772781610488892,0.09678080677986145,True,-3.900851011276245,0.921875,-3.806095196193337,0.07419300824403763,-5.0,-3.8077027797698975,-4.6293230056762695,-3.7715301513671875,0.0
1935,ACH-001390,0.009954571723937988,-1.2435036897659302,1.177707552909851,0.07575070858001709,True,-3.8870134353637695,0.953125,-3.8141870201103805,0.06560149788856506,-5.0,-3.8322761058807373,-4.249892234802246,-3.802349328994751,0.0
1936,ACH-001819,-0.25858819484710693,-1.5823150873184204,1.2231028079986572,0.10062409192323685,True,-3.7537779808044434,0.953125,-3.808146116179787,0.04892536252737045,-5.0,-3.692488193511963,-4.5196123123168945,-3.6292343139648438,0.0
1937,ACH-001820,-0.20934855937957764,-1.5401886701583862,1.2337229251861572,0.09711724519729614,True,-3.921724557876587,0.953125,-3.819503960349467,0.0645405501127243,-5.0,-3.868694543838501,-4.7429609298706055,-3.8037352561950684,0.0
1938,ACH-000017,0.7512622475624084,-0.47530871629714966,1.1309032440185547,0.0956677570939064,True,-3.8367419242858887,0.984375,-3.821227756743109,0.17674848437309265,-5.0,-3.8182778358459473,-4.796821594238281,-3.7551681995391846,0.0
1939,ACH-000019,0.41032296419143677,-0.9682000279426575,1.280649185180664,0.09787379205226898,True,-3.8433096408843994,0.96875,-3.823435945157238,0.06550730764865875,-5.0,-3.805997133255005,-4.5819783210754395,-3.7737607955932617,0.0
1940,ACH-000044,-3.0717086791992188,-4.343349933624268,1.1719526052474976,0.09968872368335724,True,-3.430919647216797,0.921875,-3.784184315363194,0.03683469071984291,-5.0,-3.2979466915130615,-4.259613990783691,-3.137155771255493,0.0
1941,ACH-000097,1.021507740020752,-0.2829445004463196,1.2179824113845825,0.08646974712610245,True,-3.844639301300049,1.0,-3.7902298139568793,0.11115510761737823,-5.0,-3.844639301300049,-4.735925197601318,-3.8031845092773438,0.0
1942,ACH-000111,-1.482601284980774,-2.803830623626709,1.218660593032837,0.10256878286600113,True,-3.871675491333008,0.9375,-3.7983743816944924,0.05733964592218399,-5.0,-3.7964537143707275,-4.540568828582764,-3.739835739135742,0.0
1943,ACH-000117,0.6184631586074829,-0.7099056243896484,1.228883981704712,0.09948477149009705,True,-3.8448586463928223,0.96875,-3.803022808164325,0.09124588966369629,-5.0,-3.807595729827881,-4.4372148513793945,-3.7782492637634277,0.0
1944,ACH-000147,-3.2364797592163086,-4.611281871795654,1.2692997455596924,0.10550229996442795,True,-3.9662351608276367,0.90625,-3.8193440434306565,0.07002689689397812,-5.0,-3.8592939376831055,-4.692320346832275,-3.706040620803833,0.0
1945,ACH-000148,-1.3020402193069458,-2.7136573791503906,1.3123291730880737,0.0992879793047905,True,-3.933640241622925,0.921875,-3.830773663249883,0.053901683539152145,-5.0,-3.843270778656006,-4.717872619628906,-3.8034451007843018,0.0
1946,ACH-000196,-2.616237163543701,-3.898061752319336,1.1791887283325195,0.10263573378324509,True,-3.7652125358581543,0.90625,-3.8242175505107103,0.03529927507042885,-5.0,-3.6374759674072266,-4.677735328674316,-3.554774761199951,0.0
1947,ACH-000212,0.3671987056732178,-0.9357504844665527,1.2017133235931396,0.10123583674430847,True,-3.912518262863159,0.9375,-3.8330476217459553,0.05163656547665596,-5.0,-3.840019941329956,-4.745846271514893,-3.802515983581543,0.0
1948,ACH-000223,-2.863564968109131,-4.19633150100708,1.2316093444824219,0.10115709900856018,True,-3.9447269439697266,0.90625,-3.8442155539683327,0.08159189671278,-5.0,-3.8355607986450195,-4.559540748596191,-3.784545421600342,0.0
1949,ACH-000248,-1.2095615863800049,-2.5170135498046875,1.20241379737854,0.10503817349672318,True,-3.845768690109253,0.9375,-3.8443708675824246,0.05840594321489334,-5.0,-3.76882004737854,-4.414104461669922,-3.711641788482666,0.0
1950,ACH-000258,-1.477962851524353,-2.7820019721984863,1.2029544115066528,0.10108472406864166,True,-3.747257947921753,0.9375,-3.8346595756163575,0.05284572392702103,-5.0,-3.6637420654296875,-4.970705032348633,-3.5404019355773926,0.0
1951,ACH-000276,1.0522245168685913,-0.3149789273738861,1.2707455158233643,0.09645789861679077,True,-3.8642001152038574,0.984375,-3.8376136295751078,0.1433858871459961,-5.0,-3.8461718559265137,-4.70280122756958,-3.788621187210083,0.0
1952,ACH-000277,-3.3835296630859375,-4.697192192077637,1.212679386138916,0.10098327696323395,True,-3.8327035903930664,0.9375,-3.837122625656904,0.05241936817765236,-5.0,-3.7548840045928955,-4.9413299560546875,-3.6917104721069336,0.0
1953,ACH-000288,0.4103667736053467,-1.0264545679092407,1.3400393724441528,0.09678193926811218,True,-3.864077568054199,0.96875,-3.8398181198966337,0.03411625698208809,-5.0,-3.827434778213501,-4.738454818725586,-3.8034586906433105,0.0
1954,ACH-000330,0.8766971826553345,-0.4520573616027832,1.2312918901443481,0.09746260941028595,True,-3.8542096614837646,1.0,-3.8412572740553466,0.0632530152797699,-5.0,-3.8542096614837646,-4.667220115661621,-3.7840609550476074,0.0
1955,ACH-000349,0.4155580997467041,-0.8876805305480957,1.1959432363510132,0.10729540884494781,True,-3.879699230194092,0.984375,-3.845101469669221,0.0761304497718811,-5.0,-3.861917018890381,-4.904814720153809,-3.801913261413574,0.0
1956,ACH-000352,0.5650975704193115,-0.715770959854126,1.1847552061080933,0.09611326456069946,True,-3.609037399291992,0.953125,-3.8214950626314983,0.08120909333229065,-5.0,-3.5406293869018555,-4.149500846862793,-3.515923500061035,0.0
1957,ACH-000374,-0.07167577743530273,-1.3789548873901367,1.204064130783081,0.10321499407291412,True,-3.8892476558685303,0.953125,-3.8282703219552014,0.04476664960384369,-5.0,-3.834620237350464,-4.727736473083496,-3.7987263202667236,0.0
1958,ACH-000536,-0.40855491161346436,-1.663291573524475,1.1552734375,0.09946317970752716,True,-3.868544101715088,0.953125,-3.83229769993119,0.04098635911941528,-5.0,-3.8128983974456787,-4.125232219696045,-3.802726984024048,0.0
1959,ACH-000554,0.15778183937072754,-1.1294605731964111,1.1886351108551025,0.09860731661319733,True,-3.867405891418457,0.953125,-3.8358085190799165,0.0976477861404419,-5.0,-3.811704397201538,-4.192557334899902,-3.7962820529937744,0.0
1960,ACH-000568,1.1879541873931885,-0.11157769709825516,1.1970475912094116,0.10248440504074097,True,-3.5784239768981934,0.984375,-3.810070064861744,0.07201719284057617,-5.0,-3.5558595657348633,-4.3207783699035645,-3.521695375442505,0.0
1961,ACH-000573,-1.2563668489456177,-2.528804302215576,1.1748967170715332,0.0975407287478447,True,-3.7276387214660645,0.984375,-3.8018269305221764,0.028566040098667145,-5.0,-3.7074427604675293,-4.288871765136719,-3.658778429031372,0.0
1962,ACH-000621,0.4590582251548767,-0.883752167224884,1.2402476072311401,0.10256275534629822,True,-3.855811357498169,0.96875,-3.807225373219776,0.0610416904091835,-5.0,-3.818901777267456,-4.237603187561035,-3.8033125400543213,0.0
1963,ACH-000624,0.883537769317627,-0.405315637588501,1.191124677658081,0.09772869199514389,True,-3.7243523597717285,0.984375,-3.798938071874971,0.09718842804431915,-5.0,-3.70410418510437,-4.382490634918213,-3.636064291000366,0.0
1964,ACH-000643,-1.0484826564788818,-2.3476781845092773,1.1952308416366577,0.10396462678909302,True,-3.915119171142578,0.9375,-3.810556181801732,0.05267805606126785,-5.0,-3.8427939414978027,-4.526735305786133,-3.803544759750366,0.0
1965,ACH-000668,-0.7771002054214478,-2.125657796859741,1.2502057552337646,0.0983518734574318,True,-3.8471734523773193,0.953125,-3.8142179088592907,0.04250907897949219,-5.0,-3.7904767990112305,-3.9794561862945557,-3.7773237228393555,0.0
1966,ACH-000691,0.13106203079223633,-1.1813950538635254,1.2134872674942017,0.09896983206272125,True,-3.8203649520874023,0.984375,-3.8148326131821015,0.05995706468820572,-5.0,-3.801640748977661,-4.643985271453857,-3.714376211166382,0.0
1967,ACH-000699,-0.43592846393585205,-1.7447000741958618,1.211795687675476,0.09697593003511429,True,-3.8866074085235596,0.96875,-3.8220100927162473,0.05085672438144684,-5.0,-3.850691556930542,-4.948105335235596,-2.7198007106781006,0.0
1968,ACH-000711,-0.0708305835723877,-1.3913745880126953,1.2180383205413818,0.10250571370124817,True,-3.874500274658203,0.96875,-3.827259110910443,0.050022754818201065,-5.0,-3.838193655014038,-4.598830699920654,-3.7923433780670166,0.0
1969,ACH-000725,-1.1448273658752441,-2.4589242935180664,1.2140880823135376,0.10000882297754288,True,-3.9562087059020996,0.9375,-3.8401540704096084,0.08153962343931198,-5.0,-3.886622905731201,-5.061698913574219,-3.798983097076416,0.01666666753590107
1970,ACH-000755,0.877470850944519,-0.4566873013973236,1.235237717628479,0.09892047941684723,True,-3.813948154449463,0.984375,-3.8375334788135937,0.048871006816625595,-5.0,-3.795121908187866,-4.17152214050293,-3.7756519317626953,0.0
1971,ACH-000759,0.8558741807937622,-0.4923936128616333,1.2512669563293457,0.09700086712837219,True,-3.7950541973114014,0.984375,-3.8332855506633745,0.13336578011512756,-5.0,-3.775928258895874,-4.645349025726318,-3.71726393699646,0.0
1972,ACH-000768,0.6911875009536743,-0.6815814971923828,1.272978663444519,0.09979037940502167,True,-3.877741575241089,0.984375,-3.8377311531211458,0.05699138343334198,-5.0,-3.8599281311035156,-4.709789276123047,-3.797050952911377,0.0
1973,ACH-000783,-0.8454217910766602,-2.183967113494873,1.2387527227401733,0.09979259967803955,True,-3.907662868499756,0.9375,-3.8447243246590066,0.038727857172489166,-5.0,-3.8348405361175537,-4.941798686981201,-3.798860788345337,0.0
1974,ACH-000818,-2.8435091972351074,-4.131240367889404,1.185446858406067,0.10228434205055237,True,-3.068157196044922,0.9375,-3.7670676117975983,0.056739501655101776,-5.0,-2.9393677711486816,-3.416343927383423,-2.873979091644287,0.0
1975,ACH-000828,0.5170856714248657,-0.7802000045776367,1.2003308534622192,0.09695480018854141,True,-3.1445086002349854,0.96875,-3.704811710641337,0.06516624987125397,-5.0,-3.084653854370117,-3.272853374481201,-3.055307388305664,0.0
1976,ACH-000849,-0.12006640434265137,-1.4168041944503784,1.1999319791793823,0.09680579602718353,True,-3.785567045211792,0.953125,-3.7128872440983827,0.11152596771717072,-5.0,-3.7258405685424805,-4.582724094390869,-3.652202606201172,0.0
1977,ACH-000856,1.1986660957336426,-0.16301268339157104,1.2622895240783691,0.09938917309045792,True,-3.6307921409606934,1.0,-3.7046777337846137,0.14502623677253723,-5.0,-3.6307921409606934,-4.07635498046875,-3.5699844360351562,0.0
1978,ACH-000857,-3.2331020832061768,-4.538524627685547,1.206288456916809,0.09913405776023865,True,-3.821542978286743,0.953125,-3.7163642582348264,0.05115721747279167,-5.0,-3.7635858058929443,-4.396669864654541,-3.4999542236328125,0.0
1979,ACH-000859,0.05065453052520752,-1.2599124908447266,1.2131860256195068,0.09738102555274963,True,-3.879528045654297,0.984375,-3.7326806369767733,0.04067156836390495,-5.0,-3.8617429733276367,-5.147832870483398,-3.8024463653564453,0.01587301678955555
1980,ACH-000876,0.6122591495513916,-0.7168400287628174,1.2321590185165405,0.09694012254476547,True,-3.8370394706726074,0.984375,-3.743116520346357,0.050857484340667725,-5.0,-3.818579912185669,-4.677287578582764,-3.7637569904327393,0.0
1981,ACH-000902,-0.5017493963241577,-1.877771019935608,1.2754042148590088,0.1006174236536026,True,-3.8229260444641113,0.953125,-3.7510974727581323,0.04801009222865105,-5.0,-3.7650370597839355,-4.419086456298828,-3.700496196746826,0.0
1982,ACH-000910,-1.3081185817718506,-2.6259825229644775,1.2174322605133057,0.10043163597583771,True,-3.8764660358428955,0.96875,-3.7636343290666083,0.05189710110425949,-5.0,-3.8402228355407715,-4.411126613616943,-3.751059055328369,0.0
1983,ACH-000927,-0.35969507694244385,-1.7349236011505127,1.2749319076538086,0.10029663890600204,True,-3.834102153778076,0.96875,-3.770681111537755,0.041020266711711884,-5.0,-3.796492338180542,-4.660800457000732,-3.738924741744995,0.0
1984,ACH-000930,-0.2828645706176758,-1.6422258615493774,1.2541319131851196,0.10522936284542084,True,-3.8764801025390625,0.984375,-3.781261010637886,0.039147406816482544,-5.0,-3.8586466312408447,-5.237863540649414,-3.246103286743164,0.01587301678955555
1985,ACH-000934,0.15358197689056396,-1.159227728843689,1.2151530981063843,0.09765662252902985,True,-3.887742280960083,0.96875,-3.7919091376701055,0.10378880798816681,-5.0,-3.851862907409668,-4.858092308044434,-3.7715301513671875,0.0
1986,ACH-001390,0.30904847383499146,-0.9335936903953552,1.1668031215667725,0.07583902776241302,True,-3.886392116546631,0.96875,-3.801357435557758,0.07085508853197098,-5.0,-3.8504691123962402,-4.726132392883301,-3.758772373199463,0.0
1987,ACH-001819,0.5957063436508179,-0.7090120315551758,1.204426646232605,0.10029169917106628,True,-3.6983652114868164,0.984375,-3.791058213150664,0.05563511326909065,-5.0,-3.6777048110961914,-4.27916145324707,-3.6350367069244385,0.0
1988,ACH-001820,-0.7536485195159912,-2.0826199054718018,1.233841896057129,0.09512943774461746,True,-3.9006168842315674,0.96875,-3.802014080258754,0.045160114765167236,-5.0,-3.8651528358459473,-4.815789222717285,-3.8037352561950684,0.0
1989,ACH-000017,-0.2738603353500366,-1.5178861618041992,1.1455509662628174,0.09847482293844223,True,-3.8824028968811035,0.953125,-3.810052961920989,0.06982415169477463,-5.0,-3.8274388313293457,-4.582335472106934,-3.7551681995391846,0.0
1990,ACH-000019,-3.752887725830078,-5.078096389770508,1.2321137189865112,0.09309497475624084,True,-3.95167875289917,0.875,-3.824215541018807,0.061439890414476395,-5.0,-3.8019187450408936,-4.051619529724121,-3.7737607955932617,0.0
1991,ACH-000044,-1.7064902782440186,-2.9611287117004395,1.1573172807693481,0.09732115268707275,True,-3.391653060913086,0.9375,-3.7809592930082347,0.035014282912015915,-5.0,-3.2844300270080566,-3.8301761150360107,-3.137155771255493,0.0
1992,ACH-000097,-0.3923226594924927,-1.679147481918335,1.201123833656311,0.08570099622011185,True,-3.939542770385742,0.9375,-3.7968176407459855,0.05100560933351517,-5.0,-3.8688459396362305,-4.735925197601318,-3.8031845092773438,0.0
1993,ACH-000111,-0.1083754301071167,-1.4554171562194824,1.2449603080749512,0.10208138823509216,True,-3.803222894668579,0.984375,-3.7974581661382447,0.027058089151978493,-5.0,-3.784226417541504,-4.55305814743042,-3.739835739135742,0.0
1994,ACH-000117,-1.5028536319732666,-2.771515369415283,1.1702282428741455,0.09843352437019348,True,-3.8732004165649414,0.96875,-3.8050323911809145,0.026287909597158432,-5.0,-3.8368518352508545,-4.931533336639404,-3.758457660675049,0.0
1995,ACH-000147,-0.9249405860900879,-2.303114175796509,1.2812806367874146,0.09689293056726456,True,-3.877683639526367,0.96875,-3.8122975160154597,0.03267228975892067,-5.0,-3.841480016708374,-4.8229780197143555,-3.7920432090759277,0.0
1996,ACH-000148,-0.21028292179107666,-1.6704314947128296,1.3602255582809448,0.09992305934429169,True,-3.899102210998535,0.953125,-3.8209779855137675,0.06078491732478142,-5.0,-3.844959259033203,-4.84686803817749,-3.8034451007843018,0.0
1997,ACH-000196,0.164864182472229,-1.0828464031219482,1.1462745666503906,0.10143598914146423,True,-3.6540026664733887,0.953125,-3.8042804536097297,0.08257691562175751,-5.0,-3.587805986404419,-3.940518379211426,-3.554774761199951,0.0
1998,ACH-000212,-5.172298431396484,-6.510021209716797,1.2335494756698608,0.10417307913303375,True,-4.002321720123291,0.859375,-3.824084580261086,0.07846598327159882,-5.0,-3.8390650749206543,-4.577834129333496,-3.802515983581543,0.0
1999,ACH-000223,-0.40551328659057617,-1.7146070003509521,1.208343505859375,0.10075018554925919,True,-3.8928496837615967,0.953125,-3.830961090611137,0.03663555905222893,-5.0,-3.8383994102478027,-4.806580543518066,-3.784545421600342,0.0
2000,ACH-000248,-0.9238004684448242,-2.265397071838379,1.2403333187103271,0.10126322507858276,True,-3.8709001541137695,0.90625,-3.8349549969614003,0.07685643434524536,-5.0,-3.754096746444702,-4.345900535583496,-3.711641788482666,0.0
